product|channel|content_type|npp_segment
TALTZ_PSORIASIS|DOXIMITY_ALERT|ACCESS_FORMULARY|NA
TALTZ_PSORIASIS|DOXIMITY_ALERT|ACCESS_FORMULARY|CONFINED ADVOCATES
TALTZ_PSORIASIS|DOXIMITY_ALERT|ACCESS_FORMULARY|APP
TALTZ_PSORIASIS|DOXIMITY_ALERT|ACCESS_FORMULARY|PSORIATIC EXPLORERS
TALTZ_PSORIASIS|DOXIMITY_ALERT|ACCESS_FORMULARY|PRACTICAL TREATERS
TALTZ_PSORIASIS|DOXIMITY_ALERT|ACCESS_FORMULARY|NPP_NON_TARGET
TALTZ_PSORIASIS|DOXIMITY_ALERT|UNMET_NEED|NA
TALTZ_PSORIASIS|DOXIMITY_ALERT|UNMET_NEED|CONFINED ADVOCATES
TALTZ_PSORIASIS|DOXIMITY_ALERT|UNMET_NEED|APP
TALTZ_PSORIASIS|DOXIMITY_ALERT|UNMET_NEED|PSORIATIC EXPLORERS
TALTZ_PSORIASIS|DOXIMITY_ALERT|UNMET_NEED|PRACTICAL TREATERS
TALTZ_PSORIASIS|DOXIMITY_ALERT|UNMET_NEED|NPP_NON_TARGET
TALTZ_PSORIASIS|DOXIMITY_ALERT|SAFETY#PSO_ADULTS|NA
TALTZ_PSORIASIS|DOXIMITY_ALERT|SAFETY#PSO_ADULTS|CONFINED ADVOCATES
TALTZ_PSORIASIS|DOXIMITY_ALERT|SAFETY#PSO_ADULTS|APP
TALTZ_PSORIASIS|DOXIMITY_ALERT|SAFETY#PSO_ADULTS|PSORIATIC EXPLORERS
TALTZ_PSORIASIS|DOXIMITY_ALERT|SAFETY#PSO_ADULTS|PRACTICAL TREATERS
TALTZ_PSORIASIS|DOXIMITY_ALERT|SAFETY#PSO_ADULTS|NPP_NON_TARGET
TALTZ_PSORIASIS|DOXIMITY_ALERT|SAFETY#LONG_TERM|NA
TALTZ_PSORIASIS|DOXIMITY_ALERT|SAFETY#LONG_TERM|CONFINED ADVOCATES
TALTZ_PSORIASIS|DOXIMITY_ALERT|SAFETY#LONG_TERM|APP
TALTZ_PSORIASIS|DOXIMITY_ALERT|SAFETY#LONG_TERM|PSORIATIC EXPLORERS
TALTZ_PSORIASIS|DOXIMITY_ALERT|SAFETY#LONG_TERM|PRACTICAL TREATERS
TALTZ_PSORIASIS|DOXIMITY_ALERT|SAFETY#LONG_TERM|NPP_NON_TARGET
TALTZ_PSORIASIS|DOXIMITY_ALERT|INITIATION|NA
TALTZ_PSORIASIS|DOXIMITY_ALERT|INITIATION|CONFINED ADVOCATES
TALTZ_PSORIASIS|DOXIMITY_ALERT|INITIATION|APP
TALTZ_PSORIASIS|DOXIMITY_ALERT|INITIATION|PSORIATIC EXPLORERS
TALTZ_PSORIASIS|DOXIMITY_ALERT|INITIATION|PRACTICAL TREATERS
TALTZ_PSORIASIS|DOXIMITY_ALERT|INITIATION|NPP_NON_TARGET
TALTZ_PSORIASIS|DOXIMITY_ALERT|GENERAL|NA
TALTZ_PSORIASIS|DOXIMITY_ALERT|GENERAL|CONFINED ADVOCATES
TALTZ_PSORIASIS|DOXIMITY_ALERT|GENERAL|APP
TALTZ_PSORIASIS|DOXIMITY_ALERT|GENERAL|PSORIATIC EXPLORERS
TALTZ_PSORIASIS|DOXIMITY_ALERT|GENERAL|PRACTICAL TREATERS
TALTZ_PSORIASIS|DOXIMITY_ALERT|GENERAL|NPP_NON_TARGET
TALTZ_PSORIASIS|DOXIMITY_ALERT|EFFICACY#STRUCTURE|NA
TALTZ_PSORIASIS|DOXIMITY_ALERT|EFFICACY#STRUCTURE|CONFINED ADVOCATES
TALTZ_PSORIASIS|DOXIMITY_ALERT|EFFICACY#STRUCTURE|APP
TALTZ_PSORIASIS|DOXIMITY_ALERT|EFFICACY#STRUCTURE|PSORIATIC EXPLORERS
TALTZ_PSORIASIS|DOXIMITY_ALERT|EFFICACY#STRUCTURE|PRACTICAL TREATERS
TALTZ_PSORIASIS|DOXIMITY_ALERT|EFFICACY#STRUCTURE|NPP_NON_TARGET
TALTZ_PSORIASIS|DOXIMITY_ALERT|EFFICACY#HEAD_TO_HEAD|NA
TALTZ_PSORIASIS|DOXIMITY_ALERT|EFFICACY#HEAD_TO_HEAD|CONFINED ADVOCATES
TALTZ_PSORIASIS|DOXIMITY_ALERT|EFFICACY#HEAD_TO_HEAD|APP
TALTZ_PSORIASIS|DOXIMITY_ALERT|EFFICACY#HEAD_TO_HEAD|PSORIATIC EXPLORERS
TALTZ_PSORIASIS|DOXIMITY_ALERT|EFFICACY#HEAD_TO_HEAD|PRACTICAL TREATERS
TALTZ_PSORIASIS|DOXIMITY_ALERT|EFFICACY#HEAD_TO_HEAD|NPP_NON_TARGET
TALTZ_PSORIASIS|DOXIMITY_ALERT|EFFICACY#CORE|NA
TALTZ_PSORIASIS|DOXIMITY_ALERT|EFFICACY#CORE|CONFINED ADVOCATES
TALTZ_PSORIASIS|DOXIMITY_ALERT|EFFICACY#CORE|APP
TALTZ_PSORIASIS|DOXIMITY_ALERT|EFFICACY#CORE|PSORIATIC EXPLORERS
TALTZ_PSORIASIS|DOXIMITY_ALERT|EFFICACY#CORE|PRACTICAL TREATERS
TALTZ_PSORIASIS|DOXIMITY_ALERT|EFFICACY#CORE|NPP_NON_TARGET
TALTZ_PSORIASIS|DOXIMITY_ALERT|DEVICE|NA
TALTZ_PSORIASIS|DOXIMITY_ALERT|DEVICE|CONFINED ADVOCATES
TALTZ_PSORIASIS|DOXIMITY_ALERT|DEVICE|APP
TALTZ_PSORIASIS|DOXIMITY_ALERT|DEVICE|PSORIATIC EXPLORERS
TALTZ_PSORIASIS|DOXIMITY_ALERT|DEVICE|PRACTICAL TREATERS
TALTZ_PSORIASIS|DOXIMITY_ALERT|DEVICE|NPP_NON_TARGET
TALTZ_PSORIASIS|DOXIMITY_ALERT|SAFETY#SIDE_EFFECTS|NA
TALTZ_PSORIASIS|DOXIMITY_ALERT|SAFETY#SIDE_EFFECTS|CONFINED ADVOCATES
TALTZ_PSORIASIS|DOXIMITY_ALERT|SAFETY#SIDE_EFFECTS|APP
TALTZ_PSORIASIS|DOXIMITY_ALERT|SAFETY#SIDE_EFFECTS|PSORIATIC EXPLORERS
TALTZ_PSORIASIS|DOXIMITY_ALERT|SAFETY#SIDE_EFFECTS|PRACTICAL TREATERS
TALTZ_PSORIASIS|DOXIMITY_ALERT|SAFETY#SIDE_EFFECTS|NPP_NON_TARGET
TALTZ_PSORIASIS|DOXIMITY_ALERT|SAFETY#NA|NA
TALTZ_PSORIASIS|DOXIMITY_ALERT|SAFETY#NA|CONFINED ADVOCATES
TALTZ_PSORIASIS|DOXIMITY_ALERT|SAFETY#NA|APP
TALTZ_PSORIASIS|DOXIMITY_ALERT|SAFETY#NA|PSORIATIC EXPLORERS
TALTZ_PSORIASIS|DOXIMITY_ALERT|SAFETY#NA|PRACTICAL TREATERS
TALTZ_PSORIASIS|DOXIMITY_ALERT|SAFETY#NA|NPP_NON_TARGET
TALTZ_PSORIASIS|DOXIMITY_ALERT|RESOURCES|NA
TALTZ_PSORIASIS|DOXIMITY_ALERT|RESOURCES|CONFINED ADVOCATES
TALTZ_PSORIASIS|DOXIMITY_ALERT|RESOURCES|APP
TALTZ_PSORIASIS|DOXIMITY_ALERT|RESOURCES|PSORIATIC EXPLORERS
TALTZ_PSORIASIS|DOXIMITY_ALERT|RESOURCES|PRACTICAL TREATERS
TALTZ_PSORIASIS|DOXIMITY_ALERT|RESOURCES|NPP_NON_TARGET
TALTZ_PSORIASIS|DOXIMITY_ALERT|PATIENT_TYPE_IDENTIFICATION|NA
TALTZ_PSORIASIS|DOXIMITY_ALERT|PATIENT_TYPE_IDENTIFICATION|CONFINED ADVOCATES
TALTZ_PSORIASIS|DOXIMITY_ALERT|PATIENT_TYPE_IDENTIFICATION|APP
TALTZ_PSORIASIS|DOXIMITY_ALERT|PATIENT_TYPE_IDENTIFICATION|PSORIATIC EXPLORERS
TALTZ_PSORIASIS|DOXIMITY_ALERT|PATIENT_TYPE_IDENTIFICATION|PRACTICAL TREATERS
TALTZ_PSORIASIS|DOXIMITY_ALERT|PATIENT_TYPE_IDENTIFICATION|NPP_NON_TARGET
TALTZ_PSORIASIS|DOXIMITY_ALERT|PATIENT_CUSTOMER_SUPPORT|NA
TALTZ_PSORIASIS|DOXIMITY_ALERT|PATIENT_CUSTOMER_SUPPORT|CONFINED ADVOCATES
TALTZ_PSORIASIS|DOXIMITY_ALERT|PATIENT_CUSTOMER_SUPPORT|APP
TALTZ_PSORIASIS|DOXIMITY_ALERT|PATIENT_CUSTOMER_SUPPORT|PSORIATIC EXPLORERS
TALTZ_PSORIASIS|DOXIMITY_ALERT|PATIENT_CUSTOMER_SUPPORT|PRACTICAL TREATERS
TALTZ_PSORIASIS|DOXIMITY_ALERT|PATIENT_CUSTOMER_SUPPORT|NPP_NON_TARGET
TALTZ_PSORIASIS|DOXIMITY_ALERT|PATIENT_AFFORDABILITY|NA
TALTZ_PSORIASIS|DOXIMITY_ALERT|PATIENT_AFFORDABILITY|CONFINED ADVOCATES
TALTZ_PSORIASIS|DOXIMITY_ALERT|PATIENT_AFFORDABILITY|APP
TALTZ_PSORIASIS|DOXIMITY_ALERT|PATIENT_AFFORDABILITY|PSORIATIC EXPLORERS
TALTZ_PSORIASIS|DOXIMITY_ALERT|PATIENT_AFFORDABILITY|PRACTICAL TREATERS
TALTZ_PSORIASIS|DOXIMITY_ALERT|PATIENT_AFFORDABILITY|NPP_NON_TARGET
TALTZ_PSORIASIS|DOXIMITY_ALERT|MOA|NA
TALTZ_PSORIASIS|DOXIMITY_ALERT|MOA|CONFINED ADVOCATES
TALTZ_PSORIASIS|DOXIMITY_ALERT|MOA|APP
TALTZ_PSORIASIS|DOXIMITY_ALERT|MOA|PSORIATIC EXPLORERS
TALTZ_PSORIASIS|DOXIMITY_ALERT|MOA|PRACTICAL TREATERS
TALTZ_PSORIASIS|DOXIMITY_ALERT|MOA|NPP_NON_TARGET
TALTZ_PSORIASIS|DOXIMITY_ALERT|EFFICACY#SECONDARY|NA
TALTZ_PSORIASIS|DOXIMITY_ALERT|EFFICACY#SECONDARY|CONFINED ADVOCATES
TALTZ_PSORIASIS|DOXIMITY_ALERT|EFFICACY#SECONDARY|APP
TALTZ_PSORIASIS|DOXIMITY_ALERT|EFFICACY#SECONDARY|PSORIATIC EXPLORERS
TALTZ_PSORIASIS|DOXIMITY_ALERT|EFFICACY#SECONDARY|PRACTICAL TREATERS
TALTZ_PSORIASIS|DOXIMITY_ALERT|EFFICACY#SECONDARY|NPP_NON_TARGET
TALTZ_PSORIASIS|DOXIMITY_ALERT|EFFICACY#RAPID_ONSET|NA
TALTZ_PSORIASIS|DOXIMITY_ALERT|EFFICACY#RAPID_ONSET|CONFINED ADVOCATES
TALTZ_PSORIASIS|DOXIMITY_ALERT|EFFICACY#RAPID_ONSET|APP
TALTZ_PSORIASIS|DOXIMITY_ALERT|EFFICACY#RAPID_ONSET|PSORIATIC EXPLORERS
TALTZ_PSORIASIS|DOXIMITY_ALERT|EFFICACY#RAPID_ONSET|PRACTICAL TREATERS
TALTZ_PSORIASIS|DOXIMITY_ALERT|EFFICACY#RAPID_ONSET|NPP_NON_TARGET
TALTZ_PSORIASIS|DOXIMITY_ALERT|EFFICACY#NOW_APPROVED|NA
TALTZ_PSORIASIS|DOXIMITY_ALERT|EFFICACY#NOW_APPROVED|CONFINED ADVOCATES
TALTZ_PSORIASIS|DOXIMITY_ALERT|EFFICACY#NOW_APPROVED|APP
TALTZ_PSORIASIS|DOXIMITY_ALERT|EFFICACY#NOW_APPROVED|PSORIATIC EXPLORERS
TALTZ_PSORIASIS|DOXIMITY_ALERT|EFFICACY#NOW_APPROVED|PRACTICAL TREATERS
TALTZ_PSORIASIS|DOXIMITY_ALERT|EFFICACY#NOW_APPROVED|NPP_NON_TARGET
TALTZ_PSORIASIS|DOXIMITY_ALERT|EFFICACY#NA|NA
TALTZ_PSORIASIS|DOXIMITY_ALERT|EFFICACY#NA|CONFINED ADVOCATES
TALTZ_PSORIASIS|DOXIMITY_ALERT|EFFICACY#NA|APP
TALTZ_PSORIASIS|DOXIMITY_ALERT|EFFICACY#NA|PSORIATIC EXPLORERS
TALTZ_PSORIASIS|DOXIMITY_ALERT|EFFICACY#NA|PRACTICAL TREATERS
TALTZ_PSORIASIS|DOXIMITY_ALERT|EFFICACY#NA|NPP_NON_TARGET
TALTZ_PSORIASIS|DOXIMITY_ALERT|EFFICACY#LONG_TERM|NA
TALTZ_PSORIASIS|DOXIMITY_ALERT|EFFICACY#LONG_TERM|CONFINED ADVOCATES
TALTZ_PSORIASIS|DOXIMITY_ALERT|EFFICACY#LONG_TERM|APP
TALTZ_PSORIASIS|DOXIMITY_ALERT|EFFICACY#LONG_TERM|PSORIATIC EXPLORERS
TALTZ_PSORIASIS|DOXIMITY_ALERT|EFFICACY#LONG_TERM|PRACTICAL TREATERS
TALTZ_PSORIASIS|DOXIMITY_ALERT|EFFICACY#LONG_TERM|NPP_NON_TARGET
TALTZ_PSORIASIS|DOXIMITY_ALERT|EASE_OF_ADMINISTRATION|NA
TALTZ_PSORIASIS|DOXIMITY_ALERT|EASE_OF_ADMINISTRATION|CONFINED ADVOCATES
TALTZ_PSORIASIS|DOXIMITY_ALERT|EASE_OF_ADMINISTRATION|APP
TALTZ_PSORIASIS|DOXIMITY_ALERT|EASE_OF_ADMINISTRATION|PSORIATIC EXPLORERS
TALTZ_PSORIASIS|DOXIMITY_ALERT|EASE_OF_ADMINISTRATION|PRACTICAL TREATERS
TALTZ_PSORIASIS|DOXIMITY_ALERT|EASE_OF_ADMINISTRATION|NPP_NON_TARGET
TALTZ_PSORIASIS|DOXIMITY_ALERT|DOSING|NA
TALTZ_PSORIASIS|DOXIMITY_ALERT|DOSING|CONFINED ADVOCATES
TALTZ_PSORIASIS|DOXIMITY_ALERT|DOSING|APP
TALTZ_PSORIASIS|DOXIMITY_ALERT|DOSING|PSORIATIC EXPLORERS
TALTZ_PSORIASIS|DOXIMITY_ALERT|DOSING|PRACTICAL TREATERS
TALTZ_PSORIASIS|DOXIMITY_ALERT|DOSING|NPP_NON_TARGET
TALTZ_PSORIASIS|DOXIMITY_ALERT|DISEASE_STATE|NA
TALTZ_PSORIASIS|DOXIMITY_ALERT|DISEASE_STATE|CONFINED ADVOCATES
TALTZ_PSORIASIS|DOXIMITY_ALERT|DISEASE_STATE|APP
TALTZ_PSORIASIS|DOXIMITY_ALERT|DISEASE_STATE|PSORIATIC EXPLORERS
TALTZ_PSORIASIS|DOXIMITY_ALERT|DISEASE_STATE|PRACTICAL TREATERS
TALTZ_PSORIASIS|DOXIMITY_ALERT|DISEASE_STATE|NPP_NON_TARGET
TALTZ_PSORIASIS|EDH_PROFLOW_EDMU|ACCESS_FORMULARY|NA
TALTZ_PSORIASIS|EDH_PROFLOW_EDMU|ACCESS_FORMULARY|CONFINED ADVOCATES
TALTZ_PSORIASIS|EDH_PROFLOW_EDMU|ACCESS_FORMULARY|APP
TALTZ_PSORIASIS|EDH_PROFLOW_EDMU|ACCESS_FORMULARY|PSORIATIC EXPLORERS
TALTZ_PSORIASIS|EDH_PROFLOW_EDMU|ACCESS_FORMULARY|PRACTICAL TREATERS
TALTZ_PSORIASIS|EDH_PROFLOW_EDMU|ACCESS_FORMULARY|NPP_NON_TARGET
TALTZ_PSORIASIS|EDH_PROFLOW_EDMU|UNMET_NEED|NA
TALTZ_PSORIASIS|EDH_PROFLOW_EDMU|UNMET_NEED|CONFINED ADVOCATES
TALTZ_PSORIASIS|EDH_PROFLOW_EDMU|UNMET_NEED|APP
TALTZ_PSORIASIS|EDH_PROFLOW_EDMU|UNMET_NEED|PSORIATIC EXPLORERS
TALTZ_PSORIASIS|EDH_PROFLOW_EDMU|UNMET_NEED|PRACTICAL TREATERS
TALTZ_PSORIASIS|EDH_PROFLOW_EDMU|UNMET_NEED|NPP_NON_TARGET
TALTZ_PSORIASIS|EDH_PROFLOW_EDMU|SAFETY#PSO_ADULTS|NA
TALTZ_PSORIASIS|EDH_PROFLOW_EDMU|SAFETY#PSO_ADULTS|CONFINED ADVOCATES
TALTZ_PSORIASIS|EDH_PROFLOW_EDMU|SAFETY#PSO_ADULTS|APP
TALTZ_PSORIASIS|EDH_PROFLOW_EDMU|SAFETY#PSO_ADULTS|PSORIATIC EXPLORERS
TALTZ_PSORIASIS|EDH_PROFLOW_EDMU|SAFETY#PSO_ADULTS|PRACTICAL TREATERS
TALTZ_PSORIASIS|EDH_PROFLOW_EDMU|SAFETY#PSO_ADULTS|NPP_NON_TARGET
TALTZ_PSORIASIS|EDH_PROFLOW_EDMU|SAFETY#LONG_TERM|NA
TALTZ_PSORIASIS|EDH_PROFLOW_EDMU|SAFETY#LONG_TERM|CONFINED ADVOCATES
TALTZ_PSORIASIS|EDH_PROFLOW_EDMU|SAFETY#LONG_TERM|APP
TALTZ_PSORIASIS|EDH_PROFLOW_EDMU|SAFETY#LONG_TERM|PSORIATIC EXPLORERS
TALTZ_PSORIASIS|EDH_PROFLOW_EDMU|SAFETY#LONG_TERM|PRACTICAL TREATERS
TALTZ_PSORIASIS|EDH_PROFLOW_EDMU|SAFETY#LONG_TERM|NPP_NON_TARGET
TALTZ_PSORIASIS|EDH_PROFLOW_EDMU|INITIATION|NA
TALTZ_PSORIASIS|EDH_PROFLOW_EDMU|INITIATION|CONFINED ADVOCATES
TALTZ_PSORIASIS|EDH_PROFLOW_EDMU|INITIATION|APP
TALTZ_PSORIASIS|EDH_PROFLOW_EDMU|INITIATION|PSORIATIC EXPLORERS
TALTZ_PSORIASIS|EDH_PROFLOW_EDMU|INITIATION|PRACTICAL TREATERS
TALTZ_PSORIASIS|EDH_PROFLOW_EDMU|INITIATION|NPP_NON_TARGET
TALTZ_PSORIASIS|EDH_PROFLOW_EDMU|GENERAL|NA
TALTZ_PSORIASIS|EDH_PROFLOW_EDMU|GENERAL|CONFINED ADVOCATES
TALTZ_PSORIASIS|EDH_PROFLOW_EDMU|GENERAL|APP
TALTZ_PSORIASIS|EDH_PROFLOW_EDMU|GENERAL|PSORIATIC EXPLORERS
TALTZ_PSORIASIS|EDH_PROFLOW_EDMU|GENERAL|PRACTICAL TREATERS
TALTZ_PSORIASIS|EDH_PROFLOW_EDMU|GENERAL|NPP_NON_TARGET
TALTZ_PSORIASIS|EDH_PROFLOW_EDMU|EFFICACY#STRUCTURE|NA
TALTZ_PSORIASIS|EDH_PROFLOW_EDMU|EFFICACY#STRUCTURE|CONFINED ADVOCATES
TALTZ_PSORIASIS|EDH_PROFLOW_EDMU|EFFICACY#STRUCTURE|APP
TALTZ_PSORIASIS|EDH_PROFLOW_EDMU|EFFICACY#STRUCTURE|PSORIATIC EXPLORERS
TALTZ_PSORIASIS|EDH_PROFLOW_EDMU|EFFICACY#STRUCTURE|PRACTICAL TREATERS
TALTZ_PSORIASIS|EDH_PROFLOW_EDMU|EFFICACY#STRUCTURE|NPP_NON_TARGET
TALTZ_PSORIASIS|EDH_PROFLOW_EDMU|EFFICACY#HEAD_TO_HEAD|NA
TALTZ_PSORIASIS|EDH_PROFLOW_EDMU|EFFICACY#HEAD_TO_HEAD|CONFINED ADVOCATES
TALTZ_PSORIASIS|EDH_PROFLOW_EDMU|EFFICACY#HEAD_TO_HEAD|APP
TALTZ_PSORIASIS|EDH_PROFLOW_EDMU|EFFICACY#HEAD_TO_HEAD|PSORIATIC EXPLORERS
TALTZ_PSORIASIS|EDH_PROFLOW_EDMU|EFFICACY#HEAD_TO_HEAD|PRACTICAL TREATERS
TALTZ_PSORIASIS|EDH_PROFLOW_EDMU|EFFICACY#HEAD_TO_HEAD|NPP_NON_TARGET
TALTZ_PSORIASIS|EDH_PROFLOW_EDMU|EFFICACY#CORE|NA
TALTZ_PSORIASIS|EDH_PROFLOW_EDMU|EFFICACY#CORE|CONFINED ADVOCATES
TALTZ_PSORIASIS|EDH_PROFLOW_EDMU|EFFICACY#CORE|APP
TALTZ_PSORIASIS|EDH_PROFLOW_EDMU|EFFICACY#CORE|PSORIATIC EXPLORERS
TALTZ_PSORIASIS|EDH_PROFLOW_EDMU|EFFICACY#CORE|PRACTICAL TREATERS
TALTZ_PSORIASIS|EDH_PROFLOW_EDMU|EFFICACY#CORE|NPP_NON_TARGET
TALTZ_PSORIASIS|EDH_PROFLOW_EDMU|DEVICE|NA
TALTZ_PSORIASIS|EDH_PROFLOW_EDMU|DEVICE|CONFINED ADVOCATES
TALTZ_PSORIASIS|EDH_PROFLOW_EDMU|DEVICE|APP
TALTZ_PSORIASIS|EDH_PROFLOW_EDMU|DEVICE|PSORIATIC EXPLORERS
TALTZ_PSORIASIS|EDH_PROFLOW_EDMU|DEVICE|PRACTICAL TREATERS
TALTZ_PSORIASIS|EDH_PROFLOW_EDMU|DEVICE|NPP_NON_TARGET
TALTZ_PSORIASIS|EDH_PROFLOW_EDMU|SAFETY#SIDE_EFFECTS|NA
TALTZ_PSORIASIS|EDH_PROFLOW_EDMU|SAFETY#SIDE_EFFECTS|CONFINED ADVOCATES
TALTZ_PSORIASIS|EDH_PROFLOW_EDMU|SAFETY#SIDE_EFFECTS|APP
TALTZ_PSORIASIS|EDH_PROFLOW_EDMU|SAFETY#SIDE_EFFECTS|PSORIATIC EXPLORERS
TALTZ_PSORIASIS|EDH_PROFLOW_EDMU|SAFETY#SIDE_EFFECTS|PRACTICAL TREATERS
TALTZ_PSORIASIS|EDH_PROFLOW_EDMU|SAFETY#SIDE_EFFECTS|NPP_NON_TARGET
TALTZ_PSORIASIS|EDH_PROFLOW_EDMU|SAFETY#NA|NA
TALTZ_PSORIASIS|EDH_PROFLOW_EDMU|SAFETY#NA|CONFINED ADVOCATES
TALTZ_PSORIASIS|EDH_PROFLOW_EDMU|SAFETY#NA|APP
TALTZ_PSORIASIS|EDH_PROFLOW_EDMU|SAFETY#NA|PSORIATIC EXPLORERS
TALTZ_PSORIASIS|EDH_PROFLOW_EDMU|SAFETY#NA|PRACTICAL TREATERS
TALTZ_PSORIASIS|EDH_PROFLOW_EDMU|SAFETY#NA|NPP_NON_TARGET
TALTZ_PSORIASIS|EDH_PROFLOW_EDMU|RESOURCES|NA
TALTZ_PSORIASIS|EDH_PROFLOW_EDMU|RESOURCES|CONFINED ADVOCATES
TALTZ_PSORIASIS|EDH_PROFLOW_EDMU|RESOURCES|APP
TALTZ_PSORIASIS|EDH_PROFLOW_EDMU|RESOURCES|PSORIATIC EXPLORERS
TALTZ_PSORIASIS|EDH_PROFLOW_EDMU|RESOURCES|PRACTICAL TREATERS
TALTZ_PSORIASIS|EDH_PROFLOW_EDMU|RESOURCES|NPP_NON_TARGET
TALTZ_PSORIASIS|EDH_PROFLOW_EDMU|PATIENT_TYPE_IDENTIFICATION|NA
TALTZ_PSORIASIS|EDH_PROFLOW_EDMU|PATIENT_TYPE_IDENTIFICATION|CONFINED ADVOCATES
TALTZ_PSORIASIS|EDH_PROFLOW_EDMU|PATIENT_TYPE_IDENTIFICATION|APP
TALTZ_PSORIASIS|EDH_PROFLOW_EDMU|PATIENT_TYPE_IDENTIFICATION|PSORIATIC EXPLORERS
TALTZ_PSORIASIS|EDH_PROFLOW_EDMU|PATIENT_TYPE_IDENTIFICATION|PRACTICAL TREATERS
TALTZ_PSORIASIS|EDH_PROFLOW_EDMU|PATIENT_TYPE_IDENTIFICATION|NPP_NON_TARGET
TALTZ_PSORIASIS|EDH_PROFLOW_EDMU|PATIENT_CUSTOMER_SUPPORT|NA
TALTZ_PSORIASIS|EDH_PROFLOW_EDMU|PATIENT_CUSTOMER_SUPPORT|CONFINED ADVOCATES
TALTZ_PSORIASIS|EDH_PROFLOW_EDMU|PATIENT_CUSTOMER_SUPPORT|APP
TALTZ_PSORIASIS|EDH_PROFLOW_EDMU|PATIENT_CUSTOMER_SUPPORT|PSORIATIC EXPLORERS
TALTZ_PSORIASIS|EDH_PROFLOW_EDMU|PATIENT_CUSTOMER_SUPPORT|PRACTICAL TREATERS
TALTZ_PSORIASIS|EDH_PROFLOW_EDMU|PATIENT_CUSTOMER_SUPPORT|NPP_NON_TARGET
TALTZ_PSORIASIS|EDH_PROFLOW_EDMU|PATIENT_AFFORDABILITY|NA
TALTZ_PSORIASIS|EDH_PROFLOW_EDMU|PATIENT_AFFORDABILITY|CONFINED ADVOCATES
TALTZ_PSORIASIS|EDH_PROFLOW_EDMU|PATIENT_AFFORDABILITY|APP
TALTZ_PSORIASIS|EDH_PROFLOW_EDMU|PATIENT_AFFORDABILITY|PSORIATIC EXPLORERS
TALTZ_PSORIASIS|EDH_PROFLOW_EDMU|PATIENT_AFFORDABILITY|PRACTICAL TREATERS
TALTZ_PSORIASIS|EDH_PROFLOW_EDMU|PATIENT_AFFORDABILITY|NPP_NON_TARGET
TALTZ_PSORIASIS|EDH_PROFLOW_EDMU|MOA|NA
TALTZ_PSORIASIS|EDH_PROFLOW_EDMU|MOA|CONFINED ADVOCATES
TALTZ_PSORIASIS|EDH_PROFLOW_EDMU|MOA|APP
TALTZ_PSORIASIS|EDH_PROFLOW_EDMU|MOA|PSORIATIC EXPLORERS
TALTZ_PSORIASIS|EDH_PROFLOW_EDMU|MOA|PRACTICAL TREATERS
TALTZ_PSORIASIS|EDH_PROFLOW_EDMU|MOA|NPP_NON_TARGET
TALTZ_PSORIASIS|EDH_PROFLOW_EDMU|EFFICACY#SECONDARY|NA
TALTZ_PSORIASIS|EDH_PROFLOW_EDMU|EFFICACY#SECONDARY|CONFINED ADVOCATES
TALTZ_PSORIASIS|EDH_PROFLOW_EDMU|EFFICACY#SECONDARY|APP
TALTZ_PSORIASIS|EDH_PROFLOW_EDMU|EFFICACY#SECONDARY|PSORIATIC EXPLORERS
TALTZ_PSORIASIS|EDH_PROFLOW_EDMU|EFFICACY#SECONDARY|PRACTICAL TREATERS
TALTZ_PSORIASIS|EDH_PROFLOW_EDMU|EFFICACY#SECONDARY|NPP_NON_TARGET
TALTZ_PSORIASIS|EDH_PROFLOW_EDMU|EFFICACY#RAPID_ONSET|NA
TALTZ_PSORIASIS|EDH_PROFLOW_EDMU|EFFICACY#RAPID_ONSET|CONFINED ADVOCATES
TALTZ_PSORIASIS|EDH_PROFLOW_EDMU|EFFICACY#RAPID_ONSET|APP
TALTZ_PSORIASIS|EDH_PROFLOW_EDMU|EFFICACY#RAPID_ONSET|PSORIATIC EXPLORERS
TALTZ_PSORIASIS|EDH_PROFLOW_EDMU|EFFICACY#RAPID_ONSET|PRACTICAL TREATERS
TALTZ_PSORIASIS|EDH_PROFLOW_EDMU|EFFICACY#RAPID_ONSET|NPP_NON_TARGET
TALTZ_PSORIASIS|EDH_PROFLOW_EDMU|EFFICACY#NOW_APPROVED|NA
TALTZ_PSORIASIS|EDH_PROFLOW_EDMU|EFFICACY#NOW_APPROVED|CONFINED ADVOCATES
TALTZ_PSORIASIS|EDH_PROFLOW_EDMU|EFFICACY#NOW_APPROVED|APP
TALTZ_PSORIASIS|EDH_PROFLOW_EDMU|EFFICACY#NOW_APPROVED|PSORIATIC EXPLORERS
TALTZ_PSORIASIS|EDH_PROFLOW_EDMU|EFFICACY#NOW_APPROVED|PRACTICAL TREATERS
TALTZ_PSORIASIS|EDH_PROFLOW_EDMU|EFFICACY#NOW_APPROVED|NPP_NON_TARGET
TALTZ_PSORIASIS|EDH_PROFLOW_EDMU|EFFICACY#NA|NA
TALTZ_PSORIASIS|EDH_PROFLOW_EDMU|EFFICACY#NA|CONFINED ADVOCATES
TALTZ_PSORIASIS|EDH_PROFLOW_EDMU|EFFICACY#NA|APP
TALTZ_PSORIASIS|EDH_PROFLOW_EDMU|EFFICACY#NA|PSORIATIC EXPLORERS
TALTZ_PSORIASIS|EDH_PROFLOW_EDMU|EFFICACY#NA|PRACTICAL TREATERS
TALTZ_PSORIASIS|EDH_PROFLOW_EDMU|EFFICACY#NA|NPP_NON_TARGET
TALTZ_PSORIASIS|EDH_PROFLOW_EDMU|EFFICACY#LONG_TERM|NA
TALTZ_PSORIASIS|EDH_PROFLOW_EDMU|EFFICACY#LONG_TERM|CONFINED ADVOCATES
TALTZ_PSORIASIS|EDH_PROFLOW_EDMU|EFFICACY#LONG_TERM|APP
TALTZ_PSORIASIS|EDH_PROFLOW_EDMU|EFFICACY#LONG_TERM|PSORIATIC EXPLORERS
TALTZ_PSORIASIS|EDH_PROFLOW_EDMU|EFFICACY#LONG_TERM|PRACTICAL TREATERS
TALTZ_PSORIASIS|EDH_PROFLOW_EDMU|EFFICACY#LONG_TERM|NPP_NON_TARGET
TALTZ_PSORIASIS|EDH_PROFLOW_EDMU|EASE_OF_ADMINISTRATION|NA
TALTZ_PSORIASIS|EDH_PROFLOW_EDMU|EASE_OF_ADMINISTRATION|CONFINED ADVOCATES
TALTZ_PSORIASIS|EDH_PROFLOW_EDMU|EASE_OF_ADMINISTRATION|APP
TALTZ_PSORIASIS|EDH_PROFLOW_EDMU|EASE_OF_ADMINISTRATION|PSORIATIC EXPLORERS
TALTZ_PSORIASIS|EDH_PROFLOW_EDMU|EASE_OF_ADMINISTRATION|PRACTICAL TREATERS
TALTZ_PSORIASIS|EDH_PROFLOW_EDMU|EASE_OF_ADMINISTRATION|NPP_NON_TARGET
TALTZ_PSORIASIS|EDH_PROFLOW_EDMU|DOSING|NA
TALTZ_PSORIASIS|EDH_PROFLOW_EDMU|DOSING|CONFINED ADVOCATES
TALTZ_PSORIASIS|EDH_PROFLOW_EDMU|DOSING|APP
TALTZ_PSORIASIS|EDH_PROFLOW_EDMU|DOSING|PSORIATIC EXPLORERS
TALTZ_PSORIASIS|EDH_PROFLOW_EDMU|DOSING|PRACTICAL TREATERS
TALTZ_PSORIASIS|EDH_PROFLOW_EDMU|DOSING|NPP_NON_TARGET
TALTZ_PSORIASIS|EDH_PROFLOW_EDMU|DISEASE_STATE|NA
TALTZ_PSORIASIS|EDH_PROFLOW_EDMU|DISEASE_STATE|CONFINED ADVOCATES
TALTZ_PSORIASIS|EDH_PROFLOW_EDMU|DISEASE_STATE|APP
TALTZ_PSORIASIS|EDH_PROFLOW_EDMU|DISEASE_STATE|PSORIATIC EXPLORERS
TALTZ_PSORIASIS|EDH_PROFLOW_EDMU|DISEASE_STATE|PRACTICAL TREATERS
TALTZ_PSORIASIS|EDH_PROFLOW_EDMU|DISEASE_STATE|NPP_NON_TARGET
TALTZ_PSORIASIS|EDH_PROFLOW_WDMU|ACCESS_FORMULARY|NA
TALTZ_PSORIASIS|EDH_PROFLOW_WDMU|ACCESS_FORMULARY|CONFINED ADVOCATES
TALTZ_PSORIASIS|EDH_PROFLOW_WDMU|ACCESS_FORMULARY|APP
TALTZ_PSORIASIS|EDH_PROFLOW_WDMU|ACCESS_FORMULARY|PSORIATIC EXPLORERS
TALTZ_PSORIASIS|EDH_PROFLOW_WDMU|ACCESS_FORMULARY|PRACTICAL TREATERS
TALTZ_PSORIASIS|EDH_PROFLOW_WDMU|ACCESS_FORMULARY|NPP_NON_TARGET
TALTZ_PSORIASIS|EDH_PROFLOW_WDMU|UNMET_NEED|NA
TALTZ_PSORIASIS|EDH_PROFLOW_WDMU|UNMET_NEED|CONFINED ADVOCATES
TALTZ_PSORIASIS|EDH_PROFLOW_WDMU|UNMET_NEED|APP
TALTZ_PSORIASIS|EDH_PROFLOW_WDMU|UNMET_NEED|PSORIATIC EXPLORERS
TALTZ_PSORIASIS|EDH_PROFLOW_WDMU|UNMET_NEED|PRACTICAL TREATERS
TALTZ_PSORIASIS|EDH_PROFLOW_WDMU|UNMET_NEED|NPP_NON_TARGET
TALTZ_PSORIASIS|EDH_PROFLOW_WDMU|SAFETY#PSO_ADULTS|NA
TALTZ_PSORIASIS|EDH_PROFLOW_WDMU|SAFETY#PSO_ADULTS|CONFINED ADVOCATES
TALTZ_PSORIASIS|EDH_PROFLOW_WDMU|SAFETY#PSO_ADULTS|APP
TALTZ_PSORIASIS|EDH_PROFLOW_WDMU|SAFETY#PSO_ADULTS|PSORIATIC EXPLORERS
TALTZ_PSORIASIS|EDH_PROFLOW_WDMU|SAFETY#PSO_ADULTS|PRACTICAL TREATERS
TALTZ_PSORIASIS|EDH_PROFLOW_WDMU|SAFETY#PSO_ADULTS|NPP_NON_TARGET
TALTZ_PSORIASIS|EDH_PROFLOW_WDMU|SAFETY#LONG_TERM|NA
TALTZ_PSORIASIS|EDH_PROFLOW_WDMU|SAFETY#LONG_TERM|CONFINED ADVOCATES
TALTZ_PSORIASIS|EDH_PROFLOW_WDMU|SAFETY#LONG_TERM|APP
TALTZ_PSORIASIS|EDH_PROFLOW_WDMU|SAFETY#LONG_TERM|PSORIATIC EXPLORERS
TALTZ_PSORIASIS|EDH_PROFLOW_WDMU|SAFETY#LONG_TERM|PRACTICAL TREATERS
TALTZ_PSORIASIS|EDH_PROFLOW_WDMU|SAFETY#LONG_TERM|NPP_NON_TARGET
TALTZ_PSORIASIS|EDH_PROFLOW_WDMU|INITIATION|NA
TALTZ_PSORIASIS|EDH_PROFLOW_WDMU|INITIATION|CONFINED ADVOCATES
TALTZ_PSORIASIS|EDH_PROFLOW_WDMU|INITIATION|APP
TALTZ_PSORIASIS|EDH_PROFLOW_WDMU|INITIATION|PSORIATIC EXPLORERS
TALTZ_PSORIASIS|EDH_PROFLOW_WDMU|INITIATION|PRACTICAL TREATERS
TALTZ_PSORIASIS|EDH_PROFLOW_WDMU|INITIATION|NPP_NON_TARGET
TALTZ_PSORIASIS|EDH_PROFLOW_WDMU|GENERAL|NA
TALTZ_PSORIASIS|EDH_PROFLOW_WDMU|GENERAL|CONFINED ADVOCATES
TALTZ_PSORIASIS|EDH_PROFLOW_WDMU|GENERAL|APP
TALTZ_PSORIASIS|EDH_PROFLOW_WDMU|GENERAL|PSORIATIC EXPLORERS
TALTZ_PSORIASIS|EDH_PROFLOW_WDMU|GENERAL|PRACTICAL TREATERS
TALTZ_PSORIASIS|EDH_PROFLOW_WDMU|GENERAL|NPP_NON_TARGET
TALTZ_PSORIASIS|EDH_PROFLOW_WDMU|EFFICACY#STRUCTURE|NA
TALTZ_PSORIASIS|EDH_PROFLOW_WDMU|EFFICACY#STRUCTURE|CONFINED ADVOCATES
TALTZ_PSORIASIS|EDH_PROFLOW_WDMU|EFFICACY#STRUCTURE|APP
TALTZ_PSORIASIS|EDH_PROFLOW_WDMU|EFFICACY#STRUCTURE|PSORIATIC EXPLORERS
TALTZ_PSORIASIS|EDH_PROFLOW_WDMU|EFFICACY#STRUCTURE|PRACTICAL TREATERS
TALTZ_PSORIASIS|EDH_PROFLOW_WDMU|EFFICACY#STRUCTURE|NPP_NON_TARGET
TALTZ_PSORIASIS|EDH_PROFLOW_WDMU|EFFICACY#HEAD_TO_HEAD|NA
TALTZ_PSORIASIS|EDH_PROFLOW_WDMU|EFFICACY#HEAD_TO_HEAD|CONFINED ADVOCATES
TALTZ_PSORIASIS|EDH_PROFLOW_WDMU|EFFICACY#HEAD_TO_HEAD|APP
TALTZ_PSORIASIS|EDH_PROFLOW_WDMU|EFFICACY#HEAD_TO_HEAD|PSORIATIC EXPLORERS
TALTZ_PSORIASIS|EDH_PROFLOW_WDMU|EFFICACY#HEAD_TO_HEAD|PRACTICAL TREATERS
TALTZ_PSORIASIS|EDH_PROFLOW_WDMU|EFFICACY#HEAD_TO_HEAD|NPP_NON_TARGET
TALTZ_PSORIASIS|EDH_PROFLOW_WDMU|EFFICACY#CORE|NA
TALTZ_PSORIASIS|EDH_PROFLOW_WDMU|EFFICACY#CORE|CONFINED ADVOCATES
TALTZ_PSORIASIS|EDH_PROFLOW_WDMU|EFFICACY#CORE|APP
TALTZ_PSORIASIS|EDH_PROFLOW_WDMU|EFFICACY#CORE|PSORIATIC EXPLORERS
TALTZ_PSORIASIS|EDH_PROFLOW_WDMU|EFFICACY#CORE|PRACTICAL TREATERS
TALTZ_PSORIASIS|EDH_PROFLOW_WDMU|EFFICACY#CORE|NPP_NON_TARGET
TALTZ_PSORIASIS|EDH_PROFLOW_WDMU|DEVICE|NA
TALTZ_PSORIASIS|EDH_PROFLOW_WDMU|DEVICE|CONFINED ADVOCATES
TALTZ_PSORIASIS|EDH_PROFLOW_WDMU|DEVICE|APP
TALTZ_PSORIASIS|EDH_PROFLOW_WDMU|DEVICE|PSORIATIC EXPLORERS
TALTZ_PSORIASIS|EDH_PROFLOW_WDMU|DEVICE|PRACTICAL TREATERS
TALTZ_PSORIASIS|EDH_PROFLOW_WDMU|DEVICE|NPP_NON_TARGET
TALTZ_PSORIASIS|EDH_PROFLOW_WDMU|SAFETY#SIDE_EFFECTS|NA
TALTZ_PSORIASIS|EDH_PROFLOW_WDMU|SAFETY#SIDE_EFFECTS|CONFINED ADVOCATES
TALTZ_PSORIASIS|EDH_PROFLOW_WDMU|SAFETY#SIDE_EFFECTS|APP
TALTZ_PSORIASIS|EDH_PROFLOW_WDMU|SAFETY#SIDE_EFFECTS|PSORIATIC EXPLORERS
TALTZ_PSORIASIS|EDH_PROFLOW_WDMU|SAFETY#SIDE_EFFECTS|PRACTICAL TREATERS
TALTZ_PSORIASIS|EDH_PROFLOW_WDMU|SAFETY#SIDE_EFFECTS|NPP_NON_TARGET
TALTZ_PSORIASIS|EDH_PROFLOW_WDMU|SAFETY#NA|NA
TALTZ_PSORIASIS|EDH_PROFLOW_WDMU|SAFETY#NA|CONFINED ADVOCATES
TALTZ_PSORIASIS|EDH_PROFLOW_WDMU|SAFETY#NA|APP
TALTZ_PSORIASIS|EDH_PROFLOW_WDMU|SAFETY#NA|PSORIATIC EXPLORERS
TALTZ_PSORIASIS|EDH_PROFLOW_WDMU|SAFETY#NA|PRACTICAL TREATERS
TALTZ_PSORIASIS|EDH_PROFLOW_WDMU|SAFETY#NA|NPP_NON_TARGET
TALTZ_PSORIASIS|EDH_PROFLOW_WDMU|RESOURCES|NA
TALTZ_PSORIASIS|EDH_PROFLOW_WDMU|RESOURCES|CONFINED ADVOCATES
TALTZ_PSORIASIS|EDH_PROFLOW_WDMU|RESOURCES|APP
TALTZ_PSORIASIS|EDH_PROFLOW_WDMU|RESOURCES|PSORIATIC EXPLORERS
TALTZ_PSORIASIS|EDH_PROFLOW_WDMU|RESOURCES|PRACTICAL TREATERS
TALTZ_PSORIASIS|EDH_PROFLOW_WDMU|RESOURCES|NPP_NON_TARGET
TALTZ_PSORIASIS|EDH_PROFLOW_WDMU|PATIENT_TYPE_IDENTIFICATION|NA
TALTZ_PSORIASIS|EDH_PROFLOW_WDMU|PATIENT_TYPE_IDENTIFICATION|CONFINED ADVOCATES
TALTZ_PSORIASIS|EDH_PROFLOW_WDMU|PATIENT_TYPE_IDENTIFICATION|APP
TALTZ_PSORIASIS|EDH_PROFLOW_WDMU|PATIENT_TYPE_IDENTIFICATION|PSORIATIC EXPLORERS
TALTZ_PSORIASIS|EDH_PROFLOW_WDMU|PATIENT_TYPE_IDENTIFICATION|PRACTICAL TREATERS
TALTZ_PSORIASIS|EDH_PROFLOW_WDMU|PATIENT_TYPE_IDENTIFICATION|NPP_NON_TARGET
TALTZ_PSORIASIS|EDH_PROFLOW_WDMU|PATIENT_CUSTOMER_SUPPORT|NA
TALTZ_PSORIASIS|EDH_PROFLOW_WDMU|PATIENT_CUSTOMER_SUPPORT|CONFINED ADVOCATES
TALTZ_PSORIASIS|EDH_PROFLOW_WDMU|PATIENT_CUSTOMER_SUPPORT|APP
TALTZ_PSORIASIS|EDH_PROFLOW_WDMU|PATIENT_CUSTOMER_SUPPORT|PSORIATIC EXPLORERS
TALTZ_PSORIASIS|EDH_PROFLOW_WDMU|PATIENT_CUSTOMER_SUPPORT|PRACTICAL TREATERS
TALTZ_PSORIASIS|EDH_PROFLOW_WDMU|PATIENT_CUSTOMER_SUPPORT|NPP_NON_TARGET
TALTZ_PSORIASIS|EDH_PROFLOW_WDMU|PATIENT_AFFORDABILITY|NA
TALTZ_PSORIASIS|EDH_PROFLOW_WDMU|PATIENT_AFFORDABILITY|CONFINED ADVOCATES
TALTZ_PSORIASIS|EDH_PROFLOW_WDMU|PATIENT_AFFORDABILITY|APP
TALTZ_PSORIASIS|EDH_PROFLOW_WDMU|PATIENT_AFFORDABILITY|PSORIATIC EXPLORERS
TALTZ_PSORIASIS|EDH_PROFLOW_WDMU|PATIENT_AFFORDABILITY|PRACTICAL TREATERS
TALTZ_PSORIASIS|EDH_PROFLOW_WDMU|PATIENT_AFFORDABILITY|NPP_NON_TARGET
TALTZ_PSORIASIS|EDH_PROFLOW_WDMU|MOA|NA
TALTZ_PSORIASIS|EDH_PROFLOW_WDMU|MOA|CONFINED ADVOCATES
TALTZ_PSORIASIS|EDH_PROFLOW_WDMU|MOA|APP
TALTZ_PSORIASIS|EDH_PROFLOW_WDMU|MOA|PSORIATIC EXPLORERS
TALTZ_PSORIASIS|EDH_PROFLOW_WDMU|MOA|PRACTICAL TREATERS
TALTZ_PSORIASIS|EDH_PROFLOW_WDMU|MOA|NPP_NON_TARGET
TALTZ_PSORIASIS|EDH_PROFLOW_WDMU|EFFICACY#SECONDARY|NA
TALTZ_PSORIASIS|EDH_PROFLOW_WDMU|EFFICACY#SECONDARY|CONFINED ADVOCATES
TALTZ_PSORIASIS|EDH_PROFLOW_WDMU|EFFICACY#SECONDARY|APP
TALTZ_PSORIASIS|EDH_PROFLOW_WDMU|EFFICACY#SECONDARY|PSORIATIC EXPLORERS
TALTZ_PSORIASIS|EDH_PROFLOW_WDMU|EFFICACY#SECONDARY|PRACTICAL TREATERS
TALTZ_PSORIASIS|EDH_PROFLOW_WDMU|EFFICACY#SECONDARY|NPP_NON_TARGET
TALTZ_PSORIASIS|EDH_PROFLOW_WDMU|EFFICACY#RAPID_ONSET|NA
TALTZ_PSORIASIS|EDH_PROFLOW_WDMU|EFFICACY#RAPID_ONSET|CONFINED ADVOCATES
TALTZ_PSORIASIS|EDH_PROFLOW_WDMU|EFFICACY#RAPID_ONSET|APP
TALTZ_PSORIASIS|EDH_PROFLOW_WDMU|EFFICACY#RAPID_ONSET|PSORIATIC EXPLORERS
TALTZ_PSORIASIS|EDH_PROFLOW_WDMU|EFFICACY#RAPID_ONSET|PRACTICAL TREATERS
TALTZ_PSORIASIS|EDH_PROFLOW_WDMU|EFFICACY#RAPID_ONSET|NPP_NON_TARGET
TALTZ_PSORIASIS|EDH_PROFLOW_WDMU|EFFICACY#NOW_APPROVED|NA
TALTZ_PSORIASIS|EDH_PROFLOW_WDMU|EFFICACY#NOW_APPROVED|CONFINED ADVOCATES
TALTZ_PSORIASIS|EDH_PROFLOW_WDMU|EFFICACY#NOW_APPROVED|APP
TALTZ_PSORIASIS|EDH_PROFLOW_WDMU|EFFICACY#NOW_APPROVED|PSORIATIC EXPLORERS
TALTZ_PSORIASIS|EDH_PROFLOW_WDMU|EFFICACY#NOW_APPROVED|PRACTICAL TREATERS
TALTZ_PSORIASIS|EDH_PROFLOW_WDMU|EFFICACY#NOW_APPROVED|NPP_NON_TARGET
TALTZ_PSORIASIS|EDH_PROFLOW_WDMU|EFFICACY#NA|NA
TALTZ_PSORIASIS|EDH_PROFLOW_WDMU|EFFICACY#NA|CONFINED ADVOCATES
TALTZ_PSORIASIS|EDH_PROFLOW_WDMU|EFFICACY#NA|APP
TALTZ_PSORIASIS|EDH_PROFLOW_WDMU|EFFICACY#NA|PSORIATIC EXPLORERS
TALTZ_PSORIASIS|EDH_PROFLOW_WDMU|EFFICACY#NA|PRACTICAL TREATERS
TALTZ_PSORIASIS|EDH_PROFLOW_WDMU|EFFICACY#NA|NPP_NON_TARGET
TALTZ_PSORIASIS|EDH_PROFLOW_WDMU|EFFICACY#LONG_TERM|NA
TALTZ_PSORIASIS|EDH_PROFLOW_WDMU|EFFICACY#LONG_TERM|CONFINED ADVOCATES
TALTZ_PSORIASIS|EDH_PROFLOW_WDMU|EFFICACY#LONG_TERM|APP
TALTZ_PSORIASIS|EDH_PROFLOW_WDMU|EFFICACY#LONG_TERM|PSORIATIC EXPLORERS
TALTZ_PSORIASIS|EDH_PROFLOW_WDMU|EFFICACY#LONG_TERM|PRACTICAL TREATERS
TALTZ_PSORIASIS|EDH_PROFLOW_WDMU|EFFICACY#LONG_TERM|NPP_NON_TARGET
TALTZ_PSORIASIS|EDH_PROFLOW_WDMU|EASE_OF_ADMINISTRATION|NA
TALTZ_PSORIASIS|EDH_PROFLOW_WDMU|EASE_OF_ADMINISTRATION|CONFINED ADVOCATES
TALTZ_PSORIASIS|EDH_PROFLOW_WDMU|EASE_OF_ADMINISTRATION|APP
TALTZ_PSORIASIS|EDH_PROFLOW_WDMU|EASE_OF_ADMINISTRATION|PSORIATIC EXPLORERS
TALTZ_PSORIASIS|EDH_PROFLOW_WDMU|EASE_OF_ADMINISTRATION|PRACTICAL TREATERS
TALTZ_PSORIASIS|EDH_PROFLOW_WDMU|EASE_OF_ADMINISTRATION|NPP_NON_TARGET
TALTZ_PSORIASIS|EDH_PROFLOW_WDMU|DOSING|NA
TALTZ_PSORIASIS|EDH_PROFLOW_WDMU|DOSING|CONFINED ADVOCATES
TALTZ_PSORIASIS|EDH_PROFLOW_WDMU|DOSING|APP
TALTZ_PSORIASIS|EDH_PROFLOW_WDMU|DOSING|PSORIATIC EXPLORERS
TALTZ_PSORIASIS|EDH_PROFLOW_WDMU|DOSING|PRACTICAL TREATERS
TALTZ_PSORIASIS|EDH_PROFLOW_WDMU|DOSING|NPP_NON_TARGET
TALTZ_PSORIASIS|EDH_PROFLOW_WDMU|DISEASE_STATE|NA
TALTZ_PSORIASIS|EDH_PROFLOW_WDMU|DISEASE_STATE|CONFINED ADVOCATES
TALTZ_PSORIASIS|EDH_PROFLOW_WDMU|DISEASE_STATE|APP
TALTZ_PSORIASIS|EDH_PROFLOW_WDMU|DISEASE_STATE|PSORIATIC EXPLORERS
TALTZ_PSORIASIS|EDH_PROFLOW_WDMU|DISEASE_STATE|PRACTICAL TREATERS
TALTZ_PSORIASIS|EDH_PROFLOW_WDMU|DISEASE_STATE|NPP_NON_TARGET
TALTZ_PSORIASIS|MEDSCAPE_ALERT|ACCESS_FORMULARY|NA
TALTZ_PSORIASIS|MEDSCAPE_ALERT|ACCESS_FORMULARY|CONFINED ADVOCATES
TALTZ_PSORIASIS|MEDSCAPE_ALERT|ACCESS_FORMULARY|APP
TALTZ_PSORIASIS|MEDSCAPE_ALERT|ACCESS_FORMULARY|PSORIATIC EXPLORERS
TALTZ_PSORIASIS|MEDSCAPE_ALERT|ACCESS_FORMULARY|PRACTICAL TREATERS
TALTZ_PSORIASIS|MEDSCAPE_ALERT|ACCESS_FORMULARY|NPP_NON_TARGET
TALTZ_PSORIASIS|MEDSCAPE_ALERT|UNMET_NEED|NA
TALTZ_PSORIASIS|MEDSCAPE_ALERT|UNMET_NEED|CONFINED ADVOCATES
TALTZ_PSORIASIS|MEDSCAPE_ALERT|UNMET_NEED|APP
TALTZ_PSORIASIS|MEDSCAPE_ALERT|UNMET_NEED|PSORIATIC EXPLORERS
TALTZ_PSORIASIS|MEDSCAPE_ALERT|UNMET_NEED|PRACTICAL TREATERS
TALTZ_PSORIASIS|MEDSCAPE_ALERT|UNMET_NEED|NPP_NON_TARGET
TALTZ_PSORIASIS|MEDSCAPE_ALERT|SAFETY#PSO_ADULTS|NA
TALTZ_PSORIASIS|MEDSCAPE_ALERT|SAFETY#PSO_ADULTS|CONFINED ADVOCATES
TALTZ_PSORIASIS|MEDSCAPE_ALERT|SAFETY#PSO_ADULTS|APP
TALTZ_PSORIASIS|MEDSCAPE_ALERT|SAFETY#PSO_ADULTS|PSORIATIC EXPLORERS
TALTZ_PSORIASIS|MEDSCAPE_ALERT|SAFETY#PSO_ADULTS|PRACTICAL TREATERS
TALTZ_PSORIASIS|MEDSCAPE_ALERT|SAFETY#PSO_ADULTS|NPP_NON_TARGET
TALTZ_PSORIASIS|MEDSCAPE_ALERT|SAFETY#LONG_TERM|NA
TALTZ_PSORIASIS|MEDSCAPE_ALERT|SAFETY#LONG_TERM|CONFINED ADVOCATES
TALTZ_PSORIASIS|MEDSCAPE_ALERT|SAFETY#LONG_TERM|APP
TALTZ_PSORIASIS|MEDSCAPE_ALERT|SAFETY#LONG_TERM|PSORIATIC EXPLORERS
TALTZ_PSORIASIS|MEDSCAPE_ALERT|SAFETY#LONG_TERM|PRACTICAL TREATERS
TALTZ_PSORIASIS|MEDSCAPE_ALERT|SAFETY#LONG_TERM|NPP_NON_TARGET
TALTZ_PSORIASIS|MEDSCAPE_ALERT|INITIATION|NA
TALTZ_PSORIASIS|MEDSCAPE_ALERT|INITIATION|CONFINED ADVOCATES
TALTZ_PSORIASIS|MEDSCAPE_ALERT|INITIATION|APP
TALTZ_PSORIASIS|MEDSCAPE_ALERT|INITIATION|PSORIATIC EXPLORERS
TALTZ_PSORIASIS|MEDSCAPE_ALERT|INITIATION|PRACTICAL TREATERS
TALTZ_PSORIASIS|MEDSCAPE_ALERT|INITIATION|NPP_NON_TARGET
TALTZ_PSORIASIS|MEDSCAPE_ALERT|GENERAL|NA
TALTZ_PSORIASIS|MEDSCAPE_ALERT|GENERAL|CONFINED ADVOCATES
TALTZ_PSORIASIS|MEDSCAPE_ALERT|GENERAL|APP
TALTZ_PSORIASIS|MEDSCAPE_ALERT|GENERAL|PSORIATIC EXPLORERS
TALTZ_PSORIASIS|MEDSCAPE_ALERT|GENERAL|PRACTICAL TREATERS
TALTZ_PSORIASIS|MEDSCAPE_ALERT|GENERAL|NPP_NON_TARGET
TALTZ_PSORIASIS|MEDSCAPE_ALERT|EFFICACY#STRUCTURE|NA
TALTZ_PSORIASIS|MEDSCAPE_ALERT|EFFICACY#STRUCTURE|CONFINED ADVOCATES
TALTZ_PSORIASIS|MEDSCAPE_ALERT|EFFICACY#STRUCTURE|APP
TALTZ_PSORIASIS|MEDSCAPE_ALERT|EFFICACY#STRUCTURE|PSORIATIC EXPLORERS
TALTZ_PSORIASIS|MEDSCAPE_ALERT|EFFICACY#STRUCTURE|PRACTICAL TREATERS
TALTZ_PSORIASIS|MEDSCAPE_ALERT|EFFICACY#STRUCTURE|NPP_NON_TARGET
TALTZ_PSORIASIS|MEDSCAPE_ALERT|EFFICACY#HEAD_TO_HEAD|NA
TALTZ_PSORIASIS|MEDSCAPE_ALERT|EFFICACY#HEAD_TO_HEAD|CONFINED ADVOCATES
TALTZ_PSORIASIS|MEDSCAPE_ALERT|EFFICACY#HEAD_TO_HEAD|APP
TALTZ_PSORIASIS|MEDSCAPE_ALERT|EFFICACY#HEAD_TO_HEAD|PSORIATIC EXPLORERS
TALTZ_PSORIASIS|MEDSCAPE_ALERT|EFFICACY#HEAD_TO_HEAD|PRACTICAL TREATERS
TALTZ_PSORIASIS|MEDSCAPE_ALERT|EFFICACY#HEAD_TO_HEAD|NPP_NON_TARGET
TALTZ_PSORIASIS|MEDSCAPE_ALERT|EFFICACY#CORE|NA
TALTZ_PSORIASIS|MEDSCAPE_ALERT|EFFICACY#CORE|CONFINED ADVOCATES
TALTZ_PSORIASIS|MEDSCAPE_ALERT|EFFICACY#CORE|APP
TALTZ_PSORIASIS|MEDSCAPE_ALERT|EFFICACY#CORE|PSORIATIC EXPLORERS
TALTZ_PSORIASIS|MEDSCAPE_ALERT|EFFICACY#CORE|PRACTICAL TREATERS
TALTZ_PSORIASIS|MEDSCAPE_ALERT|EFFICACY#CORE|NPP_NON_TARGET
TALTZ_PSORIASIS|MEDSCAPE_ALERT|DEVICE|NA
TALTZ_PSORIASIS|MEDSCAPE_ALERT|DEVICE|CONFINED ADVOCATES
TALTZ_PSORIASIS|MEDSCAPE_ALERT|DEVICE|APP
TALTZ_PSORIASIS|MEDSCAPE_ALERT|DEVICE|PSORIATIC EXPLORERS
TALTZ_PSORIASIS|MEDSCAPE_ALERT|DEVICE|PRACTICAL TREATERS
TALTZ_PSORIASIS|MEDSCAPE_ALERT|DEVICE|NPP_NON_TARGET
TALTZ_PSORIASIS|MEDSCAPE_ALERT|SAFETY#SIDE_EFFECTS|NA
TALTZ_PSORIASIS|MEDSCAPE_ALERT|SAFETY#SIDE_EFFECTS|CONFINED ADVOCATES
TALTZ_PSORIASIS|MEDSCAPE_ALERT|SAFETY#SIDE_EFFECTS|APP
TALTZ_PSORIASIS|MEDSCAPE_ALERT|SAFETY#SIDE_EFFECTS|PSORIATIC EXPLORERS
TALTZ_PSORIASIS|MEDSCAPE_ALERT|SAFETY#SIDE_EFFECTS|PRACTICAL TREATERS
TALTZ_PSORIASIS|MEDSCAPE_ALERT|SAFETY#SIDE_EFFECTS|NPP_NON_TARGET
TALTZ_PSORIASIS|MEDSCAPE_ALERT|SAFETY#NA|NA
TALTZ_PSORIASIS|MEDSCAPE_ALERT|SAFETY#NA|CONFINED ADVOCATES
TALTZ_PSORIASIS|MEDSCAPE_ALERT|SAFETY#NA|APP
TALTZ_PSORIASIS|MEDSCAPE_ALERT|SAFETY#NA|PSORIATIC EXPLORERS
TALTZ_PSORIASIS|MEDSCAPE_ALERT|SAFETY#NA|PRACTICAL TREATERS
TALTZ_PSORIASIS|MEDSCAPE_ALERT|SAFETY#NA|NPP_NON_TARGET
TALTZ_PSORIASIS|MEDSCAPE_ALERT|RESOURCES|NA
TALTZ_PSORIASIS|MEDSCAPE_ALERT|RESOURCES|CONFINED ADVOCATES
TALTZ_PSORIASIS|MEDSCAPE_ALERT|RESOURCES|APP
TALTZ_PSORIASIS|MEDSCAPE_ALERT|RESOURCES|PSORIATIC EXPLORERS
TALTZ_PSORIASIS|MEDSCAPE_ALERT|RESOURCES|PRACTICAL TREATERS
TALTZ_PSORIASIS|MEDSCAPE_ALERT|RESOURCES|NPP_NON_TARGET
TALTZ_PSORIASIS|MEDSCAPE_ALERT|PATIENT_TYPE_IDENTIFICATION|NA
TALTZ_PSORIASIS|MEDSCAPE_ALERT|PATIENT_TYPE_IDENTIFICATION|CONFINED ADVOCATES
TALTZ_PSORIASIS|MEDSCAPE_ALERT|PATIENT_TYPE_IDENTIFICATION|APP
TALTZ_PSORIASIS|MEDSCAPE_ALERT|PATIENT_TYPE_IDENTIFICATION|PSORIATIC EXPLORERS
TALTZ_PSORIASIS|MEDSCAPE_ALERT|PATIENT_TYPE_IDENTIFICATION|PRACTICAL TREATERS
TALTZ_PSORIASIS|MEDSCAPE_ALERT|PATIENT_TYPE_IDENTIFICATION|NPP_NON_TARGET
TALTZ_PSORIASIS|MEDSCAPE_ALERT|PATIENT_CUSTOMER_SUPPORT|NA
TALTZ_PSORIASIS|MEDSCAPE_ALERT|PATIENT_CUSTOMER_SUPPORT|CONFINED ADVOCATES
TALTZ_PSORIASIS|MEDSCAPE_ALERT|PATIENT_CUSTOMER_SUPPORT|APP
TALTZ_PSORIASIS|MEDSCAPE_ALERT|PATIENT_CUSTOMER_SUPPORT|PSORIATIC EXPLORERS
TALTZ_PSORIASIS|MEDSCAPE_ALERT|PATIENT_CUSTOMER_SUPPORT|PRACTICAL TREATERS
TALTZ_PSORIASIS|MEDSCAPE_ALERT|PATIENT_CUSTOMER_SUPPORT|NPP_NON_TARGET
TALTZ_PSORIASIS|MEDSCAPE_ALERT|PATIENT_AFFORDABILITY|NA
TALTZ_PSORIASIS|MEDSCAPE_ALERT|PATIENT_AFFORDABILITY|CONFINED ADVOCATES
TALTZ_PSORIASIS|MEDSCAPE_ALERT|PATIENT_AFFORDABILITY|APP
TALTZ_PSORIASIS|MEDSCAPE_ALERT|PATIENT_AFFORDABILITY|PSORIATIC EXPLORERS
TALTZ_PSORIASIS|MEDSCAPE_ALERT|PATIENT_AFFORDABILITY|PRACTICAL TREATERS
TALTZ_PSORIASIS|MEDSCAPE_ALERT|PATIENT_AFFORDABILITY|NPP_NON_TARGET
TALTZ_PSORIASIS|MEDSCAPE_ALERT|MOA|NA
TALTZ_PSORIASIS|MEDSCAPE_ALERT|MOA|CONFINED ADVOCATES
TALTZ_PSORIASIS|MEDSCAPE_ALERT|MOA|APP
TALTZ_PSORIASIS|MEDSCAPE_ALERT|MOA|PSORIATIC EXPLORERS
TALTZ_PSORIASIS|MEDSCAPE_ALERT|MOA|PRACTICAL TREATERS
TALTZ_PSORIASIS|MEDSCAPE_ALERT|MOA|NPP_NON_TARGET
TALTZ_PSORIASIS|MEDSCAPE_ALERT|EFFICACY#SECONDARY|NA
TALTZ_PSORIASIS|MEDSCAPE_ALERT|EFFICACY#SECONDARY|CONFINED ADVOCATES
TALTZ_PSORIASIS|MEDSCAPE_ALERT|EFFICACY#SECONDARY|APP
TALTZ_PSORIASIS|MEDSCAPE_ALERT|EFFICACY#SECONDARY|PSORIATIC EXPLORERS
TALTZ_PSORIASIS|MEDSCAPE_ALERT|EFFICACY#SECONDARY|PRACTICAL TREATERS
TALTZ_PSORIASIS|MEDSCAPE_ALERT|EFFICACY#SECONDARY|NPP_NON_TARGET
TALTZ_PSORIASIS|MEDSCAPE_ALERT|EFFICACY#RAPID_ONSET|NA
TALTZ_PSORIASIS|MEDSCAPE_ALERT|EFFICACY#RAPID_ONSET|CONFINED ADVOCATES
TALTZ_PSORIASIS|MEDSCAPE_ALERT|EFFICACY#RAPID_ONSET|APP
TALTZ_PSORIASIS|MEDSCAPE_ALERT|EFFICACY#RAPID_ONSET|PSORIATIC EXPLORERS
TALTZ_PSORIASIS|MEDSCAPE_ALERT|EFFICACY#RAPID_ONSET|PRACTICAL TREATERS
TALTZ_PSORIASIS|MEDSCAPE_ALERT|EFFICACY#RAPID_ONSET|NPP_NON_TARGET
TALTZ_PSORIASIS|MEDSCAPE_ALERT|EFFICACY#NOW_APPROVED|NA
TALTZ_PSORIASIS|MEDSCAPE_ALERT|EFFICACY#NOW_APPROVED|CONFINED ADVOCATES
TALTZ_PSORIASIS|MEDSCAPE_ALERT|EFFICACY#NOW_APPROVED|APP
TALTZ_PSORIASIS|MEDSCAPE_ALERT|EFFICACY#NOW_APPROVED|PSORIATIC EXPLORERS
TALTZ_PSORIASIS|MEDSCAPE_ALERT|EFFICACY#NOW_APPROVED|PRACTICAL TREATERS
TALTZ_PSORIASIS|MEDSCAPE_ALERT|EFFICACY#NOW_APPROVED|NPP_NON_TARGET
TALTZ_PSORIASIS|MEDSCAPE_ALERT|EFFICACY#NA|NA
TALTZ_PSORIASIS|MEDSCAPE_ALERT|EFFICACY#NA|CONFINED ADVOCATES
TALTZ_PSORIASIS|MEDSCAPE_ALERT|EFFICACY#NA|APP
TALTZ_PSORIASIS|MEDSCAPE_ALERT|EFFICACY#NA|PSORIATIC EXPLORERS
TALTZ_PSORIASIS|MEDSCAPE_ALERT|EFFICACY#NA|PRACTICAL TREATERS
TALTZ_PSORIASIS|MEDSCAPE_ALERT|EFFICACY#NA|NPP_NON_TARGET
TALTZ_PSORIASIS|MEDSCAPE_ALERT|EFFICACY#LONG_TERM|NA
TALTZ_PSORIASIS|MEDSCAPE_ALERT|EFFICACY#LONG_TERM|CONFINED ADVOCATES
TALTZ_PSORIASIS|MEDSCAPE_ALERT|EFFICACY#LONG_TERM|APP
TALTZ_PSORIASIS|MEDSCAPE_ALERT|EFFICACY#LONG_TERM|PSORIATIC EXPLORERS
TALTZ_PSORIASIS|MEDSCAPE_ALERT|EFFICACY#LONG_TERM|PRACTICAL TREATERS
TALTZ_PSORIASIS|MEDSCAPE_ALERT|EFFICACY#LONG_TERM|NPP_NON_TARGET
TALTZ_PSORIASIS|MEDSCAPE_ALERT|EASE_OF_ADMINISTRATION|NA
TALTZ_PSORIASIS|MEDSCAPE_ALERT|EASE_OF_ADMINISTRATION|CONFINED ADVOCATES
TALTZ_PSORIASIS|MEDSCAPE_ALERT|EASE_OF_ADMINISTRATION|APP
TALTZ_PSORIASIS|MEDSCAPE_ALERT|EASE_OF_ADMINISTRATION|PSORIATIC EXPLORERS
TALTZ_PSORIASIS|MEDSCAPE_ALERT|EASE_OF_ADMINISTRATION|PRACTICAL TREATERS
TALTZ_PSORIASIS|MEDSCAPE_ALERT|EASE_OF_ADMINISTRATION|NPP_NON_TARGET
TALTZ_PSORIASIS|MEDSCAPE_ALERT|DOSING|NA
TALTZ_PSORIASIS|MEDSCAPE_ALERT|DOSING|CONFINED ADVOCATES
TALTZ_PSORIASIS|MEDSCAPE_ALERT|DOSING|APP
TALTZ_PSORIASIS|MEDSCAPE_ALERT|DOSING|PSORIATIC EXPLORERS
TALTZ_PSORIASIS|MEDSCAPE_ALERT|DOSING|PRACTICAL TREATERS
TALTZ_PSORIASIS|MEDSCAPE_ALERT|DOSING|NPP_NON_TARGET
TALTZ_PSORIASIS|MEDSCAPE_ALERT|DISEASE_STATE|NA
TALTZ_PSORIASIS|MEDSCAPE_ALERT|DISEASE_STATE|CONFINED ADVOCATES
TALTZ_PSORIASIS|MEDSCAPE_ALERT|DISEASE_STATE|APP
TALTZ_PSORIASIS|MEDSCAPE_ALERT|DISEASE_STATE|PSORIATIC EXPLORERS
TALTZ_PSORIASIS|MEDSCAPE_ALERT|DISEASE_STATE|PRACTICAL TREATERS
TALTZ_PSORIASIS|MEDSCAPE_ALERT|DISEASE_STATE|NPP_NON_TARGET
TALTZ_PSORIASIS|MEDSCAPE_POC|ACCESS_FORMULARY|NA
TALTZ_PSORIASIS|MEDSCAPE_POC|ACCESS_FORMULARY|CONFINED ADVOCATES
TALTZ_PSORIASIS|MEDSCAPE_POC|ACCESS_FORMULARY|APP
TALTZ_PSORIASIS|MEDSCAPE_POC|ACCESS_FORMULARY|PSORIATIC EXPLORERS
TALTZ_PSORIASIS|MEDSCAPE_POC|ACCESS_FORMULARY|PRACTICAL TREATERS
TALTZ_PSORIASIS|MEDSCAPE_POC|ACCESS_FORMULARY|NPP_NON_TARGET
TALTZ_PSORIASIS|MEDSCAPE_POC|UNMET_NEED|NA
TALTZ_PSORIASIS|MEDSCAPE_POC|UNMET_NEED|CONFINED ADVOCATES
TALTZ_PSORIASIS|MEDSCAPE_POC|UNMET_NEED|APP
TALTZ_PSORIASIS|MEDSCAPE_POC|UNMET_NEED|PSORIATIC EXPLORERS
TALTZ_PSORIASIS|MEDSCAPE_POC|UNMET_NEED|PRACTICAL TREATERS
TALTZ_PSORIASIS|MEDSCAPE_POC|UNMET_NEED|NPP_NON_TARGET
TALTZ_PSORIASIS|MEDSCAPE_POC|SAFETY#PSO_ADULTS|NA
TALTZ_PSORIASIS|MEDSCAPE_POC|SAFETY#PSO_ADULTS|CONFINED ADVOCATES
TALTZ_PSORIASIS|MEDSCAPE_POC|SAFETY#PSO_ADULTS|APP
TALTZ_PSORIASIS|MEDSCAPE_POC|SAFETY#PSO_ADULTS|PSORIATIC EXPLORERS
TALTZ_PSORIASIS|MEDSCAPE_POC|SAFETY#PSO_ADULTS|PRACTICAL TREATERS
TALTZ_PSORIASIS|MEDSCAPE_POC|SAFETY#PSO_ADULTS|NPP_NON_TARGET
TALTZ_PSORIASIS|MEDSCAPE_POC|SAFETY#LONG_TERM|NA
TALTZ_PSORIASIS|MEDSCAPE_POC|SAFETY#LONG_TERM|CONFINED ADVOCATES
TALTZ_PSORIASIS|MEDSCAPE_POC|SAFETY#LONG_TERM|APP
TALTZ_PSORIASIS|MEDSCAPE_POC|SAFETY#LONG_TERM|PSORIATIC EXPLORERS
TALTZ_PSORIASIS|MEDSCAPE_POC|SAFETY#LONG_TERM|PRACTICAL TREATERS
TALTZ_PSORIASIS|MEDSCAPE_POC|SAFETY#LONG_TERM|NPP_NON_TARGET
TALTZ_PSORIASIS|MEDSCAPE_POC|INITIATION|NA
TALTZ_PSORIASIS|MEDSCAPE_POC|INITIATION|CONFINED ADVOCATES
TALTZ_PSORIASIS|MEDSCAPE_POC|INITIATION|APP
TALTZ_PSORIASIS|MEDSCAPE_POC|INITIATION|PSORIATIC EXPLORERS
TALTZ_PSORIASIS|MEDSCAPE_POC|INITIATION|PRACTICAL TREATERS
TALTZ_PSORIASIS|MEDSCAPE_POC|INITIATION|NPP_NON_TARGET
TALTZ_PSORIASIS|MEDSCAPE_POC|GENERAL|NA
TALTZ_PSORIASIS|MEDSCAPE_POC|GENERAL|CONFINED ADVOCATES
TALTZ_PSORIASIS|MEDSCAPE_POC|GENERAL|APP
TALTZ_PSORIASIS|MEDSCAPE_POC|GENERAL|PSORIATIC EXPLORERS
TALTZ_PSORIASIS|MEDSCAPE_POC|GENERAL|PRACTICAL TREATERS
TALTZ_PSORIASIS|MEDSCAPE_POC|GENERAL|NPP_NON_TARGET
TALTZ_PSORIASIS|MEDSCAPE_POC|EFFICACY#STRUCTURE|NA
TALTZ_PSORIASIS|MEDSCAPE_POC|EFFICACY#STRUCTURE|CONFINED ADVOCATES
TALTZ_PSORIASIS|MEDSCAPE_POC|EFFICACY#STRUCTURE|APP
TALTZ_PSORIASIS|MEDSCAPE_POC|EFFICACY#STRUCTURE|PSORIATIC EXPLORERS
TALTZ_PSORIASIS|MEDSCAPE_POC|EFFICACY#STRUCTURE|PRACTICAL TREATERS
TALTZ_PSORIASIS|MEDSCAPE_POC|EFFICACY#STRUCTURE|NPP_NON_TARGET
TALTZ_PSORIASIS|MEDSCAPE_POC|EFFICACY#HEAD_TO_HEAD|NA
TALTZ_PSORIASIS|MEDSCAPE_POC|EFFICACY#HEAD_TO_HEAD|CONFINED ADVOCATES
TALTZ_PSORIASIS|MEDSCAPE_POC|EFFICACY#HEAD_TO_HEAD|APP
TALTZ_PSORIASIS|MEDSCAPE_POC|EFFICACY#HEAD_TO_HEAD|PSORIATIC EXPLORERS
TALTZ_PSORIASIS|MEDSCAPE_POC|EFFICACY#HEAD_TO_HEAD|PRACTICAL TREATERS
TALTZ_PSORIASIS|MEDSCAPE_POC|EFFICACY#HEAD_TO_HEAD|NPP_NON_TARGET
TALTZ_PSORIASIS|MEDSCAPE_POC|EFFICACY#CORE|NA
TALTZ_PSORIASIS|MEDSCAPE_POC|EFFICACY#CORE|CONFINED ADVOCATES
TALTZ_PSORIASIS|MEDSCAPE_POC|EFFICACY#CORE|APP
TALTZ_PSORIASIS|MEDSCAPE_POC|EFFICACY#CORE|PSORIATIC EXPLORERS
TALTZ_PSORIASIS|MEDSCAPE_POC|EFFICACY#CORE|PRACTICAL TREATERS
TALTZ_PSORIASIS|MEDSCAPE_POC|EFFICACY#CORE|NPP_NON_TARGET
TALTZ_PSORIASIS|MEDSCAPE_POC|DEVICE|NA
TALTZ_PSORIASIS|MEDSCAPE_POC|DEVICE|CONFINED ADVOCATES
TALTZ_PSORIASIS|MEDSCAPE_POC|DEVICE|APP
TALTZ_PSORIASIS|MEDSCAPE_POC|DEVICE|PSORIATIC EXPLORERS
TALTZ_PSORIASIS|MEDSCAPE_POC|DEVICE|PRACTICAL TREATERS
TALTZ_PSORIASIS|MEDSCAPE_POC|DEVICE|NPP_NON_TARGET
TALTZ_PSORIASIS|MEDSCAPE_POC|SAFETY#SIDE_EFFECTS|NA
TALTZ_PSORIASIS|MEDSCAPE_POC|SAFETY#SIDE_EFFECTS|CONFINED ADVOCATES
TALTZ_PSORIASIS|MEDSCAPE_POC|SAFETY#SIDE_EFFECTS|APP
TALTZ_PSORIASIS|MEDSCAPE_POC|SAFETY#SIDE_EFFECTS|PSORIATIC EXPLORERS
TALTZ_PSORIASIS|MEDSCAPE_POC|SAFETY#SIDE_EFFECTS|PRACTICAL TREATERS
TALTZ_PSORIASIS|MEDSCAPE_POC|SAFETY#SIDE_EFFECTS|NPP_NON_TARGET
TALTZ_PSORIASIS|MEDSCAPE_POC|SAFETY#NA|NA
TALTZ_PSORIASIS|MEDSCAPE_POC|SAFETY#NA|CONFINED ADVOCATES
TALTZ_PSORIASIS|MEDSCAPE_POC|SAFETY#NA|APP
TALTZ_PSORIASIS|MEDSCAPE_POC|SAFETY#NA|PSORIATIC EXPLORERS
TALTZ_PSORIASIS|MEDSCAPE_POC|SAFETY#NA|PRACTICAL TREATERS
TALTZ_PSORIASIS|MEDSCAPE_POC|SAFETY#NA|NPP_NON_TARGET
TALTZ_PSORIASIS|MEDSCAPE_POC|RESOURCES|NA
TALTZ_PSORIASIS|MEDSCAPE_POC|RESOURCES|CONFINED ADVOCATES
TALTZ_PSORIASIS|MEDSCAPE_POC|RESOURCES|APP
TALTZ_PSORIASIS|MEDSCAPE_POC|RESOURCES|PSORIATIC EXPLORERS
TALTZ_PSORIASIS|MEDSCAPE_POC|RESOURCES|PRACTICAL TREATERS
TALTZ_PSORIASIS|MEDSCAPE_POC|RESOURCES|NPP_NON_TARGET
TALTZ_PSORIASIS|MEDSCAPE_POC|PATIENT_TYPE_IDENTIFICATION|NA
TALTZ_PSORIASIS|MEDSCAPE_POC|PATIENT_TYPE_IDENTIFICATION|CONFINED ADVOCATES
TALTZ_PSORIASIS|MEDSCAPE_POC|PATIENT_TYPE_IDENTIFICATION|APP
TALTZ_PSORIASIS|MEDSCAPE_POC|PATIENT_TYPE_IDENTIFICATION|PSORIATIC EXPLORERS
TALTZ_PSORIASIS|MEDSCAPE_POC|PATIENT_TYPE_IDENTIFICATION|PRACTICAL TREATERS
TALTZ_PSORIASIS|MEDSCAPE_POC|PATIENT_TYPE_IDENTIFICATION|NPP_NON_TARGET
TALTZ_PSORIASIS|MEDSCAPE_POC|PATIENT_CUSTOMER_SUPPORT|NA
TALTZ_PSORIASIS|MEDSCAPE_POC|PATIENT_CUSTOMER_SUPPORT|CONFINED ADVOCATES
TALTZ_PSORIASIS|MEDSCAPE_POC|PATIENT_CUSTOMER_SUPPORT|APP
TALTZ_PSORIASIS|MEDSCAPE_POC|PATIENT_CUSTOMER_SUPPORT|PSORIATIC EXPLORERS
TALTZ_PSORIASIS|MEDSCAPE_POC|PATIENT_CUSTOMER_SUPPORT|PRACTICAL TREATERS
TALTZ_PSORIASIS|MEDSCAPE_POC|PATIENT_CUSTOMER_SUPPORT|NPP_NON_TARGET
TALTZ_PSORIASIS|MEDSCAPE_POC|PATIENT_AFFORDABILITY|NA
TALTZ_PSORIASIS|MEDSCAPE_POC|PATIENT_AFFORDABILITY|CONFINED ADVOCATES
TALTZ_PSORIASIS|MEDSCAPE_POC|PATIENT_AFFORDABILITY|APP
TALTZ_PSORIASIS|MEDSCAPE_POC|PATIENT_AFFORDABILITY|PSORIATIC EXPLORERS
TALTZ_PSORIASIS|MEDSCAPE_POC|PATIENT_AFFORDABILITY|PRACTICAL TREATERS
TALTZ_PSORIASIS|MEDSCAPE_POC|PATIENT_AFFORDABILITY|NPP_NON_TARGET
TALTZ_PSORIASIS|MEDSCAPE_POC|MOA|NA
TALTZ_PSORIASIS|MEDSCAPE_POC|MOA|CONFINED ADVOCATES
TALTZ_PSORIASIS|MEDSCAPE_POC|MOA|APP
TALTZ_PSORIASIS|MEDSCAPE_POC|MOA|PSORIATIC EXPLORERS
TALTZ_PSORIASIS|MEDSCAPE_POC|MOA|PRACTICAL TREATERS
TALTZ_PSORIASIS|MEDSCAPE_POC|MOA|NPP_NON_TARGET
TALTZ_PSORIASIS|MEDSCAPE_POC|EFFICACY#SECONDARY|NA
TALTZ_PSORIASIS|MEDSCAPE_POC|EFFICACY#SECONDARY|CONFINED ADVOCATES
TALTZ_PSORIASIS|MEDSCAPE_POC|EFFICACY#SECONDARY|APP
TALTZ_PSORIASIS|MEDSCAPE_POC|EFFICACY#SECONDARY|PSORIATIC EXPLORERS
TALTZ_PSORIASIS|MEDSCAPE_POC|EFFICACY#SECONDARY|PRACTICAL TREATERS
TALTZ_PSORIASIS|MEDSCAPE_POC|EFFICACY#SECONDARY|NPP_NON_TARGET
TALTZ_PSORIASIS|MEDSCAPE_POC|EFFICACY#RAPID_ONSET|NA
TALTZ_PSORIASIS|MEDSCAPE_POC|EFFICACY#RAPID_ONSET|CONFINED ADVOCATES
TALTZ_PSORIASIS|MEDSCAPE_POC|EFFICACY#RAPID_ONSET|APP
TALTZ_PSORIASIS|MEDSCAPE_POC|EFFICACY#RAPID_ONSET|PSORIATIC EXPLORERS
TALTZ_PSORIASIS|MEDSCAPE_POC|EFFICACY#RAPID_ONSET|PRACTICAL TREATERS
TALTZ_PSORIASIS|MEDSCAPE_POC|EFFICACY#RAPID_ONSET|NPP_NON_TARGET
TALTZ_PSORIASIS|MEDSCAPE_POC|EFFICACY#NOW_APPROVED|NA
TALTZ_PSORIASIS|MEDSCAPE_POC|EFFICACY#NOW_APPROVED|CONFINED ADVOCATES
TALTZ_PSORIASIS|MEDSCAPE_POC|EFFICACY#NOW_APPROVED|APP
TALTZ_PSORIASIS|MEDSCAPE_POC|EFFICACY#NOW_APPROVED|PSORIATIC EXPLORERS
TALTZ_PSORIASIS|MEDSCAPE_POC|EFFICACY#NOW_APPROVED|PRACTICAL TREATERS
TALTZ_PSORIASIS|MEDSCAPE_POC|EFFICACY#NOW_APPROVED|NPP_NON_TARGET
TALTZ_PSORIASIS|MEDSCAPE_POC|EFFICACY#NA|NA
TALTZ_PSORIASIS|MEDSCAPE_POC|EFFICACY#NA|CONFINED ADVOCATES
TALTZ_PSORIASIS|MEDSCAPE_POC|EFFICACY#NA|APP
TALTZ_PSORIASIS|MEDSCAPE_POC|EFFICACY#NA|PSORIATIC EXPLORERS
TALTZ_PSORIASIS|MEDSCAPE_POC|EFFICACY#NA|PRACTICAL TREATERS
TALTZ_PSORIASIS|MEDSCAPE_POC|EFFICACY#NA|NPP_NON_TARGET
TALTZ_PSORIASIS|MEDSCAPE_POC|EFFICACY#LONG_TERM|NA
TALTZ_PSORIASIS|MEDSCAPE_POC|EFFICACY#LONG_TERM|CONFINED ADVOCATES
TALTZ_PSORIASIS|MEDSCAPE_POC|EFFICACY#LONG_TERM|APP
TALTZ_PSORIASIS|MEDSCAPE_POC|EFFICACY#LONG_TERM|PSORIATIC EXPLORERS
TALTZ_PSORIASIS|MEDSCAPE_POC|EFFICACY#LONG_TERM|PRACTICAL TREATERS
TALTZ_PSORIASIS|MEDSCAPE_POC|EFFICACY#LONG_TERM|NPP_NON_TARGET
TALTZ_PSORIASIS|MEDSCAPE_POC|EASE_OF_ADMINISTRATION|NA
TALTZ_PSORIASIS|MEDSCAPE_POC|EASE_OF_ADMINISTRATION|CONFINED ADVOCATES
TALTZ_PSORIASIS|MEDSCAPE_POC|EASE_OF_ADMINISTRATION|APP
TALTZ_PSORIASIS|MEDSCAPE_POC|EASE_OF_ADMINISTRATION|PSORIATIC EXPLORERS
TALTZ_PSORIASIS|MEDSCAPE_POC|EASE_OF_ADMINISTRATION|PRACTICAL TREATERS
TALTZ_PSORIASIS|MEDSCAPE_POC|EASE_OF_ADMINISTRATION|NPP_NON_TARGET
TALTZ_PSORIASIS|MEDSCAPE_POC|DOSING|NA
TALTZ_PSORIASIS|MEDSCAPE_POC|DOSING|CONFINED ADVOCATES
TALTZ_PSORIASIS|MEDSCAPE_POC|DOSING|APP
TALTZ_PSORIASIS|MEDSCAPE_POC|DOSING|PSORIATIC EXPLORERS
TALTZ_PSORIASIS|MEDSCAPE_POC|DOSING|PRACTICAL TREATERS
TALTZ_PSORIASIS|MEDSCAPE_POC|DOSING|NPP_NON_TARGET
TALTZ_PSORIASIS|MEDSCAPE_POC|DISEASE_STATE|NA
TALTZ_PSORIASIS|MEDSCAPE_POC|DISEASE_STATE|CONFINED ADVOCATES
TALTZ_PSORIASIS|MEDSCAPE_POC|DISEASE_STATE|APP
TALTZ_PSORIASIS|MEDSCAPE_POC|DISEASE_STATE|PSORIATIC EXPLORERS
TALTZ_PSORIASIS|MEDSCAPE_POC|DISEASE_STATE|PRACTICAL TREATERS
TALTZ_PSORIASIS|MEDSCAPE_POC|DISEASE_STATE|NPP_NON_TARGET
TALTZ_PSORIASIS|VEEVA_EMAIL|ACCESS_FORMULARY|NA
TALTZ_PSORIASIS|VEEVA_EMAIL|ACCESS_FORMULARY|CONFINED ADVOCATES
TALTZ_PSORIASIS|VEEVA_EMAIL|ACCESS_FORMULARY|APP
TALTZ_PSORIASIS|VEEVA_EMAIL|ACCESS_FORMULARY|PSORIATIC EXPLORERS
TALTZ_PSORIASIS|VEEVA_EMAIL|ACCESS_FORMULARY|PRACTICAL TREATERS
TALTZ_PSORIASIS|VEEVA_EMAIL|ACCESS_FORMULARY|NPP_NON_TARGET
TALTZ_PSORIASIS|VEEVA_EMAIL|UNMET_NEED|NA
TALTZ_PSORIASIS|VEEVA_EMAIL|UNMET_NEED|CONFINED ADVOCATES
TALTZ_PSORIASIS|VEEVA_EMAIL|UNMET_NEED|APP
TALTZ_PSORIASIS|VEEVA_EMAIL|UNMET_NEED|PSORIATIC EXPLORERS
TALTZ_PSORIASIS|VEEVA_EMAIL|UNMET_NEED|PRACTICAL TREATERS
TALTZ_PSORIASIS|VEEVA_EMAIL|UNMET_NEED|NPP_NON_TARGET
TALTZ_PSORIASIS|VEEVA_EMAIL|SAFETY#PSO_ADULTS|NA
TALTZ_PSORIASIS|VEEVA_EMAIL|SAFETY#PSO_ADULTS|CONFINED ADVOCATES
TALTZ_PSORIASIS|VEEVA_EMAIL|SAFETY#PSO_ADULTS|APP
TALTZ_PSORIASIS|VEEVA_EMAIL|SAFETY#PSO_ADULTS|PSORIATIC EXPLORERS
TALTZ_PSORIASIS|VEEVA_EMAIL|SAFETY#PSO_ADULTS|PRACTICAL TREATERS
TALTZ_PSORIASIS|VEEVA_EMAIL|SAFETY#PSO_ADULTS|NPP_NON_TARGET
TALTZ_PSORIASIS|VEEVA_EMAIL|SAFETY#LONG_TERM|NA
TALTZ_PSORIASIS|VEEVA_EMAIL|SAFETY#LONG_TERM|CONFINED ADVOCATES
TALTZ_PSORIASIS|VEEVA_EMAIL|SAFETY#LONG_TERM|APP
TALTZ_PSORIASIS|VEEVA_EMAIL|SAFETY#LONG_TERM|PSORIATIC EXPLORERS
TALTZ_PSORIASIS|VEEVA_EMAIL|SAFETY#LONG_TERM|PRACTICAL TREATERS
TALTZ_PSORIASIS|VEEVA_EMAIL|SAFETY#LONG_TERM|NPP_NON_TARGET
TALTZ_PSORIASIS|VEEVA_EMAIL|INITIATION|NA
TALTZ_PSORIASIS|VEEVA_EMAIL|INITIATION|CONFINED ADVOCATES
TALTZ_PSORIASIS|VEEVA_EMAIL|INITIATION|APP
TALTZ_PSORIASIS|VEEVA_EMAIL|INITIATION|PSORIATIC EXPLORERS
TALTZ_PSORIASIS|VEEVA_EMAIL|INITIATION|PRACTICAL TREATERS
TALTZ_PSORIASIS|VEEVA_EMAIL|INITIATION|NPP_NON_TARGET
TALTZ_PSORIASIS|VEEVA_EMAIL|GENERAL|NA
TALTZ_PSORIASIS|VEEVA_EMAIL|GENERAL|CONFINED ADVOCATES
TALTZ_PSORIASIS|VEEVA_EMAIL|GENERAL|APP
TALTZ_PSORIASIS|VEEVA_EMAIL|GENERAL|PSORIATIC EXPLORERS
TALTZ_PSORIASIS|VEEVA_EMAIL|GENERAL|PRACTICAL TREATERS
TALTZ_PSORIASIS|VEEVA_EMAIL|GENERAL|NPP_NON_TARGET
TALTZ_PSORIASIS|VEEVA_EMAIL|EFFICACY#STRUCTURE|NA
TALTZ_PSORIASIS|VEEVA_EMAIL|EFFICACY#STRUCTURE|CONFINED ADVOCATES
TALTZ_PSORIASIS|VEEVA_EMAIL|EFFICACY#STRUCTURE|APP
TALTZ_PSORIASIS|VEEVA_EMAIL|EFFICACY#STRUCTURE|PSORIATIC EXPLORERS
TALTZ_PSORIASIS|VEEVA_EMAIL|EFFICACY#STRUCTURE|PRACTICAL TREATERS
TALTZ_PSORIASIS|VEEVA_EMAIL|EFFICACY#STRUCTURE|NPP_NON_TARGET
TALTZ_PSORIASIS|VEEVA_EMAIL|EFFICACY#HEAD_TO_HEAD|NA
TALTZ_PSORIASIS|VEEVA_EMAIL|EFFICACY#HEAD_TO_HEAD|CONFINED ADVOCATES
TALTZ_PSORIASIS|VEEVA_EMAIL|EFFICACY#HEAD_TO_HEAD|APP
TALTZ_PSORIASIS|VEEVA_EMAIL|EFFICACY#HEAD_TO_HEAD|PSORIATIC EXPLORERS
TALTZ_PSORIASIS|VEEVA_EMAIL|EFFICACY#HEAD_TO_HEAD|PRACTICAL TREATERS
TALTZ_PSORIASIS|VEEVA_EMAIL|EFFICACY#HEAD_TO_HEAD|NPP_NON_TARGET
TALTZ_PSORIASIS|VEEVA_EMAIL|EFFICACY#CORE|NA
TALTZ_PSORIASIS|VEEVA_EMAIL|EFFICACY#CORE|CONFINED ADVOCATES
TALTZ_PSORIASIS|VEEVA_EMAIL|EFFICACY#CORE|APP
TALTZ_PSORIASIS|VEEVA_EMAIL|EFFICACY#CORE|PSORIATIC EXPLORERS
TALTZ_PSORIASIS|VEEVA_EMAIL|EFFICACY#CORE|PRACTICAL TREATERS
TALTZ_PSORIASIS|VEEVA_EMAIL|EFFICACY#CORE|NPP_NON_TARGET
TALTZ_PSORIASIS|VEEVA_EMAIL|DEVICE|NA
TALTZ_PSORIASIS|VEEVA_EMAIL|DEVICE|CONFINED ADVOCATES
TALTZ_PSORIASIS|VEEVA_EMAIL|DEVICE|APP
TALTZ_PSORIASIS|VEEVA_EMAIL|DEVICE|PSORIATIC EXPLORERS
TALTZ_PSORIASIS|VEEVA_EMAIL|DEVICE|PRACTICAL TREATERS
TALTZ_PSORIASIS|VEEVA_EMAIL|DEVICE|NPP_NON_TARGET
TALTZ_PSORIASIS|VEEVA_EMAIL|SAFETY#SIDE_EFFECTS|NA
TALTZ_PSORIASIS|VEEVA_EMAIL|SAFETY#SIDE_EFFECTS|CONFINED ADVOCATES
TALTZ_PSORIASIS|VEEVA_EMAIL|SAFETY#SIDE_EFFECTS|APP
TALTZ_PSORIASIS|VEEVA_EMAIL|SAFETY#SIDE_EFFECTS|PSORIATIC EXPLORERS
TALTZ_PSORIASIS|VEEVA_EMAIL|SAFETY#SIDE_EFFECTS|PRACTICAL TREATERS
TALTZ_PSORIASIS|VEEVA_EMAIL|SAFETY#SIDE_EFFECTS|NPP_NON_TARGET
TALTZ_PSORIASIS|VEEVA_EMAIL|SAFETY#NA|NA
TALTZ_PSORIASIS|VEEVA_EMAIL|SAFETY#NA|CONFINED ADVOCATES
TALTZ_PSORIASIS|VEEVA_EMAIL|SAFETY#NA|APP
TALTZ_PSORIASIS|VEEVA_EMAIL|SAFETY#NA|PSORIATIC EXPLORERS
TALTZ_PSORIASIS|VEEVA_EMAIL|SAFETY#NA|PRACTICAL TREATERS
TALTZ_PSORIASIS|VEEVA_EMAIL|SAFETY#NA|NPP_NON_TARGET
TALTZ_PSORIASIS|VEEVA_EMAIL|RESOURCES|NA
TALTZ_PSORIASIS|VEEVA_EMAIL|RESOURCES|CONFINED ADVOCATES
TALTZ_PSORIASIS|VEEVA_EMAIL|RESOURCES|APP
TALTZ_PSORIASIS|VEEVA_EMAIL|RESOURCES|PSORIATIC EXPLORERS
TALTZ_PSORIASIS|VEEVA_EMAIL|RESOURCES|PRACTICAL TREATERS
TALTZ_PSORIASIS|VEEVA_EMAIL|RESOURCES|NPP_NON_TARGET
TALTZ_PSORIASIS|VEEVA_EMAIL|PATIENT_TYPE_IDENTIFICATION|NA
TALTZ_PSORIASIS|VEEVA_EMAIL|PATIENT_TYPE_IDENTIFICATION|CONFINED ADVOCATES
TALTZ_PSORIASIS|VEEVA_EMAIL|PATIENT_TYPE_IDENTIFICATION|APP
TALTZ_PSORIASIS|VEEVA_EMAIL|PATIENT_TYPE_IDENTIFICATION|PSORIATIC EXPLORERS
TALTZ_PSORIASIS|VEEVA_EMAIL|PATIENT_TYPE_IDENTIFICATION|PRACTICAL TREATERS
TALTZ_PSORIASIS|VEEVA_EMAIL|PATIENT_TYPE_IDENTIFICATION|NPP_NON_TARGET
TALTZ_PSORIASIS|VEEVA_EMAIL|PATIENT_CUSTOMER_SUPPORT|NA
TALTZ_PSORIASIS|VEEVA_EMAIL|PATIENT_CUSTOMER_SUPPORT|CONFINED ADVOCATES
TALTZ_PSORIASIS|VEEVA_EMAIL|PATIENT_CUSTOMER_SUPPORT|APP
TALTZ_PSORIASIS|VEEVA_EMAIL|PATIENT_CUSTOMER_SUPPORT|PSORIATIC EXPLORERS
TALTZ_PSORIASIS|VEEVA_EMAIL|PATIENT_CUSTOMER_SUPPORT|PRACTICAL TREATERS
TALTZ_PSORIASIS|VEEVA_EMAIL|PATIENT_CUSTOMER_SUPPORT|NPP_NON_TARGET
TALTZ_PSORIASIS|VEEVA_EMAIL|PATIENT_AFFORDABILITY|NA
TALTZ_PSORIASIS|VEEVA_EMAIL|PATIENT_AFFORDABILITY|CONFINED ADVOCATES
TALTZ_PSORIASIS|VEEVA_EMAIL|PATIENT_AFFORDABILITY|APP
TALTZ_PSORIASIS|VEEVA_EMAIL|PATIENT_AFFORDABILITY|PSORIATIC EXPLORERS
TALTZ_PSORIASIS|VEEVA_EMAIL|PATIENT_AFFORDABILITY|PRACTICAL TREATERS
TALTZ_PSORIASIS|VEEVA_EMAIL|PATIENT_AFFORDABILITY|NPP_NON_TARGET
TALTZ_PSORIASIS|VEEVA_EMAIL|MOA|NA
TALTZ_PSORIASIS|VEEVA_EMAIL|MOA|CONFINED ADVOCATES
TALTZ_PSORIASIS|VEEVA_EMAIL|MOA|APP
TALTZ_PSORIASIS|VEEVA_EMAIL|MOA|PSORIATIC EXPLORERS
TALTZ_PSORIASIS|VEEVA_EMAIL|MOA|PRACTICAL TREATERS
TALTZ_PSORIASIS|VEEVA_EMAIL|MOA|NPP_NON_TARGET
TALTZ_PSORIASIS|VEEVA_EMAIL|EFFICACY#SECONDARY|NA
TALTZ_PSORIASIS|VEEVA_EMAIL|EFFICACY#SECONDARY|CONFINED ADVOCATES
TALTZ_PSORIASIS|VEEVA_EMAIL|EFFICACY#SECONDARY|APP
TALTZ_PSORIASIS|VEEVA_EMAIL|EFFICACY#SECONDARY|PSORIATIC EXPLORERS
TALTZ_PSORIASIS|VEEVA_EMAIL|EFFICACY#SECONDARY|PRACTICAL TREATERS
TALTZ_PSORIASIS|VEEVA_EMAIL|EFFICACY#SECONDARY|NPP_NON_TARGET
TALTZ_PSORIASIS|VEEVA_EMAIL|EFFICACY#RAPID_ONSET|NA
TALTZ_PSORIASIS|VEEVA_EMAIL|EFFICACY#RAPID_ONSET|CONFINED ADVOCATES
TALTZ_PSORIASIS|VEEVA_EMAIL|EFFICACY#RAPID_ONSET|APP
TALTZ_PSORIASIS|VEEVA_EMAIL|EFFICACY#RAPID_ONSET|PSORIATIC EXPLORERS
TALTZ_PSORIASIS|VEEVA_EMAIL|EFFICACY#RAPID_ONSET|PRACTICAL TREATERS
TALTZ_PSORIASIS|VEEVA_EMAIL|EFFICACY#RAPID_ONSET|NPP_NON_TARGET
TALTZ_PSORIASIS|VEEVA_EMAIL|EFFICACY#NOW_APPROVED|NA
TALTZ_PSORIASIS|VEEVA_EMAIL|EFFICACY#NOW_APPROVED|CONFINED ADVOCATES
TALTZ_PSORIASIS|VEEVA_EMAIL|EFFICACY#NOW_APPROVED|APP
TALTZ_PSORIASIS|VEEVA_EMAIL|EFFICACY#NOW_APPROVED|PSORIATIC EXPLORERS
TALTZ_PSORIASIS|VEEVA_EMAIL|EFFICACY#NOW_APPROVED|PRACTICAL TREATERS
TALTZ_PSORIASIS|VEEVA_EMAIL|EFFICACY#NOW_APPROVED|NPP_NON_TARGET
TALTZ_PSORIASIS|VEEVA_EMAIL|EFFICACY#NA|NA
TALTZ_PSORIASIS|VEEVA_EMAIL|EFFICACY#NA|CONFINED ADVOCATES
TALTZ_PSORIASIS|VEEVA_EMAIL|EFFICACY#NA|APP
TALTZ_PSORIASIS|VEEVA_EMAIL|EFFICACY#NA|PSORIATIC EXPLORERS
TALTZ_PSORIASIS|VEEVA_EMAIL|EFFICACY#NA|PRACTICAL TREATERS
TALTZ_PSORIASIS|VEEVA_EMAIL|EFFICACY#NA|NPP_NON_TARGET
TALTZ_PSORIASIS|VEEVA_EMAIL|EFFICACY#LONG_TERM|NA
TALTZ_PSORIASIS|VEEVA_EMAIL|EFFICACY#LONG_TERM|CONFINED ADVOCATES
TALTZ_PSORIASIS|VEEVA_EMAIL|EFFICACY#LONG_TERM|APP
TALTZ_PSORIASIS|VEEVA_EMAIL|EFFICACY#LONG_TERM|PSORIATIC EXPLORERS
TALTZ_PSORIASIS|VEEVA_EMAIL|EFFICACY#LONG_TERM|PRACTICAL TREATERS
TALTZ_PSORIASIS|VEEVA_EMAIL|EFFICACY#LONG_TERM|NPP_NON_TARGET
TALTZ_PSORIASIS|VEEVA_EMAIL|EASE_OF_ADMINISTRATION|NA
TALTZ_PSORIASIS|VEEVA_EMAIL|EASE_OF_ADMINISTRATION|CONFINED ADVOCATES
TALTZ_PSORIASIS|VEEVA_EMAIL|EASE_OF_ADMINISTRATION|APP
TALTZ_PSORIASIS|VEEVA_EMAIL|EASE_OF_ADMINISTRATION|PSORIATIC EXPLORERS
TALTZ_PSORIASIS|VEEVA_EMAIL|EASE_OF_ADMINISTRATION|PRACTICAL TREATERS
TALTZ_PSORIASIS|VEEVA_EMAIL|EASE_OF_ADMINISTRATION|NPP_NON_TARGET
TALTZ_PSORIASIS|VEEVA_EMAIL|DOSING|NA
TALTZ_PSORIASIS|VEEVA_EMAIL|DOSING|CONFINED ADVOCATES
TALTZ_PSORIASIS|VEEVA_EMAIL|DOSING|APP
TALTZ_PSORIASIS|VEEVA_EMAIL|DOSING|PSORIATIC EXPLORERS
TALTZ_PSORIASIS|VEEVA_EMAIL|DOSING|PRACTICAL TREATERS
TALTZ_PSORIASIS|VEEVA_EMAIL|DOSING|NPP_NON_TARGET
TALTZ_PSORIASIS|VEEVA_EMAIL|DISEASE_STATE|NA
TALTZ_PSORIASIS|VEEVA_EMAIL|DISEASE_STATE|CONFINED ADVOCATES
TALTZ_PSORIASIS|VEEVA_EMAIL|DISEASE_STATE|APP
TALTZ_PSORIASIS|VEEVA_EMAIL|DISEASE_STATE|PSORIATIC EXPLORERS
TALTZ_PSORIASIS|VEEVA_EMAIL|DISEASE_STATE|PRACTICAL TREATERS
TALTZ_PSORIASIS|VEEVA_EMAIL|DISEASE_STATE|NPP_NON_TARGET
TALTZ_PSORIASIS|DOXIMITY_DOCSPOT|ACCESS_FORMULARY|NA
TALTZ_PSORIASIS|DOXIMITY_DOCSPOT|ACCESS_FORMULARY|CONFINED ADVOCATES
TALTZ_PSORIASIS|DOXIMITY_DOCSPOT|ACCESS_FORMULARY|APP
TALTZ_PSORIASIS|DOXIMITY_DOCSPOT|ACCESS_FORMULARY|PSORIATIC EXPLORERS
TALTZ_PSORIASIS|DOXIMITY_DOCSPOT|ACCESS_FORMULARY|PRACTICAL TREATERS
TALTZ_PSORIASIS|DOXIMITY_DOCSPOT|ACCESS_FORMULARY|NPP_NON_TARGET
TALTZ_PSORIASIS|DOXIMITY_DOCSPOT|UNMET_NEED|NA
TALTZ_PSORIASIS|DOXIMITY_DOCSPOT|UNMET_NEED|CONFINED ADVOCATES
TALTZ_PSORIASIS|DOXIMITY_DOCSPOT|UNMET_NEED|APP
TALTZ_PSORIASIS|DOXIMITY_DOCSPOT|UNMET_NEED|PSORIATIC EXPLORERS
TALTZ_PSORIASIS|DOXIMITY_DOCSPOT|UNMET_NEED|PRACTICAL TREATERS
TALTZ_PSORIASIS|DOXIMITY_DOCSPOT|UNMET_NEED|NPP_NON_TARGET
TALTZ_PSORIASIS|DOXIMITY_DOCSPOT|SAFETY#PSO_ADULTS|NA
TALTZ_PSORIASIS|DOXIMITY_DOCSPOT|SAFETY#PSO_ADULTS|CONFINED ADVOCATES
TALTZ_PSORIASIS|DOXIMITY_DOCSPOT|SAFETY#PSO_ADULTS|APP
TALTZ_PSORIASIS|DOXIMITY_DOCSPOT|SAFETY#PSO_ADULTS|PSORIATIC EXPLORERS
TALTZ_PSORIASIS|DOXIMITY_DOCSPOT|SAFETY#PSO_ADULTS|PRACTICAL TREATERS
TALTZ_PSORIASIS|DOXIMITY_DOCSPOT|SAFETY#PSO_ADULTS|NPP_NON_TARGET
TALTZ_PSORIASIS|DOXIMITY_DOCSPOT|SAFETY#LONG_TERM|NA
TALTZ_PSORIASIS|DOXIMITY_DOCSPOT|SAFETY#LONG_TERM|CONFINED ADVOCATES
TALTZ_PSORIASIS|DOXIMITY_DOCSPOT|SAFETY#LONG_TERM|APP
TALTZ_PSORIASIS|DOXIMITY_DOCSPOT|SAFETY#LONG_TERM|PSORIATIC EXPLORERS
TALTZ_PSORIASIS|DOXIMITY_DOCSPOT|SAFETY#LONG_TERM|PRACTICAL TREATERS
TALTZ_PSORIASIS|DOXIMITY_DOCSPOT|SAFETY#LONG_TERM|NPP_NON_TARGET
TALTZ_PSORIASIS|DOXIMITY_DOCSPOT|INITIATION|NA
TALTZ_PSORIASIS|DOXIMITY_DOCSPOT|INITIATION|CONFINED ADVOCATES
TALTZ_PSORIASIS|DOXIMITY_DOCSPOT|INITIATION|APP
TALTZ_PSORIASIS|DOXIMITY_DOCSPOT|INITIATION|PSORIATIC EXPLORERS
TALTZ_PSORIASIS|DOXIMITY_DOCSPOT|INITIATION|PRACTICAL TREATERS
TALTZ_PSORIASIS|DOXIMITY_DOCSPOT|INITIATION|NPP_NON_TARGET
TALTZ_PSORIASIS|DOXIMITY_DOCSPOT|GENERAL|NA
TALTZ_PSORIASIS|DOXIMITY_DOCSPOT|GENERAL|CONFINED ADVOCATES
TALTZ_PSORIASIS|DOXIMITY_DOCSPOT|GENERAL|APP
TALTZ_PSORIASIS|DOXIMITY_DOCSPOT|GENERAL|PSORIATIC EXPLORERS
TALTZ_PSORIASIS|DOXIMITY_DOCSPOT|GENERAL|PRACTICAL TREATERS
TALTZ_PSORIASIS|DOXIMITY_DOCSPOT|GENERAL|NPP_NON_TARGET
TALTZ_PSORIASIS|DOXIMITY_DOCSPOT|EFFICACY#STRUCTURE|NA
TALTZ_PSORIASIS|DOXIMITY_DOCSPOT|EFFICACY#STRUCTURE|CONFINED ADVOCATES
TALTZ_PSORIASIS|DOXIMITY_DOCSPOT|EFFICACY#STRUCTURE|APP
TALTZ_PSORIASIS|DOXIMITY_DOCSPOT|EFFICACY#STRUCTURE|PSORIATIC EXPLORERS
TALTZ_PSORIASIS|DOXIMITY_DOCSPOT|EFFICACY#STRUCTURE|PRACTICAL TREATERS
TALTZ_PSORIASIS|DOXIMITY_DOCSPOT|EFFICACY#STRUCTURE|NPP_NON_TARGET
TALTZ_PSORIASIS|DOXIMITY_DOCSPOT|EFFICACY#HEAD_TO_HEAD|NA
TALTZ_PSORIASIS|DOXIMITY_DOCSPOT|EFFICACY#HEAD_TO_HEAD|CONFINED ADVOCATES
TALTZ_PSORIASIS|DOXIMITY_DOCSPOT|EFFICACY#HEAD_TO_HEAD|APP
TALTZ_PSORIASIS|DOXIMITY_DOCSPOT|EFFICACY#HEAD_TO_HEAD|PSORIATIC EXPLORERS
TALTZ_PSORIASIS|DOXIMITY_DOCSPOT|EFFICACY#HEAD_TO_HEAD|PRACTICAL TREATERS
TALTZ_PSORIASIS|DOXIMITY_DOCSPOT|EFFICACY#HEAD_TO_HEAD|NPP_NON_TARGET
TALTZ_PSORIASIS|DOXIMITY_DOCSPOT|EFFICACY#CORE|NA
TALTZ_PSORIASIS|DOXIMITY_DOCSPOT|EFFICACY#CORE|CONFINED ADVOCATES
TALTZ_PSORIASIS|DOXIMITY_DOCSPOT|EFFICACY#CORE|APP
TALTZ_PSORIASIS|DOXIMITY_DOCSPOT|EFFICACY#CORE|PSORIATIC EXPLORERS
TALTZ_PSORIASIS|DOXIMITY_DOCSPOT|EFFICACY#CORE|PRACTICAL TREATERS
TALTZ_PSORIASIS|DOXIMITY_DOCSPOT|EFFICACY#CORE|NPP_NON_TARGET
TALTZ_PSORIASIS|DOXIMITY_DOCSPOT|DEVICE|NA
TALTZ_PSORIASIS|DOXIMITY_DOCSPOT|DEVICE|CONFINED ADVOCATES
TALTZ_PSORIASIS|DOXIMITY_DOCSPOT|DEVICE|APP
TALTZ_PSORIASIS|DOXIMITY_DOCSPOT|DEVICE|PSORIATIC EXPLORERS
TALTZ_PSORIASIS|DOXIMITY_DOCSPOT|DEVICE|PRACTICAL TREATERS
TALTZ_PSORIASIS|DOXIMITY_DOCSPOT|DEVICE|NPP_NON_TARGET
TALTZ_PSORIASIS|DOXIMITY_DOCSPOT|SAFETY#SIDE_EFFECTS|NA
TALTZ_PSORIASIS|DOXIMITY_DOCSPOT|SAFETY#SIDE_EFFECTS|CONFINED ADVOCATES
TALTZ_PSORIASIS|DOXIMITY_DOCSPOT|SAFETY#SIDE_EFFECTS|APP
TALTZ_PSORIASIS|DOXIMITY_DOCSPOT|SAFETY#SIDE_EFFECTS|PSORIATIC EXPLORERS
TALTZ_PSORIASIS|DOXIMITY_DOCSPOT|SAFETY#SIDE_EFFECTS|PRACTICAL TREATERS
TALTZ_PSORIASIS|DOXIMITY_DOCSPOT|SAFETY#SIDE_EFFECTS|NPP_NON_TARGET
TALTZ_PSORIASIS|DOXIMITY_DOCSPOT|SAFETY#NA|NA
TALTZ_PSORIASIS|DOXIMITY_DOCSPOT|SAFETY#NA|CONFINED ADVOCATES
TALTZ_PSORIASIS|DOXIMITY_DOCSPOT|SAFETY#NA|APP
TALTZ_PSORIASIS|DOXIMITY_DOCSPOT|SAFETY#NA|PSORIATIC EXPLORERS
TALTZ_PSORIASIS|DOXIMITY_DOCSPOT|SAFETY#NA|PRACTICAL TREATERS
TALTZ_PSORIASIS|DOXIMITY_DOCSPOT|SAFETY#NA|NPP_NON_TARGET
TALTZ_PSORIASIS|DOXIMITY_DOCSPOT|RESOURCES|NA
TALTZ_PSORIASIS|DOXIMITY_DOCSPOT|RESOURCES|CONFINED ADVOCATES
TALTZ_PSORIASIS|DOXIMITY_DOCSPOT|RESOURCES|APP
TALTZ_PSORIASIS|DOXIMITY_DOCSPOT|RESOURCES|PSORIATIC EXPLORERS
TALTZ_PSORIASIS|DOXIMITY_DOCSPOT|RESOURCES|PRACTICAL TREATERS
TALTZ_PSORIASIS|DOXIMITY_DOCSPOT|RESOURCES|NPP_NON_TARGET
TALTZ_PSORIASIS|DOXIMITY_DOCSPOT|PATIENT_TYPE_IDENTIFICATION|NA
TALTZ_PSORIASIS|DOXIMITY_DOCSPOT|PATIENT_TYPE_IDENTIFICATION|CONFINED ADVOCATES
TALTZ_PSORIASIS|DOXIMITY_DOCSPOT|PATIENT_TYPE_IDENTIFICATION|APP
TALTZ_PSORIASIS|DOXIMITY_DOCSPOT|PATIENT_TYPE_IDENTIFICATION|PSORIATIC EXPLORERS
TALTZ_PSORIASIS|DOXIMITY_DOCSPOT|PATIENT_TYPE_IDENTIFICATION|PRACTICAL TREATERS
TALTZ_PSORIASIS|DOXIMITY_DOCSPOT|PATIENT_TYPE_IDENTIFICATION|NPP_NON_TARGET
TALTZ_PSORIASIS|DOXIMITY_DOCSPOT|PATIENT_CUSTOMER_SUPPORT|NA
TALTZ_PSORIASIS|DOXIMITY_DOCSPOT|PATIENT_CUSTOMER_SUPPORT|CONFINED ADVOCATES
TALTZ_PSORIASIS|DOXIMITY_DOCSPOT|PATIENT_CUSTOMER_SUPPORT|APP
TALTZ_PSORIASIS|DOXIMITY_DOCSPOT|PATIENT_CUSTOMER_SUPPORT|PSORIATIC EXPLORERS
TALTZ_PSORIASIS|DOXIMITY_DOCSPOT|PATIENT_CUSTOMER_SUPPORT|PRACTICAL TREATERS
TALTZ_PSORIASIS|DOXIMITY_DOCSPOT|PATIENT_CUSTOMER_SUPPORT|NPP_NON_TARGET
TALTZ_PSORIASIS|DOXIMITY_DOCSPOT|PATIENT_AFFORDABILITY|NA
TALTZ_PSORIASIS|DOXIMITY_DOCSPOT|PATIENT_AFFORDABILITY|CONFINED ADVOCATES
TALTZ_PSORIASIS|DOXIMITY_DOCSPOT|PATIENT_AFFORDABILITY|APP
TALTZ_PSORIASIS|DOXIMITY_DOCSPOT|PATIENT_AFFORDABILITY|PSORIATIC EXPLORERS
TALTZ_PSORIASIS|DOXIMITY_DOCSPOT|PATIENT_AFFORDABILITY|PRACTICAL TREATERS
TALTZ_PSORIASIS|DOXIMITY_DOCSPOT|PATIENT_AFFORDABILITY|NPP_NON_TARGET
TALTZ_PSORIASIS|DOXIMITY_DOCSPOT|MOA|NA
TALTZ_PSORIASIS|DOXIMITY_DOCSPOT|MOA|CONFINED ADVOCATES
TALTZ_PSORIASIS|DOXIMITY_DOCSPOT|MOA|APP
TALTZ_PSORIASIS|DOXIMITY_DOCSPOT|MOA|PSORIATIC EXPLORERS
TALTZ_PSORIASIS|DOXIMITY_DOCSPOT|MOA|PRACTICAL TREATERS
TALTZ_PSORIASIS|DOXIMITY_DOCSPOT|MOA|NPP_NON_TARGET
TALTZ_PSORIASIS|DOXIMITY_DOCSPOT|EFFICACY#SECONDARY|NA
TALTZ_PSORIASIS|DOXIMITY_DOCSPOT|EFFICACY#SECONDARY|CONFINED ADVOCATES
TALTZ_PSORIASIS|DOXIMITY_DOCSPOT|EFFICACY#SECONDARY|APP
TALTZ_PSORIASIS|DOXIMITY_DOCSPOT|EFFICACY#SECONDARY|PSORIATIC EXPLORERS
TALTZ_PSORIASIS|DOXIMITY_DOCSPOT|EFFICACY#SECONDARY|PRACTICAL TREATERS
TALTZ_PSORIASIS|DOXIMITY_DOCSPOT|EFFICACY#SECONDARY|NPP_NON_TARGET
TALTZ_PSORIASIS|DOXIMITY_DOCSPOT|EFFICACY#RAPID_ONSET|NA
TALTZ_PSORIASIS|DOXIMITY_DOCSPOT|EFFICACY#RAPID_ONSET|CONFINED ADVOCATES
TALTZ_PSORIASIS|DOXIMITY_DOCSPOT|EFFICACY#RAPID_ONSET|APP
TALTZ_PSORIASIS|DOXIMITY_DOCSPOT|EFFICACY#RAPID_ONSET|PSORIATIC EXPLORERS
TALTZ_PSORIASIS|DOXIMITY_DOCSPOT|EFFICACY#RAPID_ONSET|PRACTICAL TREATERS
TALTZ_PSORIASIS|DOXIMITY_DOCSPOT|EFFICACY#RAPID_ONSET|NPP_NON_TARGET
TALTZ_PSORIASIS|DOXIMITY_DOCSPOT|EFFICACY#NOW_APPROVED|NA
TALTZ_PSORIASIS|DOXIMITY_DOCSPOT|EFFICACY#NOW_APPROVED|CONFINED ADVOCATES
TALTZ_PSORIASIS|DOXIMITY_DOCSPOT|EFFICACY#NOW_APPROVED|APP
TALTZ_PSORIASIS|DOXIMITY_DOCSPOT|EFFICACY#NOW_APPROVED|PSORIATIC EXPLORERS
TALTZ_PSORIASIS|DOXIMITY_DOCSPOT|EFFICACY#NOW_APPROVED|PRACTICAL TREATERS
TALTZ_PSORIASIS|DOXIMITY_DOCSPOT|EFFICACY#NOW_APPROVED|NPP_NON_TARGET
TALTZ_PSORIASIS|DOXIMITY_DOCSPOT|EFFICACY#NA|NA
TALTZ_PSORIASIS|DOXIMITY_DOCSPOT|EFFICACY#NA|CONFINED ADVOCATES
TALTZ_PSORIASIS|DOXIMITY_DOCSPOT|EFFICACY#NA|APP
TALTZ_PSORIASIS|DOXIMITY_DOCSPOT|EFFICACY#NA|PSORIATIC EXPLORERS
TALTZ_PSORIASIS|DOXIMITY_DOCSPOT|EFFICACY#NA|PRACTICAL TREATERS
TALTZ_PSORIASIS|DOXIMITY_DOCSPOT|EFFICACY#NA|NPP_NON_TARGET
TALTZ_PSORIASIS|DOXIMITY_DOCSPOT|EFFICACY#LONG_TERM|NA
TALTZ_PSORIASIS|DOXIMITY_DOCSPOT|EFFICACY#LONG_TERM|CONFINED ADVOCATES
TALTZ_PSORIASIS|DOXIMITY_DOCSPOT|EFFICACY#LONG_TERM|APP
TALTZ_PSORIASIS|DOXIMITY_DOCSPOT|EFFICACY#LONG_TERM|PSORIATIC EXPLORERS
TALTZ_PSORIASIS|DOXIMITY_DOCSPOT|EFFICACY#LONG_TERM|PRACTICAL TREATERS
TALTZ_PSORIASIS|DOXIMITY_DOCSPOT|EFFICACY#LONG_TERM|NPP_NON_TARGET
TALTZ_PSORIASIS|DOXIMITY_DOCSPOT|EASE_OF_ADMINISTRATION|NA
TALTZ_PSORIASIS|DOXIMITY_DOCSPOT|EASE_OF_ADMINISTRATION|CONFINED ADVOCATES
TALTZ_PSORIASIS|DOXIMITY_DOCSPOT|EASE_OF_ADMINISTRATION|APP
TALTZ_PSORIASIS|DOXIMITY_DOCSPOT|EASE_OF_ADMINISTRATION|PSORIATIC EXPLORERS
TALTZ_PSORIASIS|DOXIMITY_DOCSPOT|EASE_OF_ADMINISTRATION|PRACTICAL TREATERS
TALTZ_PSORIASIS|DOXIMITY_DOCSPOT|EASE_OF_ADMINISTRATION|NPP_NON_TARGET
TALTZ_PSORIASIS|DOXIMITY_DOCSPOT|DOSING|NA
TALTZ_PSORIASIS|DOXIMITY_DOCSPOT|DOSING|CONFINED ADVOCATES
TALTZ_PSORIASIS|DOXIMITY_DOCSPOT|DOSING|APP
TALTZ_PSORIASIS|DOXIMITY_DOCSPOT|DOSING|PSORIATIC EXPLORERS
TALTZ_PSORIASIS|DOXIMITY_DOCSPOT|DOSING|PRACTICAL TREATERS
TALTZ_PSORIASIS|DOXIMITY_DOCSPOT|DOSING|NPP_NON_TARGET
TALTZ_PSORIASIS|DOXIMITY_DOCSPOT|DISEASE_STATE|NA
TALTZ_PSORIASIS|DOXIMITY_DOCSPOT|DISEASE_STATE|CONFINED ADVOCATES
TALTZ_PSORIASIS|DOXIMITY_DOCSPOT|DISEASE_STATE|APP
TALTZ_PSORIASIS|DOXIMITY_DOCSPOT|DISEASE_STATE|PSORIATIC EXPLORERS
TALTZ_PSORIASIS|DOXIMITY_DOCSPOT|DISEASE_STATE|PRACTICAL TREATERS
TALTZ_PSORIASIS|DOXIMITY_DOCSPOT|DISEASE_STATE|NPP_NON_TARGET
TALTZ_PSORIASIS|EDH_PROFLOW_RDMU|ACCESS_FORMULARY|NA
TALTZ_PSORIASIS|EDH_PROFLOW_RDMU|ACCESS_FORMULARY|CONFINED ADVOCATES
TALTZ_PSORIASIS|EDH_PROFLOW_RDMU|ACCESS_FORMULARY|APP
TALTZ_PSORIASIS|EDH_PROFLOW_RDMU|ACCESS_FORMULARY|PSORIATIC EXPLORERS
TALTZ_PSORIASIS|EDH_PROFLOW_RDMU|ACCESS_FORMULARY|PRACTICAL TREATERS
TALTZ_PSORIASIS|EDH_PROFLOW_RDMU|ACCESS_FORMULARY|NPP_NON_TARGET
TALTZ_PSORIASIS|EDH_PROFLOW_RDMU|UNMET_NEED|NA
TALTZ_PSORIASIS|EDH_PROFLOW_RDMU|UNMET_NEED|CONFINED ADVOCATES
TALTZ_PSORIASIS|EDH_PROFLOW_RDMU|UNMET_NEED|APP
TALTZ_PSORIASIS|EDH_PROFLOW_RDMU|UNMET_NEED|PSORIATIC EXPLORERS
TALTZ_PSORIASIS|EDH_PROFLOW_RDMU|UNMET_NEED|PRACTICAL TREATERS
TALTZ_PSORIASIS|EDH_PROFLOW_RDMU|UNMET_NEED|NPP_NON_TARGET
TALTZ_PSORIASIS|EDH_PROFLOW_RDMU|SAFETY#PSO_ADULTS|NA
TALTZ_PSORIASIS|EDH_PROFLOW_RDMU|SAFETY#PSO_ADULTS|CONFINED ADVOCATES
TALTZ_PSORIASIS|EDH_PROFLOW_RDMU|SAFETY#PSO_ADULTS|APP
TALTZ_PSORIASIS|EDH_PROFLOW_RDMU|SAFETY#PSO_ADULTS|PSORIATIC EXPLORERS
TALTZ_PSORIASIS|EDH_PROFLOW_RDMU|SAFETY#PSO_ADULTS|PRACTICAL TREATERS
TALTZ_PSORIASIS|EDH_PROFLOW_RDMU|SAFETY#PSO_ADULTS|NPP_NON_TARGET
TALTZ_PSORIASIS|EDH_PROFLOW_RDMU|SAFETY#LONG_TERM|NA
TALTZ_PSORIASIS|EDH_PROFLOW_RDMU|SAFETY#LONG_TERM|CONFINED ADVOCATES
TALTZ_PSORIASIS|EDH_PROFLOW_RDMU|SAFETY#LONG_TERM|APP
TALTZ_PSORIASIS|EDH_PROFLOW_RDMU|SAFETY#LONG_TERM|PSORIATIC EXPLORERS
TALTZ_PSORIASIS|EDH_PROFLOW_RDMU|SAFETY#LONG_TERM|PRACTICAL TREATERS
TALTZ_PSORIASIS|EDH_PROFLOW_RDMU|SAFETY#LONG_TERM|NPP_NON_TARGET
TALTZ_PSORIASIS|EDH_PROFLOW_RDMU|INITIATION|NA
TALTZ_PSORIASIS|EDH_PROFLOW_RDMU|INITIATION|CONFINED ADVOCATES
TALTZ_PSORIASIS|EDH_PROFLOW_RDMU|INITIATION|APP
TALTZ_PSORIASIS|EDH_PROFLOW_RDMU|INITIATION|PSORIATIC EXPLORERS
TALTZ_PSORIASIS|EDH_PROFLOW_RDMU|INITIATION|PRACTICAL TREATERS
TALTZ_PSORIASIS|EDH_PROFLOW_RDMU|INITIATION|NPP_NON_TARGET
TALTZ_PSORIASIS|EDH_PROFLOW_RDMU|GENERAL|NA
TALTZ_PSORIASIS|EDH_PROFLOW_RDMU|GENERAL|CONFINED ADVOCATES
TALTZ_PSORIASIS|EDH_PROFLOW_RDMU|GENERAL|APP
TALTZ_PSORIASIS|EDH_PROFLOW_RDMU|GENERAL|PSORIATIC EXPLORERS
TALTZ_PSORIASIS|EDH_PROFLOW_RDMU|GENERAL|PRACTICAL TREATERS
TALTZ_PSORIASIS|EDH_PROFLOW_RDMU|GENERAL|NPP_NON_TARGET
TALTZ_PSORIASIS|EDH_PROFLOW_RDMU|EFFICACY#STRUCTURE|NA
TALTZ_PSORIASIS|EDH_PROFLOW_RDMU|EFFICACY#STRUCTURE|CONFINED ADVOCATES
TALTZ_PSORIASIS|EDH_PROFLOW_RDMU|EFFICACY#STRUCTURE|APP
TALTZ_PSORIASIS|EDH_PROFLOW_RDMU|EFFICACY#STRUCTURE|PSORIATIC EXPLORERS
TALTZ_PSORIASIS|EDH_PROFLOW_RDMU|EFFICACY#STRUCTURE|PRACTICAL TREATERS
TALTZ_PSORIASIS|EDH_PROFLOW_RDMU|EFFICACY#STRUCTURE|NPP_NON_TARGET
TALTZ_PSORIASIS|EDH_PROFLOW_RDMU|EFFICACY#HEAD_TO_HEAD|NA
TALTZ_PSORIASIS|EDH_PROFLOW_RDMU|EFFICACY#HEAD_TO_HEAD|CONFINED ADVOCATES
TALTZ_PSORIASIS|EDH_PROFLOW_RDMU|EFFICACY#HEAD_TO_HEAD|APP
TALTZ_PSORIASIS|EDH_PROFLOW_RDMU|EFFICACY#HEAD_TO_HEAD|PSORIATIC EXPLORERS
TALTZ_PSORIASIS|EDH_PROFLOW_RDMU|EFFICACY#HEAD_TO_HEAD|PRACTICAL TREATERS
TALTZ_PSORIASIS|EDH_PROFLOW_RDMU|EFFICACY#HEAD_TO_HEAD|NPP_NON_TARGET
TALTZ_PSORIASIS|EDH_PROFLOW_RDMU|EFFICACY#CORE|NA
TALTZ_PSORIASIS|EDH_PROFLOW_RDMU|EFFICACY#CORE|CONFINED ADVOCATES
TALTZ_PSORIASIS|EDH_PROFLOW_RDMU|EFFICACY#CORE|APP
TALTZ_PSORIASIS|EDH_PROFLOW_RDMU|EFFICACY#CORE|PSORIATIC EXPLORERS
TALTZ_PSORIASIS|EDH_PROFLOW_RDMU|EFFICACY#CORE|PRACTICAL TREATERS
TALTZ_PSORIASIS|EDH_PROFLOW_RDMU|EFFICACY#CORE|NPP_NON_TARGET
TALTZ_PSORIASIS|EDH_PROFLOW_RDMU|DEVICE|NA
TALTZ_PSORIASIS|EDH_PROFLOW_RDMU|DEVICE|CONFINED ADVOCATES
TALTZ_PSORIASIS|EDH_PROFLOW_RDMU|DEVICE|APP
TALTZ_PSORIASIS|EDH_PROFLOW_RDMU|DEVICE|PSORIATIC EXPLORERS
TALTZ_PSORIASIS|EDH_PROFLOW_RDMU|DEVICE|PRACTICAL TREATERS
TALTZ_PSORIASIS|EDH_PROFLOW_RDMU|DEVICE|NPP_NON_TARGET
TALTZ_PSORIASIS|EDH_PROFLOW_RDMU|SAFETY#SIDE_EFFECTS|NA
TALTZ_PSORIASIS|EDH_PROFLOW_RDMU|SAFETY#SIDE_EFFECTS|CONFINED ADVOCATES
TALTZ_PSORIASIS|EDH_PROFLOW_RDMU|SAFETY#SIDE_EFFECTS|APP
TALTZ_PSORIASIS|EDH_PROFLOW_RDMU|SAFETY#SIDE_EFFECTS|PSORIATIC EXPLORERS
TALTZ_PSORIASIS|EDH_PROFLOW_RDMU|SAFETY#SIDE_EFFECTS|PRACTICAL TREATERS
TALTZ_PSORIASIS|EDH_PROFLOW_RDMU|SAFETY#SIDE_EFFECTS|NPP_NON_TARGET
TALTZ_PSORIASIS|EDH_PROFLOW_RDMU|SAFETY#NA|NA
TALTZ_PSORIASIS|EDH_PROFLOW_RDMU|SAFETY#NA|CONFINED ADVOCATES
TALTZ_PSORIASIS|EDH_PROFLOW_RDMU|SAFETY#NA|APP
TALTZ_PSORIASIS|EDH_PROFLOW_RDMU|SAFETY#NA|PSORIATIC EXPLORERS
TALTZ_PSORIASIS|EDH_PROFLOW_RDMU|SAFETY#NA|PRACTICAL TREATERS
TALTZ_PSORIASIS|EDH_PROFLOW_RDMU|SAFETY#NA|NPP_NON_TARGET
TALTZ_PSORIASIS|EDH_PROFLOW_RDMU|RESOURCES|NA
TALTZ_PSORIASIS|EDH_PROFLOW_RDMU|RESOURCES|CONFINED ADVOCATES
TALTZ_PSORIASIS|EDH_PROFLOW_RDMU|RESOURCES|APP
TALTZ_PSORIASIS|EDH_PROFLOW_RDMU|RESOURCES|PSORIATIC EXPLORERS
TALTZ_PSORIASIS|EDH_PROFLOW_RDMU|RESOURCES|PRACTICAL TREATERS
TALTZ_PSORIASIS|EDH_PROFLOW_RDMU|RESOURCES|NPP_NON_TARGET
TALTZ_PSORIASIS|EDH_PROFLOW_RDMU|PATIENT_TYPE_IDENTIFICATION|NA
TALTZ_PSORIASIS|EDH_PROFLOW_RDMU|PATIENT_TYPE_IDENTIFICATION|CONFINED ADVOCATES
TALTZ_PSORIASIS|EDH_PROFLOW_RDMU|PATIENT_TYPE_IDENTIFICATION|APP
TALTZ_PSORIASIS|EDH_PROFLOW_RDMU|PATIENT_TYPE_IDENTIFICATION|PSORIATIC EXPLORERS
TALTZ_PSORIASIS|EDH_PROFLOW_RDMU|PATIENT_TYPE_IDENTIFICATION|PRACTICAL TREATERS
TALTZ_PSORIASIS|EDH_PROFLOW_RDMU|PATIENT_TYPE_IDENTIFICATION|NPP_NON_TARGET
TALTZ_PSORIASIS|EDH_PROFLOW_RDMU|PATIENT_CUSTOMER_SUPPORT|NA
TALTZ_PSORIASIS|EDH_PROFLOW_RDMU|PATIENT_CUSTOMER_SUPPORT|CONFINED ADVOCATES
TALTZ_PSORIASIS|EDH_PROFLOW_RDMU|PATIENT_CUSTOMER_SUPPORT|APP
TALTZ_PSORIASIS|EDH_PROFLOW_RDMU|PATIENT_CUSTOMER_SUPPORT|PSORIATIC EXPLORERS
TALTZ_PSORIASIS|EDH_PROFLOW_RDMU|PATIENT_CUSTOMER_SUPPORT|PRACTICAL TREATERS
TALTZ_PSORIASIS|EDH_PROFLOW_RDMU|PATIENT_CUSTOMER_SUPPORT|NPP_NON_TARGET
TALTZ_PSORIASIS|EDH_PROFLOW_RDMU|PATIENT_AFFORDABILITY|NA
TALTZ_PSORIASIS|EDH_PROFLOW_RDMU|PATIENT_AFFORDABILITY|CONFINED ADVOCATES
TALTZ_PSORIASIS|EDH_PROFLOW_RDMU|PATIENT_AFFORDABILITY|APP
TALTZ_PSORIASIS|EDH_PROFLOW_RDMU|PATIENT_AFFORDABILITY|PSORIATIC EXPLORERS
TALTZ_PSORIASIS|EDH_PROFLOW_RDMU|PATIENT_AFFORDABILITY|PRACTICAL TREATERS
TALTZ_PSORIASIS|EDH_PROFLOW_RDMU|PATIENT_AFFORDABILITY|NPP_NON_TARGET
TALTZ_PSORIASIS|EDH_PROFLOW_RDMU|MOA|NA
TALTZ_PSORIASIS|EDH_PROFLOW_RDMU|MOA|CONFINED ADVOCATES
TALTZ_PSORIASIS|EDH_PROFLOW_RDMU|MOA|APP
TALTZ_PSORIASIS|EDH_PROFLOW_RDMU|MOA|PSORIATIC EXPLORERS
TALTZ_PSORIASIS|EDH_PROFLOW_RDMU|MOA|PRACTICAL TREATERS
TALTZ_PSORIASIS|EDH_PROFLOW_RDMU|MOA|NPP_NON_TARGET
TALTZ_PSORIASIS|EDH_PROFLOW_RDMU|EFFICACY#SECONDARY|NA
TALTZ_PSORIASIS|EDH_PROFLOW_RDMU|EFFICACY#SECONDARY|CONFINED ADVOCATES
TALTZ_PSORIASIS|EDH_PROFLOW_RDMU|EFFICACY#SECONDARY|APP
TALTZ_PSORIASIS|EDH_PROFLOW_RDMU|EFFICACY#SECONDARY|PSORIATIC EXPLORERS
TALTZ_PSORIASIS|EDH_PROFLOW_RDMU|EFFICACY#SECONDARY|PRACTICAL TREATERS
TALTZ_PSORIASIS|EDH_PROFLOW_RDMU|EFFICACY#SECONDARY|NPP_NON_TARGET
TALTZ_PSORIASIS|EDH_PROFLOW_RDMU|EFFICACY#RAPID_ONSET|NA
TALTZ_PSORIASIS|EDH_PROFLOW_RDMU|EFFICACY#RAPID_ONSET|CONFINED ADVOCATES
TALTZ_PSORIASIS|EDH_PROFLOW_RDMU|EFFICACY#RAPID_ONSET|APP
TALTZ_PSORIASIS|EDH_PROFLOW_RDMU|EFFICACY#RAPID_ONSET|PSORIATIC EXPLORERS
TALTZ_PSORIASIS|EDH_PROFLOW_RDMU|EFFICACY#RAPID_ONSET|PRACTICAL TREATERS
TALTZ_PSORIASIS|EDH_PROFLOW_RDMU|EFFICACY#RAPID_ONSET|NPP_NON_TARGET
TALTZ_PSORIASIS|EDH_PROFLOW_RDMU|EFFICACY#NOW_APPROVED|NA
TALTZ_PSORIASIS|EDH_PROFLOW_RDMU|EFFICACY#NOW_APPROVED|CONFINED ADVOCATES
TALTZ_PSORIASIS|EDH_PROFLOW_RDMU|EFFICACY#NOW_APPROVED|APP
TALTZ_PSORIASIS|EDH_PROFLOW_RDMU|EFFICACY#NOW_APPROVED|PSORIATIC EXPLORERS
TALTZ_PSORIASIS|EDH_PROFLOW_RDMU|EFFICACY#NOW_APPROVED|PRACTICAL TREATERS
TALTZ_PSORIASIS|EDH_PROFLOW_RDMU|EFFICACY#NOW_APPROVED|NPP_NON_TARGET
TALTZ_PSORIASIS|EDH_PROFLOW_RDMU|EFFICACY#NA|NA
TALTZ_PSORIASIS|EDH_PROFLOW_RDMU|EFFICACY#NA|CONFINED ADVOCATES
TALTZ_PSORIASIS|EDH_PROFLOW_RDMU|EFFICACY#NA|APP
TALTZ_PSORIASIS|EDH_PROFLOW_RDMU|EFFICACY#NA|PSORIATIC EXPLORERS
TALTZ_PSORIASIS|EDH_PROFLOW_RDMU|EFFICACY#NA|PRACTICAL TREATERS
TALTZ_PSORIASIS|EDH_PROFLOW_RDMU|EFFICACY#NA|NPP_NON_TARGET
TALTZ_PSORIASIS|EDH_PROFLOW_RDMU|EFFICACY#LONG_TERM|NA
TALTZ_PSORIASIS|EDH_PROFLOW_RDMU|EFFICACY#LONG_TERM|CONFINED ADVOCATES
TALTZ_PSORIASIS|EDH_PROFLOW_RDMU|EFFICACY#LONG_TERM|APP
TALTZ_PSORIASIS|EDH_PROFLOW_RDMU|EFFICACY#LONG_TERM|PSORIATIC EXPLORERS
TALTZ_PSORIASIS|EDH_PROFLOW_RDMU|EFFICACY#LONG_TERM|PRACTICAL TREATERS
TALTZ_PSORIASIS|EDH_PROFLOW_RDMU|EFFICACY#LONG_TERM|NPP_NON_TARGET
TALTZ_PSORIASIS|EDH_PROFLOW_RDMU|EASE_OF_ADMINISTRATION|NA
TALTZ_PSORIASIS|EDH_PROFLOW_RDMU|EASE_OF_ADMINISTRATION|CONFINED ADVOCATES
TALTZ_PSORIASIS|EDH_PROFLOW_RDMU|EASE_OF_ADMINISTRATION|APP
TALTZ_PSORIASIS|EDH_PROFLOW_RDMU|EASE_OF_ADMINISTRATION|PSORIATIC EXPLORERS
TALTZ_PSORIASIS|EDH_PROFLOW_RDMU|EASE_OF_ADMINISTRATION|PRACTICAL TREATERS
TALTZ_PSORIASIS|EDH_PROFLOW_RDMU|EASE_OF_ADMINISTRATION|NPP_NON_TARGET
TALTZ_PSORIASIS|EDH_PROFLOW_RDMU|DOSING|NA
TALTZ_PSORIASIS|EDH_PROFLOW_RDMU|DOSING|CONFINED ADVOCATES
TALTZ_PSORIASIS|EDH_PROFLOW_RDMU|DOSING|APP
TALTZ_PSORIASIS|EDH_PROFLOW_RDMU|DOSING|PSORIATIC EXPLORERS
TALTZ_PSORIASIS|EDH_PROFLOW_RDMU|DOSING|PRACTICAL TREATERS
TALTZ_PSORIASIS|EDH_PROFLOW_RDMU|DOSING|NPP_NON_TARGET
TALTZ_PSORIASIS|EDH_PROFLOW_RDMU|DISEASE_STATE|NA
TALTZ_PSORIASIS|EDH_PROFLOW_RDMU|DISEASE_STATE|CONFINED ADVOCATES
TALTZ_PSORIASIS|EDH_PROFLOW_RDMU|DISEASE_STATE|APP
TALTZ_PSORIASIS|EDH_PROFLOW_RDMU|DISEASE_STATE|PSORIATIC EXPLORERS
TALTZ_PSORIASIS|EDH_PROFLOW_RDMU|DISEASE_STATE|PRACTICAL TREATERS
TALTZ_PSORIASIS|EDH_PROFLOW_RDMU|DISEASE_STATE|NPP_NON_TARGET
TALTZ_PSORIASIS|EPOCRATES_ALERT|ACCESS_FORMULARY|NA
TALTZ_PSORIASIS|EPOCRATES_ALERT|ACCESS_FORMULARY|CONFINED ADVOCATES
TALTZ_PSORIASIS|EPOCRATES_ALERT|ACCESS_FORMULARY|APP
TALTZ_PSORIASIS|EPOCRATES_ALERT|ACCESS_FORMULARY|PSORIATIC EXPLORERS
TALTZ_PSORIASIS|EPOCRATES_ALERT|ACCESS_FORMULARY|PRACTICAL TREATERS
TALTZ_PSORIASIS|EPOCRATES_ALERT|ACCESS_FORMULARY|NPP_NON_TARGET
TALTZ_PSORIASIS|EPOCRATES_ALERT|UNMET_NEED|NA
TALTZ_PSORIASIS|EPOCRATES_ALERT|UNMET_NEED|CONFINED ADVOCATES
TALTZ_PSORIASIS|EPOCRATES_ALERT|UNMET_NEED|APP
TALTZ_PSORIASIS|EPOCRATES_ALERT|UNMET_NEED|PSORIATIC EXPLORERS
TALTZ_PSORIASIS|EPOCRATES_ALERT|UNMET_NEED|PRACTICAL TREATERS
TALTZ_PSORIASIS|EPOCRATES_ALERT|UNMET_NEED|NPP_NON_TARGET
TALTZ_PSORIASIS|EPOCRATES_ALERT|SAFETY#PSO_ADULTS|NA
TALTZ_PSORIASIS|EPOCRATES_ALERT|SAFETY#PSO_ADULTS|CONFINED ADVOCATES
TALTZ_PSORIASIS|EPOCRATES_ALERT|SAFETY#PSO_ADULTS|APP
TALTZ_PSORIASIS|EPOCRATES_ALERT|SAFETY#PSO_ADULTS|PSORIATIC EXPLORERS
TALTZ_PSORIASIS|EPOCRATES_ALERT|SAFETY#PSO_ADULTS|PRACTICAL TREATERS
TALTZ_PSORIASIS|EPOCRATES_ALERT|SAFETY#PSO_ADULTS|NPP_NON_TARGET
TALTZ_PSORIASIS|EPOCRATES_ALERT|SAFETY#LONG_TERM|NA
TALTZ_PSORIASIS|EPOCRATES_ALERT|SAFETY#LONG_TERM|CONFINED ADVOCATES
TALTZ_PSORIASIS|EPOCRATES_ALERT|SAFETY#LONG_TERM|APP
TALTZ_PSORIASIS|EPOCRATES_ALERT|SAFETY#LONG_TERM|PSORIATIC EXPLORERS
TALTZ_PSORIASIS|EPOCRATES_ALERT|SAFETY#LONG_TERM|PRACTICAL TREATERS
TALTZ_PSORIASIS|EPOCRATES_ALERT|SAFETY#LONG_TERM|NPP_NON_TARGET
TALTZ_PSORIASIS|EPOCRATES_ALERT|INITIATION|NA
TALTZ_PSORIASIS|EPOCRATES_ALERT|INITIATION|CONFINED ADVOCATES
TALTZ_PSORIASIS|EPOCRATES_ALERT|INITIATION|APP
TALTZ_PSORIASIS|EPOCRATES_ALERT|INITIATION|PSORIATIC EXPLORERS
TALTZ_PSORIASIS|EPOCRATES_ALERT|INITIATION|PRACTICAL TREATERS
TALTZ_PSORIASIS|EPOCRATES_ALERT|INITIATION|NPP_NON_TARGET
TALTZ_PSORIASIS|EPOCRATES_ALERT|GENERAL|NA
TALTZ_PSORIASIS|EPOCRATES_ALERT|GENERAL|CONFINED ADVOCATES
TALTZ_PSORIASIS|EPOCRATES_ALERT|GENERAL|APP
TALTZ_PSORIASIS|EPOCRATES_ALERT|GENERAL|PSORIATIC EXPLORERS
TALTZ_PSORIASIS|EPOCRATES_ALERT|GENERAL|PRACTICAL TREATERS
TALTZ_PSORIASIS|EPOCRATES_ALERT|GENERAL|NPP_NON_TARGET
TALTZ_PSORIASIS|EPOCRATES_ALERT|EFFICACY#STRUCTURE|NA
TALTZ_PSORIASIS|EPOCRATES_ALERT|EFFICACY#STRUCTURE|CONFINED ADVOCATES
TALTZ_PSORIASIS|EPOCRATES_ALERT|EFFICACY#STRUCTURE|APP
TALTZ_PSORIASIS|EPOCRATES_ALERT|EFFICACY#STRUCTURE|PSORIATIC EXPLORERS
TALTZ_PSORIASIS|EPOCRATES_ALERT|EFFICACY#STRUCTURE|PRACTICAL TREATERS
TALTZ_PSORIASIS|EPOCRATES_ALERT|EFFICACY#STRUCTURE|NPP_NON_TARGET
TALTZ_PSORIASIS|EPOCRATES_ALERT|EFFICACY#HEAD_TO_HEAD|NA
TALTZ_PSORIASIS|EPOCRATES_ALERT|EFFICACY#HEAD_TO_HEAD|CONFINED ADVOCATES
TALTZ_PSORIASIS|EPOCRATES_ALERT|EFFICACY#HEAD_TO_HEAD|APP
TALTZ_PSORIASIS|EPOCRATES_ALERT|EFFICACY#HEAD_TO_HEAD|PSORIATIC EXPLORERS
TALTZ_PSORIASIS|EPOCRATES_ALERT|EFFICACY#HEAD_TO_HEAD|PRACTICAL TREATERS
TALTZ_PSORIASIS|EPOCRATES_ALERT|EFFICACY#HEAD_TO_HEAD|NPP_NON_TARGET
TALTZ_PSORIASIS|EPOCRATES_ALERT|EFFICACY#CORE|NA
TALTZ_PSORIASIS|EPOCRATES_ALERT|EFFICACY#CORE|CONFINED ADVOCATES
TALTZ_PSORIASIS|EPOCRATES_ALERT|EFFICACY#CORE|APP
TALTZ_PSORIASIS|EPOCRATES_ALERT|EFFICACY#CORE|PSORIATIC EXPLORERS
TALTZ_PSORIASIS|EPOCRATES_ALERT|EFFICACY#CORE|PRACTICAL TREATERS
TALTZ_PSORIASIS|EPOCRATES_ALERT|EFFICACY#CORE|NPP_NON_TARGET
TALTZ_PSORIASIS|EPOCRATES_ALERT|DEVICE|NA
TALTZ_PSORIASIS|EPOCRATES_ALERT|DEVICE|CONFINED ADVOCATES
TALTZ_PSORIASIS|EPOCRATES_ALERT|DEVICE|APP
TALTZ_PSORIASIS|EPOCRATES_ALERT|DEVICE|PSORIATIC EXPLORERS
TALTZ_PSORIASIS|EPOCRATES_ALERT|DEVICE|PRACTICAL TREATERS
TALTZ_PSORIASIS|EPOCRATES_ALERT|DEVICE|NPP_NON_TARGET
TALTZ_PSORIASIS|EPOCRATES_ALERT|SAFETY#SIDE_EFFECTS|NA
TALTZ_PSORIASIS|EPOCRATES_ALERT|SAFETY#SIDE_EFFECTS|CONFINED ADVOCATES
TALTZ_PSORIASIS|EPOCRATES_ALERT|SAFETY#SIDE_EFFECTS|APP
TALTZ_PSORIASIS|EPOCRATES_ALERT|SAFETY#SIDE_EFFECTS|PSORIATIC EXPLORERS
TALTZ_PSORIASIS|EPOCRATES_ALERT|SAFETY#SIDE_EFFECTS|PRACTICAL TREATERS
TALTZ_PSORIASIS|EPOCRATES_ALERT|SAFETY#SIDE_EFFECTS|NPP_NON_TARGET
TALTZ_PSORIASIS|EPOCRATES_ALERT|SAFETY#NA|NA
TALTZ_PSORIASIS|EPOCRATES_ALERT|SAFETY#NA|CONFINED ADVOCATES
TALTZ_PSORIASIS|EPOCRATES_ALERT|SAFETY#NA|APP
TALTZ_PSORIASIS|EPOCRATES_ALERT|SAFETY#NA|PSORIATIC EXPLORERS
TALTZ_PSORIASIS|EPOCRATES_ALERT|SAFETY#NA|PRACTICAL TREATERS
TALTZ_PSORIASIS|EPOCRATES_ALERT|SAFETY#NA|NPP_NON_TARGET
TALTZ_PSORIASIS|EPOCRATES_ALERT|RESOURCES|NA
TALTZ_PSORIASIS|EPOCRATES_ALERT|RESOURCES|CONFINED ADVOCATES
TALTZ_PSORIASIS|EPOCRATES_ALERT|RESOURCES|APP
TALTZ_PSORIASIS|EPOCRATES_ALERT|RESOURCES|PSORIATIC EXPLORERS
TALTZ_PSORIASIS|EPOCRATES_ALERT|RESOURCES|PRACTICAL TREATERS
TALTZ_PSORIASIS|EPOCRATES_ALERT|RESOURCES|NPP_NON_TARGET
TALTZ_PSORIASIS|EPOCRATES_ALERT|PATIENT_TYPE_IDENTIFICATION|NA
TALTZ_PSORIASIS|EPOCRATES_ALERT|PATIENT_TYPE_IDENTIFICATION|CONFINED ADVOCATES
TALTZ_PSORIASIS|EPOCRATES_ALERT|PATIENT_TYPE_IDENTIFICATION|APP
TALTZ_PSORIASIS|EPOCRATES_ALERT|PATIENT_TYPE_IDENTIFICATION|PSORIATIC EXPLORERS
TALTZ_PSORIASIS|EPOCRATES_ALERT|PATIENT_TYPE_IDENTIFICATION|PRACTICAL TREATERS
TALTZ_PSORIASIS|EPOCRATES_ALERT|PATIENT_TYPE_IDENTIFICATION|NPP_NON_TARGET
TALTZ_PSORIASIS|EPOCRATES_ALERT|PATIENT_CUSTOMER_SUPPORT|NA
TALTZ_PSORIASIS|EPOCRATES_ALERT|PATIENT_CUSTOMER_SUPPORT|CONFINED ADVOCATES
TALTZ_PSORIASIS|EPOCRATES_ALERT|PATIENT_CUSTOMER_SUPPORT|APP
TALTZ_PSORIASIS|EPOCRATES_ALERT|PATIENT_CUSTOMER_SUPPORT|PSORIATIC EXPLORERS
TALTZ_PSORIASIS|EPOCRATES_ALERT|PATIENT_CUSTOMER_SUPPORT|PRACTICAL TREATERS
TALTZ_PSORIASIS|EPOCRATES_ALERT|PATIENT_CUSTOMER_SUPPORT|NPP_NON_TARGET
TALTZ_PSORIASIS|EPOCRATES_ALERT|PATIENT_AFFORDABILITY|NA
TALTZ_PSORIASIS|EPOCRATES_ALERT|PATIENT_AFFORDABILITY|CONFINED ADVOCATES
TALTZ_PSORIASIS|EPOCRATES_ALERT|PATIENT_AFFORDABILITY|APP
TALTZ_PSORIASIS|EPOCRATES_ALERT|PATIENT_AFFORDABILITY|PSORIATIC EXPLORERS
TALTZ_PSORIASIS|EPOCRATES_ALERT|PATIENT_AFFORDABILITY|PRACTICAL TREATERS
TALTZ_PSORIASIS|EPOCRATES_ALERT|PATIENT_AFFORDABILITY|NPP_NON_TARGET
TALTZ_PSORIASIS|EPOCRATES_ALERT|MOA|NA
TALTZ_PSORIASIS|EPOCRATES_ALERT|MOA|CONFINED ADVOCATES
TALTZ_PSORIASIS|EPOCRATES_ALERT|MOA|APP
TALTZ_PSORIASIS|EPOCRATES_ALERT|MOA|PSORIATIC EXPLORERS
TALTZ_PSORIASIS|EPOCRATES_ALERT|MOA|PRACTICAL TREATERS
TALTZ_PSORIASIS|EPOCRATES_ALERT|MOA|NPP_NON_TARGET
TALTZ_PSORIASIS|EPOCRATES_ALERT|EFFICACY#SECONDARY|NA
TALTZ_PSORIASIS|EPOCRATES_ALERT|EFFICACY#SECONDARY|CONFINED ADVOCATES
TALTZ_PSORIASIS|EPOCRATES_ALERT|EFFICACY#SECONDARY|APP
TALTZ_PSORIASIS|EPOCRATES_ALERT|EFFICACY#SECONDARY|PSORIATIC EXPLORERS
TALTZ_PSORIASIS|EPOCRATES_ALERT|EFFICACY#SECONDARY|PRACTICAL TREATERS
TALTZ_PSORIASIS|EPOCRATES_ALERT|EFFICACY#SECONDARY|NPP_NON_TARGET
TALTZ_PSORIASIS|EPOCRATES_ALERT|EFFICACY#RAPID_ONSET|NA
TALTZ_PSORIASIS|EPOCRATES_ALERT|EFFICACY#RAPID_ONSET|CONFINED ADVOCATES
TALTZ_PSORIASIS|EPOCRATES_ALERT|EFFICACY#RAPID_ONSET|APP
TALTZ_PSORIASIS|EPOCRATES_ALERT|EFFICACY#RAPID_ONSET|PSORIATIC EXPLORERS
TALTZ_PSORIASIS|EPOCRATES_ALERT|EFFICACY#RAPID_ONSET|PRACTICAL TREATERS
TALTZ_PSORIASIS|EPOCRATES_ALERT|EFFICACY#RAPID_ONSET|NPP_NON_TARGET
TALTZ_PSORIASIS|EPOCRATES_ALERT|EFFICACY#NOW_APPROVED|NA
TALTZ_PSORIASIS|EPOCRATES_ALERT|EFFICACY#NOW_APPROVED|CONFINED ADVOCATES
TALTZ_PSORIASIS|EPOCRATES_ALERT|EFFICACY#NOW_APPROVED|APP
TALTZ_PSORIASIS|EPOCRATES_ALERT|EFFICACY#NOW_APPROVED|PSORIATIC EXPLORERS
TALTZ_PSORIASIS|EPOCRATES_ALERT|EFFICACY#NOW_APPROVED|PRACTICAL TREATERS
TALTZ_PSORIASIS|EPOCRATES_ALERT|EFFICACY#NOW_APPROVED|NPP_NON_TARGET
TALTZ_PSORIASIS|EPOCRATES_ALERT|EFFICACY#NA|NA
TALTZ_PSORIASIS|EPOCRATES_ALERT|EFFICACY#NA|CONFINED ADVOCATES
TALTZ_PSORIASIS|EPOCRATES_ALERT|EFFICACY#NA|APP
TALTZ_PSORIASIS|EPOCRATES_ALERT|EFFICACY#NA|PSORIATIC EXPLORERS
TALTZ_PSORIASIS|EPOCRATES_ALERT|EFFICACY#NA|PRACTICAL TREATERS
TALTZ_PSORIASIS|EPOCRATES_ALERT|EFFICACY#NA|NPP_NON_TARGET
TALTZ_PSORIASIS|EPOCRATES_ALERT|EFFICACY#LONG_TERM|NA
TALTZ_PSORIASIS|EPOCRATES_ALERT|EFFICACY#LONG_TERM|CONFINED ADVOCATES
TALTZ_PSORIASIS|EPOCRATES_ALERT|EFFICACY#LONG_TERM|APP
TALTZ_PSORIASIS|EPOCRATES_ALERT|EFFICACY#LONG_TERM|PSORIATIC EXPLORERS
TALTZ_PSORIASIS|EPOCRATES_ALERT|EFFICACY#LONG_TERM|PRACTICAL TREATERS
TALTZ_PSORIASIS|EPOCRATES_ALERT|EFFICACY#LONG_TERM|NPP_NON_TARGET
TALTZ_PSORIASIS|EPOCRATES_ALERT|EASE_OF_ADMINISTRATION|NA
TALTZ_PSORIASIS|EPOCRATES_ALERT|EASE_OF_ADMINISTRATION|CONFINED ADVOCATES
TALTZ_PSORIASIS|EPOCRATES_ALERT|EASE_OF_ADMINISTRATION|APP
TALTZ_PSORIASIS|EPOCRATES_ALERT|EASE_OF_ADMINISTRATION|PSORIATIC EXPLORERS
TALTZ_PSORIASIS|EPOCRATES_ALERT|EASE_OF_ADMINISTRATION|PRACTICAL TREATERS
TALTZ_PSORIASIS|EPOCRATES_ALERT|EASE_OF_ADMINISTRATION|NPP_NON_TARGET
TALTZ_PSORIASIS|EPOCRATES_ALERT|DOSING|NA
TALTZ_PSORIASIS|EPOCRATES_ALERT|DOSING|CONFINED ADVOCATES
TALTZ_PSORIASIS|EPOCRATES_ALERT|DOSING|APP
TALTZ_PSORIASIS|EPOCRATES_ALERT|DOSING|PSORIATIC EXPLORERS
TALTZ_PSORIASIS|EPOCRATES_ALERT|DOSING|PRACTICAL TREATERS
TALTZ_PSORIASIS|EPOCRATES_ALERT|DOSING|NPP_NON_TARGET
TALTZ_PSORIASIS|EPOCRATES_ALERT|DISEASE_STATE|NA
TALTZ_PSORIASIS|EPOCRATES_ALERT|DISEASE_STATE|CONFINED ADVOCATES
TALTZ_PSORIASIS|EPOCRATES_ALERT|DISEASE_STATE|APP
TALTZ_PSORIASIS|EPOCRATES_ALERT|DISEASE_STATE|PSORIATIC EXPLORERS
TALTZ_PSORIASIS|EPOCRATES_ALERT|DISEASE_STATE|PRACTICAL TREATERS
TALTZ_PSORIASIS|EPOCRATES_ALERT|DISEASE_STATE|NPP_NON_TARGET
TALTZ_PSORIASIS|F2F_CALL|ACCESS_FORMULARY|NA
TALTZ_PSORIASIS|F2F_CALL|ACCESS_FORMULARY|CONFINED ADVOCATES
TALTZ_PSORIASIS|F2F_CALL|ACCESS_FORMULARY|APP
TALTZ_PSORIASIS|F2F_CALL|ACCESS_FORMULARY|PSORIATIC EXPLORERS
TALTZ_PSORIASIS|F2F_CALL|ACCESS_FORMULARY|PRACTICAL TREATERS
TALTZ_PSORIASIS|F2F_CALL|ACCESS_FORMULARY|NPP_NON_TARGET
TALTZ_PSORIASIS|F2F_CALL|UNMET_NEED|NA
TALTZ_PSORIASIS|F2F_CALL|UNMET_NEED|CONFINED ADVOCATES
TALTZ_PSORIASIS|F2F_CALL|UNMET_NEED|APP
TALTZ_PSORIASIS|F2F_CALL|UNMET_NEED|PSORIATIC EXPLORERS
TALTZ_PSORIASIS|F2F_CALL|UNMET_NEED|PRACTICAL TREATERS
TALTZ_PSORIASIS|F2F_CALL|UNMET_NEED|NPP_NON_TARGET
TALTZ_PSORIASIS|F2F_CALL|SAFETY#PSO_ADULTS|NA
TALTZ_PSORIASIS|F2F_CALL|SAFETY#PSO_ADULTS|CONFINED ADVOCATES
TALTZ_PSORIASIS|F2F_CALL|SAFETY#PSO_ADULTS|APP
TALTZ_PSORIASIS|F2F_CALL|SAFETY#PSO_ADULTS|PSORIATIC EXPLORERS
TALTZ_PSORIASIS|F2F_CALL|SAFETY#PSO_ADULTS|PRACTICAL TREATERS
TALTZ_PSORIASIS|F2F_CALL|SAFETY#PSO_ADULTS|NPP_NON_TARGET
TALTZ_PSORIASIS|F2F_CALL|SAFETY#LONG_TERM|NA
TALTZ_PSORIASIS|F2F_CALL|SAFETY#LONG_TERM|CONFINED ADVOCATES
TALTZ_PSORIASIS|F2F_CALL|SAFETY#LONG_TERM|APP
TALTZ_PSORIASIS|F2F_CALL|SAFETY#LONG_TERM|PSORIATIC EXPLORERS
TALTZ_PSORIASIS|F2F_CALL|SAFETY#LONG_TERM|PRACTICAL TREATERS
TALTZ_PSORIASIS|F2F_CALL|SAFETY#LONG_TERM|NPP_NON_TARGET
TALTZ_PSORIASIS|F2F_CALL|INITIATION|NA
TALTZ_PSORIASIS|F2F_CALL|INITIATION|CONFINED ADVOCATES
TALTZ_PSORIASIS|F2F_CALL|INITIATION|APP
TALTZ_PSORIASIS|F2F_CALL|INITIATION|PSORIATIC EXPLORERS
TALTZ_PSORIASIS|F2F_CALL|INITIATION|PRACTICAL TREATERS
TALTZ_PSORIASIS|F2F_CALL|INITIATION|NPP_NON_TARGET
TALTZ_PSORIASIS|F2F_CALL|GENERAL|NA
TALTZ_PSORIASIS|F2F_CALL|GENERAL|CONFINED ADVOCATES
TALTZ_PSORIASIS|F2F_CALL|GENERAL|APP
TALTZ_PSORIASIS|F2F_CALL|GENERAL|PSORIATIC EXPLORERS
TALTZ_PSORIASIS|F2F_CALL|GENERAL|PRACTICAL TREATERS
TALTZ_PSORIASIS|F2F_CALL|GENERAL|NPP_NON_TARGET
TALTZ_PSORIASIS|F2F_CALL|EFFICACY#STRUCTURE|NA
TALTZ_PSORIASIS|F2F_CALL|EFFICACY#STRUCTURE|CONFINED ADVOCATES
TALTZ_PSORIASIS|F2F_CALL|EFFICACY#STRUCTURE|APP
TALTZ_PSORIASIS|F2F_CALL|EFFICACY#STRUCTURE|PSORIATIC EXPLORERS
TALTZ_PSORIASIS|F2F_CALL|EFFICACY#STRUCTURE|PRACTICAL TREATERS
TALTZ_PSORIASIS|F2F_CALL|EFFICACY#STRUCTURE|NPP_NON_TARGET
TALTZ_PSORIASIS|F2F_CALL|EFFICACY#HEAD_TO_HEAD|NA
TALTZ_PSORIASIS|F2F_CALL|EFFICACY#HEAD_TO_HEAD|CONFINED ADVOCATES
TALTZ_PSORIASIS|F2F_CALL|EFFICACY#HEAD_TO_HEAD|APP
TALTZ_PSORIASIS|F2F_CALL|EFFICACY#HEAD_TO_HEAD|PSORIATIC EXPLORERS
TALTZ_PSORIASIS|F2F_CALL|EFFICACY#HEAD_TO_HEAD|PRACTICAL TREATERS
TALTZ_PSORIASIS|F2F_CALL|EFFICACY#HEAD_TO_HEAD|NPP_NON_TARGET
TALTZ_PSORIASIS|F2F_CALL|EFFICACY#CORE|NA
TALTZ_PSORIASIS|F2F_CALL|EFFICACY#CORE|CONFINED ADVOCATES
TALTZ_PSORIASIS|F2F_CALL|EFFICACY#CORE|APP
TALTZ_PSORIASIS|F2F_CALL|EFFICACY#CORE|PSORIATIC EXPLORERS
TALTZ_PSORIASIS|F2F_CALL|EFFICACY#CORE|PRACTICAL TREATERS
TALTZ_PSORIASIS|F2F_CALL|EFFICACY#CORE|NPP_NON_TARGET
TALTZ_PSORIASIS|F2F_CALL|DEVICE|NA
TALTZ_PSORIASIS|F2F_CALL|DEVICE|CONFINED ADVOCATES
TALTZ_PSORIASIS|F2F_CALL|DEVICE|APP
TALTZ_PSORIASIS|F2F_CALL|DEVICE|PSORIATIC EXPLORERS
TALTZ_PSORIASIS|F2F_CALL|DEVICE|PRACTICAL TREATERS
TALTZ_PSORIASIS|F2F_CALL|DEVICE|NPP_NON_TARGET
TALTZ_PSORIASIS|F2F_CALL|SAFETY#SIDE_EFFECTS|NA
TALTZ_PSORIASIS|F2F_CALL|SAFETY#SIDE_EFFECTS|CONFINED ADVOCATES
TALTZ_PSORIASIS|F2F_CALL|SAFETY#SIDE_EFFECTS|APP
TALTZ_PSORIASIS|F2F_CALL|SAFETY#SIDE_EFFECTS|PSORIATIC EXPLORERS
TALTZ_PSORIASIS|F2F_CALL|SAFETY#SIDE_EFFECTS|PRACTICAL TREATERS
TALTZ_PSORIASIS|F2F_CALL|SAFETY#SIDE_EFFECTS|NPP_NON_TARGET
TALTZ_PSORIASIS|F2F_CALL|SAFETY#NA|NA
TALTZ_PSORIASIS|F2F_CALL|SAFETY#NA|CONFINED ADVOCATES
TALTZ_PSORIASIS|F2F_CALL|SAFETY#NA|APP
TALTZ_PSORIASIS|F2F_CALL|SAFETY#NA|PSORIATIC EXPLORERS
TALTZ_PSORIASIS|F2F_CALL|SAFETY#NA|PRACTICAL TREATERS
TALTZ_PSORIASIS|F2F_CALL|SAFETY#NA|NPP_NON_TARGET
TALTZ_PSORIASIS|F2F_CALL|RESOURCES|NA
TALTZ_PSORIASIS|F2F_CALL|RESOURCES|CONFINED ADVOCATES
TALTZ_PSORIASIS|F2F_CALL|RESOURCES|APP
TALTZ_PSORIASIS|F2F_CALL|RESOURCES|PSORIATIC EXPLORERS
TALTZ_PSORIASIS|F2F_CALL|RESOURCES|PRACTICAL TREATERS
TALTZ_PSORIASIS|F2F_CALL|RESOURCES|NPP_NON_TARGET
TALTZ_PSORIASIS|F2F_CALL|PATIENT_TYPE_IDENTIFICATION|NA
TALTZ_PSORIASIS|F2F_CALL|PATIENT_TYPE_IDENTIFICATION|CONFINED ADVOCATES
TALTZ_PSORIASIS|F2F_CALL|PATIENT_TYPE_IDENTIFICATION|APP
TALTZ_PSORIASIS|F2F_CALL|PATIENT_TYPE_IDENTIFICATION|PSORIATIC EXPLORERS
TALTZ_PSORIASIS|F2F_CALL|PATIENT_TYPE_IDENTIFICATION|PRACTICAL TREATERS
TALTZ_PSORIASIS|F2F_CALL|PATIENT_TYPE_IDENTIFICATION|NPP_NON_TARGET
TALTZ_PSORIASIS|F2F_CALL|PATIENT_CUSTOMER_SUPPORT|NA
TALTZ_PSORIASIS|F2F_CALL|PATIENT_CUSTOMER_SUPPORT|CONFINED ADVOCATES
TALTZ_PSORIASIS|F2F_CALL|PATIENT_CUSTOMER_SUPPORT|APP
TALTZ_PSORIASIS|F2F_CALL|PATIENT_CUSTOMER_SUPPORT|PSORIATIC EXPLORERS
TALTZ_PSORIASIS|F2F_CALL|PATIENT_CUSTOMER_SUPPORT|PRACTICAL TREATERS
TALTZ_PSORIASIS|F2F_CALL|PATIENT_CUSTOMER_SUPPORT|NPP_NON_TARGET
TALTZ_PSORIASIS|F2F_CALL|PATIENT_AFFORDABILITY|NA
TALTZ_PSORIASIS|F2F_CALL|PATIENT_AFFORDABILITY|CONFINED ADVOCATES
TALTZ_PSORIASIS|F2F_CALL|PATIENT_AFFORDABILITY|APP
TALTZ_PSORIASIS|F2F_CALL|PATIENT_AFFORDABILITY|PSORIATIC EXPLORERS
TALTZ_PSORIASIS|F2F_CALL|PATIENT_AFFORDABILITY|PRACTICAL TREATERS
TALTZ_PSORIASIS|F2F_CALL|PATIENT_AFFORDABILITY|NPP_NON_TARGET
TALTZ_PSORIASIS|F2F_CALL|MOA|NA
TALTZ_PSORIASIS|F2F_CALL|MOA|CONFINED ADVOCATES
TALTZ_PSORIASIS|F2F_CALL|MOA|APP
TALTZ_PSORIASIS|F2F_CALL|MOA|PSORIATIC EXPLORERS
TALTZ_PSORIASIS|F2F_CALL|MOA|PRACTICAL TREATERS
TALTZ_PSORIASIS|F2F_CALL|MOA|NPP_NON_TARGET
TALTZ_PSORIASIS|F2F_CALL|EFFICACY#SECONDARY|NA
TALTZ_PSORIASIS|F2F_CALL|EFFICACY#SECONDARY|CONFINED ADVOCATES
TALTZ_PSORIASIS|F2F_CALL|EFFICACY#SECONDARY|APP
TALTZ_PSORIASIS|F2F_CALL|EFFICACY#SECONDARY|PSORIATIC EXPLORERS
TALTZ_PSORIASIS|F2F_CALL|EFFICACY#SECONDARY|PRACTICAL TREATERS
TALTZ_PSORIASIS|F2F_CALL|EFFICACY#SECONDARY|NPP_NON_TARGET
TALTZ_PSORIASIS|F2F_CALL|EFFICACY#RAPID_ONSET|NA
TALTZ_PSORIASIS|F2F_CALL|EFFICACY#RAPID_ONSET|CONFINED ADVOCATES
TALTZ_PSORIASIS|F2F_CALL|EFFICACY#RAPID_ONSET|APP
TALTZ_PSORIASIS|F2F_CALL|EFFICACY#RAPID_ONSET|PSORIATIC EXPLORERS
TALTZ_PSORIASIS|F2F_CALL|EFFICACY#RAPID_ONSET|PRACTICAL TREATERS
TALTZ_PSORIASIS|F2F_CALL|EFFICACY#RAPID_ONSET|NPP_NON_TARGET
TALTZ_PSORIASIS|F2F_CALL|EFFICACY#NOW_APPROVED|NA
TALTZ_PSORIASIS|F2F_CALL|EFFICACY#NOW_APPROVED|CONFINED ADVOCATES
TALTZ_PSORIASIS|F2F_CALL|EFFICACY#NOW_APPROVED|APP
TALTZ_PSORIASIS|F2F_CALL|EFFICACY#NOW_APPROVED|PSORIATIC EXPLORERS
TALTZ_PSORIASIS|F2F_CALL|EFFICACY#NOW_APPROVED|PRACTICAL TREATERS
TALTZ_PSORIASIS|F2F_CALL|EFFICACY#NOW_APPROVED|NPP_NON_TARGET
TALTZ_PSORIASIS|F2F_CALL|EFFICACY#NA|NA
TALTZ_PSORIASIS|F2F_CALL|EFFICACY#NA|CONFINED ADVOCATES
TALTZ_PSORIASIS|F2F_CALL|EFFICACY#NA|APP
TALTZ_PSORIASIS|F2F_CALL|EFFICACY#NA|PSORIATIC EXPLORERS
TALTZ_PSORIASIS|F2F_CALL|EFFICACY#NA|PRACTICAL TREATERS
TALTZ_PSORIASIS|F2F_CALL|EFFICACY#NA|NPP_NON_TARGET
TALTZ_PSORIASIS|F2F_CALL|EFFICACY#LONG_TERM|NA
TALTZ_PSORIASIS|F2F_CALL|EFFICACY#LONG_TERM|CONFINED ADVOCATES
TALTZ_PSORIASIS|F2F_CALL|EFFICACY#LONG_TERM|APP
TALTZ_PSORIASIS|F2F_CALL|EFFICACY#LONG_TERM|PSORIATIC EXPLORERS
TALTZ_PSORIASIS|F2F_CALL|EFFICACY#LONG_TERM|PRACTICAL TREATERS
TALTZ_PSORIASIS|F2F_CALL|EFFICACY#LONG_TERM|NPP_NON_TARGET
TALTZ_PSORIASIS|F2F_CALL|EASE_OF_ADMINISTRATION|NA
TALTZ_PSORIASIS|F2F_CALL|EASE_OF_ADMINISTRATION|CONFINED ADVOCATES
TALTZ_PSORIASIS|F2F_CALL|EASE_OF_ADMINISTRATION|APP
TALTZ_PSORIASIS|F2F_CALL|EASE_OF_ADMINISTRATION|PSORIATIC EXPLORERS
TALTZ_PSORIASIS|F2F_CALL|EASE_OF_ADMINISTRATION|PRACTICAL TREATERS
TALTZ_PSORIASIS|F2F_CALL|EASE_OF_ADMINISTRATION|NPP_NON_TARGET
TALTZ_PSORIASIS|F2F_CALL|DOSING|NA
TALTZ_PSORIASIS|F2F_CALL|DOSING|CONFINED ADVOCATES
TALTZ_PSORIASIS|F2F_CALL|DOSING|APP
TALTZ_PSORIASIS|F2F_CALL|DOSING|PSORIATIC EXPLORERS
TALTZ_PSORIASIS|F2F_CALL|DOSING|PRACTICAL TREATERS
TALTZ_PSORIASIS|F2F_CALL|DOSING|NPP_NON_TARGET
TALTZ_PSORIASIS|F2F_CALL|DISEASE_STATE|NA
TALTZ_PSORIASIS|F2F_CALL|DISEASE_STATE|CONFINED ADVOCATES
TALTZ_PSORIASIS|F2F_CALL|DISEASE_STATE|APP
TALTZ_PSORIASIS|F2F_CALL|DISEASE_STATE|PSORIATIC EXPLORERS
TALTZ_PSORIASIS|F2F_CALL|DISEASE_STATE|PRACTICAL TREATERS
TALTZ_PSORIASIS|F2F_CALL|DISEASE_STATE|NPP_NON_TARGET
TALTZ_PSORIASIS|HQ_EMAIL|ACCESS_FORMULARY|NA
TALTZ_PSORIASIS|HQ_EMAIL|ACCESS_FORMULARY|CONFINED ADVOCATES
TALTZ_PSORIASIS|HQ_EMAIL|ACCESS_FORMULARY|APP
TALTZ_PSORIASIS|HQ_EMAIL|ACCESS_FORMULARY|PSORIATIC EXPLORERS
TALTZ_PSORIASIS|HQ_EMAIL|ACCESS_FORMULARY|PRACTICAL TREATERS
TALTZ_PSORIASIS|HQ_EMAIL|ACCESS_FORMULARY|NPP_NON_TARGET
TALTZ_PSORIASIS|HQ_EMAIL|UNMET_NEED|NA
TALTZ_PSORIASIS|HQ_EMAIL|UNMET_NEED|CONFINED ADVOCATES
TALTZ_PSORIASIS|HQ_EMAIL|UNMET_NEED|APP
TALTZ_PSORIASIS|HQ_EMAIL|UNMET_NEED|PSORIATIC EXPLORERS
TALTZ_PSORIASIS|HQ_EMAIL|UNMET_NEED|PRACTICAL TREATERS
TALTZ_PSORIASIS|HQ_EMAIL|UNMET_NEED|NPP_NON_TARGET
TALTZ_PSORIASIS|HQ_EMAIL|SAFETY#PSO_ADULTS|NA
TALTZ_PSORIASIS|HQ_EMAIL|SAFETY#PSO_ADULTS|CONFINED ADVOCATES
TALTZ_PSORIASIS|HQ_EMAIL|SAFETY#PSO_ADULTS|APP
TALTZ_PSORIASIS|HQ_EMAIL|SAFETY#PSO_ADULTS|PSORIATIC EXPLORERS
TALTZ_PSORIASIS|HQ_EMAIL|SAFETY#PSO_ADULTS|PRACTICAL TREATERS
TALTZ_PSORIASIS|HQ_EMAIL|SAFETY#PSO_ADULTS|NPP_NON_TARGET
TALTZ_PSORIASIS|HQ_EMAIL|SAFETY#LONG_TERM|NA
TALTZ_PSORIASIS|HQ_EMAIL|SAFETY#LONG_TERM|CONFINED ADVOCATES
TALTZ_PSORIASIS|HQ_EMAIL|SAFETY#LONG_TERM|APP
TALTZ_PSORIASIS|HQ_EMAIL|SAFETY#LONG_TERM|PSORIATIC EXPLORERS
TALTZ_PSORIASIS|HQ_EMAIL|SAFETY#LONG_TERM|PRACTICAL TREATERS
TALTZ_PSORIASIS|HQ_EMAIL|SAFETY#LONG_TERM|NPP_NON_TARGET
TALTZ_PSORIASIS|HQ_EMAIL|INITIATION|NA
TALTZ_PSORIASIS|HQ_EMAIL|INITIATION|CONFINED ADVOCATES
TALTZ_PSORIASIS|HQ_EMAIL|INITIATION|APP
TALTZ_PSORIASIS|HQ_EMAIL|INITIATION|PSORIATIC EXPLORERS
TALTZ_PSORIASIS|HQ_EMAIL|INITIATION|PRACTICAL TREATERS
TALTZ_PSORIASIS|HQ_EMAIL|INITIATION|NPP_NON_TARGET
TALTZ_PSORIASIS|HQ_EMAIL|GENERAL|NA
TALTZ_PSORIASIS|HQ_EMAIL|GENERAL|CONFINED ADVOCATES
TALTZ_PSORIASIS|HQ_EMAIL|GENERAL|APP
TALTZ_PSORIASIS|HQ_EMAIL|GENERAL|PSORIATIC EXPLORERS
TALTZ_PSORIASIS|HQ_EMAIL|GENERAL|PRACTICAL TREATERS
TALTZ_PSORIASIS|HQ_EMAIL|GENERAL|NPP_NON_TARGET
TALTZ_PSORIASIS|HQ_EMAIL|EFFICACY#STRUCTURE|NA
TALTZ_PSORIASIS|HQ_EMAIL|EFFICACY#STRUCTURE|CONFINED ADVOCATES
TALTZ_PSORIASIS|HQ_EMAIL|EFFICACY#STRUCTURE|APP
TALTZ_PSORIASIS|HQ_EMAIL|EFFICACY#STRUCTURE|PSORIATIC EXPLORERS
TALTZ_PSORIASIS|HQ_EMAIL|EFFICACY#STRUCTURE|PRACTICAL TREATERS
TALTZ_PSORIASIS|HQ_EMAIL|EFFICACY#STRUCTURE|NPP_NON_TARGET
TALTZ_PSORIASIS|HQ_EMAIL|EFFICACY#HEAD_TO_HEAD|NA
TALTZ_PSORIASIS|HQ_EMAIL|EFFICACY#HEAD_TO_HEAD|CONFINED ADVOCATES
TALTZ_PSORIASIS|HQ_EMAIL|EFFICACY#HEAD_TO_HEAD|APP
TALTZ_PSORIASIS|HQ_EMAIL|EFFICACY#HEAD_TO_HEAD|PSORIATIC EXPLORERS
TALTZ_PSORIASIS|HQ_EMAIL|EFFICACY#HEAD_TO_HEAD|PRACTICAL TREATERS
TALTZ_PSORIASIS|HQ_EMAIL|EFFICACY#HEAD_TO_HEAD|NPP_NON_TARGET
TALTZ_PSORIASIS|HQ_EMAIL|EFFICACY#CORE|NA
TALTZ_PSORIASIS|HQ_EMAIL|EFFICACY#CORE|CONFINED ADVOCATES
TALTZ_PSORIASIS|HQ_EMAIL|EFFICACY#CORE|APP
TALTZ_PSORIASIS|HQ_EMAIL|EFFICACY#CORE|PSORIATIC EXPLORERS
TALTZ_PSORIASIS|HQ_EMAIL|EFFICACY#CORE|PRACTICAL TREATERS
TALTZ_PSORIASIS|HQ_EMAIL|EFFICACY#CORE|NPP_NON_TARGET
TALTZ_PSORIASIS|HQ_EMAIL|DEVICE|NA
TALTZ_PSORIASIS|HQ_EMAIL|DEVICE|CONFINED ADVOCATES
TALTZ_PSORIASIS|HQ_EMAIL|DEVICE|APP
TALTZ_PSORIASIS|HQ_EMAIL|DEVICE|PSORIATIC EXPLORERS
TALTZ_PSORIASIS|HQ_EMAIL|DEVICE|PRACTICAL TREATERS
TALTZ_PSORIASIS|HQ_EMAIL|DEVICE|NPP_NON_TARGET
TALTZ_PSORIASIS|HQ_EMAIL|SAFETY#SIDE_EFFECTS|NA
TALTZ_PSORIASIS|HQ_EMAIL|SAFETY#SIDE_EFFECTS|CONFINED ADVOCATES
TALTZ_PSORIASIS|HQ_EMAIL|SAFETY#SIDE_EFFECTS|APP
TALTZ_PSORIASIS|HQ_EMAIL|SAFETY#SIDE_EFFECTS|PSORIATIC EXPLORERS
TALTZ_PSORIASIS|HQ_EMAIL|SAFETY#SIDE_EFFECTS|PRACTICAL TREATERS
TALTZ_PSORIASIS|HQ_EMAIL|SAFETY#SIDE_EFFECTS|NPP_NON_TARGET
TALTZ_PSORIASIS|HQ_EMAIL|SAFETY#NA|NA
TALTZ_PSORIASIS|HQ_EMAIL|SAFETY#NA|CONFINED ADVOCATES
TALTZ_PSORIASIS|HQ_EMAIL|SAFETY#NA|APP
TALTZ_PSORIASIS|HQ_EMAIL|SAFETY#NA|PSORIATIC EXPLORERS
TALTZ_PSORIASIS|HQ_EMAIL|SAFETY#NA|PRACTICAL TREATERS
TALTZ_PSORIASIS|HQ_EMAIL|SAFETY#NA|NPP_NON_TARGET
TALTZ_PSORIASIS|HQ_EMAIL|RESOURCES|NA
TALTZ_PSORIASIS|HQ_EMAIL|RESOURCES|CONFINED ADVOCATES
TALTZ_PSORIASIS|HQ_EMAIL|RESOURCES|APP
TALTZ_PSORIASIS|HQ_EMAIL|RESOURCES|PSORIATIC EXPLORERS
TALTZ_PSORIASIS|HQ_EMAIL|RESOURCES|PRACTICAL TREATERS
TALTZ_PSORIASIS|HQ_EMAIL|RESOURCES|NPP_NON_TARGET
TALTZ_PSORIASIS|HQ_EMAIL|PATIENT_TYPE_IDENTIFICATION|NA
TALTZ_PSORIASIS|HQ_EMAIL|PATIENT_TYPE_IDENTIFICATION|CONFINED ADVOCATES
TALTZ_PSORIASIS|HQ_EMAIL|PATIENT_TYPE_IDENTIFICATION|APP
TALTZ_PSORIASIS|HQ_EMAIL|PATIENT_TYPE_IDENTIFICATION|PSORIATIC EXPLORERS
TALTZ_PSORIASIS|HQ_EMAIL|PATIENT_TYPE_IDENTIFICATION|PRACTICAL TREATERS
TALTZ_PSORIASIS|HQ_EMAIL|PATIENT_TYPE_IDENTIFICATION|NPP_NON_TARGET
TALTZ_PSORIASIS|HQ_EMAIL|PATIENT_CUSTOMER_SUPPORT|NA
TALTZ_PSORIASIS|HQ_EMAIL|PATIENT_CUSTOMER_SUPPORT|CONFINED ADVOCATES
TALTZ_PSORIASIS|HQ_EMAIL|PATIENT_CUSTOMER_SUPPORT|APP
TALTZ_PSORIASIS|HQ_EMAIL|PATIENT_CUSTOMER_SUPPORT|PSORIATIC EXPLORERS
TALTZ_PSORIASIS|HQ_EMAIL|PATIENT_CUSTOMER_SUPPORT|PRACTICAL TREATERS
TALTZ_PSORIASIS|HQ_EMAIL|PATIENT_CUSTOMER_SUPPORT|NPP_NON_TARGET
TALTZ_PSORIASIS|HQ_EMAIL|PATIENT_AFFORDABILITY|NA
TALTZ_PSORIASIS|HQ_EMAIL|PATIENT_AFFORDABILITY|CONFINED ADVOCATES
TALTZ_PSORIASIS|HQ_EMAIL|PATIENT_AFFORDABILITY|APP
TALTZ_PSORIASIS|HQ_EMAIL|PATIENT_AFFORDABILITY|PSORIATIC EXPLORERS
TALTZ_PSORIASIS|HQ_EMAIL|PATIENT_AFFORDABILITY|PRACTICAL TREATERS
TALTZ_PSORIASIS|HQ_EMAIL|PATIENT_AFFORDABILITY|NPP_NON_TARGET
TALTZ_PSORIASIS|HQ_EMAIL|MOA|NA
TALTZ_PSORIASIS|HQ_EMAIL|MOA|CONFINED ADVOCATES
TALTZ_PSORIASIS|HQ_EMAIL|MOA|APP
TALTZ_PSORIASIS|HQ_EMAIL|MOA|PSORIATIC EXPLORERS
TALTZ_PSORIASIS|HQ_EMAIL|MOA|PRACTICAL TREATERS
TALTZ_PSORIASIS|HQ_EMAIL|MOA|NPP_NON_TARGET
TALTZ_PSORIASIS|HQ_EMAIL|EFFICACY#SECONDARY|NA
TALTZ_PSORIASIS|HQ_EMAIL|EFFICACY#SECONDARY|CONFINED ADVOCATES
TALTZ_PSORIASIS|HQ_EMAIL|EFFICACY#SECONDARY|APP
TALTZ_PSORIASIS|HQ_EMAIL|EFFICACY#SECONDARY|PSORIATIC EXPLORERS
TALTZ_PSORIASIS|HQ_EMAIL|EFFICACY#SECONDARY|PRACTICAL TREATERS
TALTZ_PSORIASIS|HQ_EMAIL|EFFICACY#SECONDARY|NPP_NON_TARGET
TALTZ_PSORIASIS|HQ_EMAIL|EFFICACY#RAPID_ONSET|NA
TALTZ_PSORIASIS|HQ_EMAIL|EFFICACY#RAPID_ONSET|CONFINED ADVOCATES
TALTZ_PSORIASIS|HQ_EMAIL|EFFICACY#RAPID_ONSET|APP
TALTZ_PSORIASIS|HQ_EMAIL|EFFICACY#RAPID_ONSET|PSORIATIC EXPLORERS
TALTZ_PSORIASIS|HQ_EMAIL|EFFICACY#RAPID_ONSET|PRACTICAL TREATERS
TALTZ_PSORIASIS|HQ_EMAIL|EFFICACY#RAPID_ONSET|NPP_NON_TARGET
TALTZ_PSORIASIS|HQ_EMAIL|EFFICACY#NOW_APPROVED|NA
TALTZ_PSORIASIS|HQ_EMAIL|EFFICACY#NOW_APPROVED|CONFINED ADVOCATES
TALTZ_PSORIASIS|HQ_EMAIL|EFFICACY#NOW_APPROVED|APP
TALTZ_PSORIASIS|HQ_EMAIL|EFFICACY#NOW_APPROVED|PSORIATIC EXPLORERS
TALTZ_PSORIASIS|HQ_EMAIL|EFFICACY#NOW_APPROVED|PRACTICAL TREATERS
TALTZ_PSORIASIS|HQ_EMAIL|EFFICACY#NOW_APPROVED|NPP_NON_TARGET
TALTZ_PSORIASIS|HQ_EMAIL|EFFICACY#NA|NA
TALTZ_PSORIASIS|HQ_EMAIL|EFFICACY#NA|CONFINED ADVOCATES
TALTZ_PSORIASIS|HQ_EMAIL|EFFICACY#NA|APP
TALTZ_PSORIASIS|HQ_EMAIL|EFFICACY#NA|PSORIATIC EXPLORERS
TALTZ_PSORIASIS|HQ_EMAIL|EFFICACY#NA|PRACTICAL TREATERS
TALTZ_PSORIASIS|HQ_EMAIL|EFFICACY#NA|NPP_NON_TARGET
TALTZ_PSORIASIS|HQ_EMAIL|EFFICACY#LONG_TERM|NA
TALTZ_PSORIASIS|HQ_EMAIL|EFFICACY#LONG_TERM|CONFINED ADVOCATES
TALTZ_PSORIASIS|HQ_EMAIL|EFFICACY#LONG_TERM|APP
TALTZ_PSORIASIS|HQ_EMAIL|EFFICACY#LONG_TERM|PSORIATIC EXPLORERS
TALTZ_PSORIASIS|HQ_EMAIL|EFFICACY#LONG_TERM|PRACTICAL TREATERS
TALTZ_PSORIASIS|HQ_EMAIL|EFFICACY#LONG_TERM|NPP_NON_TARGET
TALTZ_PSORIASIS|HQ_EMAIL|EASE_OF_ADMINISTRATION|NA
TALTZ_PSORIASIS|HQ_EMAIL|EASE_OF_ADMINISTRATION|CONFINED ADVOCATES
TALTZ_PSORIASIS|HQ_EMAIL|EASE_OF_ADMINISTRATION|APP
TALTZ_PSORIASIS|HQ_EMAIL|EASE_OF_ADMINISTRATION|PSORIATIC EXPLORERS
TALTZ_PSORIASIS|HQ_EMAIL|EASE_OF_ADMINISTRATION|PRACTICAL TREATERS
TALTZ_PSORIASIS|HQ_EMAIL|EASE_OF_ADMINISTRATION|NPP_NON_TARGET
TALTZ_PSORIASIS|HQ_EMAIL|DOSING|NA
TALTZ_PSORIASIS|HQ_EMAIL|DOSING|CONFINED ADVOCATES
TALTZ_PSORIASIS|HQ_EMAIL|DOSING|APP
TALTZ_PSORIASIS|HQ_EMAIL|DOSING|PSORIATIC EXPLORERS
TALTZ_PSORIASIS|HQ_EMAIL|DOSING|PRACTICAL TREATERS
TALTZ_PSORIASIS|HQ_EMAIL|DOSING|NPP_NON_TARGET
TALTZ_PSORIASIS|HQ_EMAIL|DISEASE_STATE|NA
TALTZ_PSORIASIS|HQ_EMAIL|DISEASE_STATE|CONFINED ADVOCATES
TALTZ_PSORIASIS|HQ_EMAIL|DISEASE_STATE|APP
TALTZ_PSORIASIS|HQ_EMAIL|DISEASE_STATE|PSORIATIC EXPLORERS
TALTZ_PSORIASIS|HQ_EMAIL|DISEASE_STATE|PRACTICAL TREATERS
TALTZ_PSORIASIS|HQ_EMAIL|DISEASE_STATE|NPP_NON_TARGET
TALTZ_PSORIASIS|MEDSCAPE_EMAIL|ACCESS_FORMULARY|NA
TALTZ_PSORIASIS|MEDSCAPE_EMAIL|ACCESS_FORMULARY|CONFINED ADVOCATES
TALTZ_PSORIASIS|MEDSCAPE_EMAIL|ACCESS_FORMULARY|APP
TALTZ_PSORIASIS|MEDSCAPE_EMAIL|ACCESS_FORMULARY|PSORIATIC EXPLORERS
TALTZ_PSORIASIS|MEDSCAPE_EMAIL|ACCESS_FORMULARY|PRACTICAL TREATERS
TALTZ_PSORIASIS|MEDSCAPE_EMAIL|ACCESS_FORMULARY|NPP_NON_TARGET
TALTZ_PSORIASIS|MEDSCAPE_EMAIL|UNMET_NEED|NA
TALTZ_PSORIASIS|MEDSCAPE_EMAIL|UNMET_NEED|CONFINED ADVOCATES
TALTZ_PSORIASIS|MEDSCAPE_EMAIL|UNMET_NEED|APP
TALTZ_PSORIASIS|MEDSCAPE_EMAIL|UNMET_NEED|PSORIATIC EXPLORERS
TALTZ_PSORIASIS|MEDSCAPE_EMAIL|UNMET_NEED|PRACTICAL TREATERS
TALTZ_PSORIASIS|MEDSCAPE_EMAIL|UNMET_NEED|NPP_NON_TARGET
TALTZ_PSORIASIS|MEDSCAPE_EMAIL|SAFETY#PSO_ADULTS|NA
TALTZ_PSORIASIS|MEDSCAPE_EMAIL|SAFETY#PSO_ADULTS|CONFINED ADVOCATES
TALTZ_PSORIASIS|MEDSCAPE_EMAIL|SAFETY#PSO_ADULTS|APP
TALTZ_PSORIASIS|MEDSCAPE_EMAIL|SAFETY#PSO_ADULTS|PSORIATIC EXPLORERS
TALTZ_PSORIASIS|MEDSCAPE_EMAIL|SAFETY#PSO_ADULTS|PRACTICAL TREATERS
TALTZ_PSORIASIS|MEDSCAPE_EMAIL|SAFETY#PSO_ADULTS|NPP_NON_TARGET
TALTZ_PSORIASIS|MEDSCAPE_EMAIL|SAFETY#LONG_TERM|NA
TALTZ_PSORIASIS|MEDSCAPE_EMAIL|SAFETY#LONG_TERM|CONFINED ADVOCATES
TALTZ_PSORIASIS|MEDSCAPE_EMAIL|SAFETY#LONG_TERM|APP
TALTZ_PSORIASIS|MEDSCAPE_EMAIL|SAFETY#LONG_TERM|PSORIATIC EXPLORERS
TALTZ_PSORIASIS|MEDSCAPE_EMAIL|SAFETY#LONG_TERM|PRACTICAL TREATERS
TALTZ_PSORIASIS|MEDSCAPE_EMAIL|SAFETY#LONG_TERM|NPP_NON_TARGET
TALTZ_PSORIASIS|MEDSCAPE_EMAIL|INITIATION|NA
TALTZ_PSORIASIS|MEDSCAPE_EMAIL|INITIATION|CONFINED ADVOCATES
TALTZ_PSORIASIS|MEDSCAPE_EMAIL|INITIATION|APP
TALTZ_PSORIASIS|MEDSCAPE_EMAIL|INITIATION|PSORIATIC EXPLORERS
TALTZ_PSORIASIS|MEDSCAPE_EMAIL|INITIATION|PRACTICAL TREATERS
TALTZ_PSORIASIS|MEDSCAPE_EMAIL|INITIATION|NPP_NON_TARGET
TALTZ_PSORIASIS|MEDSCAPE_EMAIL|GENERAL|NA
TALTZ_PSORIASIS|MEDSCAPE_EMAIL|GENERAL|CONFINED ADVOCATES
TALTZ_PSORIASIS|MEDSCAPE_EMAIL|GENERAL|APP
TALTZ_PSORIASIS|MEDSCAPE_EMAIL|GENERAL|PSORIATIC EXPLORERS
TALTZ_PSORIASIS|MEDSCAPE_EMAIL|GENERAL|PRACTICAL TREATERS
TALTZ_PSORIASIS|MEDSCAPE_EMAIL|GENERAL|NPP_NON_TARGET
TALTZ_PSORIASIS|MEDSCAPE_EMAIL|EFFICACY#STRUCTURE|NA
TALTZ_PSORIASIS|MEDSCAPE_EMAIL|EFFICACY#STRUCTURE|CONFINED ADVOCATES
TALTZ_PSORIASIS|MEDSCAPE_EMAIL|EFFICACY#STRUCTURE|APP
TALTZ_PSORIASIS|MEDSCAPE_EMAIL|EFFICACY#STRUCTURE|PSORIATIC EXPLORERS
TALTZ_PSORIASIS|MEDSCAPE_EMAIL|EFFICACY#STRUCTURE|PRACTICAL TREATERS
TALTZ_PSORIASIS|MEDSCAPE_EMAIL|EFFICACY#STRUCTURE|NPP_NON_TARGET
TALTZ_PSORIASIS|MEDSCAPE_EMAIL|EFFICACY#HEAD_TO_HEAD|NA
TALTZ_PSORIASIS|MEDSCAPE_EMAIL|EFFICACY#HEAD_TO_HEAD|CONFINED ADVOCATES
TALTZ_PSORIASIS|MEDSCAPE_EMAIL|EFFICACY#HEAD_TO_HEAD|APP
TALTZ_PSORIASIS|MEDSCAPE_EMAIL|EFFICACY#HEAD_TO_HEAD|PSORIATIC EXPLORERS
TALTZ_PSORIASIS|MEDSCAPE_EMAIL|EFFICACY#HEAD_TO_HEAD|PRACTICAL TREATERS
TALTZ_PSORIASIS|MEDSCAPE_EMAIL|EFFICACY#HEAD_TO_HEAD|NPP_NON_TARGET
TALTZ_PSORIASIS|MEDSCAPE_EMAIL|EFFICACY#CORE|NA
TALTZ_PSORIASIS|MEDSCAPE_EMAIL|EFFICACY#CORE|CONFINED ADVOCATES
TALTZ_PSORIASIS|MEDSCAPE_EMAIL|EFFICACY#CORE|APP
TALTZ_PSORIASIS|MEDSCAPE_EMAIL|EFFICACY#CORE|PSORIATIC EXPLORERS
TALTZ_PSORIASIS|MEDSCAPE_EMAIL|EFFICACY#CORE|PRACTICAL TREATERS
TALTZ_PSORIASIS|MEDSCAPE_EMAIL|EFFICACY#CORE|NPP_NON_TARGET
TALTZ_PSORIASIS|MEDSCAPE_EMAIL|DEVICE|NA
TALTZ_PSORIASIS|MEDSCAPE_EMAIL|DEVICE|CONFINED ADVOCATES
TALTZ_PSORIASIS|MEDSCAPE_EMAIL|DEVICE|APP
TALTZ_PSORIASIS|MEDSCAPE_EMAIL|DEVICE|PSORIATIC EXPLORERS
TALTZ_PSORIASIS|MEDSCAPE_EMAIL|DEVICE|PRACTICAL TREATERS
TALTZ_PSORIASIS|MEDSCAPE_EMAIL|DEVICE|NPP_NON_TARGET
TALTZ_PSORIASIS|MEDSCAPE_EMAIL|SAFETY#SIDE_EFFECTS|NA
TALTZ_PSORIASIS|MEDSCAPE_EMAIL|SAFETY#SIDE_EFFECTS|CONFINED ADVOCATES
TALTZ_PSORIASIS|MEDSCAPE_EMAIL|SAFETY#SIDE_EFFECTS|APP
TALTZ_PSORIASIS|MEDSCAPE_EMAIL|SAFETY#SIDE_EFFECTS|PSORIATIC EXPLORERS
TALTZ_PSORIASIS|MEDSCAPE_EMAIL|SAFETY#SIDE_EFFECTS|PRACTICAL TREATERS
TALTZ_PSORIASIS|MEDSCAPE_EMAIL|SAFETY#SIDE_EFFECTS|NPP_NON_TARGET
TALTZ_PSORIASIS|MEDSCAPE_EMAIL|SAFETY#NA|NA
TALTZ_PSORIASIS|MEDSCAPE_EMAIL|SAFETY#NA|CONFINED ADVOCATES
TALTZ_PSORIASIS|MEDSCAPE_EMAIL|SAFETY#NA|APP
TALTZ_PSORIASIS|MEDSCAPE_EMAIL|SAFETY#NA|PSORIATIC EXPLORERS
TALTZ_PSORIASIS|MEDSCAPE_EMAIL|SAFETY#NA|PRACTICAL TREATERS
TALTZ_PSORIASIS|MEDSCAPE_EMAIL|SAFETY#NA|NPP_NON_TARGET
TALTZ_PSORIASIS|MEDSCAPE_EMAIL|RESOURCES|NA
TALTZ_PSORIASIS|MEDSCAPE_EMAIL|RESOURCES|CONFINED ADVOCATES
TALTZ_PSORIASIS|MEDSCAPE_EMAIL|RESOURCES|APP
TALTZ_PSORIASIS|MEDSCAPE_EMAIL|RESOURCES|PSORIATIC EXPLORERS
TALTZ_PSORIASIS|MEDSCAPE_EMAIL|RESOURCES|PRACTICAL TREATERS
TALTZ_PSORIASIS|MEDSCAPE_EMAIL|RESOURCES|NPP_NON_TARGET
TALTZ_PSORIASIS|MEDSCAPE_EMAIL|PATIENT_TYPE_IDENTIFICATION|NA
TALTZ_PSORIASIS|MEDSCAPE_EMAIL|PATIENT_TYPE_IDENTIFICATION|CONFINED ADVOCATES
TALTZ_PSORIASIS|MEDSCAPE_EMAIL|PATIENT_TYPE_IDENTIFICATION|APP
TALTZ_PSORIASIS|MEDSCAPE_EMAIL|PATIENT_TYPE_IDENTIFICATION|PSORIATIC EXPLORERS
TALTZ_PSORIASIS|MEDSCAPE_EMAIL|PATIENT_TYPE_IDENTIFICATION|PRACTICAL TREATERS
TALTZ_PSORIASIS|MEDSCAPE_EMAIL|PATIENT_TYPE_IDENTIFICATION|NPP_NON_TARGET
TALTZ_PSORIASIS|MEDSCAPE_EMAIL|PATIENT_CUSTOMER_SUPPORT|NA
TALTZ_PSORIASIS|MEDSCAPE_EMAIL|PATIENT_CUSTOMER_SUPPORT|CONFINED ADVOCATES
TALTZ_PSORIASIS|MEDSCAPE_EMAIL|PATIENT_CUSTOMER_SUPPORT|APP
TALTZ_PSORIASIS|MEDSCAPE_EMAIL|PATIENT_CUSTOMER_SUPPORT|PSORIATIC EXPLORERS
TALTZ_PSORIASIS|MEDSCAPE_EMAIL|PATIENT_CUSTOMER_SUPPORT|PRACTICAL TREATERS
TALTZ_PSORIASIS|MEDSCAPE_EMAIL|PATIENT_CUSTOMER_SUPPORT|NPP_NON_TARGET
TALTZ_PSORIASIS|MEDSCAPE_EMAIL|PATIENT_AFFORDABILITY|NA
TALTZ_PSORIASIS|MEDSCAPE_EMAIL|PATIENT_AFFORDABILITY|CONFINED ADVOCATES
TALTZ_PSORIASIS|MEDSCAPE_EMAIL|PATIENT_AFFORDABILITY|APP
TALTZ_PSORIASIS|MEDSCAPE_EMAIL|PATIENT_AFFORDABILITY|PSORIATIC EXPLORERS
TALTZ_PSORIASIS|MEDSCAPE_EMAIL|PATIENT_AFFORDABILITY|PRACTICAL TREATERS
TALTZ_PSORIASIS|MEDSCAPE_EMAIL|PATIENT_AFFORDABILITY|NPP_NON_TARGET
TALTZ_PSORIASIS|MEDSCAPE_EMAIL|MOA|NA
TALTZ_PSORIASIS|MEDSCAPE_EMAIL|MOA|CONFINED ADVOCATES
TALTZ_PSORIASIS|MEDSCAPE_EMAIL|MOA|APP
TALTZ_PSORIASIS|MEDSCAPE_EMAIL|MOA|PSORIATIC EXPLORERS
TALTZ_PSORIASIS|MEDSCAPE_EMAIL|MOA|PRACTICAL TREATERS
TALTZ_PSORIASIS|MEDSCAPE_EMAIL|MOA|NPP_NON_TARGET
TALTZ_PSORIASIS|MEDSCAPE_EMAIL|EFFICACY#SECONDARY|NA
TALTZ_PSORIASIS|MEDSCAPE_EMAIL|EFFICACY#SECONDARY|CONFINED ADVOCATES
TALTZ_PSORIASIS|MEDSCAPE_EMAIL|EFFICACY#SECONDARY|APP
TALTZ_PSORIASIS|MEDSCAPE_EMAIL|EFFICACY#SECONDARY|PSORIATIC EXPLORERS
TALTZ_PSORIASIS|MEDSCAPE_EMAIL|EFFICACY#SECONDARY|PRACTICAL TREATERS
TALTZ_PSORIASIS|MEDSCAPE_EMAIL|EFFICACY#SECONDARY|NPP_NON_TARGET
TALTZ_PSORIASIS|MEDSCAPE_EMAIL|EFFICACY#RAPID_ONSET|NA
TALTZ_PSORIASIS|MEDSCAPE_EMAIL|EFFICACY#RAPID_ONSET|CONFINED ADVOCATES
TALTZ_PSORIASIS|MEDSCAPE_EMAIL|EFFICACY#RAPID_ONSET|APP
TALTZ_PSORIASIS|MEDSCAPE_EMAIL|EFFICACY#RAPID_ONSET|PSORIATIC EXPLORERS
TALTZ_PSORIASIS|MEDSCAPE_EMAIL|EFFICACY#RAPID_ONSET|PRACTICAL TREATERS
TALTZ_PSORIASIS|MEDSCAPE_EMAIL|EFFICACY#RAPID_ONSET|NPP_NON_TARGET
TALTZ_PSORIASIS|MEDSCAPE_EMAIL|EFFICACY#NOW_APPROVED|NA
TALTZ_PSORIASIS|MEDSCAPE_EMAIL|EFFICACY#NOW_APPROVED|CONFINED ADVOCATES
TALTZ_PSORIASIS|MEDSCAPE_EMAIL|EFFICACY#NOW_APPROVED|APP
TALTZ_PSORIASIS|MEDSCAPE_EMAIL|EFFICACY#NOW_APPROVED|PSORIATIC EXPLORERS
TALTZ_PSORIASIS|MEDSCAPE_EMAIL|EFFICACY#NOW_APPROVED|PRACTICAL TREATERS
TALTZ_PSORIASIS|MEDSCAPE_EMAIL|EFFICACY#NOW_APPROVED|NPP_NON_TARGET
TALTZ_PSORIASIS|MEDSCAPE_EMAIL|EFFICACY#NA|NA
TALTZ_PSORIASIS|MEDSCAPE_EMAIL|EFFICACY#NA|CONFINED ADVOCATES
TALTZ_PSORIASIS|MEDSCAPE_EMAIL|EFFICACY#NA|APP
TALTZ_PSORIASIS|MEDSCAPE_EMAIL|EFFICACY#NA|PSORIATIC EXPLORERS
TALTZ_PSORIASIS|MEDSCAPE_EMAIL|EFFICACY#NA|PRACTICAL TREATERS
TALTZ_PSORIASIS|MEDSCAPE_EMAIL|EFFICACY#NA|NPP_NON_TARGET
TALTZ_PSORIASIS|MEDSCAPE_EMAIL|EFFICACY#LONG_TERM|NA
TALTZ_PSORIASIS|MEDSCAPE_EMAIL|EFFICACY#LONG_TERM|CONFINED ADVOCATES
TALTZ_PSORIASIS|MEDSCAPE_EMAIL|EFFICACY#LONG_TERM|APP
TALTZ_PSORIASIS|MEDSCAPE_EMAIL|EFFICACY#LONG_TERM|PSORIATIC EXPLORERS
TALTZ_PSORIASIS|MEDSCAPE_EMAIL|EFFICACY#LONG_TERM|PRACTICAL TREATERS
TALTZ_PSORIASIS|MEDSCAPE_EMAIL|EFFICACY#LONG_TERM|NPP_NON_TARGET
TALTZ_PSORIASIS|MEDSCAPE_EMAIL|EASE_OF_ADMINISTRATION|NA
TALTZ_PSORIASIS|MEDSCAPE_EMAIL|EASE_OF_ADMINISTRATION|CONFINED ADVOCATES
TALTZ_PSORIASIS|MEDSCAPE_EMAIL|EASE_OF_ADMINISTRATION|APP
TALTZ_PSORIASIS|MEDSCAPE_EMAIL|EASE_OF_ADMINISTRATION|PSORIATIC EXPLORERS
TALTZ_PSORIASIS|MEDSCAPE_EMAIL|EASE_OF_ADMINISTRATION|PRACTICAL TREATERS
TALTZ_PSORIASIS|MEDSCAPE_EMAIL|EASE_OF_ADMINISTRATION|NPP_NON_TARGET
TALTZ_PSORIASIS|MEDSCAPE_EMAIL|DOSING|NA
TALTZ_PSORIASIS|MEDSCAPE_EMAIL|DOSING|CONFINED ADVOCATES
TALTZ_PSORIASIS|MEDSCAPE_EMAIL|DOSING|APP
TALTZ_PSORIASIS|MEDSCAPE_EMAIL|DOSING|PSORIATIC EXPLORERS
TALTZ_PSORIASIS|MEDSCAPE_EMAIL|DOSING|PRACTICAL TREATERS
TALTZ_PSORIASIS|MEDSCAPE_EMAIL|DOSING|NPP_NON_TARGET
TALTZ_PSORIASIS|MEDSCAPE_EMAIL|DISEASE_STATE|NA
TALTZ_PSORIASIS|MEDSCAPE_EMAIL|DISEASE_STATE|CONFINED ADVOCATES
TALTZ_PSORIASIS|MEDSCAPE_EMAIL|DISEASE_STATE|APP
TALTZ_PSORIASIS|MEDSCAPE_EMAIL|DISEASE_STATE|PSORIATIC EXPLORERS
TALTZ_PSORIASIS|MEDSCAPE_EMAIL|DISEASE_STATE|PRACTICAL TREATERS
TALTZ_PSORIASIS|MEDSCAPE_EMAIL|DISEASE_STATE|NPP_NON_TARGET
TALTZ_PSORIASIS|NUMEDIS_MDMINUTE|ACCESS_FORMULARY|NA
TALTZ_PSORIASIS|NUMEDIS_MDMINUTE|ACCESS_FORMULARY|CONFINED ADVOCATES
TALTZ_PSORIASIS|NUMEDIS_MDMINUTE|ACCESS_FORMULARY|APP
TALTZ_PSORIASIS|NUMEDIS_MDMINUTE|ACCESS_FORMULARY|PSORIATIC EXPLORERS
TALTZ_PSORIASIS|NUMEDIS_MDMINUTE|ACCESS_FORMULARY|PRACTICAL TREATERS
TALTZ_PSORIASIS|NUMEDIS_MDMINUTE|ACCESS_FORMULARY|NPP_NON_TARGET
TALTZ_PSORIASIS|NUMEDIS_MDMINUTE|UNMET_NEED|NA
TALTZ_PSORIASIS|NUMEDIS_MDMINUTE|UNMET_NEED|CONFINED ADVOCATES
TALTZ_PSORIASIS|NUMEDIS_MDMINUTE|UNMET_NEED|APP
TALTZ_PSORIASIS|NUMEDIS_MDMINUTE|UNMET_NEED|PSORIATIC EXPLORERS
TALTZ_PSORIASIS|NUMEDIS_MDMINUTE|UNMET_NEED|PRACTICAL TREATERS
TALTZ_PSORIASIS|NUMEDIS_MDMINUTE|UNMET_NEED|NPP_NON_TARGET
TALTZ_PSORIASIS|NUMEDIS_MDMINUTE|SAFETY#PSO_ADULTS|NA
TALTZ_PSORIASIS|NUMEDIS_MDMINUTE|SAFETY#PSO_ADULTS|CONFINED ADVOCATES
TALTZ_PSORIASIS|NUMEDIS_MDMINUTE|SAFETY#PSO_ADULTS|APP
TALTZ_PSORIASIS|NUMEDIS_MDMINUTE|SAFETY#PSO_ADULTS|PSORIATIC EXPLORERS
TALTZ_PSORIASIS|NUMEDIS_MDMINUTE|SAFETY#PSO_ADULTS|PRACTICAL TREATERS
TALTZ_PSORIASIS|NUMEDIS_MDMINUTE|SAFETY#PSO_ADULTS|NPP_NON_TARGET
TALTZ_PSORIASIS|NUMEDIS_MDMINUTE|SAFETY#LONG_TERM|NA
TALTZ_PSORIASIS|NUMEDIS_MDMINUTE|SAFETY#LONG_TERM|CONFINED ADVOCATES
TALTZ_PSORIASIS|NUMEDIS_MDMINUTE|SAFETY#LONG_TERM|APP
TALTZ_PSORIASIS|NUMEDIS_MDMINUTE|SAFETY#LONG_TERM|PSORIATIC EXPLORERS
TALTZ_PSORIASIS|NUMEDIS_MDMINUTE|SAFETY#LONG_TERM|PRACTICAL TREATERS
TALTZ_PSORIASIS|NUMEDIS_MDMINUTE|SAFETY#LONG_TERM|NPP_NON_TARGET
TALTZ_PSORIASIS|NUMEDIS_MDMINUTE|INITIATION|NA
TALTZ_PSORIASIS|NUMEDIS_MDMINUTE|INITIATION|CONFINED ADVOCATES
TALTZ_PSORIASIS|NUMEDIS_MDMINUTE|INITIATION|APP
TALTZ_PSORIASIS|NUMEDIS_MDMINUTE|INITIATION|PSORIATIC EXPLORERS
TALTZ_PSORIASIS|NUMEDIS_MDMINUTE|INITIATION|PRACTICAL TREATERS
TALTZ_PSORIASIS|NUMEDIS_MDMINUTE|INITIATION|NPP_NON_TARGET
TALTZ_PSORIASIS|NUMEDIS_MDMINUTE|GENERAL|NA
TALTZ_PSORIASIS|NUMEDIS_MDMINUTE|GENERAL|CONFINED ADVOCATES
TALTZ_PSORIASIS|NUMEDIS_MDMINUTE|GENERAL|APP
TALTZ_PSORIASIS|NUMEDIS_MDMINUTE|GENERAL|PSORIATIC EXPLORERS
TALTZ_PSORIASIS|NUMEDIS_MDMINUTE|GENERAL|PRACTICAL TREATERS
TALTZ_PSORIASIS|NUMEDIS_MDMINUTE|GENERAL|NPP_NON_TARGET
TALTZ_PSORIASIS|NUMEDIS_MDMINUTE|EFFICACY#STRUCTURE|NA
TALTZ_PSORIASIS|NUMEDIS_MDMINUTE|EFFICACY#STRUCTURE|CONFINED ADVOCATES
TALTZ_PSORIASIS|NUMEDIS_MDMINUTE|EFFICACY#STRUCTURE|APP
TALTZ_PSORIASIS|NUMEDIS_MDMINUTE|EFFICACY#STRUCTURE|PSORIATIC EXPLORERS
TALTZ_PSORIASIS|NUMEDIS_MDMINUTE|EFFICACY#STRUCTURE|PRACTICAL TREATERS
TALTZ_PSORIASIS|NUMEDIS_MDMINUTE|EFFICACY#STRUCTURE|NPP_NON_TARGET
TALTZ_PSORIASIS|NUMEDIS_MDMINUTE|EFFICACY#HEAD_TO_HEAD|NA
TALTZ_PSORIASIS|NUMEDIS_MDMINUTE|EFFICACY#HEAD_TO_HEAD|CONFINED ADVOCATES
TALTZ_PSORIASIS|NUMEDIS_MDMINUTE|EFFICACY#HEAD_TO_HEAD|APP
TALTZ_PSORIASIS|NUMEDIS_MDMINUTE|EFFICACY#HEAD_TO_HEAD|PSORIATIC EXPLORERS
TALTZ_PSORIASIS|NUMEDIS_MDMINUTE|EFFICACY#HEAD_TO_HEAD|PRACTICAL TREATERS
TALTZ_PSORIASIS|NUMEDIS_MDMINUTE|EFFICACY#HEAD_TO_HEAD|NPP_NON_TARGET
TALTZ_PSORIASIS|NUMEDIS_MDMINUTE|EFFICACY#CORE|NA
TALTZ_PSORIASIS|NUMEDIS_MDMINUTE|EFFICACY#CORE|CONFINED ADVOCATES
TALTZ_PSORIASIS|NUMEDIS_MDMINUTE|EFFICACY#CORE|APP
TALTZ_PSORIASIS|NUMEDIS_MDMINUTE|EFFICACY#CORE|PSORIATIC EXPLORERS
TALTZ_PSORIASIS|NUMEDIS_MDMINUTE|EFFICACY#CORE|PRACTICAL TREATERS
TALTZ_PSORIASIS|NUMEDIS_MDMINUTE|EFFICACY#CORE|NPP_NON_TARGET
TALTZ_PSORIASIS|NUMEDIS_MDMINUTE|DEVICE|NA
TALTZ_PSORIASIS|NUMEDIS_MDMINUTE|DEVICE|CONFINED ADVOCATES
TALTZ_PSORIASIS|NUMEDIS_MDMINUTE|DEVICE|APP
TALTZ_PSORIASIS|NUMEDIS_MDMINUTE|DEVICE|PSORIATIC EXPLORERS
TALTZ_PSORIASIS|NUMEDIS_MDMINUTE|DEVICE|PRACTICAL TREATERS
TALTZ_PSORIASIS|NUMEDIS_MDMINUTE|DEVICE|NPP_NON_TARGET
TALTZ_PSORIASIS|NUMEDIS_MDMINUTE|SAFETY#SIDE_EFFECTS|NA
TALTZ_PSORIASIS|NUMEDIS_MDMINUTE|SAFETY#SIDE_EFFECTS|CONFINED ADVOCATES
TALTZ_PSORIASIS|NUMEDIS_MDMINUTE|SAFETY#SIDE_EFFECTS|APP
TALTZ_PSORIASIS|NUMEDIS_MDMINUTE|SAFETY#SIDE_EFFECTS|PSORIATIC EXPLORERS
TALTZ_PSORIASIS|NUMEDIS_MDMINUTE|SAFETY#SIDE_EFFECTS|PRACTICAL TREATERS
TALTZ_PSORIASIS|NUMEDIS_MDMINUTE|SAFETY#SIDE_EFFECTS|NPP_NON_TARGET
TALTZ_PSORIASIS|NUMEDIS_MDMINUTE|SAFETY#NA|NA
TALTZ_PSORIASIS|NUMEDIS_MDMINUTE|SAFETY#NA|CONFINED ADVOCATES
TALTZ_PSORIASIS|NUMEDIS_MDMINUTE|SAFETY#NA|APP
TALTZ_PSORIASIS|NUMEDIS_MDMINUTE|SAFETY#NA|PSORIATIC EXPLORERS
TALTZ_PSORIASIS|NUMEDIS_MDMINUTE|SAFETY#NA|PRACTICAL TREATERS
TALTZ_PSORIASIS|NUMEDIS_MDMINUTE|SAFETY#NA|NPP_NON_TARGET
TALTZ_PSORIASIS|NUMEDIS_MDMINUTE|RESOURCES|NA
TALTZ_PSORIASIS|NUMEDIS_MDMINUTE|RESOURCES|CONFINED ADVOCATES
TALTZ_PSORIASIS|NUMEDIS_MDMINUTE|RESOURCES|APP
TALTZ_PSORIASIS|NUMEDIS_MDMINUTE|RESOURCES|PSORIATIC EXPLORERS
TALTZ_PSORIASIS|NUMEDIS_MDMINUTE|RESOURCES|PRACTICAL TREATERS
TALTZ_PSORIASIS|NUMEDIS_MDMINUTE|RESOURCES|NPP_NON_TARGET
TALTZ_PSORIASIS|NUMEDIS_MDMINUTE|PATIENT_TYPE_IDENTIFICATION|NA
TALTZ_PSORIASIS|NUMEDIS_MDMINUTE|PATIENT_TYPE_IDENTIFICATION|CONFINED ADVOCATES
TALTZ_PSORIASIS|NUMEDIS_MDMINUTE|PATIENT_TYPE_IDENTIFICATION|APP
TALTZ_PSORIASIS|NUMEDIS_MDMINUTE|PATIENT_TYPE_IDENTIFICATION|PSORIATIC EXPLORERS
TALTZ_PSORIASIS|NUMEDIS_MDMINUTE|PATIENT_TYPE_IDENTIFICATION|PRACTICAL TREATERS
TALTZ_PSORIASIS|NUMEDIS_MDMINUTE|PATIENT_TYPE_IDENTIFICATION|NPP_NON_TARGET
TALTZ_PSORIASIS|NUMEDIS_MDMINUTE|PATIENT_CUSTOMER_SUPPORT|NA
TALTZ_PSORIASIS|NUMEDIS_MDMINUTE|PATIENT_CUSTOMER_SUPPORT|CONFINED ADVOCATES
TALTZ_PSORIASIS|NUMEDIS_MDMINUTE|PATIENT_CUSTOMER_SUPPORT|APP
TALTZ_PSORIASIS|NUMEDIS_MDMINUTE|PATIENT_CUSTOMER_SUPPORT|PSORIATIC EXPLORERS
TALTZ_PSORIASIS|NUMEDIS_MDMINUTE|PATIENT_CUSTOMER_SUPPORT|PRACTICAL TREATERS
TALTZ_PSORIASIS|NUMEDIS_MDMINUTE|PATIENT_CUSTOMER_SUPPORT|NPP_NON_TARGET
TALTZ_PSORIASIS|NUMEDIS_MDMINUTE|PATIENT_AFFORDABILITY|NA
TALTZ_PSORIASIS|NUMEDIS_MDMINUTE|PATIENT_AFFORDABILITY|CONFINED ADVOCATES
TALTZ_PSORIASIS|NUMEDIS_MDMINUTE|PATIENT_AFFORDABILITY|APP
TALTZ_PSORIASIS|NUMEDIS_MDMINUTE|PATIENT_AFFORDABILITY|PSORIATIC EXPLORERS
TALTZ_PSORIASIS|NUMEDIS_MDMINUTE|PATIENT_AFFORDABILITY|PRACTICAL TREATERS
TALTZ_PSORIASIS|NUMEDIS_MDMINUTE|PATIENT_AFFORDABILITY|NPP_NON_TARGET
TALTZ_PSORIASIS|NUMEDIS_MDMINUTE|MOA|NA
TALTZ_PSORIASIS|NUMEDIS_MDMINUTE|MOA|CONFINED ADVOCATES
TALTZ_PSORIASIS|NUMEDIS_MDMINUTE|MOA|APP
TALTZ_PSORIASIS|NUMEDIS_MDMINUTE|MOA|PSORIATIC EXPLORERS
TALTZ_PSORIASIS|NUMEDIS_MDMINUTE|MOA|PRACTICAL TREATERS
TALTZ_PSORIASIS|NUMEDIS_MDMINUTE|MOA|NPP_NON_TARGET
TALTZ_PSORIASIS|NUMEDIS_MDMINUTE|EFFICACY#SECONDARY|NA
TALTZ_PSORIASIS|NUMEDIS_MDMINUTE|EFFICACY#SECONDARY|CONFINED ADVOCATES
TALTZ_PSORIASIS|NUMEDIS_MDMINUTE|EFFICACY#SECONDARY|APP
TALTZ_PSORIASIS|NUMEDIS_MDMINUTE|EFFICACY#SECONDARY|PSORIATIC EXPLORERS
TALTZ_PSORIASIS|NUMEDIS_MDMINUTE|EFFICACY#SECONDARY|PRACTICAL TREATERS
TALTZ_PSORIASIS|NUMEDIS_MDMINUTE|EFFICACY#SECONDARY|NPP_NON_TARGET
TALTZ_PSORIASIS|NUMEDIS_MDMINUTE|EFFICACY#RAPID_ONSET|NA
TALTZ_PSORIASIS|NUMEDIS_MDMINUTE|EFFICACY#RAPID_ONSET|CONFINED ADVOCATES
TALTZ_PSORIASIS|NUMEDIS_MDMINUTE|EFFICACY#RAPID_ONSET|APP
TALTZ_PSORIASIS|NUMEDIS_MDMINUTE|EFFICACY#RAPID_ONSET|PSORIATIC EXPLORERS
TALTZ_PSORIASIS|NUMEDIS_MDMINUTE|EFFICACY#RAPID_ONSET|PRACTICAL TREATERS
TALTZ_PSORIASIS|NUMEDIS_MDMINUTE|EFFICACY#RAPID_ONSET|NPP_NON_TARGET
TALTZ_PSORIASIS|NUMEDIS_MDMINUTE|EFFICACY#NOW_APPROVED|NA
TALTZ_PSORIASIS|NUMEDIS_MDMINUTE|EFFICACY#NOW_APPROVED|CONFINED ADVOCATES
TALTZ_PSORIASIS|NUMEDIS_MDMINUTE|EFFICACY#NOW_APPROVED|APP
TALTZ_PSORIASIS|NUMEDIS_MDMINUTE|EFFICACY#NOW_APPROVED|PSORIATIC EXPLORERS
TALTZ_PSORIASIS|NUMEDIS_MDMINUTE|EFFICACY#NOW_APPROVED|PRACTICAL TREATERS
TALTZ_PSORIASIS|NUMEDIS_MDMINUTE|EFFICACY#NOW_APPROVED|NPP_NON_TARGET
TALTZ_PSORIASIS|NUMEDIS_MDMINUTE|EFFICACY#NA|NA
TALTZ_PSORIASIS|NUMEDIS_MDMINUTE|EFFICACY#NA|CONFINED ADVOCATES
TALTZ_PSORIASIS|NUMEDIS_MDMINUTE|EFFICACY#NA|APP
TALTZ_PSORIASIS|NUMEDIS_MDMINUTE|EFFICACY#NA|PSORIATIC EXPLORERS
TALTZ_PSORIASIS|NUMEDIS_MDMINUTE|EFFICACY#NA|PRACTICAL TREATERS
TALTZ_PSORIASIS|NUMEDIS_MDMINUTE|EFFICACY#NA|NPP_NON_TARGET
TALTZ_PSORIASIS|NUMEDIS_MDMINUTE|EFFICACY#LONG_TERM|NA
TALTZ_PSORIASIS|NUMEDIS_MDMINUTE|EFFICACY#LONG_TERM|CONFINED ADVOCATES
TALTZ_PSORIASIS|NUMEDIS_MDMINUTE|EFFICACY#LONG_TERM|APP
TALTZ_PSORIASIS|NUMEDIS_MDMINUTE|EFFICACY#LONG_TERM|PSORIATIC EXPLORERS
TALTZ_PSORIASIS|NUMEDIS_MDMINUTE|EFFICACY#LONG_TERM|PRACTICAL TREATERS
TALTZ_PSORIASIS|NUMEDIS_MDMINUTE|EFFICACY#LONG_TERM|NPP_NON_TARGET
TALTZ_PSORIASIS|NUMEDIS_MDMINUTE|EASE_OF_ADMINISTRATION|NA
TALTZ_PSORIASIS|NUMEDIS_MDMINUTE|EASE_OF_ADMINISTRATION|CONFINED ADVOCATES
TALTZ_PSORIASIS|NUMEDIS_MDMINUTE|EASE_OF_ADMINISTRATION|APP
TALTZ_PSORIASIS|NUMEDIS_MDMINUTE|EASE_OF_ADMINISTRATION|PSORIATIC EXPLORERS
TALTZ_PSORIASIS|NUMEDIS_MDMINUTE|EASE_OF_ADMINISTRATION|PRACTICAL TREATERS
TALTZ_PSORIASIS|NUMEDIS_MDMINUTE|EASE_OF_ADMINISTRATION|NPP_NON_TARGET
TALTZ_PSORIASIS|NUMEDIS_MDMINUTE|DOSING|NA
TALTZ_PSORIASIS|NUMEDIS_MDMINUTE|DOSING|CONFINED ADVOCATES
TALTZ_PSORIASIS|NUMEDIS_MDMINUTE|DOSING|APP
TALTZ_PSORIASIS|NUMEDIS_MDMINUTE|DOSING|PSORIATIC EXPLORERS
TALTZ_PSORIASIS|NUMEDIS_MDMINUTE|DOSING|PRACTICAL TREATERS
TALTZ_PSORIASIS|NUMEDIS_MDMINUTE|DOSING|NPP_NON_TARGET
TALTZ_PSORIASIS|NUMEDIS_MDMINUTE|DISEASE_STATE|NA
TALTZ_PSORIASIS|NUMEDIS_MDMINUTE|DISEASE_STATE|CONFINED ADVOCATES
TALTZ_PSORIASIS|NUMEDIS_MDMINUTE|DISEASE_STATE|APP
TALTZ_PSORIASIS|NUMEDIS_MDMINUTE|DISEASE_STATE|PSORIATIC EXPLORERS
TALTZ_PSORIASIS|NUMEDIS_MDMINUTE|DISEASE_STATE|PRACTICAL TREATERS
TALTZ_PSORIASIS|NUMEDIS_MDMINUTE|DISEASE_STATE|NPP_NON_TARGET
TALTZ_PSORIASIS|P2P|ACCESS_FORMULARY|NA
TALTZ_PSORIASIS|P2P|ACCESS_FORMULARY|CONFINED ADVOCATES
TALTZ_PSORIASIS|P2P|ACCESS_FORMULARY|APP
TALTZ_PSORIASIS|P2P|ACCESS_FORMULARY|PSORIATIC EXPLORERS
TALTZ_PSORIASIS|P2P|ACCESS_FORMULARY|PRACTICAL TREATERS
TALTZ_PSORIASIS|P2P|ACCESS_FORMULARY|NPP_NON_TARGET
TALTZ_PSORIASIS|P2P|UNMET_NEED|NA
TALTZ_PSORIASIS|P2P|UNMET_NEED|CONFINED ADVOCATES
TALTZ_PSORIASIS|P2P|UNMET_NEED|APP
TALTZ_PSORIASIS|P2P|UNMET_NEED|PSORIATIC EXPLORERS
TALTZ_PSORIASIS|P2P|UNMET_NEED|PRACTICAL TREATERS
TALTZ_PSORIASIS|P2P|UNMET_NEED|NPP_NON_TARGET
TALTZ_PSORIASIS|P2P|SAFETY#PSO_ADULTS|NA
TALTZ_PSORIASIS|P2P|SAFETY#PSO_ADULTS|CONFINED ADVOCATES
TALTZ_PSORIASIS|P2P|SAFETY#PSO_ADULTS|APP
TALTZ_PSORIASIS|P2P|SAFETY#PSO_ADULTS|PSORIATIC EXPLORERS
TALTZ_PSORIASIS|P2P|SAFETY#PSO_ADULTS|PRACTICAL TREATERS
TALTZ_PSORIASIS|P2P|SAFETY#PSO_ADULTS|NPP_NON_TARGET
TALTZ_PSORIASIS|P2P|SAFETY#LONG_TERM|NA
TALTZ_PSORIASIS|P2P|SAFETY#LONG_TERM|CONFINED ADVOCATES
TALTZ_PSORIASIS|P2P|SAFETY#LONG_TERM|APP
TALTZ_PSORIASIS|P2P|SAFETY#LONG_TERM|PSORIATIC EXPLORERS
TALTZ_PSORIASIS|P2P|SAFETY#LONG_TERM|PRACTICAL TREATERS
TALTZ_PSORIASIS|P2P|SAFETY#LONG_TERM|NPP_NON_TARGET
TALTZ_PSORIASIS|P2P|INITIATION|NA
TALTZ_PSORIASIS|P2P|INITIATION|CONFINED ADVOCATES
TALTZ_PSORIASIS|P2P|INITIATION|APP
TALTZ_PSORIASIS|P2P|INITIATION|PSORIATIC EXPLORERS
TALTZ_PSORIASIS|P2P|INITIATION|PRACTICAL TREATERS
TALTZ_PSORIASIS|P2P|INITIATION|NPP_NON_TARGET
TALTZ_PSORIASIS|P2P|GENERAL|NA
TALTZ_PSORIASIS|P2P|GENERAL|CONFINED ADVOCATES
TALTZ_PSORIASIS|P2P|GENERAL|APP
TALTZ_PSORIASIS|P2P|GENERAL|PSORIATIC EXPLORERS
TALTZ_PSORIASIS|P2P|GENERAL|PRACTICAL TREATERS
TALTZ_PSORIASIS|P2P|GENERAL|NPP_NON_TARGET
TALTZ_PSORIASIS|P2P|EFFICACY#STRUCTURE|NA
TALTZ_PSORIASIS|P2P|EFFICACY#STRUCTURE|CONFINED ADVOCATES
TALTZ_PSORIASIS|P2P|EFFICACY#STRUCTURE|APP
TALTZ_PSORIASIS|P2P|EFFICACY#STRUCTURE|PSORIATIC EXPLORERS
TALTZ_PSORIASIS|P2P|EFFICACY#STRUCTURE|PRACTICAL TREATERS
TALTZ_PSORIASIS|P2P|EFFICACY#STRUCTURE|NPP_NON_TARGET
TALTZ_PSORIASIS|P2P|EFFICACY#HEAD_TO_HEAD|NA
TALTZ_PSORIASIS|P2P|EFFICACY#HEAD_TO_HEAD|CONFINED ADVOCATES
TALTZ_PSORIASIS|P2P|EFFICACY#HEAD_TO_HEAD|APP
TALTZ_PSORIASIS|P2P|EFFICACY#HEAD_TO_HEAD|PSORIATIC EXPLORERS
TALTZ_PSORIASIS|P2P|EFFICACY#HEAD_TO_HEAD|PRACTICAL TREATERS
TALTZ_PSORIASIS|P2P|EFFICACY#HEAD_TO_HEAD|NPP_NON_TARGET
TALTZ_PSORIASIS|P2P|EFFICACY#CORE|NA
TALTZ_PSORIASIS|P2P|EFFICACY#CORE|CONFINED ADVOCATES
TALTZ_PSORIASIS|P2P|EFFICACY#CORE|APP
TALTZ_PSORIASIS|P2P|EFFICACY#CORE|PSORIATIC EXPLORERS
TALTZ_PSORIASIS|P2P|EFFICACY#CORE|PRACTICAL TREATERS
TALTZ_PSORIASIS|P2P|EFFICACY#CORE|NPP_NON_TARGET
TALTZ_PSORIASIS|P2P|DEVICE|NA
TALTZ_PSORIASIS|P2P|DEVICE|CONFINED ADVOCATES
TALTZ_PSORIASIS|P2P|DEVICE|APP
TALTZ_PSORIASIS|P2P|DEVICE|PSORIATIC EXPLORERS
TALTZ_PSORIASIS|P2P|DEVICE|PRACTICAL TREATERS
TALTZ_PSORIASIS|P2P|DEVICE|NPP_NON_TARGET
TALTZ_PSORIASIS|P2P|SAFETY#SIDE_EFFECTS|NA
TALTZ_PSORIASIS|P2P|SAFETY#SIDE_EFFECTS|CONFINED ADVOCATES
TALTZ_PSORIASIS|P2P|SAFETY#SIDE_EFFECTS|APP
TALTZ_PSORIASIS|P2P|SAFETY#SIDE_EFFECTS|PSORIATIC EXPLORERS
TALTZ_PSORIASIS|P2P|SAFETY#SIDE_EFFECTS|PRACTICAL TREATERS
TALTZ_PSORIASIS|P2P|SAFETY#SIDE_EFFECTS|NPP_NON_TARGET
TALTZ_PSORIASIS|P2P|SAFETY#NA|NA
TALTZ_PSORIASIS|P2P|SAFETY#NA|CONFINED ADVOCATES
TALTZ_PSORIASIS|P2P|SAFETY#NA|APP
TALTZ_PSORIASIS|P2P|SAFETY#NA|PSORIATIC EXPLORERS
TALTZ_PSORIASIS|P2P|SAFETY#NA|PRACTICAL TREATERS
TALTZ_PSORIASIS|P2P|SAFETY#NA|NPP_NON_TARGET
TALTZ_PSORIASIS|P2P|RESOURCES|NA
TALTZ_PSORIASIS|P2P|RESOURCES|CONFINED ADVOCATES
TALTZ_PSORIASIS|P2P|RESOURCES|APP
TALTZ_PSORIASIS|P2P|RESOURCES|PSORIATIC EXPLORERS
TALTZ_PSORIASIS|P2P|RESOURCES|PRACTICAL TREATERS
TALTZ_PSORIASIS|P2P|RESOURCES|NPP_NON_TARGET
TALTZ_PSORIASIS|P2P|PATIENT_TYPE_IDENTIFICATION|NA
TALTZ_PSORIASIS|P2P|PATIENT_TYPE_IDENTIFICATION|CONFINED ADVOCATES
TALTZ_PSORIASIS|P2P|PATIENT_TYPE_IDENTIFICATION|APP
TALTZ_PSORIASIS|P2P|PATIENT_TYPE_IDENTIFICATION|PSORIATIC EXPLORERS
TALTZ_PSORIASIS|P2P|PATIENT_TYPE_IDENTIFICATION|PRACTICAL TREATERS
TALTZ_PSORIASIS|P2P|PATIENT_TYPE_IDENTIFICATION|NPP_NON_TARGET
TALTZ_PSORIASIS|P2P|PATIENT_CUSTOMER_SUPPORT|NA
TALTZ_PSORIASIS|P2P|PATIENT_CUSTOMER_SUPPORT|CONFINED ADVOCATES
TALTZ_PSORIASIS|P2P|PATIENT_CUSTOMER_SUPPORT|APP
TALTZ_PSORIASIS|P2P|PATIENT_CUSTOMER_SUPPORT|PSORIATIC EXPLORERS
TALTZ_PSORIASIS|P2P|PATIENT_CUSTOMER_SUPPORT|PRACTICAL TREATERS
TALTZ_PSORIASIS|P2P|PATIENT_CUSTOMER_SUPPORT|NPP_NON_TARGET
TALTZ_PSORIASIS|P2P|PATIENT_AFFORDABILITY|NA
TALTZ_PSORIASIS|P2P|PATIENT_AFFORDABILITY|CONFINED ADVOCATES
TALTZ_PSORIASIS|P2P|PATIENT_AFFORDABILITY|APP
TALTZ_PSORIASIS|P2P|PATIENT_AFFORDABILITY|PSORIATIC EXPLORERS
TALTZ_PSORIASIS|P2P|PATIENT_AFFORDABILITY|PRACTICAL TREATERS
TALTZ_PSORIASIS|P2P|PATIENT_AFFORDABILITY|NPP_NON_TARGET
TALTZ_PSORIASIS|P2P|MOA|NA
TALTZ_PSORIASIS|P2P|MOA|CONFINED ADVOCATES
TALTZ_PSORIASIS|P2P|MOA|APP
TALTZ_PSORIASIS|P2P|MOA|PSORIATIC EXPLORERS
TALTZ_PSORIASIS|P2P|MOA|PRACTICAL TREATERS
TALTZ_PSORIASIS|P2P|MOA|NPP_NON_TARGET
TALTZ_PSORIASIS|P2P|EFFICACY#SECONDARY|NA
TALTZ_PSORIASIS|P2P|EFFICACY#SECONDARY|CONFINED ADVOCATES
TALTZ_PSORIASIS|P2P|EFFICACY#SECONDARY|APP
TALTZ_PSORIASIS|P2P|EFFICACY#SECONDARY|PSORIATIC EXPLORERS
TALTZ_PSORIASIS|P2P|EFFICACY#SECONDARY|PRACTICAL TREATERS
TALTZ_PSORIASIS|P2P|EFFICACY#SECONDARY|NPP_NON_TARGET
TALTZ_PSORIASIS|P2P|EFFICACY#RAPID_ONSET|NA
TALTZ_PSORIASIS|P2P|EFFICACY#RAPID_ONSET|CONFINED ADVOCATES
TALTZ_PSORIASIS|P2P|EFFICACY#RAPID_ONSET|APP
TALTZ_PSORIASIS|P2P|EFFICACY#RAPID_ONSET|PSORIATIC EXPLORERS
TALTZ_PSORIASIS|P2P|EFFICACY#RAPID_ONSET|PRACTICAL TREATERS
TALTZ_PSORIASIS|P2P|EFFICACY#RAPID_ONSET|NPP_NON_TARGET
TALTZ_PSORIASIS|P2P|EFFICACY#NOW_APPROVED|NA
TALTZ_PSORIASIS|P2P|EFFICACY#NOW_APPROVED|CONFINED ADVOCATES
TALTZ_PSORIASIS|P2P|EFFICACY#NOW_APPROVED|APP
TALTZ_PSORIASIS|P2P|EFFICACY#NOW_APPROVED|PSORIATIC EXPLORERS
TALTZ_PSORIASIS|P2P|EFFICACY#NOW_APPROVED|PRACTICAL TREATERS
TALTZ_PSORIASIS|P2P|EFFICACY#NOW_APPROVED|NPP_NON_TARGET
TALTZ_PSORIASIS|P2P|EFFICACY#NA|NA
TALTZ_PSORIASIS|P2P|EFFICACY#NA|CONFINED ADVOCATES
TALTZ_PSORIASIS|P2P|EFFICACY#NA|APP
TALTZ_PSORIASIS|P2P|EFFICACY#NA|PSORIATIC EXPLORERS
TALTZ_PSORIASIS|P2P|EFFICACY#NA|PRACTICAL TREATERS
TALTZ_PSORIASIS|P2P|EFFICACY#NA|NPP_NON_TARGET
TALTZ_PSORIASIS|P2P|EFFICACY#LONG_TERM|NA
TALTZ_PSORIASIS|P2P|EFFICACY#LONG_TERM|CONFINED ADVOCATES
TALTZ_PSORIASIS|P2P|EFFICACY#LONG_TERM|APP
TALTZ_PSORIASIS|P2P|EFFICACY#LONG_TERM|PSORIATIC EXPLORERS
TALTZ_PSORIASIS|P2P|EFFICACY#LONG_TERM|PRACTICAL TREATERS
TALTZ_PSORIASIS|P2P|EFFICACY#LONG_TERM|NPP_NON_TARGET
TALTZ_PSORIASIS|P2P|EASE_OF_ADMINISTRATION|NA
TALTZ_PSORIASIS|P2P|EASE_OF_ADMINISTRATION|CONFINED ADVOCATES
TALTZ_PSORIASIS|P2P|EASE_OF_ADMINISTRATION|APP
TALTZ_PSORIASIS|P2P|EASE_OF_ADMINISTRATION|PSORIATIC EXPLORERS
TALTZ_PSORIASIS|P2P|EASE_OF_ADMINISTRATION|PRACTICAL TREATERS
TALTZ_PSORIASIS|P2P|EASE_OF_ADMINISTRATION|NPP_NON_TARGET
TALTZ_PSORIASIS|P2P|DOSING|NA
TALTZ_PSORIASIS|P2P|DOSING|CONFINED ADVOCATES
TALTZ_PSORIASIS|P2P|DOSING|APP
TALTZ_PSORIASIS|P2P|DOSING|PSORIATIC EXPLORERS
TALTZ_PSORIASIS|P2P|DOSING|PRACTICAL TREATERS
TALTZ_PSORIASIS|P2P|DOSING|NPP_NON_TARGET
TALTZ_PSORIASIS|P2P|DISEASE_STATE|NA
TALTZ_PSORIASIS|P2P|DISEASE_STATE|CONFINED ADVOCATES
TALTZ_PSORIASIS|P2P|DISEASE_STATE|APP
TALTZ_PSORIASIS|P2P|DISEASE_STATE|PSORIATIC EXPLORERS
TALTZ_PSORIASIS|P2P|DISEASE_STATE|PRACTICAL TREATERS
TALTZ_PSORIASIS|P2P|DISEASE_STATE|NPP_NON_TARGET
TALTZ_PSORIATIC ARTHRITIS|DOXIMITY_ALERT|DEVICE|Dr. Ease of Access
TALTZ_PSORIATIC ARTHRITIS|DOXIMITY_ALERT|DEVICE|Dr. TNF
TALTZ_PSORIATIC ARTHRITIS|DOXIMITY_ALERT|DEVICE|Dr. Joint Only
TALTZ_PSORIATIC ARTHRITIS|DOXIMITY_ALERT|DEVICE|Dr. Domains
TALTZ_PSORIATIC ARTHRITIS|DOXIMITY_ALERT|DEVICE|APP
TALTZ_PSORIATIC ARTHRITIS|DOXIMITY_ALERT|DEVICE|NPP_NON_TARGET
TALTZ_PSORIATIC ARTHRITIS|DOXIMITY_ALERT|DEVICE|NA
TALTZ_PSORIATIC ARTHRITIS|DOXIMITY_ALERT|SAFETY#SIDE_EFFECTS|Dr. Ease of Access
TALTZ_PSORIATIC ARTHRITIS|DOXIMITY_ALERT|SAFETY#SIDE_EFFECTS|Dr. TNF
TALTZ_PSORIATIC ARTHRITIS|DOXIMITY_ALERT|SAFETY#SIDE_EFFECTS|Dr. Joint Only
TALTZ_PSORIATIC ARTHRITIS|DOXIMITY_ALERT|SAFETY#SIDE_EFFECTS|Dr. Domains
TALTZ_PSORIATIC ARTHRITIS|DOXIMITY_ALERT|SAFETY#SIDE_EFFECTS|APP
TALTZ_PSORIATIC ARTHRITIS|DOXIMITY_ALERT|SAFETY#SIDE_EFFECTS|NPP_NON_TARGET
TALTZ_PSORIATIC ARTHRITIS|DOXIMITY_ALERT|SAFETY#SIDE_EFFECTS|NA
TALTZ_PSORIATIC ARTHRITIS|DOXIMITY_ALERT|SAFETY#NR_AXSPA|Dr. Ease of Access
TALTZ_PSORIATIC ARTHRITIS|DOXIMITY_ALERT|SAFETY#NR_AXSPA|Dr. TNF
TALTZ_PSORIATIC ARTHRITIS|DOXIMITY_ALERT|SAFETY#NR_AXSPA|Dr. Joint Only
TALTZ_PSORIATIC ARTHRITIS|DOXIMITY_ALERT|SAFETY#NR_AXSPA|Dr. Domains
TALTZ_PSORIATIC ARTHRITIS|DOXIMITY_ALERT|SAFETY#NR_AXSPA|APP
TALTZ_PSORIATIC ARTHRITIS|DOXIMITY_ALERT|SAFETY#NR_AXSPA|NPP_NON_TARGET
TALTZ_PSORIATIC ARTHRITIS|DOXIMITY_ALERT|SAFETY#NR_AXSPA|NA
TALTZ_PSORIATIC ARTHRITIS|DOXIMITY_ALERT|SAFETY#NA|Dr. Ease of Access
TALTZ_PSORIATIC ARTHRITIS|DOXIMITY_ALERT|SAFETY#NA|Dr. TNF
TALTZ_PSORIATIC ARTHRITIS|DOXIMITY_ALERT|SAFETY#NA|Dr. Joint Only
TALTZ_PSORIATIC ARTHRITIS|DOXIMITY_ALERT|SAFETY#NA|Dr. Domains
TALTZ_PSORIATIC ARTHRITIS|DOXIMITY_ALERT|SAFETY#NA|APP
TALTZ_PSORIATIC ARTHRITIS|DOXIMITY_ALERT|SAFETY#NA|NPP_NON_TARGET
TALTZ_PSORIATIC ARTHRITIS|DOXIMITY_ALERT|SAFETY#NA|NA
TALTZ_PSORIATIC ARTHRITIS|DOXIMITY_ALERT|SAFETY#HEAD_TO_HEAD|Dr. Ease of Access
TALTZ_PSORIATIC ARTHRITIS|DOXIMITY_ALERT|SAFETY#HEAD_TO_HEAD|Dr. TNF
TALTZ_PSORIATIC ARTHRITIS|DOXIMITY_ALERT|SAFETY#HEAD_TO_HEAD|Dr. Joint Only
TALTZ_PSORIATIC ARTHRITIS|DOXIMITY_ALERT|SAFETY#HEAD_TO_HEAD|Dr. Domains
TALTZ_PSORIATIC ARTHRITIS|DOXIMITY_ALERT|SAFETY#HEAD_TO_HEAD|APP
TALTZ_PSORIATIC ARTHRITIS|DOXIMITY_ALERT|SAFETY#HEAD_TO_HEAD|NPP_NON_TARGET
TALTZ_PSORIATIC ARTHRITIS|DOXIMITY_ALERT|SAFETY#HEAD_TO_HEAD|NA
TALTZ_PSORIATIC ARTHRITIS|DOXIMITY_ALERT|SAFETY#AS|Dr. Ease of Access
TALTZ_PSORIATIC ARTHRITIS|DOXIMITY_ALERT|SAFETY#AS|Dr. TNF
TALTZ_PSORIATIC ARTHRITIS|DOXIMITY_ALERT|SAFETY#AS|Dr. Joint Only
TALTZ_PSORIATIC ARTHRITIS|DOXIMITY_ALERT|SAFETY#AS|Dr. Domains
TALTZ_PSORIATIC ARTHRITIS|DOXIMITY_ALERT|SAFETY#AS|APP
TALTZ_PSORIATIC ARTHRITIS|DOXIMITY_ALERT|SAFETY#AS|NPP_NON_TARGET
TALTZ_PSORIATIC ARTHRITIS|DOXIMITY_ALERT|SAFETY#AS|NA
TALTZ_PSORIATIC ARTHRITIS|DOXIMITY_ALERT|PATIENT_TYPE_IDENTIFICATION|Dr. Ease of Access
TALTZ_PSORIATIC ARTHRITIS|DOXIMITY_ALERT|PATIENT_TYPE_IDENTIFICATION|Dr. TNF
TALTZ_PSORIATIC ARTHRITIS|DOXIMITY_ALERT|PATIENT_TYPE_IDENTIFICATION|Dr. Joint Only
TALTZ_PSORIATIC ARTHRITIS|DOXIMITY_ALERT|PATIENT_TYPE_IDENTIFICATION|Dr. Domains
TALTZ_PSORIATIC ARTHRITIS|DOXIMITY_ALERT|PATIENT_TYPE_IDENTIFICATION|APP
TALTZ_PSORIATIC ARTHRITIS|DOXIMITY_ALERT|PATIENT_TYPE_IDENTIFICATION|NPP_NON_TARGET
TALTZ_PSORIATIC ARTHRITIS|DOXIMITY_ALERT|PATIENT_TYPE_IDENTIFICATION|NA
TALTZ_PSORIATIC ARTHRITIS|DOXIMITY_ALERT|PATIENT_CUSTOMER_SUPPORT|Dr. Ease of Access
TALTZ_PSORIATIC ARTHRITIS|DOXIMITY_ALERT|PATIENT_CUSTOMER_SUPPORT|Dr. TNF
TALTZ_PSORIATIC ARTHRITIS|DOXIMITY_ALERT|PATIENT_CUSTOMER_SUPPORT|Dr. Joint Only
TALTZ_PSORIATIC ARTHRITIS|DOXIMITY_ALERT|PATIENT_CUSTOMER_SUPPORT|Dr. Domains
TALTZ_PSORIATIC ARTHRITIS|DOXIMITY_ALERT|PATIENT_CUSTOMER_SUPPORT|APP
TALTZ_PSORIATIC ARTHRITIS|DOXIMITY_ALERT|PATIENT_CUSTOMER_SUPPORT|NPP_NON_TARGET
TALTZ_PSORIATIC ARTHRITIS|DOXIMITY_ALERT|PATIENT_CUSTOMER_SUPPORT|NA
TALTZ_PSORIATIC ARTHRITIS|DOXIMITY_ALERT|PATIENT_AFFORDABILITY|Dr. Ease of Access
TALTZ_PSORIATIC ARTHRITIS|DOXIMITY_ALERT|PATIENT_AFFORDABILITY|Dr. TNF
TALTZ_PSORIATIC ARTHRITIS|DOXIMITY_ALERT|PATIENT_AFFORDABILITY|Dr. Joint Only
TALTZ_PSORIATIC ARTHRITIS|DOXIMITY_ALERT|PATIENT_AFFORDABILITY|Dr. Domains
TALTZ_PSORIATIC ARTHRITIS|DOXIMITY_ALERT|PATIENT_AFFORDABILITY|APP
TALTZ_PSORIATIC ARTHRITIS|DOXIMITY_ALERT|PATIENT_AFFORDABILITY|NPP_NON_TARGET
TALTZ_PSORIATIC ARTHRITIS|DOXIMITY_ALERT|PATIENT_AFFORDABILITY|NA
TALTZ_PSORIATIC ARTHRITIS|DOXIMITY_ALERT|MOA|Dr. Ease of Access
TALTZ_PSORIATIC ARTHRITIS|DOXIMITY_ALERT|MOA|Dr. TNF
TALTZ_PSORIATIC ARTHRITIS|DOXIMITY_ALERT|MOA|Dr. Joint Only
TALTZ_PSORIATIC ARTHRITIS|DOXIMITY_ALERT|MOA|Dr. Domains
TALTZ_PSORIATIC ARTHRITIS|DOXIMITY_ALERT|MOA|APP
TALTZ_PSORIATIC ARTHRITIS|DOXIMITY_ALERT|MOA|NPP_NON_TARGET
TALTZ_PSORIATIC ARTHRITIS|DOXIMITY_ALERT|MOA|NA
TALTZ_PSORIATIC ARTHRITIS|DOXIMITY_ALERT|EFFICACY#SPINAL_PAIN_AND_STIFFNESS|Dr. Ease of Access
TALTZ_PSORIATIC ARTHRITIS|DOXIMITY_ALERT|EFFICACY#SPINAL_PAIN_AND_STIFFNESS|Dr. TNF
TALTZ_PSORIATIC ARTHRITIS|DOXIMITY_ALERT|EFFICACY#SPINAL_PAIN_AND_STIFFNESS|Dr. Joint Only
TALTZ_PSORIATIC ARTHRITIS|DOXIMITY_ALERT|EFFICACY#SPINAL_PAIN_AND_STIFFNESS|Dr. Domains
TALTZ_PSORIATIC ARTHRITIS|DOXIMITY_ALERT|EFFICACY#SPINAL_PAIN_AND_STIFFNESS|APP
TALTZ_PSORIATIC ARTHRITIS|DOXIMITY_ALERT|EFFICACY#SPINAL_PAIN_AND_STIFFNESS|NPP_NON_TARGET
TALTZ_PSORIATIC ARTHRITIS|DOXIMITY_ALERT|EFFICACY#SPINAL_PAIN_AND_STIFFNESS|NA
TALTZ_PSORIATIC ARTHRITIS|DOXIMITY_ALERT|EFFICACY#SECONDARY|Dr. Ease of Access
TALTZ_PSORIATIC ARTHRITIS|DOXIMITY_ALERT|EFFICACY#SECONDARY|Dr. TNF
TALTZ_PSORIATIC ARTHRITIS|DOXIMITY_ALERT|EFFICACY#SECONDARY|Dr. Joint Only
TALTZ_PSORIATIC ARTHRITIS|DOXIMITY_ALERT|EFFICACY#SECONDARY|Dr. Domains
TALTZ_PSORIATIC ARTHRITIS|DOXIMITY_ALERT|EFFICACY#SECONDARY|APP
TALTZ_PSORIATIC ARTHRITIS|DOXIMITY_ALERT|EFFICACY#SECONDARY|NPP_NON_TARGET
TALTZ_PSORIATIC ARTHRITIS|DOXIMITY_ALERT|EFFICACY#SECONDARY|NA
TALTZ_PSORIATIC ARTHRITIS|DOXIMITY_ALERT|EFFICACY#RAPID_ONSET|Dr. Ease of Access
TALTZ_PSORIATIC ARTHRITIS|DOXIMITY_ALERT|EFFICACY#RAPID_ONSET|Dr. TNF
TALTZ_PSORIATIC ARTHRITIS|DOXIMITY_ALERT|EFFICACY#RAPID_ONSET|Dr. Joint Only
TALTZ_PSORIATIC ARTHRITIS|DOXIMITY_ALERT|EFFICACY#RAPID_ONSET|Dr. Domains
TALTZ_PSORIATIC ARTHRITIS|DOXIMITY_ALERT|EFFICACY#RAPID_ONSET|APP
TALTZ_PSORIATIC ARTHRITIS|DOXIMITY_ALERT|EFFICACY#RAPID_ONSET|NPP_NON_TARGET
TALTZ_PSORIATIC ARTHRITIS|DOXIMITY_ALERT|EFFICACY#RAPID_ONSET|NA
TALTZ_PSORIATIC ARTHRITIS|DOXIMITY_ALERT|EFFICACY#PSO_PEDS|Dr. Ease of Access
TALTZ_PSORIATIC ARTHRITIS|DOXIMITY_ALERT|EFFICACY#PSO_PEDS|Dr. TNF
TALTZ_PSORIATIC ARTHRITIS|DOXIMITY_ALERT|EFFICACY#PSO_PEDS|Dr. Joint Only
TALTZ_PSORIATIC ARTHRITIS|DOXIMITY_ALERT|EFFICACY#PSO_PEDS|Dr. Domains
TALTZ_PSORIATIC ARTHRITIS|DOXIMITY_ALERT|EFFICACY#PSO_PEDS|APP
TALTZ_PSORIATIC ARTHRITIS|DOXIMITY_ALERT|EFFICACY#PSO_PEDS|NPP_NON_TARGET
TALTZ_PSORIATIC ARTHRITIS|DOXIMITY_ALERT|EFFICACY#PSO_PEDS|NA
TALTZ_PSORIATIC ARTHRITIS|DOXIMITY_ALERT|EFFICACY#NOW_APPROVED|Dr. Ease of Access
TALTZ_PSORIATIC ARTHRITIS|DOXIMITY_ALERT|EFFICACY#NOW_APPROVED|Dr. TNF
TALTZ_PSORIATIC ARTHRITIS|DOXIMITY_ALERT|EFFICACY#NOW_APPROVED|Dr. Joint Only
TALTZ_PSORIATIC ARTHRITIS|DOXIMITY_ALERT|EFFICACY#NOW_APPROVED|Dr. Domains
TALTZ_PSORIATIC ARTHRITIS|DOXIMITY_ALERT|EFFICACY#NOW_APPROVED|APP
TALTZ_PSORIATIC ARTHRITIS|DOXIMITY_ALERT|EFFICACY#NOW_APPROVED|NPP_NON_TARGET
TALTZ_PSORIATIC ARTHRITIS|DOXIMITY_ALERT|EFFICACY#NOW_APPROVED|NA
TALTZ_PSORIATIC ARTHRITIS|DOXIMITY_ALERT|EFFICACY#NA|Dr. Ease of Access
TALTZ_PSORIATIC ARTHRITIS|DOXIMITY_ALERT|EFFICACY#NA|Dr. TNF
TALTZ_PSORIATIC ARTHRITIS|DOXIMITY_ALERT|EFFICACY#NA|Dr. Joint Only
TALTZ_PSORIATIC ARTHRITIS|DOXIMITY_ALERT|EFFICACY#NA|Dr. Domains
TALTZ_PSORIATIC ARTHRITIS|DOXIMITY_ALERT|EFFICACY#NA|APP
TALTZ_PSORIATIC ARTHRITIS|DOXIMITY_ALERT|EFFICACY#NA|NPP_NON_TARGET
TALTZ_PSORIATIC ARTHRITIS|DOXIMITY_ALERT|EFFICACY#NA|NA
TALTZ_PSORIATIC ARTHRITIS|DOXIMITY_ALERT|EFFICACY#LONG_TERM|Dr. Ease of Access
TALTZ_PSORIATIC ARTHRITIS|DOXIMITY_ALERT|EFFICACY#LONG_TERM|Dr. TNF
TALTZ_PSORIATIC ARTHRITIS|DOXIMITY_ALERT|EFFICACY#LONG_TERM|Dr. Joint Only
TALTZ_PSORIATIC ARTHRITIS|DOXIMITY_ALERT|EFFICACY#LONG_TERM|Dr. Domains
TALTZ_PSORIATIC ARTHRITIS|DOXIMITY_ALERT|EFFICACY#LONG_TERM|APP
TALTZ_PSORIATIC ARTHRITIS|DOXIMITY_ALERT|EFFICACY#LONG_TERM|NPP_NON_TARGET
TALTZ_PSORIATIC ARTHRITIS|DOXIMITY_ALERT|EFFICACY#LONG_TERM|NA
TALTZ_PSORIATIC ARTHRITIS|DOXIMITY_ALERT|EASE_OF_ADMINISTRATION|Dr. Ease of Access
TALTZ_PSORIATIC ARTHRITIS|DOXIMITY_ALERT|EASE_OF_ADMINISTRATION|Dr. TNF
TALTZ_PSORIATIC ARTHRITIS|DOXIMITY_ALERT|EASE_OF_ADMINISTRATION|Dr. Joint Only
TALTZ_PSORIATIC ARTHRITIS|DOXIMITY_ALERT|EASE_OF_ADMINISTRATION|Dr. Domains
TALTZ_PSORIATIC ARTHRITIS|DOXIMITY_ALERT|EASE_OF_ADMINISTRATION|APP
TALTZ_PSORIATIC ARTHRITIS|DOXIMITY_ALERT|EASE_OF_ADMINISTRATION|NPP_NON_TARGET
TALTZ_PSORIATIC ARTHRITIS|DOXIMITY_ALERT|EASE_OF_ADMINISTRATION|NA
TALTZ_PSORIATIC ARTHRITIS|DOXIMITY_ALERT|DOSING|Dr. Ease of Access
TALTZ_PSORIATIC ARTHRITIS|DOXIMITY_ALERT|DOSING|Dr. TNF
TALTZ_PSORIATIC ARTHRITIS|DOXIMITY_ALERT|DOSING|Dr. Joint Only
TALTZ_PSORIATIC ARTHRITIS|DOXIMITY_ALERT|DOSING|Dr. Domains
TALTZ_PSORIATIC ARTHRITIS|DOXIMITY_ALERT|DOSING|APP
TALTZ_PSORIATIC ARTHRITIS|DOXIMITY_ALERT|DOSING|NPP_NON_TARGET
TALTZ_PSORIATIC ARTHRITIS|DOXIMITY_ALERT|DOSING|NA
TALTZ_PSORIATIC ARTHRITIS|DOXIMITY_ALERT|DISEASE_STATE|Dr. Ease of Access
TALTZ_PSORIATIC ARTHRITIS|DOXIMITY_ALERT|DISEASE_STATE|Dr. TNF
TALTZ_PSORIATIC ARTHRITIS|DOXIMITY_ALERT|DISEASE_STATE|Dr. Joint Only
TALTZ_PSORIATIC ARTHRITIS|DOXIMITY_ALERT|DISEASE_STATE|Dr. Domains
TALTZ_PSORIATIC ARTHRITIS|DOXIMITY_ALERT|DISEASE_STATE|APP
TALTZ_PSORIATIC ARTHRITIS|DOXIMITY_ALERT|DISEASE_STATE|NPP_NON_TARGET
TALTZ_PSORIATIC ARTHRITIS|DOXIMITY_ALERT|DISEASE_STATE|NA
TALTZ_PSORIATIC ARTHRITIS|DOXIMITY_ALERT|ACCESS_FORMULARY|Dr. Ease of Access
TALTZ_PSORIATIC ARTHRITIS|DOXIMITY_ALERT|ACCESS_FORMULARY|Dr. TNF
TALTZ_PSORIATIC ARTHRITIS|DOXIMITY_ALERT|ACCESS_FORMULARY|Dr. Joint Only
TALTZ_PSORIATIC ARTHRITIS|DOXIMITY_ALERT|ACCESS_FORMULARY|Dr. Domains
TALTZ_PSORIATIC ARTHRITIS|DOXIMITY_ALERT|ACCESS_FORMULARY|APP
TALTZ_PSORIATIC ARTHRITIS|DOXIMITY_ALERT|ACCESS_FORMULARY|NPP_NON_TARGET
TALTZ_PSORIATIC ARTHRITIS|DOXIMITY_ALERT|ACCESS_FORMULARY|NA
TALTZ_PSORIATIC ARTHRITIS|DOXIMITY_ALERT|UNMET_NEED|Dr. Ease of Access
TALTZ_PSORIATIC ARTHRITIS|DOXIMITY_ALERT|UNMET_NEED|Dr. TNF
TALTZ_PSORIATIC ARTHRITIS|DOXIMITY_ALERT|UNMET_NEED|Dr. Joint Only
TALTZ_PSORIATIC ARTHRITIS|DOXIMITY_ALERT|UNMET_NEED|Dr. Domains
TALTZ_PSORIATIC ARTHRITIS|DOXIMITY_ALERT|UNMET_NEED|APP
TALTZ_PSORIATIC ARTHRITIS|DOXIMITY_ALERT|UNMET_NEED|NPP_NON_TARGET
TALTZ_PSORIATIC ARTHRITIS|DOXIMITY_ALERT|UNMET_NEED|NA
TALTZ_PSORIATIC ARTHRITIS|DOXIMITY_ALERT|SAFETY#PSO_PEDS|Dr. Ease of Access
TALTZ_PSORIATIC ARTHRITIS|DOXIMITY_ALERT|SAFETY#PSO_PEDS|Dr. TNF
TALTZ_PSORIATIC ARTHRITIS|DOXIMITY_ALERT|SAFETY#PSO_PEDS|Dr. Joint Only
TALTZ_PSORIATIC ARTHRITIS|DOXIMITY_ALERT|SAFETY#PSO_PEDS|Dr. Domains
TALTZ_PSORIATIC ARTHRITIS|DOXIMITY_ALERT|SAFETY#PSO_PEDS|APP
TALTZ_PSORIATIC ARTHRITIS|DOXIMITY_ALERT|SAFETY#PSO_PEDS|NPP_NON_TARGET
TALTZ_PSORIATIC ARTHRITIS|DOXIMITY_ALERT|SAFETY#PSO_PEDS|NA
TALTZ_PSORIATIC ARTHRITIS|DOXIMITY_ALERT|SAFETY#PSO_ADULTS|Dr. Ease of Access
TALTZ_PSORIATIC ARTHRITIS|DOXIMITY_ALERT|SAFETY#PSO_ADULTS|Dr. TNF
TALTZ_PSORIATIC ARTHRITIS|DOXIMITY_ALERT|SAFETY#PSO_ADULTS|Dr. Joint Only
TALTZ_PSORIATIC ARTHRITIS|DOXIMITY_ALERT|SAFETY#PSO_ADULTS|Dr. Domains
TALTZ_PSORIATIC ARTHRITIS|DOXIMITY_ALERT|SAFETY#PSO_ADULTS|APP
TALTZ_PSORIATIC ARTHRITIS|DOXIMITY_ALERT|SAFETY#PSO_ADULTS|NPP_NON_TARGET
TALTZ_PSORIATIC ARTHRITIS|DOXIMITY_ALERT|SAFETY#PSO_ADULTS|NA
TALTZ_PSORIATIC ARTHRITIS|DOXIMITY_ALERT|SAFETY#PSA|Dr. Ease of Access
TALTZ_PSORIATIC ARTHRITIS|DOXIMITY_ALERT|SAFETY#PSA|Dr. TNF
TALTZ_PSORIATIC ARTHRITIS|DOXIMITY_ALERT|SAFETY#PSA|Dr. Joint Only
TALTZ_PSORIATIC ARTHRITIS|DOXIMITY_ALERT|SAFETY#PSA|Dr. Domains
TALTZ_PSORIATIC ARTHRITIS|DOXIMITY_ALERT|SAFETY#PSA|APP
TALTZ_PSORIATIC ARTHRITIS|DOXIMITY_ALERT|SAFETY#PSA|NPP_NON_TARGET
TALTZ_PSORIATIC ARTHRITIS|DOXIMITY_ALERT|SAFETY#PSA|NA
TALTZ_PSORIATIC ARTHRITIS|DOXIMITY_ALERT|SAFETY#LONG_TERM|Dr. Ease of Access
TALTZ_PSORIATIC ARTHRITIS|DOXIMITY_ALERT|SAFETY#LONG_TERM|Dr. TNF
TALTZ_PSORIATIC ARTHRITIS|DOXIMITY_ALERT|SAFETY#LONG_TERM|Dr. Joint Only
TALTZ_PSORIATIC ARTHRITIS|DOXIMITY_ALERT|SAFETY#LONG_TERM|Dr. Domains
TALTZ_PSORIATIC ARTHRITIS|DOXIMITY_ALERT|SAFETY#LONG_TERM|APP
TALTZ_PSORIATIC ARTHRITIS|DOXIMITY_ALERT|SAFETY#LONG_TERM|NPP_NON_TARGET
TALTZ_PSORIATIC ARTHRITIS|DOXIMITY_ALERT|SAFETY#LONG_TERM|NA
TALTZ_PSORIATIC ARTHRITIS|DOXIMITY_ALERT|INITIATION|Dr. Ease of Access
TALTZ_PSORIATIC ARTHRITIS|DOXIMITY_ALERT|INITIATION|Dr. TNF
TALTZ_PSORIATIC ARTHRITIS|DOXIMITY_ALERT|INITIATION|Dr. Joint Only
TALTZ_PSORIATIC ARTHRITIS|DOXIMITY_ALERT|INITIATION|Dr. Domains
TALTZ_PSORIATIC ARTHRITIS|DOXIMITY_ALERT|INITIATION|APP
TALTZ_PSORIATIC ARTHRITIS|DOXIMITY_ALERT|INITIATION|NPP_NON_TARGET
TALTZ_PSORIATIC ARTHRITIS|DOXIMITY_ALERT|INITIATION|NA
TALTZ_PSORIATIC ARTHRITIS|DOXIMITY_ALERT|GENERAL|Dr. Ease of Access
TALTZ_PSORIATIC ARTHRITIS|DOXIMITY_ALERT|GENERAL|Dr. TNF
TALTZ_PSORIATIC ARTHRITIS|DOXIMITY_ALERT|GENERAL|Dr. Joint Only
TALTZ_PSORIATIC ARTHRITIS|DOXIMITY_ALERT|GENERAL|Dr. Domains
TALTZ_PSORIATIC ARTHRITIS|DOXIMITY_ALERT|GENERAL|APP
TALTZ_PSORIATIC ARTHRITIS|DOXIMITY_ALERT|GENERAL|NPP_NON_TARGET
TALTZ_PSORIATIC ARTHRITIS|DOXIMITY_ALERT|GENERAL|NA
TALTZ_PSORIATIC ARTHRITIS|DOXIMITY_ALERT|EFFICACY#STRUCTURE|Dr. Ease of Access
TALTZ_PSORIATIC ARTHRITIS|DOXIMITY_ALERT|EFFICACY#STRUCTURE|Dr. TNF
TALTZ_PSORIATIC ARTHRITIS|DOXIMITY_ALERT|EFFICACY#STRUCTURE|Dr. Joint Only
TALTZ_PSORIATIC ARTHRITIS|DOXIMITY_ALERT|EFFICACY#STRUCTURE|Dr. Domains
TALTZ_PSORIATIC ARTHRITIS|DOXIMITY_ALERT|EFFICACY#STRUCTURE|APP
TALTZ_PSORIATIC ARTHRITIS|DOXIMITY_ALERT|EFFICACY#STRUCTURE|NPP_NON_TARGET
TALTZ_PSORIATIC ARTHRITIS|DOXIMITY_ALERT|EFFICACY#STRUCTURE|NA
TALTZ_PSORIATIC ARTHRITIS|DOXIMITY_ALERT|EFFICACY#HEAD_TO_HEAD|Dr. Ease of Access
TALTZ_PSORIATIC ARTHRITIS|DOXIMITY_ALERT|EFFICACY#HEAD_TO_HEAD|Dr. TNF
TALTZ_PSORIATIC ARTHRITIS|DOXIMITY_ALERT|EFFICACY#HEAD_TO_HEAD|Dr. Joint Only
TALTZ_PSORIATIC ARTHRITIS|DOXIMITY_ALERT|EFFICACY#HEAD_TO_HEAD|Dr. Domains
TALTZ_PSORIATIC ARTHRITIS|DOXIMITY_ALERT|EFFICACY#HEAD_TO_HEAD|APP
TALTZ_PSORIATIC ARTHRITIS|DOXIMITY_ALERT|EFFICACY#HEAD_TO_HEAD|NPP_NON_TARGET
TALTZ_PSORIATIC ARTHRITIS|DOXIMITY_ALERT|EFFICACY#HEAD_TO_HEAD|NA
TALTZ_PSORIATIC ARTHRITIS|DOXIMITY_ALERT|EFFICACY#ENTHESITIS_DACYLITIS|Dr. Ease of Access
TALTZ_PSORIATIC ARTHRITIS|DOXIMITY_ALERT|EFFICACY#ENTHESITIS_DACYLITIS|Dr. TNF
TALTZ_PSORIATIC ARTHRITIS|DOXIMITY_ALERT|EFFICACY#ENTHESITIS_DACYLITIS|Dr. Joint Only
TALTZ_PSORIATIC ARTHRITIS|DOXIMITY_ALERT|EFFICACY#ENTHESITIS_DACYLITIS|Dr. Domains
TALTZ_PSORIATIC ARTHRITIS|DOXIMITY_ALERT|EFFICACY#ENTHESITIS_DACYLITIS|APP
TALTZ_PSORIATIC ARTHRITIS|DOXIMITY_ALERT|EFFICACY#ENTHESITIS_DACYLITIS|NPP_NON_TARGET
TALTZ_PSORIATIC ARTHRITIS|DOXIMITY_ALERT|EFFICACY#ENTHESITIS_DACYLITIS|NA
TALTZ_PSORIATIC ARTHRITIS|DOXIMITY_ALERT|EFFICACY#CORE|Dr. Ease of Access
TALTZ_PSORIATIC ARTHRITIS|DOXIMITY_ALERT|EFFICACY#CORE|Dr. TNF
TALTZ_PSORIATIC ARTHRITIS|DOXIMITY_ALERT|EFFICACY#CORE|Dr. Joint Only
TALTZ_PSORIATIC ARTHRITIS|DOXIMITY_ALERT|EFFICACY#CORE|Dr. Domains
TALTZ_PSORIATIC ARTHRITIS|DOXIMITY_ALERT|EFFICACY#CORE|APP
TALTZ_PSORIATIC ARTHRITIS|DOXIMITY_ALERT|EFFICACY#CORE|NPP_NON_TARGET
TALTZ_PSORIATIC ARTHRITIS|DOXIMITY_ALERT|EFFICACY#CORE|NA
TALTZ_PSORIATIC ARTHRITIS|DOXIMITY_ALERT|EFFICACY#COMBINATION_THERAPY|Dr. Ease of Access
TALTZ_PSORIATIC ARTHRITIS|DOXIMITY_ALERT|EFFICACY#COMBINATION_THERAPY|Dr. TNF
TALTZ_PSORIATIC ARTHRITIS|DOXIMITY_ALERT|EFFICACY#COMBINATION_THERAPY|Dr. Joint Only
TALTZ_PSORIATIC ARTHRITIS|DOXIMITY_ALERT|EFFICACY#COMBINATION_THERAPY|Dr. Domains
TALTZ_PSORIATIC ARTHRITIS|DOXIMITY_ALERT|EFFICACY#COMBINATION_THERAPY|APP
TALTZ_PSORIATIC ARTHRITIS|DOXIMITY_ALERT|EFFICACY#COMBINATION_THERAPY|NPP_NON_TARGET
TALTZ_PSORIATIC ARTHRITIS|DOXIMITY_ALERT|EFFICACY#COMBINATION_THERAPY|NA
TALTZ_PSORIATIC ARTHRITIS|EDH_PROFLOW_EDMU|DEVICE|Dr. Ease of Access
TALTZ_PSORIATIC ARTHRITIS|EDH_PROFLOW_EDMU|DEVICE|Dr. TNF
TALTZ_PSORIATIC ARTHRITIS|EDH_PROFLOW_EDMU|DEVICE|Dr. Joint Only
TALTZ_PSORIATIC ARTHRITIS|EDH_PROFLOW_EDMU|DEVICE|Dr. Domains
TALTZ_PSORIATIC ARTHRITIS|EDH_PROFLOW_EDMU|DEVICE|APP
TALTZ_PSORIATIC ARTHRITIS|EDH_PROFLOW_EDMU|DEVICE|NPP_NON_TARGET
TALTZ_PSORIATIC ARTHRITIS|EDH_PROFLOW_EDMU|DEVICE|NA
TALTZ_PSORIATIC ARTHRITIS|EDH_PROFLOW_EDMU|SAFETY#SIDE_EFFECTS|Dr. Ease of Access
TALTZ_PSORIATIC ARTHRITIS|EDH_PROFLOW_EDMU|SAFETY#SIDE_EFFECTS|Dr. TNF
TALTZ_PSORIATIC ARTHRITIS|EDH_PROFLOW_EDMU|SAFETY#SIDE_EFFECTS|Dr. Joint Only
TALTZ_PSORIATIC ARTHRITIS|EDH_PROFLOW_EDMU|SAFETY#SIDE_EFFECTS|Dr. Domains
TALTZ_PSORIATIC ARTHRITIS|EDH_PROFLOW_EDMU|SAFETY#SIDE_EFFECTS|APP
TALTZ_PSORIATIC ARTHRITIS|EDH_PROFLOW_EDMU|SAFETY#SIDE_EFFECTS|NPP_NON_TARGET
TALTZ_PSORIATIC ARTHRITIS|EDH_PROFLOW_EDMU|SAFETY#SIDE_EFFECTS|NA
TALTZ_PSORIATIC ARTHRITIS|EDH_PROFLOW_EDMU|SAFETY#NR_AXSPA|Dr. Ease of Access
TALTZ_PSORIATIC ARTHRITIS|EDH_PROFLOW_EDMU|SAFETY#NR_AXSPA|Dr. TNF
TALTZ_PSORIATIC ARTHRITIS|EDH_PROFLOW_EDMU|SAFETY#NR_AXSPA|Dr. Joint Only
TALTZ_PSORIATIC ARTHRITIS|EDH_PROFLOW_EDMU|SAFETY#NR_AXSPA|Dr. Domains
TALTZ_PSORIATIC ARTHRITIS|EDH_PROFLOW_EDMU|SAFETY#NR_AXSPA|APP
TALTZ_PSORIATIC ARTHRITIS|EDH_PROFLOW_EDMU|SAFETY#NR_AXSPA|NPP_NON_TARGET
TALTZ_PSORIATIC ARTHRITIS|EDH_PROFLOW_EDMU|SAFETY#NR_AXSPA|NA
TALTZ_PSORIATIC ARTHRITIS|EDH_PROFLOW_EDMU|SAFETY#NA|Dr. Ease of Access
TALTZ_PSORIATIC ARTHRITIS|EDH_PROFLOW_EDMU|SAFETY#NA|Dr. TNF
TALTZ_PSORIATIC ARTHRITIS|EDH_PROFLOW_EDMU|SAFETY#NA|Dr. Joint Only
TALTZ_PSORIATIC ARTHRITIS|EDH_PROFLOW_EDMU|SAFETY#NA|Dr. Domains
TALTZ_PSORIATIC ARTHRITIS|EDH_PROFLOW_EDMU|SAFETY#NA|APP
TALTZ_PSORIATIC ARTHRITIS|EDH_PROFLOW_EDMU|SAFETY#NA|NPP_NON_TARGET
TALTZ_PSORIATIC ARTHRITIS|EDH_PROFLOW_EDMU|SAFETY#NA|NA
TALTZ_PSORIATIC ARTHRITIS|EDH_PROFLOW_EDMU|SAFETY#HEAD_TO_HEAD|Dr. Ease of Access
TALTZ_PSORIATIC ARTHRITIS|EDH_PROFLOW_EDMU|SAFETY#HEAD_TO_HEAD|Dr. TNF
TALTZ_PSORIATIC ARTHRITIS|EDH_PROFLOW_EDMU|SAFETY#HEAD_TO_HEAD|Dr. Joint Only
TALTZ_PSORIATIC ARTHRITIS|EDH_PROFLOW_EDMU|SAFETY#HEAD_TO_HEAD|Dr. Domains
TALTZ_PSORIATIC ARTHRITIS|EDH_PROFLOW_EDMU|SAFETY#HEAD_TO_HEAD|APP
TALTZ_PSORIATIC ARTHRITIS|EDH_PROFLOW_EDMU|SAFETY#HEAD_TO_HEAD|NPP_NON_TARGET
TALTZ_PSORIATIC ARTHRITIS|EDH_PROFLOW_EDMU|SAFETY#HEAD_TO_HEAD|NA
TALTZ_PSORIATIC ARTHRITIS|EDH_PROFLOW_EDMU|SAFETY#AS|Dr. Ease of Access
TALTZ_PSORIATIC ARTHRITIS|EDH_PROFLOW_EDMU|SAFETY#AS|Dr. TNF
TALTZ_PSORIATIC ARTHRITIS|EDH_PROFLOW_EDMU|SAFETY#AS|Dr. Joint Only
TALTZ_PSORIATIC ARTHRITIS|EDH_PROFLOW_EDMU|SAFETY#AS|Dr. Domains
TALTZ_PSORIATIC ARTHRITIS|EDH_PROFLOW_EDMU|SAFETY#AS|APP
TALTZ_PSORIATIC ARTHRITIS|EDH_PROFLOW_EDMU|SAFETY#AS|NPP_NON_TARGET
TALTZ_PSORIATIC ARTHRITIS|EDH_PROFLOW_EDMU|SAFETY#AS|NA
TALTZ_PSORIATIC ARTHRITIS|EDH_PROFLOW_EDMU|PATIENT_TYPE_IDENTIFICATION|Dr. Ease of Access
TALTZ_PSORIATIC ARTHRITIS|EDH_PROFLOW_EDMU|PATIENT_TYPE_IDENTIFICATION|Dr. TNF
TALTZ_PSORIATIC ARTHRITIS|EDH_PROFLOW_EDMU|PATIENT_TYPE_IDENTIFICATION|Dr. Joint Only
TALTZ_PSORIATIC ARTHRITIS|EDH_PROFLOW_EDMU|PATIENT_TYPE_IDENTIFICATION|Dr. Domains
TALTZ_PSORIATIC ARTHRITIS|EDH_PROFLOW_EDMU|PATIENT_TYPE_IDENTIFICATION|APP
TALTZ_PSORIATIC ARTHRITIS|EDH_PROFLOW_EDMU|PATIENT_TYPE_IDENTIFICATION|NPP_NON_TARGET
TALTZ_PSORIATIC ARTHRITIS|EDH_PROFLOW_EDMU|PATIENT_TYPE_IDENTIFICATION|NA
TALTZ_PSORIATIC ARTHRITIS|EDH_PROFLOW_EDMU|PATIENT_CUSTOMER_SUPPORT|Dr. Ease of Access
TALTZ_PSORIATIC ARTHRITIS|EDH_PROFLOW_EDMU|PATIENT_CUSTOMER_SUPPORT|Dr. TNF
TALTZ_PSORIATIC ARTHRITIS|EDH_PROFLOW_EDMU|PATIENT_CUSTOMER_SUPPORT|Dr. Joint Only
TALTZ_PSORIATIC ARTHRITIS|EDH_PROFLOW_EDMU|PATIENT_CUSTOMER_SUPPORT|Dr. Domains
TALTZ_PSORIATIC ARTHRITIS|EDH_PROFLOW_EDMU|PATIENT_CUSTOMER_SUPPORT|APP
TALTZ_PSORIATIC ARTHRITIS|EDH_PROFLOW_EDMU|PATIENT_CUSTOMER_SUPPORT|NPP_NON_TARGET
TALTZ_PSORIATIC ARTHRITIS|EDH_PROFLOW_EDMU|PATIENT_CUSTOMER_SUPPORT|NA
TALTZ_PSORIATIC ARTHRITIS|EDH_PROFLOW_EDMU|PATIENT_AFFORDABILITY|Dr. Ease of Access
TALTZ_PSORIATIC ARTHRITIS|EDH_PROFLOW_EDMU|PATIENT_AFFORDABILITY|Dr. TNF
TALTZ_PSORIATIC ARTHRITIS|EDH_PROFLOW_EDMU|PATIENT_AFFORDABILITY|Dr. Joint Only
TALTZ_PSORIATIC ARTHRITIS|EDH_PROFLOW_EDMU|PATIENT_AFFORDABILITY|Dr. Domains
TALTZ_PSORIATIC ARTHRITIS|EDH_PROFLOW_EDMU|PATIENT_AFFORDABILITY|APP
TALTZ_PSORIATIC ARTHRITIS|EDH_PROFLOW_EDMU|PATIENT_AFFORDABILITY|NPP_NON_TARGET
TALTZ_PSORIATIC ARTHRITIS|EDH_PROFLOW_EDMU|PATIENT_AFFORDABILITY|NA
TALTZ_PSORIATIC ARTHRITIS|EDH_PROFLOW_EDMU|MOA|Dr. Ease of Access
TALTZ_PSORIATIC ARTHRITIS|EDH_PROFLOW_EDMU|MOA|Dr. TNF
TALTZ_PSORIATIC ARTHRITIS|EDH_PROFLOW_EDMU|MOA|Dr. Joint Only
TALTZ_PSORIATIC ARTHRITIS|EDH_PROFLOW_EDMU|MOA|Dr. Domains
TALTZ_PSORIATIC ARTHRITIS|EDH_PROFLOW_EDMU|MOA|APP
TALTZ_PSORIATIC ARTHRITIS|EDH_PROFLOW_EDMU|MOA|NPP_NON_TARGET
TALTZ_PSORIATIC ARTHRITIS|EDH_PROFLOW_EDMU|MOA|NA
TALTZ_PSORIATIC ARTHRITIS|EDH_PROFLOW_EDMU|EFFICACY#SPINAL_PAIN_AND_STIFFNESS|Dr. Ease of Access
TALTZ_PSORIATIC ARTHRITIS|EDH_PROFLOW_EDMU|EFFICACY#SPINAL_PAIN_AND_STIFFNESS|Dr. TNF
TALTZ_PSORIATIC ARTHRITIS|EDH_PROFLOW_EDMU|EFFICACY#SPINAL_PAIN_AND_STIFFNESS|Dr. Joint Only
TALTZ_PSORIATIC ARTHRITIS|EDH_PROFLOW_EDMU|EFFICACY#SPINAL_PAIN_AND_STIFFNESS|Dr. Domains
TALTZ_PSORIATIC ARTHRITIS|EDH_PROFLOW_EDMU|EFFICACY#SPINAL_PAIN_AND_STIFFNESS|APP
TALTZ_PSORIATIC ARTHRITIS|EDH_PROFLOW_EDMU|EFFICACY#SPINAL_PAIN_AND_STIFFNESS|NPP_NON_TARGET
TALTZ_PSORIATIC ARTHRITIS|EDH_PROFLOW_EDMU|EFFICACY#SPINAL_PAIN_AND_STIFFNESS|NA
TALTZ_PSORIATIC ARTHRITIS|EDH_PROFLOW_EDMU|EFFICACY#SECONDARY|Dr. Ease of Access
TALTZ_PSORIATIC ARTHRITIS|EDH_PROFLOW_EDMU|EFFICACY#SECONDARY|Dr. TNF
TALTZ_PSORIATIC ARTHRITIS|EDH_PROFLOW_EDMU|EFFICACY#SECONDARY|Dr. Joint Only
TALTZ_PSORIATIC ARTHRITIS|EDH_PROFLOW_EDMU|EFFICACY#SECONDARY|Dr. Domains
TALTZ_PSORIATIC ARTHRITIS|EDH_PROFLOW_EDMU|EFFICACY#SECONDARY|APP
TALTZ_PSORIATIC ARTHRITIS|EDH_PROFLOW_EDMU|EFFICACY#SECONDARY|NPP_NON_TARGET
TALTZ_PSORIATIC ARTHRITIS|EDH_PROFLOW_EDMU|EFFICACY#SECONDARY|NA
TALTZ_PSORIATIC ARTHRITIS|EDH_PROFLOW_EDMU|EFFICACY#RAPID_ONSET|Dr. Ease of Access
TALTZ_PSORIATIC ARTHRITIS|EDH_PROFLOW_EDMU|EFFICACY#RAPID_ONSET|Dr. TNF
TALTZ_PSORIATIC ARTHRITIS|EDH_PROFLOW_EDMU|EFFICACY#RAPID_ONSET|Dr. Joint Only
TALTZ_PSORIATIC ARTHRITIS|EDH_PROFLOW_EDMU|EFFICACY#RAPID_ONSET|Dr. Domains
TALTZ_PSORIATIC ARTHRITIS|EDH_PROFLOW_EDMU|EFFICACY#RAPID_ONSET|APP
TALTZ_PSORIATIC ARTHRITIS|EDH_PROFLOW_EDMU|EFFICACY#RAPID_ONSET|NPP_NON_TARGET
TALTZ_PSORIATIC ARTHRITIS|EDH_PROFLOW_EDMU|EFFICACY#RAPID_ONSET|NA
TALTZ_PSORIATIC ARTHRITIS|EDH_PROFLOW_EDMU|EFFICACY#PSO_PEDS|Dr. Ease of Access
TALTZ_PSORIATIC ARTHRITIS|EDH_PROFLOW_EDMU|EFFICACY#PSO_PEDS|Dr. TNF
TALTZ_PSORIATIC ARTHRITIS|EDH_PROFLOW_EDMU|EFFICACY#PSO_PEDS|Dr. Joint Only
TALTZ_PSORIATIC ARTHRITIS|EDH_PROFLOW_EDMU|EFFICACY#PSO_PEDS|Dr. Domains
TALTZ_PSORIATIC ARTHRITIS|EDH_PROFLOW_EDMU|EFFICACY#PSO_PEDS|APP
TALTZ_PSORIATIC ARTHRITIS|EDH_PROFLOW_EDMU|EFFICACY#PSO_PEDS|NPP_NON_TARGET
TALTZ_PSORIATIC ARTHRITIS|EDH_PROFLOW_EDMU|EFFICACY#PSO_PEDS|NA
TALTZ_PSORIATIC ARTHRITIS|EDH_PROFLOW_EDMU|EFFICACY#NOW_APPROVED|Dr. Ease of Access
TALTZ_PSORIATIC ARTHRITIS|EDH_PROFLOW_EDMU|EFFICACY#NOW_APPROVED|Dr. TNF
TALTZ_PSORIATIC ARTHRITIS|EDH_PROFLOW_EDMU|EFFICACY#NOW_APPROVED|Dr. Joint Only
TALTZ_PSORIATIC ARTHRITIS|EDH_PROFLOW_EDMU|EFFICACY#NOW_APPROVED|Dr. Domains
TALTZ_PSORIATIC ARTHRITIS|EDH_PROFLOW_EDMU|EFFICACY#NOW_APPROVED|APP
TALTZ_PSORIATIC ARTHRITIS|EDH_PROFLOW_EDMU|EFFICACY#NOW_APPROVED|NPP_NON_TARGET
TALTZ_PSORIATIC ARTHRITIS|EDH_PROFLOW_EDMU|EFFICACY#NOW_APPROVED|NA
TALTZ_PSORIATIC ARTHRITIS|EDH_PROFLOW_EDMU|EFFICACY#NA|Dr. Ease of Access
TALTZ_PSORIATIC ARTHRITIS|EDH_PROFLOW_EDMU|EFFICACY#NA|Dr. TNF
TALTZ_PSORIATIC ARTHRITIS|EDH_PROFLOW_EDMU|EFFICACY#NA|Dr. Joint Only
TALTZ_PSORIATIC ARTHRITIS|EDH_PROFLOW_EDMU|EFFICACY#NA|Dr. Domains
TALTZ_PSORIATIC ARTHRITIS|EDH_PROFLOW_EDMU|EFFICACY#NA|APP
TALTZ_PSORIATIC ARTHRITIS|EDH_PROFLOW_EDMU|EFFICACY#NA|NPP_NON_TARGET
TALTZ_PSORIATIC ARTHRITIS|EDH_PROFLOW_EDMU|EFFICACY#NA|NA
TALTZ_PSORIATIC ARTHRITIS|EDH_PROFLOW_EDMU|EFFICACY#LONG_TERM|Dr. Ease of Access
TALTZ_PSORIATIC ARTHRITIS|EDH_PROFLOW_EDMU|EFFICACY#LONG_TERM|Dr. TNF
TALTZ_PSORIATIC ARTHRITIS|EDH_PROFLOW_EDMU|EFFICACY#LONG_TERM|Dr. Joint Only
TALTZ_PSORIATIC ARTHRITIS|EDH_PROFLOW_EDMU|EFFICACY#LONG_TERM|Dr. Domains
TALTZ_PSORIATIC ARTHRITIS|EDH_PROFLOW_EDMU|EFFICACY#LONG_TERM|APP
TALTZ_PSORIATIC ARTHRITIS|EDH_PROFLOW_EDMU|EFFICACY#LONG_TERM|NPP_NON_TARGET
TALTZ_PSORIATIC ARTHRITIS|EDH_PROFLOW_EDMU|EFFICACY#LONG_TERM|NA
TALTZ_PSORIATIC ARTHRITIS|EDH_PROFLOW_EDMU|EASE_OF_ADMINISTRATION|Dr. Ease of Access
TALTZ_PSORIATIC ARTHRITIS|EDH_PROFLOW_EDMU|EASE_OF_ADMINISTRATION|Dr. TNF
TALTZ_PSORIATIC ARTHRITIS|EDH_PROFLOW_EDMU|EASE_OF_ADMINISTRATION|Dr. Joint Only
TALTZ_PSORIATIC ARTHRITIS|EDH_PROFLOW_EDMU|EASE_OF_ADMINISTRATION|Dr. Domains
TALTZ_PSORIATIC ARTHRITIS|EDH_PROFLOW_EDMU|EASE_OF_ADMINISTRATION|APP
TALTZ_PSORIATIC ARTHRITIS|EDH_PROFLOW_EDMU|EASE_OF_ADMINISTRATION|NPP_NON_TARGET
TALTZ_PSORIATIC ARTHRITIS|EDH_PROFLOW_EDMU|EASE_OF_ADMINISTRATION|NA
TALTZ_PSORIATIC ARTHRITIS|EDH_PROFLOW_EDMU|DOSING|Dr. Ease of Access
TALTZ_PSORIATIC ARTHRITIS|EDH_PROFLOW_EDMU|DOSING|Dr. TNF
TALTZ_PSORIATIC ARTHRITIS|EDH_PROFLOW_EDMU|DOSING|Dr. Joint Only
TALTZ_PSORIATIC ARTHRITIS|EDH_PROFLOW_EDMU|DOSING|Dr. Domains
TALTZ_PSORIATIC ARTHRITIS|EDH_PROFLOW_EDMU|DOSING|APP
TALTZ_PSORIATIC ARTHRITIS|EDH_PROFLOW_EDMU|DOSING|NPP_NON_TARGET
TALTZ_PSORIATIC ARTHRITIS|EDH_PROFLOW_EDMU|DOSING|NA
TALTZ_PSORIATIC ARTHRITIS|EDH_PROFLOW_EDMU|DISEASE_STATE|Dr. Ease of Access
TALTZ_PSORIATIC ARTHRITIS|EDH_PROFLOW_EDMU|DISEASE_STATE|Dr. TNF
TALTZ_PSORIATIC ARTHRITIS|EDH_PROFLOW_EDMU|DISEASE_STATE|Dr. Joint Only
TALTZ_PSORIATIC ARTHRITIS|EDH_PROFLOW_EDMU|DISEASE_STATE|Dr. Domains
TALTZ_PSORIATIC ARTHRITIS|EDH_PROFLOW_EDMU|DISEASE_STATE|APP
TALTZ_PSORIATIC ARTHRITIS|EDH_PROFLOW_EDMU|DISEASE_STATE|NPP_NON_TARGET
TALTZ_PSORIATIC ARTHRITIS|EDH_PROFLOW_EDMU|DISEASE_STATE|NA
TALTZ_PSORIATIC ARTHRITIS|EDH_PROFLOW_EDMU|ACCESS_FORMULARY|Dr. Ease of Access
TALTZ_PSORIATIC ARTHRITIS|EDH_PROFLOW_EDMU|ACCESS_FORMULARY|Dr. TNF
TALTZ_PSORIATIC ARTHRITIS|EDH_PROFLOW_EDMU|ACCESS_FORMULARY|Dr. Joint Only
TALTZ_PSORIATIC ARTHRITIS|EDH_PROFLOW_EDMU|ACCESS_FORMULARY|Dr. Domains
TALTZ_PSORIATIC ARTHRITIS|EDH_PROFLOW_EDMU|ACCESS_FORMULARY|APP
TALTZ_PSORIATIC ARTHRITIS|EDH_PROFLOW_EDMU|ACCESS_FORMULARY|NPP_NON_TARGET
TALTZ_PSORIATIC ARTHRITIS|EDH_PROFLOW_EDMU|ACCESS_FORMULARY|NA
TALTZ_PSORIATIC ARTHRITIS|EDH_PROFLOW_EDMU|UNMET_NEED|Dr. Ease of Access
TALTZ_PSORIATIC ARTHRITIS|EDH_PROFLOW_EDMU|UNMET_NEED|Dr. TNF
TALTZ_PSORIATIC ARTHRITIS|EDH_PROFLOW_EDMU|UNMET_NEED|Dr. Joint Only
TALTZ_PSORIATIC ARTHRITIS|EDH_PROFLOW_EDMU|UNMET_NEED|Dr. Domains
TALTZ_PSORIATIC ARTHRITIS|EDH_PROFLOW_EDMU|UNMET_NEED|APP
TALTZ_PSORIATIC ARTHRITIS|EDH_PROFLOW_EDMU|UNMET_NEED|NPP_NON_TARGET
TALTZ_PSORIATIC ARTHRITIS|EDH_PROFLOW_EDMU|UNMET_NEED|NA
TALTZ_PSORIATIC ARTHRITIS|EDH_PROFLOW_EDMU|SAFETY#PSO_PEDS|Dr. Ease of Access
TALTZ_PSORIATIC ARTHRITIS|EDH_PROFLOW_EDMU|SAFETY#PSO_PEDS|Dr. TNF
TALTZ_PSORIATIC ARTHRITIS|EDH_PROFLOW_EDMU|SAFETY#PSO_PEDS|Dr. Joint Only
TALTZ_PSORIATIC ARTHRITIS|EDH_PROFLOW_EDMU|SAFETY#PSO_PEDS|Dr. Domains
TALTZ_PSORIATIC ARTHRITIS|EDH_PROFLOW_EDMU|SAFETY#PSO_PEDS|APP
TALTZ_PSORIATIC ARTHRITIS|EDH_PROFLOW_EDMU|SAFETY#PSO_PEDS|NPP_NON_TARGET
TALTZ_PSORIATIC ARTHRITIS|EDH_PROFLOW_EDMU|SAFETY#PSO_PEDS|NA
TALTZ_PSORIATIC ARTHRITIS|EDH_PROFLOW_EDMU|SAFETY#PSO_ADULTS|Dr. Ease of Access
TALTZ_PSORIATIC ARTHRITIS|EDH_PROFLOW_EDMU|SAFETY#PSO_ADULTS|Dr. TNF
TALTZ_PSORIATIC ARTHRITIS|EDH_PROFLOW_EDMU|SAFETY#PSO_ADULTS|Dr. Joint Only
TALTZ_PSORIATIC ARTHRITIS|EDH_PROFLOW_EDMU|SAFETY#PSO_ADULTS|Dr. Domains
TALTZ_PSORIATIC ARTHRITIS|EDH_PROFLOW_EDMU|SAFETY#PSO_ADULTS|APP
TALTZ_PSORIATIC ARTHRITIS|EDH_PROFLOW_EDMU|SAFETY#PSO_ADULTS|NPP_NON_TARGET
TALTZ_PSORIATIC ARTHRITIS|EDH_PROFLOW_EDMU|SAFETY#PSO_ADULTS|NA
TALTZ_PSORIATIC ARTHRITIS|EDH_PROFLOW_EDMU|SAFETY#PSA|Dr. Ease of Access
TALTZ_PSORIATIC ARTHRITIS|EDH_PROFLOW_EDMU|SAFETY#PSA|Dr. TNF
TALTZ_PSORIATIC ARTHRITIS|EDH_PROFLOW_EDMU|SAFETY#PSA|Dr. Joint Only
TALTZ_PSORIATIC ARTHRITIS|EDH_PROFLOW_EDMU|SAFETY#PSA|Dr. Domains
TALTZ_PSORIATIC ARTHRITIS|EDH_PROFLOW_EDMU|SAFETY#PSA|APP
TALTZ_PSORIATIC ARTHRITIS|EDH_PROFLOW_EDMU|SAFETY#PSA|NPP_NON_TARGET
TALTZ_PSORIATIC ARTHRITIS|EDH_PROFLOW_EDMU|SAFETY#PSA|NA
TALTZ_PSORIATIC ARTHRITIS|EDH_PROFLOW_EDMU|SAFETY#LONG_TERM|Dr. Ease of Access
TALTZ_PSORIATIC ARTHRITIS|EDH_PROFLOW_EDMU|SAFETY#LONG_TERM|Dr. TNF
TALTZ_PSORIATIC ARTHRITIS|EDH_PROFLOW_EDMU|SAFETY#LONG_TERM|Dr. Joint Only
TALTZ_PSORIATIC ARTHRITIS|EDH_PROFLOW_EDMU|SAFETY#LONG_TERM|Dr. Domains
TALTZ_PSORIATIC ARTHRITIS|EDH_PROFLOW_EDMU|SAFETY#LONG_TERM|APP
TALTZ_PSORIATIC ARTHRITIS|EDH_PROFLOW_EDMU|SAFETY#LONG_TERM|NPP_NON_TARGET
TALTZ_PSORIATIC ARTHRITIS|EDH_PROFLOW_EDMU|SAFETY#LONG_TERM|NA
TALTZ_PSORIATIC ARTHRITIS|EDH_PROFLOW_EDMU|INITIATION|Dr. Ease of Access
TALTZ_PSORIATIC ARTHRITIS|EDH_PROFLOW_EDMU|INITIATION|Dr. TNF
TALTZ_PSORIATIC ARTHRITIS|EDH_PROFLOW_EDMU|INITIATION|Dr. Joint Only
TALTZ_PSORIATIC ARTHRITIS|EDH_PROFLOW_EDMU|INITIATION|Dr. Domains
TALTZ_PSORIATIC ARTHRITIS|EDH_PROFLOW_EDMU|INITIATION|APP
TALTZ_PSORIATIC ARTHRITIS|EDH_PROFLOW_EDMU|INITIATION|NPP_NON_TARGET
TALTZ_PSORIATIC ARTHRITIS|EDH_PROFLOW_EDMU|INITIATION|NA
TALTZ_PSORIATIC ARTHRITIS|EDH_PROFLOW_EDMU|GENERAL|Dr. Ease of Access
TALTZ_PSORIATIC ARTHRITIS|EDH_PROFLOW_EDMU|GENERAL|Dr. TNF
TALTZ_PSORIATIC ARTHRITIS|EDH_PROFLOW_EDMU|GENERAL|Dr. Joint Only
TALTZ_PSORIATIC ARTHRITIS|EDH_PROFLOW_EDMU|GENERAL|Dr. Domains
TALTZ_PSORIATIC ARTHRITIS|EDH_PROFLOW_EDMU|GENERAL|APP
TALTZ_PSORIATIC ARTHRITIS|EDH_PROFLOW_EDMU|GENERAL|NPP_NON_TARGET
TALTZ_PSORIATIC ARTHRITIS|EDH_PROFLOW_EDMU|GENERAL|NA
TALTZ_PSORIATIC ARTHRITIS|EDH_PROFLOW_EDMU|EFFICACY#STRUCTURE|Dr. Ease of Access
TALTZ_PSORIATIC ARTHRITIS|EDH_PROFLOW_EDMU|EFFICACY#STRUCTURE|Dr. TNF
TALTZ_PSORIATIC ARTHRITIS|EDH_PROFLOW_EDMU|EFFICACY#STRUCTURE|Dr. Joint Only
TALTZ_PSORIATIC ARTHRITIS|EDH_PROFLOW_EDMU|EFFICACY#STRUCTURE|Dr. Domains
TALTZ_PSORIATIC ARTHRITIS|EDH_PROFLOW_EDMU|EFFICACY#STRUCTURE|APP
TALTZ_PSORIATIC ARTHRITIS|EDH_PROFLOW_EDMU|EFFICACY#STRUCTURE|NPP_NON_TARGET
TALTZ_PSORIATIC ARTHRITIS|EDH_PROFLOW_EDMU|EFFICACY#STRUCTURE|NA
TALTZ_PSORIATIC ARTHRITIS|EDH_PROFLOW_EDMU|EFFICACY#HEAD_TO_HEAD|Dr. Ease of Access
TALTZ_PSORIATIC ARTHRITIS|EDH_PROFLOW_EDMU|EFFICACY#HEAD_TO_HEAD|Dr. TNF
TALTZ_PSORIATIC ARTHRITIS|EDH_PROFLOW_EDMU|EFFICACY#HEAD_TO_HEAD|Dr. Joint Only
TALTZ_PSORIATIC ARTHRITIS|EDH_PROFLOW_EDMU|EFFICACY#HEAD_TO_HEAD|Dr. Domains
TALTZ_PSORIATIC ARTHRITIS|EDH_PROFLOW_EDMU|EFFICACY#HEAD_TO_HEAD|APP
TALTZ_PSORIATIC ARTHRITIS|EDH_PROFLOW_EDMU|EFFICACY#HEAD_TO_HEAD|NPP_NON_TARGET
TALTZ_PSORIATIC ARTHRITIS|EDH_PROFLOW_EDMU|EFFICACY#HEAD_TO_HEAD|NA
TALTZ_PSORIATIC ARTHRITIS|EDH_PROFLOW_EDMU|EFFICACY#ENTHESITIS_DACYLITIS|Dr. Ease of Access
TALTZ_PSORIATIC ARTHRITIS|EDH_PROFLOW_EDMU|EFFICACY#ENTHESITIS_DACYLITIS|Dr. TNF
TALTZ_PSORIATIC ARTHRITIS|EDH_PROFLOW_EDMU|EFFICACY#ENTHESITIS_DACYLITIS|Dr. Joint Only
TALTZ_PSORIATIC ARTHRITIS|EDH_PROFLOW_EDMU|EFFICACY#ENTHESITIS_DACYLITIS|Dr. Domains
TALTZ_PSORIATIC ARTHRITIS|EDH_PROFLOW_EDMU|EFFICACY#ENTHESITIS_DACYLITIS|APP
TALTZ_PSORIATIC ARTHRITIS|EDH_PROFLOW_EDMU|EFFICACY#ENTHESITIS_DACYLITIS|NPP_NON_TARGET
TALTZ_PSORIATIC ARTHRITIS|EDH_PROFLOW_EDMU|EFFICACY#ENTHESITIS_DACYLITIS|NA
TALTZ_PSORIATIC ARTHRITIS|EDH_PROFLOW_EDMU|EFFICACY#CORE|Dr. Ease of Access
TALTZ_PSORIATIC ARTHRITIS|EDH_PROFLOW_EDMU|EFFICACY#CORE|Dr. TNF
TALTZ_PSORIATIC ARTHRITIS|EDH_PROFLOW_EDMU|EFFICACY#CORE|Dr. Joint Only
TALTZ_PSORIATIC ARTHRITIS|EDH_PROFLOW_EDMU|EFFICACY#CORE|Dr. Domains
TALTZ_PSORIATIC ARTHRITIS|EDH_PROFLOW_EDMU|EFFICACY#CORE|APP
TALTZ_PSORIATIC ARTHRITIS|EDH_PROFLOW_EDMU|EFFICACY#CORE|NPP_NON_TARGET
TALTZ_PSORIATIC ARTHRITIS|EDH_PROFLOW_EDMU|EFFICACY#CORE|NA
TALTZ_PSORIATIC ARTHRITIS|EDH_PROFLOW_EDMU|EFFICACY#COMBINATION_THERAPY|Dr. Ease of Access
TALTZ_PSORIATIC ARTHRITIS|EDH_PROFLOW_EDMU|EFFICACY#COMBINATION_THERAPY|Dr. TNF
TALTZ_PSORIATIC ARTHRITIS|EDH_PROFLOW_EDMU|EFFICACY#COMBINATION_THERAPY|Dr. Joint Only
TALTZ_PSORIATIC ARTHRITIS|EDH_PROFLOW_EDMU|EFFICACY#COMBINATION_THERAPY|Dr. Domains
TALTZ_PSORIATIC ARTHRITIS|EDH_PROFLOW_EDMU|EFFICACY#COMBINATION_THERAPY|APP
TALTZ_PSORIATIC ARTHRITIS|EDH_PROFLOW_EDMU|EFFICACY#COMBINATION_THERAPY|NPP_NON_TARGET
TALTZ_PSORIATIC ARTHRITIS|EDH_PROFLOW_EDMU|EFFICACY#COMBINATION_THERAPY|NA
TALTZ_PSORIATIC ARTHRITIS|EDH_PROFLOW_WDMU|DEVICE|Dr. Ease of Access
TALTZ_PSORIATIC ARTHRITIS|EDH_PROFLOW_WDMU|DEVICE|Dr. TNF
TALTZ_PSORIATIC ARTHRITIS|EDH_PROFLOW_WDMU|DEVICE|Dr. Joint Only
TALTZ_PSORIATIC ARTHRITIS|EDH_PROFLOW_WDMU|DEVICE|Dr. Domains
TALTZ_PSORIATIC ARTHRITIS|EDH_PROFLOW_WDMU|DEVICE|APP
TALTZ_PSORIATIC ARTHRITIS|EDH_PROFLOW_WDMU|DEVICE|NPP_NON_TARGET
TALTZ_PSORIATIC ARTHRITIS|EDH_PROFLOW_WDMU|DEVICE|NA
TALTZ_PSORIATIC ARTHRITIS|EDH_PROFLOW_WDMU|SAFETY#SIDE_EFFECTS|Dr. Ease of Access
TALTZ_PSORIATIC ARTHRITIS|EDH_PROFLOW_WDMU|SAFETY#SIDE_EFFECTS|Dr. TNF
TALTZ_PSORIATIC ARTHRITIS|EDH_PROFLOW_WDMU|SAFETY#SIDE_EFFECTS|Dr. Joint Only
TALTZ_PSORIATIC ARTHRITIS|EDH_PROFLOW_WDMU|SAFETY#SIDE_EFFECTS|Dr. Domains
TALTZ_PSORIATIC ARTHRITIS|EDH_PROFLOW_WDMU|SAFETY#SIDE_EFFECTS|APP
TALTZ_PSORIATIC ARTHRITIS|EDH_PROFLOW_WDMU|SAFETY#SIDE_EFFECTS|NPP_NON_TARGET
TALTZ_PSORIATIC ARTHRITIS|EDH_PROFLOW_WDMU|SAFETY#SIDE_EFFECTS|NA
TALTZ_PSORIATIC ARTHRITIS|EDH_PROFLOW_WDMU|SAFETY#NR_AXSPA|Dr. Ease of Access
TALTZ_PSORIATIC ARTHRITIS|EDH_PROFLOW_WDMU|SAFETY#NR_AXSPA|Dr. TNF
TALTZ_PSORIATIC ARTHRITIS|EDH_PROFLOW_WDMU|SAFETY#NR_AXSPA|Dr. Joint Only
TALTZ_PSORIATIC ARTHRITIS|EDH_PROFLOW_WDMU|SAFETY#NR_AXSPA|Dr. Domains
TALTZ_PSORIATIC ARTHRITIS|EDH_PROFLOW_WDMU|SAFETY#NR_AXSPA|APP
TALTZ_PSORIATIC ARTHRITIS|EDH_PROFLOW_WDMU|SAFETY#NR_AXSPA|NPP_NON_TARGET
TALTZ_PSORIATIC ARTHRITIS|EDH_PROFLOW_WDMU|SAFETY#NR_AXSPA|NA
TALTZ_PSORIATIC ARTHRITIS|EDH_PROFLOW_WDMU|SAFETY#NA|Dr. Ease of Access
TALTZ_PSORIATIC ARTHRITIS|EDH_PROFLOW_WDMU|SAFETY#NA|Dr. TNF
TALTZ_PSORIATIC ARTHRITIS|EDH_PROFLOW_WDMU|SAFETY#NA|Dr. Joint Only
TALTZ_PSORIATIC ARTHRITIS|EDH_PROFLOW_WDMU|SAFETY#NA|Dr. Domains
TALTZ_PSORIATIC ARTHRITIS|EDH_PROFLOW_WDMU|SAFETY#NA|APP
TALTZ_PSORIATIC ARTHRITIS|EDH_PROFLOW_WDMU|SAFETY#NA|NPP_NON_TARGET
TALTZ_PSORIATIC ARTHRITIS|EDH_PROFLOW_WDMU|SAFETY#NA|NA
TALTZ_PSORIATIC ARTHRITIS|EDH_PROFLOW_WDMU|SAFETY#HEAD_TO_HEAD|Dr. Ease of Access
TALTZ_PSORIATIC ARTHRITIS|EDH_PROFLOW_WDMU|SAFETY#HEAD_TO_HEAD|Dr. TNF
TALTZ_PSORIATIC ARTHRITIS|EDH_PROFLOW_WDMU|SAFETY#HEAD_TO_HEAD|Dr. Joint Only
TALTZ_PSORIATIC ARTHRITIS|EDH_PROFLOW_WDMU|SAFETY#HEAD_TO_HEAD|Dr. Domains
TALTZ_PSORIATIC ARTHRITIS|EDH_PROFLOW_WDMU|SAFETY#HEAD_TO_HEAD|APP
TALTZ_PSORIATIC ARTHRITIS|EDH_PROFLOW_WDMU|SAFETY#HEAD_TO_HEAD|NPP_NON_TARGET
TALTZ_PSORIATIC ARTHRITIS|EDH_PROFLOW_WDMU|SAFETY#HEAD_TO_HEAD|NA
TALTZ_PSORIATIC ARTHRITIS|EDH_PROFLOW_WDMU|SAFETY#AS|Dr. Ease of Access
TALTZ_PSORIATIC ARTHRITIS|EDH_PROFLOW_WDMU|SAFETY#AS|Dr. TNF
TALTZ_PSORIATIC ARTHRITIS|EDH_PROFLOW_WDMU|SAFETY#AS|Dr. Joint Only
TALTZ_PSORIATIC ARTHRITIS|EDH_PROFLOW_WDMU|SAFETY#AS|Dr. Domains
TALTZ_PSORIATIC ARTHRITIS|EDH_PROFLOW_WDMU|SAFETY#AS|APP
TALTZ_PSORIATIC ARTHRITIS|EDH_PROFLOW_WDMU|SAFETY#AS|NPP_NON_TARGET
TALTZ_PSORIATIC ARTHRITIS|EDH_PROFLOW_WDMU|SAFETY#AS|NA
TALTZ_PSORIATIC ARTHRITIS|EDH_PROFLOW_WDMU|PATIENT_TYPE_IDENTIFICATION|Dr. Ease of Access
TALTZ_PSORIATIC ARTHRITIS|EDH_PROFLOW_WDMU|PATIENT_TYPE_IDENTIFICATION|Dr. TNF
TALTZ_PSORIATIC ARTHRITIS|EDH_PROFLOW_WDMU|PATIENT_TYPE_IDENTIFICATION|Dr. Joint Only
TALTZ_PSORIATIC ARTHRITIS|EDH_PROFLOW_WDMU|PATIENT_TYPE_IDENTIFICATION|Dr. Domains
TALTZ_PSORIATIC ARTHRITIS|EDH_PROFLOW_WDMU|PATIENT_TYPE_IDENTIFICATION|APP
TALTZ_PSORIATIC ARTHRITIS|EDH_PROFLOW_WDMU|PATIENT_TYPE_IDENTIFICATION|NPP_NON_TARGET
TALTZ_PSORIATIC ARTHRITIS|EDH_PROFLOW_WDMU|PATIENT_TYPE_IDENTIFICATION|NA
TALTZ_PSORIATIC ARTHRITIS|EDH_PROFLOW_WDMU|PATIENT_CUSTOMER_SUPPORT|Dr. Ease of Access
TALTZ_PSORIATIC ARTHRITIS|EDH_PROFLOW_WDMU|PATIENT_CUSTOMER_SUPPORT|Dr. TNF
TALTZ_PSORIATIC ARTHRITIS|EDH_PROFLOW_WDMU|PATIENT_CUSTOMER_SUPPORT|Dr. Joint Only
TALTZ_PSORIATIC ARTHRITIS|EDH_PROFLOW_WDMU|PATIENT_CUSTOMER_SUPPORT|Dr. Domains
TALTZ_PSORIATIC ARTHRITIS|EDH_PROFLOW_WDMU|PATIENT_CUSTOMER_SUPPORT|APP
TALTZ_PSORIATIC ARTHRITIS|EDH_PROFLOW_WDMU|PATIENT_CUSTOMER_SUPPORT|NPP_NON_TARGET
TALTZ_PSORIATIC ARTHRITIS|EDH_PROFLOW_WDMU|PATIENT_CUSTOMER_SUPPORT|NA
TALTZ_PSORIATIC ARTHRITIS|EDH_PROFLOW_WDMU|PATIENT_AFFORDABILITY|Dr. Ease of Access
TALTZ_PSORIATIC ARTHRITIS|EDH_PROFLOW_WDMU|PATIENT_AFFORDABILITY|Dr. TNF
TALTZ_PSORIATIC ARTHRITIS|EDH_PROFLOW_WDMU|PATIENT_AFFORDABILITY|Dr. Joint Only
TALTZ_PSORIATIC ARTHRITIS|EDH_PROFLOW_WDMU|PATIENT_AFFORDABILITY|Dr. Domains
TALTZ_PSORIATIC ARTHRITIS|EDH_PROFLOW_WDMU|PATIENT_AFFORDABILITY|APP
TALTZ_PSORIATIC ARTHRITIS|EDH_PROFLOW_WDMU|PATIENT_AFFORDABILITY|NPP_NON_TARGET
TALTZ_PSORIATIC ARTHRITIS|EDH_PROFLOW_WDMU|PATIENT_AFFORDABILITY|NA
TALTZ_PSORIATIC ARTHRITIS|EDH_PROFLOW_WDMU|MOA|Dr. Ease of Access
TALTZ_PSORIATIC ARTHRITIS|EDH_PROFLOW_WDMU|MOA|Dr. TNF
TALTZ_PSORIATIC ARTHRITIS|EDH_PROFLOW_WDMU|MOA|Dr. Joint Only
TALTZ_PSORIATIC ARTHRITIS|EDH_PROFLOW_WDMU|MOA|Dr. Domains
TALTZ_PSORIATIC ARTHRITIS|EDH_PROFLOW_WDMU|MOA|APP
TALTZ_PSORIATIC ARTHRITIS|EDH_PROFLOW_WDMU|MOA|NPP_NON_TARGET
TALTZ_PSORIATIC ARTHRITIS|EDH_PROFLOW_WDMU|MOA|NA
TALTZ_PSORIATIC ARTHRITIS|EDH_PROFLOW_WDMU|EFFICACY#SPINAL_PAIN_AND_STIFFNESS|Dr. Ease of Access
TALTZ_PSORIATIC ARTHRITIS|EDH_PROFLOW_WDMU|EFFICACY#SPINAL_PAIN_AND_STIFFNESS|Dr. TNF
TALTZ_PSORIATIC ARTHRITIS|EDH_PROFLOW_WDMU|EFFICACY#SPINAL_PAIN_AND_STIFFNESS|Dr. Joint Only
TALTZ_PSORIATIC ARTHRITIS|EDH_PROFLOW_WDMU|EFFICACY#SPINAL_PAIN_AND_STIFFNESS|Dr. Domains
TALTZ_PSORIATIC ARTHRITIS|EDH_PROFLOW_WDMU|EFFICACY#SPINAL_PAIN_AND_STIFFNESS|APP
TALTZ_PSORIATIC ARTHRITIS|EDH_PROFLOW_WDMU|EFFICACY#SPINAL_PAIN_AND_STIFFNESS|NPP_NON_TARGET
TALTZ_PSORIATIC ARTHRITIS|EDH_PROFLOW_WDMU|EFFICACY#SPINAL_PAIN_AND_STIFFNESS|NA
TALTZ_PSORIATIC ARTHRITIS|EDH_PROFLOW_WDMU|EFFICACY#SECONDARY|Dr. Ease of Access
TALTZ_PSORIATIC ARTHRITIS|EDH_PROFLOW_WDMU|EFFICACY#SECONDARY|Dr. TNF
TALTZ_PSORIATIC ARTHRITIS|EDH_PROFLOW_WDMU|EFFICACY#SECONDARY|Dr. Joint Only
TALTZ_PSORIATIC ARTHRITIS|EDH_PROFLOW_WDMU|EFFICACY#SECONDARY|Dr. Domains
TALTZ_PSORIATIC ARTHRITIS|EDH_PROFLOW_WDMU|EFFICACY#SECONDARY|APP
TALTZ_PSORIATIC ARTHRITIS|EDH_PROFLOW_WDMU|EFFICACY#SECONDARY|NPP_NON_TARGET
TALTZ_PSORIATIC ARTHRITIS|EDH_PROFLOW_WDMU|EFFICACY#SECONDARY|NA
TALTZ_PSORIATIC ARTHRITIS|EDH_PROFLOW_WDMU|EFFICACY#RAPID_ONSET|Dr. Ease of Access
TALTZ_PSORIATIC ARTHRITIS|EDH_PROFLOW_WDMU|EFFICACY#RAPID_ONSET|Dr. TNF
TALTZ_PSORIATIC ARTHRITIS|EDH_PROFLOW_WDMU|EFFICACY#RAPID_ONSET|Dr. Joint Only
TALTZ_PSORIATIC ARTHRITIS|EDH_PROFLOW_WDMU|EFFICACY#RAPID_ONSET|Dr. Domains
TALTZ_PSORIATIC ARTHRITIS|EDH_PROFLOW_WDMU|EFFICACY#RAPID_ONSET|APP
TALTZ_PSORIATIC ARTHRITIS|EDH_PROFLOW_WDMU|EFFICACY#RAPID_ONSET|NPP_NON_TARGET
TALTZ_PSORIATIC ARTHRITIS|EDH_PROFLOW_WDMU|EFFICACY#RAPID_ONSET|NA
TALTZ_PSORIATIC ARTHRITIS|EDH_PROFLOW_WDMU|EFFICACY#PSO_PEDS|Dr. Ease of Access
TALTZ_PSORIATIC ARTHRITIS|EDH_PROFLOW_WDMU|EFFICACY#PSO_PEDS|Dr. TNF
TALTZ_PSORIATIC ARTHRITIS|EDH_PROFLOW_WDMU|EFFICACY#PSO_PEDS|Dr. Joint Only
TALTZ_PSORIATIC ARTHRITIS|EDH_PROFLOW_WDMU|EFFICACY#PSO_PEDS|Dr. Domains
TALTZ_PSORIATIC ARTHRITIS|EDH_PROFLOW_WDMU|EFFICACY#PSO_PEDS|APP
TALTZ_PSORIATIC ARTHRITIS|EDH_PROFLOW_WDMU|EFFICACY#PSO_PEDS|NPP_NON_TARGET
TALTZ_PSORIATIC ARTHRITIS|EDH_PROFLOW_WDMU|EFFICACY#PSO_PEDS|NA
TALTZ_PSORIATIC ARTHRITIS|EDH_PROFLOW_WDMU|EFFICACY#NOW_APPROVED|Dr. Ease of Access
TALTZ_PSORIATIC ARTHRITIS|EDH_PROFLOW_WDMU|EFFICACY#NOW_APPROVED|Dr. TNF
TALTZ_PSORIATIC ARTHRITIS|EDH_PROFLOW_WDMU|EFFICACY#NOW_APPROVED|Dr. Joint Only
TALTZ_PSORIATIC ARTHRITIS|EDH_PROFLOW_WDMU|EFFICACY#NOW_APPROVED|Dr. Domains
TALTZ_PSORIATIC ARTHRITIS|EDH_PROFLOW_WDMU|EFFICACY#NOW_APPROVED|APP
TALTZ_PSORIATIC ARTHRITIS|EDH_PROFLOW_WDMU|EFFICACY#NOW_APPROVED|NPP_NON_TARGET
TALTZ_PSORIATIC ARTHRITIS|EDH_PROFLOW_WDMU|EFFICACY#NOW_APPROVED|NA
TALTZ_PSORIATIC ARTHRITIS|EDH_PROFLOW_WDMU|EFFICACY#NA|Dr. Ease of Access
TALTZ_PSORIATIC ARTHRITIS|EDH_PROFLOW_WDMU|EFFICACY#NA|Dr. TNF
TALTZ_PSORIATIC ARTHRITIS|EDH_PROFLOW_WDMU|EFFICACY#NA|Dr. Joint Only
TALTZ_PSORIATIC ARTHRITIS|EDH_PROFLOW_WDMU|EFFICACY#NA|Dr. Domains
TALTZ_PSORIATIC ARTHRITIS|EDH_PROFLOW_WDMU|EFFICACY#NA|APP
TALTZ_PSORIATIC ARTHRITIS|EDH_PROFLOW_WDMU|EFFICACY#NA|NPP_NON_TARGET
TALTZ_PSORIATIC ARTHRITIS|EDH_PROFLOW_WDMU|EFFICACY#NA|NA
TALTZ_PSORIATIC ARTHRITIS|EDH_PROFLOW_WDMU|EFFICACY#LONG_TERM|Dr. Ease of Access
TALTZ_PSORIATIC ARTHRITIS|EDH_PROFLOW_WDMU|EFFICACY#LONG_TERM|Dr. TNF
TALTZ_PSORIATIC ARTHRITIS|EDH_PROFLOW_WDMU|EFFICACY#LONG_TERM|Dr. Joint Only
TALTZ_PSORIATIC ARTHRITIS|EDH_PROFLOW_WDMU|EFFICACY#LONG_TERM|Dr. Domains
TALTZ_PSORIATIC ARTHRITIS|EDH_PROFLOW_WDMU|EFFICACY#LONG_TERM|APP
TALTZ_PSORIATIC ARTHRITIS|EDH_PROFLOW_WDMU|EFFICACY#LONG_TERM|NPP_NON_TARGET
TALTZ_PSORIATIC ARTHRITIS|EDH_PROFLOW_WDMU|EFFICACY#LONG_TERM|NA
TALTZ_PSORIATIC ARTHRITIS|EDH_PROFLOW_WDMU|EASE_OF_ADMINISTRATION|Dr. Ease of Access
TALTZ_PSORIATIC ARTHRITIS|EDH_PROFLOW_WDMU|EASE_OF_ADMINISTRATION|Dr. TNF
TALTZ_PSORIATIC ARTHRITIS|EDH_PROFLOW_WDMU|EASE_OF_ADMINISTRATION|Dr. Joint Only
TALTZ_PSORIATIC ARTHRITIS|EDH_PROFLOW_WDMU|EASE_OF_ADMINISTRATION|Dr. Domains
TALTZ_PSORIATIC ARTHRITIS|EDH_PROFLOW_WDMU|EASE_OF_ADMINISTRATION|APP
TALTZ_PSORIATIC ARTHRITIS|EDH_PROFLOW_WDMU|EASE_OF_ADMINISTRATION|NPP_NON_TARGET
TALTZ_PSORIATIC ARTHRITIS|EDH_PROFLOW_WDMU|EASE_OF_ADMINISTRATION|NA
TALTZ_PSORIATIC ARTHRITIS|EDH_PROFLOW_WDMU|DOSING|Dr. Ease of Access
TALTZ_PSORIATIC ARTHRITIS|EDH_PROFLOW_WDMU|DOSING|Dr. TNF
TALTZ_PSORIATIC ARTHRITIS|EDH_PROFLOW_WDMU|DOSING|Dr. Joint Only
TALTZ_PSORIATIC ARTHRITIS|EDH_PROFLOW_WDMU|DOSING|Dr. Domains
TALTZ_PSORIATIC ARTHRITIS|EDH_PROFLOW_WDMU|DOSING|APP
TALTZ_PSORIATIC ARTHRITIS|EDH_PROFLOW_WDMU|DOSING|NPP_NON_TARGET
TALTZ_PSORIATIC ARTHRITIS|EDH_PROFLOW_WDMU|DOSING|NA
TALTZ_PSORIATIC ARTHRITIS|EDH_PROFLOW_WDMU|DISEASE_STATE|Dr. Ease of Access
TALTZ_PSORIATIC ARTHRITIS|EDH_PROFLOW_WDMU|DISEASE_STATE|Dr. TNF
TALTZ_PSORIATIC ARTHRITIS|EDH_PROFLOW_WDMU|DISEASE_STATE|Dr. Joint Only
TALTZ_PSORIATIC ARTHRITIS|EDH_PROFLOW_WDMU|DISEASE_STATE|Dr. Domains
TALTZ_PSORIATIC ARTHRITIS|EDH_PROFLOW_WDMU|DISEASE_STATE|APP
TALTZ_PSORIATIC ARTHRITIS|EDH_PROFLOW_WDMU|DISEASE_STATE|NPP_NON_TARGET
TALTZ_PSORIATIC ARTHRITIS|EDH_PROFLOW_WDMU|DISEASE_STATE|NA
TALTZ_PSORIATIC ARTHRITIS|EDH_PROFLOW_WDMU|ACCESS_FORMULARY|Dr. Ease of Access
TALTZ_PSORIATIC ARTHRITIS|EDH_PROFLOW_WDMU|ACCESS_FORMULARY|Dr. TNF
TALTZ_PSORIATIC ARTHRITIS|EDH_PROFLOW_WDMU|ACCESS_FORMULARY|Dr. Joint Only
TALTZ_PSORIATIC ARTHRITIS|EDH_PROFLOW_WDMU|ACCESS_FORMULARY|Dr. Domains
TALTZ_PSORIATIC ARTHRITIS|EDH_PROFLOW_WDMU|ACCESS_FORMULARY|APP
TALTZ_PSORIATIC ARTHRITIS|EDH_PROFLOW_WDMU|ACCESS_FORMULARY|NPP_NON_TARGET
TALTZ_PSORIATIC ARTHRITIS|EDH_PROFLOW_WDMU|ACCESS_FORMULARY|NA
TALTZ_PSORIATIC ARTHRITIS|EDH_PROFLOW_WDMU|UNMET_NEED|Dr. Ease of Access
TALTZ_PSORIATIC ARTHRITIS|EDH_PROFLOW_WDMU|UNMET_NEED|Dr. TNF
TALTZ_PSORIATIC ARTHRITIS|EDH_PROFLOW_WDMU|UNMET_NEED|Dr. Joint Only
TALTZ_PSORIATIC ARTHRITIS|EDH_PROFLOW_WDMU|UNMET_NEED|Dr. Domains
TALTZ_PSORIATIC ARTHRITIS|EDH_PROFLOW_WDMU|UNMET_NEED|APP
TALTZ_PSORIATIC ARTHRITIS|EDH_PROFLOW_WDMU|UNMET_NEED|NPP_NON_TARGET
TALTZ_PSORIATIC ARTHRITIS|EDH_PROFLOW_WDMU|UNMET_NEED|NA
TALTZ_PSORIATIC ARTHRITIS|EDH_PROFLOW_WDMU|SAFETY#PSO_PEDS|Dr. Ease of Access
TALTZ_PSORIATIC ARTHRITIS|EDH_PROFLOW_WDMU|SAFETY#PSO_PEDS|Dr. TNF
TALTZ_PSORIATIC ARTHRITIS|EDH_PROFLOW_WDMU|SAFETY#PSO_PEDS|Dr. Joint Only
TALTZ_PSORIATIC ARTHRITIS|EDH_PROFLOW_WDMU|SAFETY#PSO_PEDS|Dr. Domains
TALTZ_PSORIATIC ARTHRITIS|EDH_PROFLOW_WDMU|SAFETY#PSO_PEDS|APP
TALTZ_PSORIATIC ARTHRITIS|EDH_PROFLOW_WDMU|SAFETY#PSO_PEDS|NPP_NON_TARGET
TALTZ_PSORIATIC ARTHRITIS|EDH_PROFLOW_WDMU|SAFETY#PSO_PEDS|NA
TALTZ_PSORIATIC ARTHRITIS|EDH_PROFLOW_WDMU|SAFETY#PSO_ADULTS|Dr. Ease of Access
TALTZ_PSORIATIC ARTHRITIS|EDH_PROFLOW_WDMU|SAFETY#PSO_ADULTS|Dr. TNF
TALTZ_PSORIATIC ARTHRITIS|EDH_PROFLOW_WDMU|SAFETY#PSO_ADULTS|Dr. Joint Only
TALTZ_PSORIATIC ARTHRITIS|EDH_PROFLOW_WDMU|SAFETY#PSO_ADULTS|Dr. Domains
TALTZ_PSORIATIC ARTHRITIS|EDH_PROFLOW_WDMU|SAFETY#PSO_ADULTS|APP
TALTZ_PSORIATIC ARTHRITIS|EDH_PROFLOW_WDMU|SAFETY#PSO_ADULTS|NPP_NON_TARGET
TALTZ_PSORIATIC ARTHRITIS|EDH_PROFLOW_WDMU|SAFETY#PSO_ADULTS|NA
TALTZ_PSORIATIC ARTHRITIS|EDH_PROFLOW_WDMU|SAFETY#PSA|Dr. Ease of Access
TALTZ_PSORIATIC ARTHRITIS|EDH_PROFLOW_WDMU|SAFETY#PSA|Dr. TNF
TALTZ_PSORIATIC ARTHRITIS|EDH_PROFLOW_WDMU|SAFETY#PSA|Dr. Joint Only
TALTZ_PSORIATIC ARTHRITIS|EDH_PROFLOW_WDMU|SAFETY#PSA|Dr. Domains
TALTZ_PSORIATIC ARTHRITIS|EDH_PROFLOW_WDMU|SAFETY#PSA|APP
TALTZ_PSORIATIC ARTHRITIS|EDH_PROFLOW_WDMU|SAFETY#PSA|NPP_NON_TARGET
TALTZ_PSORIATIC ARTHRITIS|EDH_PROFLOW_WDMU|SAFETY#PSA|NA
TALTZ_PSORIATIC ARTHRITIS|EDH_PROFLOW_WDMU|SAFETY#LONG_TERM|Dr. Ease of Access
TALTZ_PSORIATIC ARTHRITIS|EDH_PROFLOW_WDMU|SAFETY#LONG_TERM|Dr. TNF
TALTZ_PSORIATIC ARTHRITIS|EDH_PROFLOW_WDMU|SAFETY#LONG_TERM|Dr. Joint Only
TALTZ_PSORIATIC ARTHRITIS|EDH_PROFLOW_WDMU|SAFETY#LONG_TERM|Dr. Domains
TALTZ_PSORIATIC ARTHRITIS|EDH_PROFLOW_WDMU|SAFETY#LONG_TERM|APP
TALTZ_PSORIATIC ARTHRITIS|EDH_PROFLOW_WDMU|SAFETY#LONG_TERM|NPP_NON_TARGET
TALTZ_PSORIATIC ARTHRITIS|EDH_PROFLOW_WDMU|SAFETY#LONG_TERM|NA
TALTZ_PSORIATIC ARTHRITIS|EDH_PROFLOW_WDMU|INITIATION|Dr. Ease of Access
TALTZ_PSORIATIC ARTHRITIS|EDH_PROFLOW_WDMU|INITIATION|Dr. TNF
TALTZ_PSORIATIC ARTHRITIS|EDH_PROFLOW_WDMU|INITIATION|Dr. Joint Only
TALTZ_PSORIATIC ARTHRITIS|EDH_PROFLOW_WDMU|INITIATION|Dr. Domains
TALTZ_PSORIATIC ARTHRITIS|EDH_PROFLOW_WDMU|INITIATION|APP
TALTZ_PSORIATIC ARTHRITIS|EDH_PROFLOW_WDMU|INITIATION|NPP_NON_TARGET
TALTZ_PSORIATIC ARTHRITIS|EDH_PROFLOW_WDMU|INITIATION|NA
TALTZ_PSORIATIC ARTHRITIS|EDH_PROFLOW_WDMU|GENERAL|Dr. Ease of Access
TALTZ_PSORIATIC ARTHRITIS|EDH_PROFLOW_WDMU|GENERAL|Dr. TNF
TALTZ_PSORIATIC ARTHRITIS|EDH_PROFLOW_WDMU|GENERAL|Dr. Joint Only
TALTZ_PSORIATIC ARTHRITIS|EDH_PROFLOW_WDMU|GENERAL|Dr. Domains
TALTZ_PSORIATIC ARTHRITIS|EDH_PROFLOW_WDMU|GENERAL|APP
TALTZ_PSORIATIC ARTHRITIS|EDH_PROFLOW_WDMU|GENERAL|NPP_NON_TARGET
TALTZ_PSORIATIC ARTHRITIS|EDH_PROFLOW_WDMU|GENERAL|NA
TALTZ_PSORIATIC ARTHRITIS|EDH_PROFLOW_WDMU|EFFICACY#STRUCTURE|Dr. Ease of Access
TALTZ_PSORIATIC ARTHRITIS|EDH_PROFLOW_WDMU|EFFICACY#STRUCTURE|Dr. TNF
TALTZ_PSORIATIC ARTHRITIS|EDH_PROFLOW_WDMU|EFFICACY#STRUCTURE|Dr. Joint Only
TALTZ_PSORIATIC ARTHRITIS|EDH_PROFLOW_WDMU|EFFICACY#STRUCTURE|Dr. Domains
TALTZ_PSORIATIC ARTHRITIS|EDH_PROFLOW_WDMU|EFFICACY#STRUCTURE|APP
TALTZ_PSORIATIC ARTHRITIS|EDH_PROFLOW_WDMU|EFFICACY#STRUCTURE|NPP_NON_TARGET
TALTZ_PSORIATIC ARTHRITIS|EDH_PROFLOW_WDMU|EFFICACY#STRUCTURE|NA
TALTZ_PSORIATIC ARTHRITIS|EDH_PROFLOW_WDMU|EFFICACY#HEAD_TO_HEAD|Dr. Ease of Access
TALTZ_PSORIATIC ARTHRITIS|EDH_PROFLOW_WDMU|EFFICACY#HEAD_TO_HEAD|Dr. TNF
TALTZ_PSORIATIC ARTHRITIS|EDH_PROFLOW_WDMU|EFFICACY#HEAD_TO_HEAD|Dr. Joint Only
TALTZ_PSORIATIC ARTHRITIS|EDH_PROFLOW_WDMU|EFFICACY#HEAD_TO_HEAD|Dr. Domains
TALTZ_PSORIATIC ARTHRITIS|EDH_PROFLOW_WDMU|EFFICACY#HEAD_TO_HEAD|APP
TALTZ_PSORIATIC ARTHRITIS|EDH_PROFLOW_WDMU|EFFICACY#HEAD_TO_HEAD|NPP_NON_TARGET
TALTZ_PSORIATIC ARTHRITIS|EDH_PROFLOW_WDMU|EFFICACY#HEAD_TO_HEAD|NA
TALTZ_PSORIATIC ARTHRITIS|EDH_PROFLOW_WDMU|EFFICACY#ENTHESITIS_DACYLITIS|Dr. Ease of Access
TALTZ_PSORIATIC ARTHRITIS|EDH_PROFLOW_WDMU|EFFICACY#ENTHESITIS_DACYLITIS|Dr. TNF
TALTZ_PSORIATIC ARTHRITIS|EDH_PROFLOW_WDMU|EFFICACY#ENTHESITIS_DACYLITIS|Dr. Joint Only
TALTZ_PSORIATIC ARTHRITIS|EDH_PROFLOW_WDMU|EFFICACY#ENTHESITIS_DACYLITIS|Dr. Domains
TALTZ_PSORIATIC ARTHRITIS|EDH_PROFLOW_WDMU|EFFICACY#ENTHESITIS_DACYLITIS|APP
TALTZ_PSORIATIC ARTHRITIS|EDH_PROFLOW_WDMU|EFFICACY#ENTHESITIS_DACYLITIS|NPP_NON_TARGET
TALTZ_PSORIATIC ARTHRITIS|EDH_PROFLOW_WDMU|EFFICACY#ENTHESITIS_DACYLITIS|NA
TALTZ_PSORIATIC ARTHRITIS|EDH_PROFLOW_WDMU|EFFICACY#CORE|Dr. Ease of Access
TALTZ_PSORIATIC ARTHRITIS|EDH_PROFLOW_WDMU|EFFICACY#CORE|Dr. TNF
TALTZ_PSORIATIC ARTHRITIS|EDH_PROFLOW_WDMU|EFFICACY#CORE|Dr. Joint Only
TALTZ_PSORIATIC ARTHRITIS|EDH_PROFLOW_WDMU|EFFICACY#CORE|Dr. Domains
TALTZ_PSORIATIC ARTHRITIS|EDH_PROFLOW_WDMU|EFFICACY#CORE|APP
TALTZ_PSORIATIC ARTHRITIS|EDH_PROFLOW_WDMU|EFFICACY#CORE|NPP_NON_TARGET
TALTZ_PSORIATIC ARTHRITIS|EDH_PROFLOW_WDMU|EFFICACY#CORE|NA
TALTZ_PSORIATIC ARTHRITIS|EDH_PROFLOW_WDMU|EFFICACY#COMBINATION_THERAPY|Dr. Ease of Access
TALTZ_PSORIATIC ARTHRITIS|EDH_PROFLOW_WDMU|EFFICACY#COMBINATION_THERAPY|Dr. TNF
TALTZ_PSORIATIC ARTHRITIS|EDH_PROFLOW_WDMU|EFFICACY#COMBINATION_THERAPY|Dr. Joint Only
TALTZ_PSORIATIC ARTHRITIS|EDH_PROFLOW_WDMU|EFFICACY#COMBINATION_THERAPY|Dr. Domains
TALTZ_PSORIATIC ARTHRITIS|EDH_PROFLOW_WDMU|EFFICACY#COMBINATION_THERAPY|APP
TALTZ_PSORIATIC ARTHRITIS|EDH_PROFLOW_WDMU|EFFICACY#COMBINATION_THERAPY|NPP_NON_TARGET
TALTZ_PSORIATIC ARTHRITIS|EDH_PROFLOW_WDMU|EFFICACY#COMBINATION_THERAPY|NA
TALTZ_PSORIATIC ARTHRITIS|MEDSCAPE_ALERT|DEVICE|Dr. Ease of Access
TALTZ_PSORIATIC ARTHRITIS|MEDSCAPE_ALERT|DEVICE|Dr. TNF
TALTZ_PSORIATIC ARTHRITIS|MEDSCAPE_ALERT|DEVICE|Dr. Joint Only
TALTZ_PSORIATIC ARTHRITIS|MEDSCAPE_ALERT|DEVICE|Dr. Domains
TALTZ_PSORIATIC ARTHRITIS|MEDSCAPE_ALERT|DEVICE|APP
TALTZ_PSORIATIC ARTHRITIS|MEDSCAPE_ALERT|DEVICE|NPP_NON_TARGET
TALTZ_PSORIATIC ARTHRITIS|MEDSCAPE_ALERT|DEVICE|NA
TALTZ_PSORIATIC ARTHRITIS|MEDSCAPE_ALERT|SAFETY#SIDE_EFFECTS|Dr. Ease of Access
TALTZ_PSORIATIC ARTHRITIS|MEDSCAPE_ALERT|SAFETY#SIDE_EFFECTS|Dr. TNF
TALTZ_PSORIATIC ARTHRITIS|MEDSCAPE_ALERT|SAFETY#SIDE_EFFECTS|Dr. Joint Only
TALTZ_PSORIATIC ARTHRITIS|MEDSCAPE_ALERT|SAFETY#SIDE_EFFECTS|Dr. Domains
TALTZ_PSORIATIC ARTHRITIS|MEDSCAPE_ALERT|SAFETY#SIDE_EFFECTS|APP
TALTZ_PSORIATIC ARTHRITIS|MEDSCAPE_ALERT|SAFETY#SIDE_EFFECTS|NPP_NON_TARGET
TALTZ_PSORIATIC ARTHRITIS|MEDSCAPE_ALERT|SAFETY#SIDE_EFFECTS|NA
TALTZ_PSORIATIC ARTHRITIS|MEDSCAPE_ALERT|SAFETY#NR_AXSPA|Dr. Ease of Access
TALTZ_PSORIATIC ARTHRITIS|MEDSCAPE_ALERT|SAFETY#NR_AXSPA|Dr. TNF
TALTZ_PSORIATIC ARTHRITIS|MEDSCAPE_ALERT|SAFETY#NR_AXSPA|Dr. Joint Only
TALTZ_PSORIATIC ARTHRITIS|MEDSCAPE_ALERT|SAFETY#NR_AXSPA|Dr. Domains
TALTZ_PSORIATIC ARTHRITIS|MEDSCAPE_ALERT|SAFETY#NR_AXSPA|APP
TALTZ_PSORIATIC ARTHRITIS|MEDSCAPE_ALERT|SAFETY#NR_AXSPA|NPP_NON_TARGET
TALTZ_PSORIATIC ARTHRITIS|MEDSCAPE_ALERT|SAFETY#NR_AXSPA|NA
TALTZ_PSORIATIC ARTHRITIS|MEDSCAPE_ALERT|SAFETY#NA|Dr. Ease of Access
TALTZ_PSORIATIC ARTHRITIS|MEDSCAPE_ALERT|SAFETY#NA|Dr. TNF
TALTZ_PSORIATIC ARTHRITIS|MEDSCAPE_ALERT|SAFETY#NA|Dr. Joint Only
TALTZ_PSORIATIC ARTHRITIS|MEDSCAPE_ALERT|SAFETY#NA|Dr. Domains
TALTZ_PSORIATIC ARTHRITIS|MEDSCAPE_ALERT|SAFETY#NA|APP
TALTZ_PSORIATIC ARTHRITIS|MEDSCAPE_ALERT|SAFETY#NA|NPP_NON_TARGET
TALTZ_PSORIATIC ARTHRITIS|MEDSCAPE_ALERT|SAFETY#NA|NA
TALTZ_PSORIATIC ARTHRITIS|MEDSCAPE_ALERT|SAFETY#HEAD_TO_HEAD|Dr. Ease of Access
TALTZ_PSORIATIC ARTHRITIS|MEDSCAPE_ALERT|SAFETY#HEAD_TO_HEAD|Dr. TNF
TALTZ_PSORIATIC ARTHRITIS|MEDSCAPE_ALERT|SAFETY#HEAD_TO_HEAD|Dr. Joint Only
TALTZ_PSORIATIC ARTHRITIS|MEDSCAPE_ALERT|SAFETY#HEAD_TO_HEAD|Dr. Domains
TALTZ_PSORIATIC ARTHRITIS|MEDSCAPE_ALERT|SAFETY#HEAD_TO_HEAD|APP
TALTZ_PSORIATIC ARTHRITIS|MEDSCAPE_ALERT|SAFETY#HEAD_TO_HEAD|NPP_NON_TARGET
TALTZ_PSORIATIC ARTHRITIS|MEDSCAPE_ALERT|SAFETY#HEAD_TO_HEAD|NA
TALTZ_PSORIATIC ARTHRITIS|MEDSCAPE_ALERT|SAFETY#AS|Dr. Ease of Access
TALTZ_PSORIATIC ARTHRITIS|MEDSCAPE_ALERT|SAFETY#AS|Dr. TNF
TALTZ_PSORIATIC ARTHRITIS|MEDSCAPE_ALERT|SAFETY#AS|Dr. Joint Only
TALTZ_PSORIATIC ARTHRITIS|MEDSCAPE_ALERT|SAFETY#AS|Dr. Domains
TALTZ_PSORIATIC ARTHRITIS|MEDSCAPE_ALERT|SAFETY#AS|APP
TALTZ_PSORIATIC ARTHRITIS|MEDSCAPE_ALERT|SAFETY#AS|NPP_NON_TARGET
TALTZ_PSORIATIC ARTHRITIS|MEDSCAPE_ALERT|SAFETY#AS|NA
TALTZ_PSORIATIC ARTHRITIS|MEDSCAPE_ALERT|PATIENT_TYPE_IDENTIFICATION|Dr. Ease of Access
TALTZ_PSORIATIC ARTHRITIS|MEDSCAPE_ALERT|PATIENT_TYPE_IDENTIFICATION|Dr. TNF
TALTZ_PSORIATIC ARTHRITIS|MEDSCAPE_ALERT|PATIENT_TYPE_IDENTIFICATION|Dr. Joint Only
TALTZ_PSORIATIC ARTHRITIS|MEDSCAPE_ALERT|PATIENT_TYPE_IDENTIFICATION|Dr. Domains
TALTZ_PSORIATIC ARTHRITIS|MEDSCAPE_ALERT|PATIENT_TYPE_IDENTIFICATION|APP
TALTZ_PSORIATIC ARTHRITIS|MEDSCAPE_ALERT|PATIENT_TYPE_IDENTIFICATION|NPP_NON_TARGET
TALTZ_PSORIATIC ARTHRITIS|MEDSCAPE_ALERT|PATIENT_TYPE_IDENTIFICATION|NA
TALTZ_PSORIATIC ARTHRITIS|MEDSCAPE_ALERT|PATIENT_CUSTOMER_SUPPORT|Dr. Ease of Access
TALTZ_PSORIATIC ARTHRITIS|MEDSCAPE_ALERT|PATIENT_CUSTOMER_SUPPORT|Dr. TNF
TALTZ_PSORIATIC ARTHRITIS|MEDSCAPE_ALERT|PATIENT_CUSTOMER_SUPPORT|Dr. Joint Only
TALTZ_PSORIATIC ARTHRITIS|MEDSCAPE_ALERT|PATIENT_CUSTOMER_SUPPORT|Dr. Domains
TALTZ_PSORIATIC ARTHRITIS|MEDSCAPE_ALERT|PATIENT_CUSTOMER_SUPPORT|APP
TALTZ_PSORIATIC ARTHRITIS|MEDSCAPE_ALERT|PATIENT_CUSTOMER_SUPPORT|NPP_NON_TARGET
TALTZ_PSORIATIC ARTHRITIS|MEDSCAPE_ALERT|PATIENT_CUSTOMER_SUPPORT|NA
TALTZ_PSORIATIC ARTHRITIS|MEDSCAPE_ALERT|PATIENT_AFFORDABILITY|Dr. Ease of Access
TALTZ_PSORIATIC ARTHRITIS|MEDSCAPE_ALERT|PATIENT_AFFORDABILITY|Dr. TNF
TALTZ_PSORIATIC ARTHRITIS|MEDSCAPE_ALERT|PATIENT_AFFORDABILITY|Dr. Joint Only
TALTZ_PSORIATIC ARTHRITIS|MEDSCAPE_ALERT|PATIENT_AFFORDABILITY|Dr. Domains
TALTZ_PSORIATIC ARTHRITIS|MEDSCAPE_ALERT|PATIENT_AFFORDABILITY|APP
TALTZ_PSORIATIC ARTHRITIS|MEDSCAPE_ALERT|PATIENT_AFFORDABILITY|NPP_NON_TARGET
TALTZ_PSORIATIC ARTHRITIS|MEDSCAPE_ALERT|PATIENT_AFFORDABILITY|NA
TALTZ_PSORIATIC ARTHRITIS|MEDSCAPE_ALERT|MOA|Dr. Ease of Access
TALTZ_PSORIATIC ARTHRITIS|MEDSCAPE_ALERT|MOA|Dr. TNF
TALTZ_PSORIATIC ARTHRITIS|MEDSCAPE_ALERT|MOA|Dr. Joint Only
TALTZ_PSORIATIC ARTHRITIS|MEDSCAPE_ALERT|MOA|Dr. Domains
TALTZ_PSORIATIC ARTHRITIS|MEDSCAPE_ALERT|MOA|APP
TALTZ_PSORIATIC ARTHRITIS|MEDSCAPE_ALERT|MOA|NPP_NON_TARGET
TALTZ_PSORIATIC ARTHRITIS|MEDSCAPE_ALERT|MOA|NA
TALTZ_PSORIATIC ARTHRITIS|MEDSCAPE_ALERT|EFFICACY#SPINAL_PAIN_AND_STIFFNESS|Dr. Ease of Access
TALTZ_PSORIATIC ARTHRITIS|MEDSCAPE_ALERT|EFFICACY#SPINAL_PAIN_AND_STIFFNESS|Dr. TNF
TALTZ_PSORIATIC ARTHRITIS|MEDSCAPE_ALERT|EFFICACY#SPINAL_PAIN_AND_STIFFNESS|Dr. Joint Only
TALTZ_PSORIATIC ARTHRITIS|MEDSCAPE_ALERT|EFFICACY#SPINAL_PAIN_AND_STIFFNESS|Dr. Domains
TALTZ_PSORIATIC ARTHRITIS|MEDSCAPE_ALERT|EFFICACY#SPINAL_PAIN_AND_STIFFNESS|APP
TALTZ_PSORIATIC ARTHRITIS|MEDSCAPE_ALERT|EFFICACY#SPINAL_PAIN_AND_STIFFNESS|NPP_NON_TARGET
TALTZ_PSORIATIC ARTHRITIS|MEDSCAPE_ALERT|EFFICACY#SPINAL_PAIN_AND_STIFFNESS|NA
TALTZ_PSORIATIC ARTHRITIS|MEDSCAPE_ALERT|EFFICACY#SECONDARY|Dr. Ease of Access
TALTZ_PSORIATIC ARTHRITIS|MEDSCAPE_ALERT|EFFICACY#SECONDARY|Dr. TNF
TALTZ_PSORIATIC ARTHRITIS|MEDSCAPE_ALERT|EFFICACY#SECONDARY|Dr. Joint Only
TALTZ_PSORIATIC ARTHRITIS|MEDSCAPE_ALERT|EFFICACY#SECONDARY|Dr. Domains
TALTZ_PSORIATIC ARTHRITIS|MEDSCAPE_ALERT|EFFICACY#SECONDARY|APP
TALTZ_PSORIATIC ARTHRITIS|MEDSCAPE_ALERT|EFFICACY#SECONDARY|NPP_NON_TARGET
TALTZ_PSORIATIC ARTHRITIS|MEDSCAPE_ALERT|EFFICACY#SECONDARY|NA
TALTZ_PSORIATIC ARTHRITIS|MEDSCAPE_ALERT|EFFICACY#RAPID_ONSET|Dr. Ease of Access
TALTZ_PSORIATIC ARTHRITIS|MEDSCAPE_ALERT|EFFICACY#RAPID_ONSET|Dr. TNF
TALTZ_PSORIATIC ARTHRITIS|MEDSCAPE_ALERT|EFFICACY#RAPID_ONSET|Dr. Joint Only
TALTZ_PSORIATIC ARTHRITIS|MEDSCAPE_ALERT|EFFICACY#RAPID_ONSET|Dr. Domains
TALTZ_PSORIATIC ARTHRITIS|MEDSCAPE_ALERT|EFFICACY#RAPID_ONSET|APP
TALTZ_PSORIATIC ARTHRITIS|MEDSCAPE_ALERT|EFFICACY#RAPID_ONSET|NPP_NON_TARGET
TALTZ_PSORIATIC ARTHRITIS|MEDSCAPE_ALERT|EFFICACY#RAPID_ONSET|NA
TALTZ_PSORIATIC ARTHRITIS|MEDSCAPE_ALERT|EFFICACY#PSO_PEDS|Dr. Ease of Access
TALTZ_PSORIATIC ARTHRITIS|MEDSCAPE_ALERT|EFFICACY#PSO_PEDS|Dr. TNF
TALTZ_PSORIATIC ARTHRITIS|MEDSCAPE_ALERT|EFFICACY#PSO_PEDS|Dr. Joint Only
TALTZ_PSORIATIC ARTHRITIS|MEDSCAPE_ALERT|EFFICACY#PSO_PEDS|Dr. Domains
TALTZ_PSORIATIC ARTHRITIS|MEDSCAPE_ALERT|EFFICACY#PSO_PEDS|APP
TALTZ_PSORIATIC ARTHRITIS|MEDSCAPE_ALERT|EFFICACY#PSO_PEDS|NPP_NON_TARGET
TALTZ_PSORIATIC ARTHRITIS|MEDSCAPE_ALERT|EFFICACY#PSO_PEDS|NA
TALTZ_PSORIATIC ARTHRITIS|MEDSCAPE_ALERT|EFFICACY#NOW_APPROVED|Dr. Ease of Access
TALTZ_PSORIATIC ARTHRITIS|MEDSCAPE_ALERT|EFFICACY#NOW_APPROVED|Dr. TNF
TALTZ_PSORIATIC ARTHRITIS|MEDSCAPE_ALERT|EFFICACY#NOW_APPROVED|Dr. Joint Only
TALTZ_PSORIATIC ARTHRITIS|MEDSCAPE_ALERT|EFFICACY#NOW_APPROVED|Dr. Domains
TALTZ_PSORIATIC ARTHRITIS|MEDSCAPE_ALERT|EFFICACY#NOW_APPROVED|APP
TALTZ_PSORIATIC ARTHRITIS|MEDSCAPE_ALERT|EFFICACY#NOW_APPROVED|NPP_NON_TARGET
TALTZ_PSORIATIC ARTHRITIS|MEDSCAPE_ALERT|EFFICACY#NOW_APPROVED|NA
TALTZ_PSORIATIC ARTHRITIS|MEDSCAPE_ALERT|EFFICACY#NA|Dr. Ease of Access
TALTZ_PSORIATIC ARTHRITIS|MEDSCAPE_ALERT|EFFICACY#NA|Dr. TNF
TALTZ_PSORIATIC ARTHRITIS|MEDSCAPE_ALERT|EFFICACY#NA|Dr. Joint Only
TALTZ_PSORIATIC ARTHRITIS|MEDSCAPE_ALERT|EFFICACY#NA|Dr. Domains
TALTZ_PSORIATIC ARTHRITIS|MEDSCAPE_ALERT|EFFICACY#NA|APP
TALTZ_PSORIATIC ARTHRITIS|MEDSCAPE_ALERT|EFFICACY#NA|NPP_NON_TARGET
TALTZ_PSORIATIC ARTHRITIS|MEDSCAPE_ALERT|EFFICACY#NA|NA
TALTZ_PSORIATIC ARTHRITIS|MEDSCAPE_ALERT|EFFICACY#LONG_TERM|Dr. Ease of Access
TALTZ_PSORIATIC ARTHRITIS|MEDSCAPE_ALERT|EFFICACY#LONG_TERM|Dr. TNF
TALTZ_PSORIATIC ARTHRITIS|MEDSCAPE_ALERT|EFFICACY#LONG_TERM|Dr. Joint Only
TALTZ_PSORIATIC ARTHRITIS|MEDSCAPE_ALERT|EFFICACY#LONG_TERM|Dr. Domains
TALTZ_PSORIATIC ARTHRITIS|MEDSCAPE_ALERT|EFFICACY#LONG_TERM|APP
TALTZ_PSORIATIC ARTHRITIS|MEDSCAPE_ALERT|EFFICACY#LONG_TERM|NPP_NON_TARGET
TALTZ_PSORIATIC ARTHRITIS|MEDSCAPE_ALERT|EFFICACY#LONG_TERM|NA
TALTZ_PSORIATIC ARTHRITIS|MEDSCAPE_ALERT|EASE_OF_ADMINISTRATION|Dr. Ease of Access
TALTZ_PSORIATIC ARTHRITIS|MEDSCAPE_ALERT|EASE_OF_ADMINISTRATION|Dr. TNF
TALTZ_PSORIATIC ARTHRITIS|MEDSCAPE_ALERT|EASE_OF_ADMINISTRATION|Dr. Joint Only
TALTZ_PSORIATIC ARTHRITIS|MEDSCAPE_ALERT|EASE_OF_ADMINISTRATION|Dr. Domains
TALTZ_PSORIATIC ARTHRITIS|MEDSCAPE_ALERT|EASE_OF_ADMINISTRATION|APP
TALTZ_PSORIATIC ARTHRITIS|MEDSCAPE_ALERT|EASE_OF_ADMINISTRATION|NPP_NON_TARGET
TALTZ_PSORIATIC ARTHRITIS|MEDSCAPE_ALERT|EASE_OF_ADMINISTRATION|NA
TALTZ_PSORIATIC ARTHRITIS|MEDSCAPE_ALERT|DOSING|Dr. Ease of Access
TALTZ_PSORIATIC ARTHRITIS|MEDSCAPE_ALERT|DOSING|Dr. TNF
TALTZ_PSORIATIC ARTHRITIS|MEDSCAPE_ALERT|DOSING|Dr. Joint Only
TALTZ_PSORIATIC ARTHRITIS|MEDSCAPE_ALERT|DOSING|Dr. Domains
TALTZ_PSORIATIC ARTHRITIS|MEDSCAPE_ALERT|DOSING|APP
TALTZ_PSORIATIC ARTHRITIS|MEDSCAPE_ALERT|DOSING|NPP_NON_TARGET
TALTZ_PSORIATIC ARTHRITIS|MEDSCAPE_ALERT|DOSING|NA
TALTZ_PSORIATIC ARTHRITIS|MEDSCAPE_ALERT|DISEASE_STATE|Dr. Ease of Access
TALTZ_PSORIATIC ARTHRITIS|MEDSCAPE_ALERT|DISEASE_STATE|Dr. TNF
TALTZ_PSORIATIC ARTHRITIS|MEDSCAPE_ALERT|DISEASE_STATE|Dr. Joint Only
TALTZ_PSORIATIC ARTHRITIS|MEDSCAPE_ALERT|DISEASE_STATE|Dr. Domains
TALTZ_PSORIATIC ARTHRITIS|MEDSCAPE_ALERT|DISEASE_STATE|APP
TALTZ_PSORIATIC ARTHRITIS|MEDSCAPE_ALERT|DISEASE_STATE|NPP_NON_TARGET
TALTZ_PSORIATIC ARTHRITIS|MEDSCAPE_ALERT|DISEASE_STATE|NA
TALTZ_PSORIATIC ARTHRITIS|MEDSCAPE_ALERT|ACCESS_FORMULARY|Dr. Ease of Access
TALTZ_PSORIATIC ARTHRITIS|MEDSCAPE_ALERT|ACCESS_FORMULARY|Dr. TNF
TALTZ_PSORIATIC ARTHRITIS|MEDSCAPE_ALERT|ACCESS_FORMULARY|Dr. Joint Only
TALTZ_PSORIATIC ARTHRITIS|MEDSCAPE_ALERT|ACCESS_FORMULARY|Dr. Domains
TALTZ_PSORIATIC ARTHRITIS|MEDSCAPE_ALERT|ACCESS_FORMULARY|APP
TALTZ_PSORIATIC ARTHRITIS|MEDSCAPE_ALERT|ACCESS_FORMULARY|NPP_NON_TARGET
TALTZ_PSORIATIC ARTHRITIS|MEDSCAPE_ALERT|ACCESS_FORMULARY|NA
TALTZ_PSORIATIC ARTHRITIS|MEDSCAPE_ALERT|UNMET_NEED|Dr. Ease of Access
TALTZ_PSORIATIC ARTHRITIS|MEDSCAPE_ALERT|UNMET_NEED|Dr. TNF
TALTZ_PSORIATIC ARTHRITIS|MEDSCAPE_ALERT|UNMET_NEED|Dr. Joint Only
TALTZ_PSORIATIC ARTHRITIS|MEDSCAPE_ALERT|UNMET_NEED|Dr. Domains
TALTZ_PSORIATIC ARTHRITIS|MEDSCAPE_ALERT|UNMET_NEED|APP
TALTZ_PSORIATIC ARTHRITIS|MEDSCAPE_ALERT|UNMET_NEED|NPP_NON_TARGET
TALTZ_PSORIATIC ARTHRITIS|MEDSCAPE_ALERT|UNMET_NEED|NA
TALTZ_PSORIATIC ARTHRITIS|MEDSCAPE_ALERT|SAFETY#PSO_PEDS|Dr. Ease of Access
TALTZ_PSORIATIC ARTHRITIS|MEDSCAPE_ALERT|SAFETY#PSO_PEDS|Dr. TNF
TALTZ_PSORIATIC ARTHRITIS|MEDSCAPE_ALERT|SAFETY#PSO_PEDS|Dr. Joint Only
TALTZ_PSORIATIC ARTHRITIS|MEDSCAPE_ALERT|SAFETY#PSO_PEDS|Dr. Domains
TALTZ_PSORIATIC ARTHRITIS|MEDSCAPE_ALERT|SAFETY#PSO_PEDS|APP
TALTZ_PSORIATIC ARTHRITIS|MEDSCAPE_ALERT|SAFETY#PSO_PEDS|NPP_NON_TARGET
TALTZ_PSORIATIC ARTHRITIS|MEDSCAPE_ALERT|SAFETY#PSO_PEDS|NA
TALTZ_PSORIATIC ARTHRITIS|MEDSCAPE_ALERT|SAFETY#PSO_ADULTS|Dr. Ease of Access
TALTZ_PSORIATIC ARTHRITIS|MEDSCAPE_ALERT|SAFETY#PSO_ADULTS|Dr. TNF
TALTZ_PSORIATIC ARTHRITIS|MEDSCAPE_ALERT|SAFETY#PSO_ADULTS|Dr. Joint Only
TALTZ_PSORIATIC ARTHRITIS|MEDSCAPE_ALERT|SAFETY#PSO_ADULTS|Dr. Domains
TALTZ_PSORIATIC ARTHRITIS|MEDSCAPE_ALERT|SAFETY#PSO_ADULTS|APP
TALTZ_PSORIATIC ARTHRITIS|MEDSCAPE_ALERT|SAFETY#PSO_ADULTS|NPP_NON_TARGET
TALTZ_PSORIATIC ARTHRITIS|MEDSCAPE_ALERT|SAFETY#PSO_ADULTS|NA
TALTZ_PSORIATIC ARTHRITIS|MEDSCAPE_ALERT|SAFETY#PSA|Dr. Ease of Access
TALTZ_PSORIATIC ARTHRITIS|MEDSCAPE_ALERT|SAFETY#PSA|Dr. TNF
TALTZ_PSORIATIC ARTHRITIS|MEDSCAPE_ALERT|SAFETY#PSA|Dr. Joint Only
TALTZ_PSORIATIC ARTHRITIS|MEDSCAPE_ALERT|SAFETY#PSA|Dr. Domains
TALTZ_PSORIATIC ARTHRITIS|MEDSCAPE_ALERT|SAFETY#PSA|APP
TALTZ_PSORIATIC ARTHRITIS|MEDSCAPE_ALERT|SAFETY#PSA|NPP_NON_TARGET
TALTZ_PSORIATIC ARTHRITIS|MEDSCAPE_ALERT|SAFETY#PSA|NA
TALTZ_PSORIATIC ARTHRITIS|MEDSCAPE_ALERT|SAFETY#LONG_TERM|Dr. Ease of Access
TALTZ_PSORIATIC ARTHRITIS|MEDSCAPE_ALERT|SAFETY#LONG_TERM|Dr. TNF
TALTZ_PSORIATIC ARTHRITIS|MEDSCAPE_ALERT|SAFETY#LONG_TERM|Dr. Joint Only
TALTZ_PSORIATIC ARTHRITIS|MEDSCAPE_ALERT|SAFETY#LONG_TERM|Dr. Domains
TALTZ_PSORIATIC ARTHRITIS|MEDSCAPE_ALERT|SAFETY#LONG_TERM|APP
TALTZ_PSORIATIC ARTHRITIS|MEDSCAPE_ALERT|SAFETY#LONG_TERM|NPP_NON_TARGET
TALTZ_PSORIATIC ARTHRITIS|MEDSCAPE_ALERT|SAFETY#LONG_TERM|NA
TALTZ_PSORIATIC ARTHRITIS|MEDSCAPE_ALERT|INITIATION|Dr. Ease of Access
TALTZ_PSORIATIC ARTHRITIS|MEDSCAPE_ALERT|INITIATION|Dr. TNF
TALTZ_PSORIATIC ARTHRITIS|MEDSCAPE_ALERT|INITIATION|Dr. Joint Only
TALTZ_PSORIATIC ARTHRITIS|MEDSCAPE_ALERT|INITIATION|Dr. Domains
TALTZ_PSORIATIC ARTHRITIS|MEDSCAPE_ALERT|INITIATION|APP
TALTZ_PSORIATIC ARTHRITIS|MEDSCAPE_ALERT|INITIATION|NPP_NON_TARGET
TALTZ_PSORIATIC ARTHRITIS|MEDSCAPE_ALERT|INITIATION|NA
TALTZ_PSORIATIC ARTHRITIS|MEDSCAPE_ALERT|GENERAL|Dr. Ease of Access
TALTZ_PSORIATIC ARTHRITIS|MEDSCAPE_ALERT|GENERAL|Dr. TNF
TALTZ_PSORIATIC ARTHRITIS|MEDSCAPE_ALERT|GENERAL|Dr. Joint Only
TALTZ_PSORIATIC ARTHRITIS|MEDSCAPE_ALERT|GENERAL|Dr. Domains
TALTZ_PSORIATIC ARTHRITIS|MEDSCAPE_ALERT|GENERAL|APP
TALTZ_PSORIATIC ARTHRITIS|MEDSCAPE_ALERT|GENERAL|NPP_NON_TARGET
TALTZ_PSORIATIC ARTHRITIS|MEDSCAPE_ALERT|GENERAL|NA
TALTZ_PSORIATIC ARTHRITIS|MEDSCAPE_ALERT|EFFICACY#STRUCTURE|Dr. Ease of Access
TALTZ_PSORIATIC ARTHRITIS|MEDSCAPE_ALERT|EFFICACY#STRUCTURE|Dr. TNF
TALTZ_PSORIATIC ARTHRITIS|MEDSCAPE_ALERT|EFFICACY#STRUCTURE|Dr. Joint Only
TALTZ_PSORIATIC ARTHRITIS|MEDSCAPE_ALERT|EFFICACY#STRUCTURE|Dr. Domains
TALTZ_PSORIATIC ARTHRITIS|MEDSCAPE_ALERT|EFFICACY#STRUCTURE|APP
TALTZ_PSORIATIC ARTHRITIS|MEDSCAPE_ALERT|EFFICACY#STRUCTURE|NPP_NON_TARGET
TALTZ_PSORIATIC ARTHRITIS|MEDSCAPE_ALERT|EFFICACY#STRUCTURE|NA
TALTZ_PSORIATIC ARTHRITIS|MEDSCAPE_ALERT|EFFICACY#HEAD_TO_HEAD|Dr. Ease of Access
TALTZ_PSORIATIC ARTHRITIS|MEDSCAPE_ALERT|EFFICACY#HEAD_TO_HEAD|Dr. TNF
TALTZ_PSORIATIC ARTHRITIS|MEDSCAPE_ALERT|EFFICACY#HEAD_TO_HEAD|Dr. Joint Only
TALTZ_PSORIATIC ARTHRITIS|MEDSCAPE_ALERT|EFFICACY#HEAD_TO_HEAD|Dr. Domains
TALTZ_PSORIATIC ARTHRITIS|MEDSCAPE_ALERT|EFFICACY#HEAD_TO_HEAD|APP
TALTZ_PSORIATIC ARTHRITIS|MEDSCAPE_ALERT|EFFICACY#HEAD_TO_HEAD|NPP_NON_TARGET
TALTZ_PSORIATIC ARTHRITIS|MEDSCAPE_ALERT|EFFICACY#HEAD_TO_HEAD|NA
TALTZ_PSORIATIC ARTHRITIS|MEDSCAPE_ALERT|EFFICACY#ENTHESITIS_DACYLITIS|Dr. Ease of Access
TALTZ_PSORIATIC ARTHRITIS|MEDSCAPE_ALERT|EFFICACY#ENTHESITIS_DACYLITIS|Dr. TNF
TALTZ_PSORIATIC ARTHRITIS|MEDSCAPE_ALERT|EFFICACY#ENTHESITIS_DACYLITIS|Dr. Joint Only
TALTZ_PSORIATIC ARTHRITIS|MEDSCAPE_ALERT|EFFICACY#ENTHESITIS_DACYLITIS|Dr. Domains
TALTZ_PSORIATIC ARTHRITIS|MEDSCAPE_ALERT|EFFICACY#ENTHESITIS_DACYLITIS|APP
TALTZ_PSORIATIC ARTHRITIS|MEDSCAPE_ALERT|EFFICACY#ENTHESITIS_DACYLITIS|NPP_NON_TARGET
TALTZ_PSORIATIC ARTHRITIS|MEDSCAPE_ALERT|EFFICACY#ENTHESITIS_DACYLITIS|NA
TALTZ_PSORIATIC ARTHRITIS|MEDSCAPE_ALERT|EFFICACY#CORE|Dr. Ease of Access
TALTZ_PSORIATIC ARTHRITIS|MEDSCAPE_ALERT|EFFICACY#CORE|Dr. TNF
TALTZ_PSORIATIC ARTHRITIS|MEDSCAPE_ALERT|EFFICACY#CORE|Dr. Joint Only
TALTZ_PSORIATIC ARTHRITIS|MEDSCAPE_ALERT|EFFICACY#CORE|Dr. Domains
TALTZ_PSORIATIC ARTHRITIS|MEDSCAPE_ALERT|EFFICACY#CORE|APP
TALTZ_PSORIATIC ARTHRITIS|MEDSCAPE_ALERT|EFFICACY#CORE|NPP_NON_TARGET
TALTZ_PSORIATIC ARTHRITIS|MEDSCAPE_ALERT|EFFICACY#CORE|NA
TALTZ_PSORIATIC ARTHRITIS|MEDSCAPE_ALERT|EFFICACY#COMBINATION_THERAPY|Dr. Ease of Access
TALTZ_PSORIATIC ARTHRITIS|MEDSCAPE_ALERT|EFFICACY#COMBINATION_THERAPY|Dr. TNF
TALTZ_PSORIATIC ARTHRITIS|MEDSCAPE_ALERT|EFFICACY#COMBINATION_THERAPY|Dr. Joint Only
TALTZ_PSORIATIC ARTHRITIS|MEDSCAPE_ALERT|EFFICACY#COMBINATION_THERAPY|Dr. Domains
TALTZ_PSORIATIC ARTHRITIS|MEDSCAPE_ALERT|EFFICACY#COMBINATION_THERAPY|APP
TALTZ_PSORIATIC ARTHRITIS|MEDSCAPE_ALERT|EFFICACY#COMBINATION_THERAPY|NPP_NON_TARGET
TALTZ_PSORIATIC ARTHRITIS|MEDSCAPE_ALERT|EFFICACY#COMBINATION_THERAPY|NA
TALTZ_PSORIATIC ARTHRITIS|MEDSCAPE_POC|DEVICE|Dr. Ease of Access
TALTZ_PSORIATIC ARTHRITIS|MEDSCAPE_POC|DEVICE|Dr. TNF
TALTZ_PSORIATIC ARTHRITIS|MEDSCAPE_POC|DEVICE|Dr. Joint Only
TALTZ_PSORIATIC ARTHRITIS|MEDSCAPE_POC|DEVICE|Dr. Domains
TALTZ_PSORIATIC ARTHRITIS|MEDSCAPE_POC|DEVICE|APP
TALTZ_PSORIATIC ARTHRITIS|MEDSCAPE_POC|DEVICE|NPP_NON_TARGET
TALTZ_PSORIATIC ARTHRITIS|MEDSCAPE_POC|DEVICE|NA
TALTZ_PSORIATIC ARTHRITIS|MEDSCAPE_POC|SAFETY#SIDE_EFFECTS|Dr. Ease of Access
TALTZ_PSORIATIC ARTHRITIS|MEDSCAPE_POC|SAFETY#SIDE_EFFECTS|Dr. TNF
TALTZ_PSORIATIC ARTHRITIS|MEDSCAPE_POC|SAFETY#SIDE_EFFECTS|Dr. Joint Only
TALTZ_PSORIATIC ARTHRITIS|MEDSCAPE_POC|SAFETY#SIDE_EFFECTS|Dr. Domains
TALTZ_PSORIATIC ARTHRITIS|MEDSCAPE_POC|SAFETY#SIDE_EFFECTS|APP
TALTZ_PSORIATIC ARTHRITIS|MEDSCAPE_POC|SAFETY#SIDE_EFFECTS|NPP_NON_TARGET
TALTZ_PSORIATIC ARTHRITIS|MEDSCAPE_POC|SAFETY#SIDE_EFFECTS|NA
TALTZ_PSORIATIC ARTHRITIS|MEDSCAPE_POC|SAFETY#NR_AXSPA|Dr. Ease of Access
TALTZ_PSORIATIC ARTHRITIS|MEDSCAPE_POC|SAFETY#NR_AXSPA|Dr. TNF
TALTZ_PSORIATIC ARTHRITIS|MEDSCAPE_POC|SAFETY#NR_AXSPA|Dr. Joint Only
TALTZ_PSORIATIC ARTHRITIS|MEDSCAPE_POC|SAFETY#NR_AXSPA|Dr. Domains
TALTZ_PSORIATIC ARTHRITIS|MEDSCAPE_POC|SAFETY#NR_AXSPA|APP
TALTZ_PSORIATIC ARTHRITIS|MEDSCAPE_POC|SAFETY#NR_AXSPA|NPP_NON_TARGET
TALTZ_PSORIATIC ARTHRITIS|MEDSCAPE_POC|SAFETY#NR_AXSPA|NA
TALTZ_PSORIATIC ARTHRITIS|MEDSCAPE_POC|SAFETY#NA|Dr. Ease of Access
TALTZ_PSORIATIC ARTHRITIS|MEDSCAPE_POC|SAFETY#NA|Dr. TNF
TALTZ_PSORIATIC ARTHRITIS|MEDSCAPE_POC|SAFETY#NA|Dr. Joint Only
TALTZ_PSORIATIC ARTHRITIS|MEDSCAPE_POC|SAFETY#NA|Dr. Domains
TALTZ_PSORIATIC ARTHRITIS|MEDSCAPE_POC|SAFETY#NA|APP
TALTZ_PSORIATIC ARTHRITIS|MEDSCAPE_POC|SAFETY#NA|NPP_NON_TARGET
TALTZ_PSORIATIC ARTHRITIS|MEDSCAPE_POC|SAFETY#NA|NA
TALTZ_PSORIATIC ARTHRITIS|MEDSCAPE_POC|SAFETY#HEAD_TO_HEAD|Dr. Ease of Access
TALTZ_PSORIATIC ARTHRITIS|MEDSCAPE_POC|SAFETY#HEAD_TO_HEAD|Dr. TNF
TALTZ_PSORIATIC ARTHRITIS|MEDSCAPE_POC|SAFETY#HEAD_TO_HEAD|Dr. Joint Only
TALTZ_PSORIATIC ARTHRITIS|MEDSCAPE_POC|SAFETY#HEAD_TO_HEAD|Dr. Domains
TALTZ_PSORIATIC ARTHRITIS|MEDSCAPE_POC|SAFETY#HEAD_TO_HEAD|APP
TALTZ_PSORIATIC ARTHRITIS|MEDSCAPE_POC|SAFETY#HEAD_TO_HEAD|NPP_NON_TARGET
TALTZ_PSORIATIC ARTHRITIS|MEDSCAPE_POC|SAFETY#HEAD_TO_HEAD|NA
TALTZ_PSORIATIC ARTHRITIS|MEDSCAPE_POC|SAFETY#AS|Dr. Ease of Access
TALTZ_PSORIATIC ARTHRITIS|MEDSCAPE_POC|SAFETY#AS|Dr. TNF
TALTZ_PSORIATIC ARTHRITIS|MEDSCAPE_POC|SAFETY#AS|Dr. Joint Only
TALTZ_PSORIATIC ARTHRITIS|MEDSCAPE_POC|SAFETY#AS|Dr. Domains
TALTZ_PSORIATIC ARTHRITIS|MEDSCAPE_POC|SAFETY#AS|APP
TALTZ_PSORIATIC ARTHRITIS|MEDSCAPE_POC|SAFETY#AS|NPP_NON_TARGET
TALTZ_PSORIATIC ARTHRITIS|MEDSCAPE_POC|SAFETY#AS|NA
TALTZ_PSORIATIC ARTHRITIS|MEDSCAPE_POC|PATIENT_TYPE_IDENTIFICATION|Dr. Ease of Access
TALTZ_PSORIATIC ARTHRITIS|MEDSCAPE_POC|PATIENT_TYPE_IDENTIFICATION|Dr. TNF
TALTZ_PSORIATIC ARTHRITIS|MEDSCAPE_POC|PATIENT_TYPE_IDENTIFICATION|Dr. Joint Only
TALTZ_PSORIATIC ARTHRITIS|MEDSCAPE_POC|PATIENT_TYPE_IDENTIFICATION|Dr. Domains
TALTZ_PSORIATIC ARTHRITIS|MEDSCAPE_POC|PATIENT_TYPE_IDENTIFICATION|APP
TALTZ_PSORIATIC ARTHRITIS|MEDSCAPE_POC|PATIENT_TYPE_IDENTIFICATION|NPP_NON_TARGET
TALTZ_PSORIATIC ARTHRITIS|MEDSCAPE_POC|PATIENT_TYPE_IDENTIFICATION|NA
TALTZ_PSORIATIC ARTHRITIS|MEDSCAPE_POC|PATIENT_CUSTOMER_SUPPORT|Dr. Ease of Access
TALTZ_PSORIATIC ARTHRITIS|MEDSCAPE_POC|PATIENT_CUSTOMER_SUPPORT|Dr. TNF
TALTZ_PSORIATIC ARTHRITIS|MEDSCAPE_POC|PATIENT_CUSTOMER_SUPPORT|Dr. Joint Only
TALTZ_PSORIATIC ARTHRITIS|MEDSCAPE_POC|PATIENT_CUSTOMER_SUPPORT|Dr. Domains
TALTZ_PSORIATIC ARTHRITIS|MEDSCAPE_POC|PATIENT_CUSTOMER_SUPPORT|APP
TALTZ_PSORIATIC ARTHRITIS|MEDSCAPE_POC|PATIENT_CUSTOMER_SUPPORT|NPP_NON_TARGET
TALTZ_PSORIATIC ARTHRITIS|MEDSCAPE_POC|PATIENT_CUSTOMER_SUPPORT|NA
TALTZ_PSORIATIC ARTHRITIS|MEDSCAPE_POC|PATIENT_AFFORDABILITY|Dr. Ease of Access
TALTZ_PSORIATIC ARTHRITIS|MEDSCAPE_POC|PATIENT_AFFORDABILITY|Dr. TNF
TALTZ_PSORIATIC ARTHRITIS|MEDSCAPE_POC|PATIENT_AFFORDABILITY|Dr. Joint Only
TALTZ_PSORIATIC ARTHRITIS|MEDSCAPE_POC|PATIENT_AFFORDABILITY|Dr. Domains
TALTZ_PSORIATIC ARTHRITIS|MEDSCAPE_POC|PATIENT_AFFORDABILITY|APP
TALTZ_PSORIATIC ARTHRITIS|MEDSCAPE_POC|PATIENT_AFFORDABILITY|NPP_NON_TARGET
TALTZ_PSORIATIC ARTHRITIS|MEDSCAPE_POC|PATIENT_AFFORDABILITY|NA
TALTZ_PSORIATIC ARTHRITIS|MEDSCAPE_POC|MOA|Dr. Ease of Access
TALTZ_PSORIATIC ARTHRITIS|MEDSCAPE_POC|MOA|Dr. TNF
TALTZ_PSORIATIC ARTHRITIS|MEDSCAPE_POC|MOA|Dr. Joint Only
TALTZ_PSORIATIC ARTHRITIS|MEDSCAPE_POC|MOA|Dr. Domains
TALTZ_PSORIATIC ARTHRITIS|MEDSCAPE_POC|MOA|APP
TALTZ_PSORIATIC ARTHRITIS|MEDSCAPE_POC|MOA|NPP_NON_TARGET
TALTZ_PSORIATIC ARTHRITIS|MEDSCAPE_POC|MOA|NA
TALTZ_PSORIATIC ARTHRITIS|MEDSCAPE_POC|EFFICACY#SPINAL_PAIN_AND_STIFFNESS|Dr. Ease of Access
TALTZ_PSORIATIC ARTHRITIS|MEDSCAPE_POC|EFFICACY#SPINAL_PAIN_AND_STIFFNESS|Dr. TNF
TALTZ_PSORIATIC ARTHRITIS|MEDSCAPE_POC|EFFICACY#SPINAL_PAIN_AND_STIFFNESS|Dr. Joint Only
TALTZ_PSORIATIC ARTHRITIS|MEDSCAPE_POC|EFFICACY#SPINAL_PAIN_AND_STIFFNESS|Dr. Domains
TALTZ_PSORIATIC ARTHRITIS|MEDSCAPE_POC|EFFICACY#SPINAL_PAIN_AND_STIFFNESS|APP
TALTZ_PSORIATIC ARTHRITIS|MEDSCAPE_POC|EFFICACY#SPINAL_PAIN_AND_STIFFNESS|NPP_NON_TARGET
TALTZ_PSORIATIC ARTHRITIS|MEDSCAPE_POC|EFFICACY#SPINAL_PAIN_AND_STIFFNESS|NA
TALTZ_PSORIATIC ARTHRITIS|MEDSCAPE_POC|EFFICACY#SECONDARY|Dr. Ease of Access
TALTZ_PSORIATIC ARTHRITIS|MEDSCAPE_POC|EFFICACY#SECONDARY|Dr. TNF
TALTZ_PSORIATIC ARTHRITIS|MEDSCAPE_POC|EFFICACY#SECONDARY|Dr. Joint Only
TALTZ_PSORIATIC ARTHRITIS|MEDSCAPE_POC|EFFICACY#SECONDARY|Dr. Domains
TALTZ_PSORIATIC ARTHRITIS|MEDSCAPE_POC|EFFICACY#SECONDARY|APP
TALTZ_PSORIATIC ARTHRITIS|MEDSCAPE_POC|EFFICACY#SECONDARY|NPP_NON_TARGET
TALTZ_PSORIATIC ARTHRITIS|MEDSCAPE_POC|EFFICACY#SECONDARY|NA
TALTZ_PSORIATIC ARTHRITIS|MEDSCAPE_POC|EFFICACY#RAPID_ONSET|Dr. Ease of Access
TALTZ_PSORIATIC ARTHRITIS|MEDSCAPE_POC|EFFICACY#RAPID_ONSET|Dr. TNF
TALTZ_PSORIATIC ARTHRITIS|MEDSCAPE_POC|EFFICACY#RAPID_ONSET|Dr. Joint Only
TALTZ_PSORIATIC ARTHRITIS|MEDSCAPE_POC|EFFICACY#RAPID_ONSET|Dr. Domains
TALTZ_PSORIATIC ARTHRITIS|MEDSCAPE_POC|EFFICACY#RAPID_ONSET|APP
TALTZ_PSORIATIC ARTHRITIS|MEDSCAPE_POC|EFFICACY#RAPID_ONSET|NPP_NON_TARGET
TALTZ_PSORIATIC ARTHRITIS|MEDSCAPE_POC|EFFICACY#RAPID_ONSET|NA
TALTZ_PSORIATIC ARTHRITIS|MEDSCAPE_POC|EFFICACY#PSO_PEDS|Dr. Ease of Access
TALTZ_PSORIATIC ARTHRITIS|MEDSCAPE_POC|EFFICACY#PSO_PEDS|Dr. TNF
TALTZ_PSORIATIC ARTHRITIS|MEDSCAPE_POC|EFFICACY#PSO_PEDS|Dr. Joint Only
TALTZ_PSORIATIC ARTHRITIS|MEDSCAPE_POC|EFFICACY#PSO_PEDS|Dr. Domains
TALTZ_PSORIATIC ARTHRITIS|MEDSCAPE_POC|EFFICACY#PSO_PEDS|APP
TALTZ_PSORIATIC ARTHRITIS|MEDSCAPE_POC|EFFICACY#PSO_PEDS|NPP_NON_TARGET
TALTZ_PSORIATIC ARTHRITIS|MEDSCAPE_POC|EFFICACY#PSO_PEDS|NA
TALTZ_PSORIATIC ARTHRITIS|MEDSCAPE_POC|EFFICACY#NOW_APPROVED|Dr. Ease of Access
TALTZ_PSORIATIC ARTHRITIS|MEDSCAPE_POC|EFFICACY#NOW_APPROVED|Dr. TNF
TALTZ_PSORIATIC ARTHRITIS|MEDSCAPE_POC|EFFICACY#NOW_APPROVED|Dr. Joint Only
TALTZ_PSORIATIC ARTHRITIS|MEDSCAPE_POC|EFFICACY#NOW_APPROVED|Dr. Domains
TALTZ_PSORIATIC ARTHRITIS|MEDSCAPE_POC|EFFICACY#NOW_APPROVED|APP
TALTZ_PSORIATIC ARTHRITIS|MEDSCAPE_POC|EFFICACY#NOW_APPROVED|NPP_NON_TARGET
TALTZ_PSORIATIC ARTHRITIS|MEDSCAPE_POC|EFFICACY#NOW_APPROVED|NA
TALTZ_PSORIATIC ARTHRITIS|MEDSCAPE_POC|EFFICACY#NA|Dr. Ease of Access
TALTZ_PSORIATIC ARTHRITIS|MEDSCAPE_POC|EFFICACY#NA|Dr. TNF
TALTZ_PSORIATIC ARTHRITIS|MEDSCAPE_POC|EFFICACY#NA|Dr. Joint Only
TALTZ_PSORIATIC ARTHRITIS|MEDSCAPE_POC|EFFICACY#NA|Dr. Domains
TALTZ_PSORIATIC ARTHRITIS|MEDSCAPE_POC|EFFICACY#NA|APP
TALTZ_PSORIATIC ARTHRITIS|MEDSCAPE_POC|EFFICACY#NA|NPP_NON_TARGET
TALTZ_PSORIATIC ARTHRITIS|MEDSCAPE_POC|EFFICACY#NA|NA
TALTZ_PSORIATIC ARTHRITIS|MEDSCAPE_POC|EFFICACY#LONG_TERM|Dr. Ease of Access
TALTZ_PSORIATIC ARTHRITIS|MEDSCAPE_POC|EFFICACY#LONG_TERM|Dr. TNF
TALTZ_PSORIATIC ARTHRITIS|MEDSCAPE_POC|EFFICACY#LONG_TERM|Dr. Joint Only
TALTZ_PSORIATIC ARTHRITIS|MEDSCAPE_POC|EFFICACY#LONG_TERM|Dr. Domains
TALTZ_PSORIATIC ARTHRITIS|MEDSCAPE_POC|EFFICACY#LONG_TERM|APP
TALTZ_PSORIATIC ARTHRITIS|MEDSCAPE_POC|EFFICACY#LONG_TERM|NPP_NON_TARGET
TALTZ_PSORIATIC ARTHRITIS|MEDSCAPE_POC|EFFICACY#LONG_TERM|NA
TALTZ_PSORIATIC ARTHRITIS|MEDSCAPE_POC|EASE_OF_ADMINISTRATION|Dr. Ease of Access
TALTZ_PSORIATIC ARTHRITIS|MEDSCAPE_POC|EASE_OF_ADMINISTRATION|Dr. TNF
TALTZ_PSORIATIC ARTHRITIS|MEDSCAPE_POC|EASE_OF_ADMINISTRATION|Dr. Joint Only
TALTZ_PSORIATIC ARTHRITIS|MEDSCAPE_POC|EASE_OF_ADMINISTRATION|Dr. Domains
TALTZ_PSORIATIC ARTHRITIS|MEDSCAPE_POC|EASE_OF_ADMINISTRATION|APP
TALTZ_PSORIATIC ARTHRITIS|MEDSCAPE_POC|EASE_OF_ADMINISTRATION|NPP_NON_TARGET
TALTZ_PSORIATIC ARTHRITIS|MEDSCAPE_POC|EASE_OF_ADMINISTRATION|NA
TALTZ_PSORIATIC ARTHRITIS|MEDSCAPE_POC|DOSING|Dr. Ease of Access
TALTZ_PSORIATIC ARTHRITIS|MEDSCAPE_POC|DOSING|Dr. TNF
TALTZ_PSORIATIC ARTHRITIS|MEDSCAPE_POC|DOSING|Dr. Joint Only
TALTZ_PSORIATIC ARTHRITIS|MEDSCAPE_POC|DOSING|Dr. Domains
TALTZ_PSORIATIC ARTHRITIS|MEDSCAPE_POC|DOSING|APP
TALTZ_PSORIATIC ARTHRITIS|MEDSCAPE_POC|DOSING|NPP_NON_TARGET
TALTZ_PSORIATIC ARTHRITIS|MEDSCAPE_POC|DOSING|NA
TALTZ_PSORIATIC ARTHRITIS|MEDSCAPE_POC|DISEASE_STATE|Dr. Ease of Access
TALTZ_PSORIATIC ARTHRITIS|MEDSCAPE_POC|DISEASE_STATE|Dr. TNF
TALTZ_PSORIATIC ARTHRITIS|MEDSCAPE_POC|DISEASE_STATE|Dr. Joint Only
TALTZ_PSORIATIC ARTHRITIS|MEDSCAPE_POC|DISEASE_STATE|Dr. Domains
TALTZ_PSORIATIC ARTHRITIS|MEDSCAPE_POC|DISEASE_STATE|APP
TALTZ_PSORIATIC ARTHRITIS|MEDSCAPE_POC|DISEASE_STATE|NPP_NON_TARGET
TALTZ_PSORIATIC ARTHRITIS|MEDSCAPE_POC|DISEASE_STATE|NA
TALTZ_PSORIATIC ARTHRITIS|MEDSCAPE_POC|ACCESS_FORMULARY|Dr. Ease of Access
TALTZ_PSORIATIC ARTHRITIS|MEDSCAPE_POC|ACCESS_FORMULARY|Dr. TNF
TALTZ_PSORIATIC ARTHRITIS|MEDSCAPE_POC|ACCESS_FORMULARY|Dr. Joint Only
TALTZ_PSORIATIC ARTHRITIS|MEDSCAPE_POC|ACCESS_FORMULARY|Dr. Domains
TALTZ_PSORIATIC ARTHRITIS|MEDSCAPE_POC|ACCESS_FORMULARY|APP
TALTZ_PSORIATIC ARTHRITIS|MEDSCAPE_POC|ACCESS_FORMULARY|NPP_NON_TARGET
TALTZ_PSORIATIC ARTHRITIS|MEDSCAPE_POC|ACCESS_FORMULARY|NA
TALTZ_PSORIATIC ARTHRITIS|MEDSCAPE_POC|UNMET_NEED|Dr. Ease of Access
TALTZ_PSORIATIC ARTHRITIS|MEDSCAPE_POC|UNMET_NEED|Dr. TNF
TALTZ_PSORIATIC ARTHRITIS|MEDSCAPE_POC|UNMET_NEED|Dr. Joint Only
TALTZ_PSORIATIC ARTHRITIS|MEDSCAPE_POC|UNMET_NEED|Dr. Domains
TALTZ_PSORIATIC ARTHRITIS|MEDSCAPE_POC|UNMET_NEED|APP
TALTZ_PSORIATIC ARTHRITIS|MEDSCAPE_POC|UNMET_NEED|NPP_NON_TARGET
TALTZ_PSORIATIC ARTHRITIS|MEDSCAPE_POC|UNMET_NEED|NA
TALTZ_PSORIATIC ARTHRITIS|MEDSCAPE_POC|SAFETY#PSO_PEDS|Dr. Ease of Access
TALTZ_PSORIATIC ARTHRITIS|MEDSCAPE_POC|SAFETY#PSO_PEDS|Dr. TNF
TALTZ_PSORIATIC ARTHRITIS|MEDSCAPE_POC|SAFETY#PSO_PEDS|Dr. Joint Only
TALTZ_PSORIATIC ARTHRITIS|MEDSCAPE_POC|SAFETY#PSO_PEDS|Dr. Domains
TALTZ_PSORIATIC ARTHRITIS|MEDSCAPE_POC|SAFETY#PSO_PEDS|APP
TALTZ_PSORIATIC ARTHRITIS|MEDSCAPE_POC|SAFETY#PSO_PEDS|NPP_NON_TARGET
TALTZ_PSORIATIC ARTHRITIS|MEDSCAPE_POC|SAFETY#PSO_PEDS|NA
TALTZ_PSORIATIC ARTHRITIS|MEDSCAPE_POC|SAFETY#PSO_ADULTS|Dr. Ease of Access
TALTZ_PSORIATIC ARTHRITIS|MEDSCAPE_POC|SAFETY#PSO_ADULTS|Dr. TNF
TALTZ_PSORIATIC ARTHRITIS|MEDSCAPE_POC|SAFETY#PSO_ADULTS|Dr. Joint Only
TALTZ_PSORIATIC ARTHRITIS|MEDSCAPE_POC|SAFETY#PSO_ADULTS|Dr. Domains
TALTZ_PSORIATIC ARTHRITIS|MEDSCAPE_POC|SAFETY#PSO_ADULTS|APP
TALTZ_PSORIATIC ARTHRITIS|MEDSCAPE_POC|SAFETY#PSO_ADULTS|NPP_NON_TARGET
TALTZ_PSORIATIC ARTHRITIS|MEDSCAPE_POC|SAFETY#PSO_ADULTS|NA
TALTZ_PSORIATIC ARTHRITIS|MEDSCAPE_POC|SAFETY#PSA|Dr. Ease of Access
TALTZ_PSORIATIC ARTHRITIS|MEDSCAPE_POC|SAFETY#PSA|Dr. TNF
TALTZ_PSORIATIC ARTHRITIS|MEDSCAPE_POC|SAFETY#PSA|Dr. Joint Only
TALTZ_PSORIATIC ARTHRITIS|MEDSCAPE_POC|SAFETY#PSA|Dr. Domains
TALTZ_PSORIATIC ARTHRITIS|MEDSCAPE_POC|SAFETY#PSA|APP
TALTZ_PSORIATIC ARTHRITIS|MEDSCAPE_POC|SAFETY#PSA|NPP_NON_TARGET
TALTZ_PSORIATIC ARTHRITIS|MEDSCAPE_POC|SAFETY#PSA|NA
TALTZ_PSORIATIC ARTHRITIS|MEDSCAPE_POC|SAFETY#LONG_TERM|Dr. Ease of Access
TALTZ_PSORIATIC ARTHRITIS|MEDSCAPE_POC|SAFETY#LONG_TERM|Dr. TNF
TALTZ_PSORIATIC ARTHRITIS|MEDSCAPE_POC|SAFETY#LONG_TERM|Dr. Joint Only
TALTZ_PSORIATIC ARTHRITIS|MEDSCAPE_POC|SAFETY#LONG_TERM|Dr. Domains
TALTZ_PSORIATIC ARTHRITIS|MEDSCAPE_POC|SAFETY#LONG_TERM|APP
TALTZ_PSORIATIC ARTHRITIS|MEDSCAPE_POC|SAFETY#LONG_TERM|NPP_NON_TARGET
TALTZ_PSORIATIC ARTHRITIS|MEDSCAPE_POC|SAFETY#LONG_TERM|NA
TALTZ_PSORIATIC ARTHRITIS|MEDSCAPE_POC|INITIATION|Dr. Ease of Access
TALTZ_PSORIATIC ARTHRITIS|MEDSCAPE_POC|INITIATION|Dr. TNF
TALTZ_PSORIATIC ARTHRITIS|MEDSCAPE_POC|INITIATION|Dr. Joint Only
TALTZ_PSORIATIC ARTHRITIS|MEDSCAPE_POC|INITIATION|Dr. Domains
TALTZ_PSORIATIC ARTHRITIS|MEDSCAPE_POC|INITIATION|APP
TALTZ_PSORIATIC ARTHRITIS|MEDSCAPE_POC|INITIATION|NPP_NON_TARGET
TALTZ_PSORIATIC ARTHRITIS|MEDSCAPE_POC|INITIATION|NA
TALTZ_PSORIATIC ARTHRITIS|MEDSCAPE_POC|GENERAL|Dr. Ease of Access
TALTZ_PSORIATIC ARTHRITIS|MEDSCAPE_POC|GENERAL|Dr. TNF
TALTZ_PSORIATIC ARTHRITIS|MEDSCAPE_POC|GENERAL|Dr. Joint Only
TALTZ_PSORIATIC ARTHRITIS|MEDSCAPE_POC|GENERAL|Dr. Domains
TALTZ_PSORIATIC ARTHRITIS|MEDSCAPE_POC|GENERAL|APP
TALTZ_PSORIATIC ARTHRITIS|MEDSCAPE_POC|GENERAL|NPP_NON_TARGET
TALTZ_PSORIATIC ARTHRITIS|MEDSCAPE_POC|GENERAL|NA
TALTZ_PSORIATIC ARTHRITIS|MEDSCAPE_POC|EFFICACY#STRUCTURE|Dr. Ease of Access
TALTZ_PSORIATIC ARTHRITIS|MEDSCAPE_POC|EFFICACY#STRUCTURE|Dr. TNF
TALTZ_PSORIATIC ARTHRITIS|MEDSCAPE_POC|EFFICACY#STRUCTURE|Dr. Joint Only
TALTZ_PSORIATIC ARTHRITIS|MEDSCAPE_POC|EFFICACY#STRUCTURE|Dr. Domains
TALTZ_PSORIATIC ARTHRITIS|MEDSCAPE_POC|EFFICACY#STRUCTURE|APP
TALTZ_PSORIATIC ARTHRITIS|MEDSCAPE_POC|EFFICACY#STRUCTURE|NPP_NON_TARGET
TALTZ_PSORIATIC ARTHRITIS|MEDSCAPE_POC|EFFICACY#STRUCTURE|NA
TALTZ_PSORIATIC ARTHRITIS|MEDSCAPE_POC|EFFICACY#HEAD_TO_HEAD|Dr. Ease of Access
TALTZ_PSORIATIC ARTHRITIS|MEDSCAPE_POC|EFFICACY#HEAD_TO_HEAD|Dr. TNF
TALTZ_PSORIATIC ARTHRITIS|MEDSCAPE_POC|EFFICACY#HEAD_TO_HEAD|Dr. Joint Only
TALTZ_PSORIATIC ARTHRITIS|MEDSCAPE_POC|EFFICACY#HEAD_TO_HEAD|Dr. Domains
TALTZ_PSORIATIC ARTHRITIS|MEDSCAPE_POC|EFFICACY#HEAD_TO_HEAD|APP
TALTZ_PSORIATIC ARTHRITIS|MEDSCAPE_POC|EFFICACY#HEAD_TO_HEAD|NPP_NON_TARGET
TALTZ_PSORIATIC ARTHRITIS|MEDSCAPE_POC|EFFICACY#HEAD_TO_HEAD|NA
TALTZ_PSORIATIC ARTHRITIS|MEDSCAPE_POC|EFFICACY#ENTHESITIS_DACYLITIS|Dr. Ease of Access
TALTZ_PSORIATIC ARTHRITIS|MEDSCAPE_POC|EFFICACY#ENTHESITIS_DACYLITIS|Dr. TNF
TALTZ_PSORIATIC ARTHRITIS|MEDSCAPE_POC|EFFICACY#ENTHESITIS_DACYLITIS|Dr. Joint Only
TALTZ_PSORIATIC ARTHRITIS|MEDSCAPE_POC|EFFICACY#ENTHESITIS_DACYLITIS|Dr. Domains
TALTZ_PSORIATIC ARTHRITIS|MEDSCAPE_POC|EFFICACY#ENTHESITIS_DACYLITIS|APP
TALTZ_PSORIATIC ARTHRITIS|MEDSCAPE_POC|EFFICACY#ENTHESITIS_DACYLITIS|NPP_NON_TARGET
TALTZ_PSORIATIC ARTHRITIS|MEDSCAPE_POC|EFFICACY#ENTHESITIS_DACYLITIS|NA
TALTZ_PSORIATIC ARTHRITIS|MEDSCAPE_POC|EFFICACY#CORE|Dr. Ease of Access
TALTZ_PSORIATIC ARTHRITIS|MEDSCAPE_POC|EFFICACY#CORE|Dr. TNF
TALTZ_PSORIATIC ARTHRITIS|MEDSCAPE_POC|EFFICACY#CORE|Dr. Joint Only
TALTZ_PSORIATIC ARTHRITIS|MEDSCAPE_POC|EFFICACY#CORE|Dr. Domains
TALTZ_PSORIATIC ARTHRITIS|MEDSCAPE_POC|EFFICACY#CORE|APP
TALTZ_PSORIATIC ARTHRITIS|MEDSCAPE_POC|EFFICACY#CORE|NPP_NON_TARGET
TALTZ_PSORIATIC ARTHRITIS|MEDSCAPE_POC|EFFICACY#CORE|NA
TALTZ_PSORIATIC ARTHRITIS|MEDSCAPE_POC|EFFICACY#COMBINATION_THERAPY|Dr. Ease of Access
TALTZ_PSORIATIC ARTHRITIS|MEDSCAPE_POC|EFFICACY#COMBINATION_THERAPY|Dr. TNF
TALTZ_PSORIATIC ARTHRITIS|MEDSCAPE_POC|EFFICACY#COMBINATION_THERAPY|Dr. Joint Only
TALTZ_PSORIATIC ARTHRITIS|MEDSCAPE_POC|EFFICACY#COMBINATION_THERAPY|Dr. Domains
TALTZ_PSORIATIC ARTHRITIS|MEDSCAPE_POC|EFFICACY#COMBINATION_THERAPY|APP
TALTZ_PSORIATIC ARTHRITIS|MEDSCAPE_POC|EFFICACY#COMBINATION_THERAPY|NPP_NON_TARGET
TALTZ_PSORIATIC ARTHRITIS|MEDSCAPE_POC|EFFICACY#COMBINATION_THERAPY|NA
TALTZ_PSORIATIC ARTHRITIS|DOXIMITY_DOCSPOT|ACCESS_FORMULARY|Dr. Ease of Access
TALTZ_PSORIATIC ARTHRITIS|DOXIMITY_DOCSPOT|ACCESS_FORMULARY|Dr. TNF
TALTZ_PSORIATIC ARTHRITIS|DOXIMITY_DOCSPOT|ACCESS_FORMULARY|Dr. Joint Only
TALTZ_PSORIATIC ARTHRITIS|DOXIMITY_DOCSPOT|ACCESS_FORMULARY|Dr. Domains
TALTZ_PSORIATIC ARTHRITIS|DOXIMITY_DOCSPOT|ACCESS_FORMULARY|APP
TALTZ_PSORIATIC ARTHRITIS|DOXIMITY_DOCSPOT|ACCESS_FORMULARY|NPP_NON_TARGET
TALTZ_PSORIATIC ARTHRITIS|DOXIMITY_DOCSPOT|ACCESS_FORMULARY|NA
TALTZ_PSORIATIC ARTHRITIS|DOXIMITY_DOCSPOT|UNMET_NEED|Dr. Ease of Access
TALTZ_PSORIATIC ARTHRITIS|DOXIMITY_DOCSPOT|UNMET_NEED|Dr. TNF
TALTZ_PSORIATIC ARTHRITIS|DOXIMITY_DOCSPOT|UNMET_NEED|Dr. Joint Only
TALTZ_PSORIATIC ARTHRITIS|DOXIMITY_DOCSPOT|UNMET_NEED|Dr. Domains
TALTZ_PSORIATIC ARTHRITIS|DOXIMITY_DOCSPOT|UNMET_NEED|APP
TALTZ_PSORIATIC ARTHRITIS|DOXIMITY_DOCSPOT|UNMET_NEED|NPP_NON_TARGET
TALTZ_PSORIATIC ARTHRITIS|DOXIMITY_DOCSPOT|UNMET_NEED|NA
TALTZ_PSORIATIC ARTHRITIS|DOXIMITY_DOCSPOT|SAFETY#PSO_PEDS|Dr. Ease of Access
TALTZ_PSORIATIC ARTHRITIS|DOXIMITY_DOCSPOT|SAFETY#PSO_PEDS|Dr. TNF
TALTZ_PSORIATIC ARTHRITIS|DOXIMITY_DOCSPOT|SAFETY#PSO_PEDS|Dr. Joint Only
TALTZ_PSORIATIC ARTHRITIS|DOXIMITY_DOCSPOT|SAFETY#PSO_PEDS|Dr. Domains
TALTZ_PSORIATIC ARTHRITIS|DOXIMITY_DOCSPOT|SAFETY#PSO_PEDS|APP
TALTZ_PSORIATIC ARTHRITIS|DOXIMITY_DOCSPOT|SAFETY#PSO_PEDS|NPP_NON_TARGET
TALTZ_PSORIATIC ARTHRITIS|DOXIMITY_DOCSPOT|SAFETY#PSO_PEDS|NA
TALTZ_PSORIATIC ARTHRITIS|DOXIMITY_DOCSPOT|SAFETY#PSO_ADULTS|Dr. Ease of Access
TALTZ_PSORIATIC ARTHRITIS|DOXIMITY_DOCSPOT|SAFETY#PSO_ADULTS|Dr. TNF
TALTZ_PSORIATIC ARTHRITIS|DOXIMITY_DOCSPOT|SAFETY#PSO_ADULTS|Dr. Joint Only
TALTZ_PSORIATIC ARTHRITIS|DOXIMITY_DOCSPOT|SAFETY#PSO_ADULTS|Dr. Domains
TALTZ_PSORIATIC ARTHRITIS|DOXIMITY_DOCSPOT|SAFETY#PSO_ADULTS|APP
TALTZ_PSORIATIC ARTHRITIS|DOXIMITY_DOCSPOT|SAFETY#PSO_ADULTS|NPP_NON_TARGET
TALTZ_PSORIATIC ARTHRITIS|DOXIMITY_DOCSPOT|SAFETY#PSO_ADULTS|NA
TALTZ_PSORIATIC ARTHRITIS|DOXIMITY_DOCSPOT|SAFETY#PSA|Dr. Ease of Access
TALTZ_PSORIATIC ARTHRITIS|DOXIMITY_DOCSPOT|SAFETY#PSA|Dr. TNF
TALTZ_PSORIATIC ARTHRITIS|DOXIMITY_DOCSPOT|SAFETY#PSA|Dr. Joint Only
TALTZ_PSORIATIC ARTHRITIS|DOXIMITY_DOCSPOT|SAFETY#PSA|Dr. Domains
TALTZ_PSORIATIC ARTHRITIS|DOXIMITY_DOCSPOT|SAFETY#PSA|APP
TALTZ_PSORIATIC ARTHRITIS|DOXIMITY_DOCSPOT|SAFETY#PSA|NPP_NON_TARGET
TALTZ_PSORIATIC ARTHRITIS|DOXIMITY_DOCSPOT|SAFETY#PSA|NA
TALTZ_PSORIATIC ARTHRITIS|DOXIMITY_DOCSPOT|SAFETY#LONG_TERM|Dr. Ease of Access
TALTZ_PSORIATIC ARTHRITIS|DOXIMITY_DOCSPOT|SAFETY#LONG_TERM|Dr. TNF
TALTZ_PSORIATIC ARTHRITIS|DOXIMITY_DOCSPOT|SAFETY#LONG_TERM|Dr. Joint Only
TALTZ_PSORIATIC ARTHRITIS|DOXIMITY_DOCSPOT|SAFETY#LONG_TERM|Dr. Domains
TALTZ_PSORIATIC ARTHRITIS|DOXIMITY_DOCSPOT|SAFETY#LONG_TERM|APP
TALTZ_PSORIATIC ARTHRITIS|DOXIMITY_DOCSPOT|SAFETY#LONG_TERM|NPP_NON_TARGET
TALTZ_PSORIATIC ARTHRITIS|DOXIMITY_DOCSPOT|SAFETY#LONG_TERM|NA
TALTZ_PSORIATIC ARTHRITIS|DOXIMITY_DOCSPOT|INITIATION|Dr. Ease of Access
TALTZ_PSORIATIC ARTHRITIS|DOXIMITY_DOCSPOT|INITIATION|Dr. TNF
TALTZ_PSORIATIC ARTHRITIS|DOXIMITY_DOCSPOT|INITIATION|Dr. Joint Only
TALTZ_PSORIATIC ARTHRITIS|DOXIMITY_DOCSPOT|INITIATION|Dr. Domains
TALTZ_PSORIATIC ARTHRITIS|DOXIMITY_DOCSPOT|INITIATION|APP
TALTZ_PSORIATIC ARTHRITIS|DOXIMITY_DOCSPOT|INITIATION|NPP_NON_TARGET
TALTZ_PSORIATIC ARTHRITIS|DOXIMITY_DOCSPOT|INITIATION|NA
TALTZ_PSORIATIC ARTHRITIS|DOXIMITY_DOCSPOT|GENERAL|Dr. Ease of Access
TALTZ_PSORIATIC ARTHRITIS|DOXIMITY_DOCSPOT|GENERAL|Dr. TNF
TALTZ_PSORIATIC ARTHRITIS|DOXIMITY_DOCSPOT|GENERAL|Dr. Joint Only
TALTZ_PSORIATIC ARTHRITIS|DOXIMITY_DOCSPOT|GENERAL|Dr. Domains
TALTZ_PSORIATIC ARTHRITIS|DOXIMITY_DOCSPOT|GENERAL|APP
TALTZ_PSORIATIC ARTHRITIS|DOXIMITY_DOCSPOT|GENERAL|NPP_NON_TARGET
TALTZ_PSORIATIC ARTHRITIS|DOXIMITY_DOCSPOT|GENERAL|NA
TALTZ_PSORIATIC ARTHRITIS|DOXIMITY_DOCSPOT|EFFICACY#STRUCTURE|Dr. Ease of Access
TALTZ_PSORIATIC ARTHRITIS|DOXIMITY_DOCSPOT|EFFICACY#STRUCTURE|Dr. TNF
TALTZ_PSORIATIC ARTHRITIS|DOXIMITY_DOCSPOT|EFFICACY#STRUCTURE|Dr. Joint Only
TALTZ_PSORIATIC ARTHRITIS|DOXIMITY_DOCSPOT|EFFICACY#STRUCTURE|Dr. Domains
TALTZ_PSORIATIC ARTHRITIS|DOXIMITY_DOCSPOT|EFFICACY#STRUCTURE|APP
TALTZ_PSORIATIC ARTHRITIS|DOXIMITY_DOCSPOT|EFFICACY#STRUCTURE|NPP_NON_TARGET
TALTZ_PSORIATIC ARTHRITIS|DOXIMITY_DOCSPOT|EFFICACY#STRUCTURE|NA
TALTZ_PSORIATIC ARTHRITIS|DOXIMITY_DOCSPOT|EFFICACY#HEAD_TO_HEAD|Dr. Ease of Access
TALTZ_PSORIATIC ARTHRITIS|DOXIMITY_DOCSPOT|EFFICACY#HEAD_TO_HEAD|Dr. TNF
TALTZ_PSORIATIC ARTHRITIS|DOXIMITY_DOCSPOT|EFFICACY#HEAD_TO_HEAD|Dr. Joint Only
TALTZ_PSORIATIC ARTHRITIS|DOXIMITY_DOCSPOT|EFFICACY#HEAD_TO_HEAD|Dr. Domains
TALTZ_PSORIATIC ARTHRITIS|DOXIMITY_DOCSPOT|EFFICACY#HEAD_TO_HEAD|APP
TALTZ_PSORIATIC ARTHRITIS|DOXIMITY_DOCSPOT|EFFICACY#HEAD_TO_HEAD|NPP_NON_TARGET
TALTZ_PSORIATIC ARTHRITIS|DOXIMITY_DOCSPOT|EFFICACY#HEAD_TO_HEAD|NA
TALTZ_PSORIATIC ARTHRITIS|DOXIMITY_DOCSPOT|EFFICACY#ENTHESITIS_DACYLITIS|Dr. Ease of Access
TALTZ_PSORIATIC ARTHRITIS|DOXIMITY_DOCSPOT|EFFICACY#ENTHESITIS_DACYLITIS|Dr. TNF
TALTZ_PSORIATIC ARTHRITIS|DOXIMITY_DOCSPOT|EFFICACY#ENTHESITIS_DACYLITIS|Dr. Joint Only
TALTZ_PSORIATIC ARTHRITIS|DOXIMITY_DOCSPOT|EFFICACY#ENTHESITIS_DACYLITIS|Dr. Domains
TALTZ_PSORIATIC ARTHRITIS|DOXIMITY_DOCSPOT|EFFICACY#ENTHESITIS_DACYLITIS|APP
TALTZ_PSORIATIC ARTHRITIS|DOXIMITY_DOCSPOT|EFFICACY#ENTHESITIS_DACYLITIS|NPP_NON_TARGET
TALTZ_PSORIATIC ARTHRITIS|DOXIMITY_DOCSPOT|EFFICACY#ENTHESITIS_DACYLITIS|NA
TALTZ_PSORIATIC ARTHRITIS|DOXIMITY_DOCSPOT|EFFICACY#CORE|Dr. Ease of Access
TALTZ_PSORIATIC ARTHRITIS|DOXIMITY_DOCSPOT|EFFICACY#CORE|Dr. TNF
TALTZ_PSORIATIC ARTHRITIS|DOXIMITY_DOCSPOT|EFFICACY#CORE|Dr. Joint Only
TALTZ_PSORIATIC ARTHRITIS|DOXIMITY_DOCSPOT|EFFICACY#CORE|Dr. Domains
TALTZ_PSORIATIC ARTHRITIS|DOXIMITY_DOCSPOT|EFFICACY#CORE|APP
TALTZ_PSORIATIC ARTHRITIS|DOXIMITY_DOCSPOT|EFFICACY#CORE|NPP_NON_TARGET
TALTZ_PSORIATIC ARTHRITIS|DOXIMITY_DOCSPOT|EFFICACY#CORE|NA
TALTZ_PSORIATIC ARTHRITIS|DOXIMITY_DOCSPOT|EFFICACY#COMBINATION_THERAPY|Dr. Ease of Access
TALTZ_PSORIATIC ARTHRITIS|DOXIMITY_DOCSPOT|EFFICACY#COMBINATION_THERAPY|Dr. TNF
TALTZ_PSORIATIC ARTHRITIS|DOXIMITY_DOCSPOT|EFFICACY#COMBINATION_THERAPY|Dr. Joint Only
TALTZ_PSORIATIC ARTHRITIS|DOXIMITY_DOCSPOT|EFFICACY#COMBINATION_THERAPY|Dr. Domains
TALTZ_PSORIATIC ARTHRITIS|DOXIMITY_DOCSPOT|EFFICACY#COMBINATION_THERAPY|APP
TALTZ_PSORIATIC ARTHRITIS|DOXIMITY_DOCSPOT|EFFICACY#COMBINATION_THERAPY|NPP_NON_TARGET
TALTZ_PSORIATIC ARTHRITIS|DOXIMITY_DOCSPOT|EFFICACY#COMBINATION_THERAPY|NA
TALTZ_PSORIATIC ARTHRITIS|DOXIMITY_DOCSPOT|DEVICE|Dr. Ease of Access
TALTZ_PSORIATIC ARTHRITIS|DOXIMITY_DOCSPOT|DEVICE|Dr. TNF
TALTZ_PSORIATIC ARTHRITIS|DOXIMITY_DOCSPOT|DEVICE|Dr. Joint Only
TALTZ_PSORIATIC ARTHRITIS|DOXIMITY_DOCSPOT|DEVICE|Dr. Domains
TALTZ_PSORIATIC ARTHRITIS|DOXIMITY_DOCSPOT|DEVICE|APP
TALTZ_PSORIATIC ARTHRITIS|DOXIMITY_DOCSPOT|DEVICE|NPP_NON_TARGET
TALTZ_PSORIATIC ARTHRITIS|DOXIMITY_DOCSPOT|DEVICE|NA
TALTZ_PSORIATIC ARTHRITIS|DOXIMITY_DOCSPOT|SAFETY#SIDE_EFFECTS|Dr. Ease of Access
TALTZ_PSORIATIC ARTHRITIS|DOXIMITY_DOCSPOT|SAFETY#SIDE_EFFECTS|Dr. TNF
TALTZ_PSORIATIC ARTHRITIS|DOXIMITY_DOCSPOT|SAFETY#SIDE_EFFECTS|Dr. Joint Only
TALTZ_PSORIATIC ARTHRITIS|DOXIMITY_DOCSPOT|SAFETY#SIDE_EFFECTS|Dr. Domains
TALTZ_PSORIATIC ARTHRITIS|DOXIMITY_DOCSPOT|SAFETY#SIDE_EFFECTS|APP
TALTZ_PSORIATIC ARTHRITIS|DOXIMITY_DOCSPOT|SAFETY#SIDE_EFFECTS|NPP_NON_TARGET
TALTZ_PSORIATIC ARTHRITIS|DOXIMITY_DOCSPOT|SAFETY#SIDE_EFFECTS|NA
TALTZ_PSORIATIC ARTHRITIS|DOXIMITY_DOCSPOT|SAFETY#NR_AXSPA|Dr. Ease of Access
TALTZ_PSORIATIC ARTHRITIS|DOXIMITY_DOCSPOT|SAFETY#NR_AXSPA|Dr. TNF
TALTZ_PSORIATIC ARTHRITIS|DOXIMITY_DOCSPOT|SAFETY#NR_AXSPA|Dr. Joint Only
TALTZ_PSORIATIC ARTHRITIS|DOXIMITY_DOCSPOT|SAFETY#NR_AXSPA|Dr. Domains
TALTZ_PSORIATIC ARTHRITIS|DOXIMITY_DOCSPOT|SAFETY#NR_AXSPA|APP
TALTZ_PSORIATIC ARTHRITIS|DOXIMITY_DOCSPOT|SAFETY#NR_AXSPA|NPP_NON_TARGET
TALTZ_PSORIATIC ARTHRITIS|DOXIMITY_DOCSPOT|SAFETY#NR_AXSPA|NA
TALTZ_PSORIATIC ARTHRITIS|DOXIMITY_DOCSPOT|SAFETY#NA|Dr. Ease of Access
TALTZ_PSORIATIC ARTHRITIS|DOXIMITY_DOCSPOT|SAFETY#NA|Dr. TNF
TALTZ_PSORIATIC ARTHRITIS|DOXIMITY_DOCSPOT|SAFETY#NA|Dr. Joint Only
TALTZ_PSORIATIC ARTHRITIS|DOXIMITY_DOCSPOT|SAFETY#NA|Dr. Domains
TALTZ_PSORIATIC ARTHRITIS|DOXIMITY_DOCSPOT|SAFETY#NA|APP
TALTZ_PSORIATIC ARTHRITIS|DOXIMITY_DOCSPOT|SAFETY#NA|NPP_NON_TARGET
TALTZ_PSORIATIC ARTHRITIS|DOXIMITY_DOCSPOT|SAFETY#NA|NA
TALTZ_PSORIATIC ARTHRITIS|DOXIMITY_DOCSPOT|SAFETY#HEAD_TO_HEAD|Dr. Ease of Access
TALTZ_PSORIATIC ARTHRITIS|DOXIMITY_DOCSPOT|SAFETY#HEAD_TO_HEAD|Dr. TNF
TALTZ_PSORIATIC ARTHRITIS|DOXIMITY_DOCSPOT|SAFETY#HEAD_TO_HEAD|Dr. Joint Only
TALTZ_PSORIATIC ARTHRITIS|DOXIMITY_DOCSPOT|SAFETY#HEAD_TO_HEAD|Dr. Domains
TALTZ_PSORIATIC ARTHRITIS|DOXIMITY_DOCSPOT|SAFETY#HEAD_TO_HEAD|APP
TALTZ_PSORIATIC ARTHRITIS|DOXIMITY_DOCSPOT|SAFETY#HEAD_TO_HEAD|NPP_NON_TARGET
TALTZ_PSORIATIC ARTHRITIS|DOXIMITY_DOCSPOT|SAFETY#HEAD_TO_HEAD|NA
TALTZ_PSORIATIC ARTHRITIS|DOXIMITY_DOCSPOT|SAFETY#AS|Dr. Ease of Access
TALTZ_PSORIATIC ARTHRITIS|DOXIMITY_DOCSPOT|SAFETY#AS|Dr. TNF
TALTZ_PSORIATIC ARTHRITIS|DOXIMITY_DOCSPOT|SAFETY#AS|Dr. Joint Only
TALTZ_PSORIATIC ARTHRITIS|DOXIMITY_DOCSPOT|SAFETY#AS|Dr. Domains
TALTZ_PSORIATIC ARTHRITIS|DOXIMITY_DOCSPOT|SAFETY#AS|APP
TALTZ_PSORIATIC ARTHRITIS|DOXIMITY_DOCSPOT|SAFETY#AS|NPP_NON_TARGET
TALTZ_PSORIATIC ARTHRITIS|DOXIMITY_DOCSPOT|SAFETY#AS|NA
TALTZ_PSORIATIC ARTHRITIS|DOXIMITY_DOCSPOT|PATIENT_TYPE_IDENTIFICATION|Dr. Ease of Access
TALTZ_PSORIATIC ARTHRITIS|DOXIMITY_DOCSPOT|PATIENT_TYPE_IDENTIFICATION|Dr. TNF
TALTZ_PSORIATIC ARTHRITIS|DOXIMITY_DOCSPOT|PATIENT_TYPE_IDENTIFICATION|Dr. Joint Only
TALTZ_PSORIATIC ARTHRITIS|DOXIMITY_DOCSPOT|PATIENT_TYPE_IDENTIFICATION|Dr. Domains
TALTZ_PSORIATIC ARTHRITIS|DOXIMITY_DOCSPOT|PATIENT_TYPE_IDENTIFICATION|APP
TALTZ_PSORIATIC ARTHRITIS|DOXIMITY_DOCSPOT|PATIENT_TYPE_IDENTIFICATION|NPP_NON_TARGET
TALTZ_PSORIATIC ARTHRITIS|DOXIMITY_DOCSPOT|PATIENT_TYPE_IDENTIFICATION|NA
TALTZ_PSORIATIC ARTHRITIS|DOXIMITY_DOCSPOT|PATIENT_CUSTOMER_SUPPORT|Dr. Ease of Access
TALTZ_PSORIATIC ARTHRITIS|DOXIMITY_DOCSPOT|PATIENT_CUSTOMER_SUPPORT|Dr. TNF
TALTZ_PSORIATIC ARTHRITIS|DOXIMITY_DOCSPOT|PATIENT_CUSTOMER_SUPPORT|Dr. Joint Only
TALTZ_PSORIATIC ARTHRITIS|DOXIMITY_DOCSPOT|PATIENT_CUSTOMER_SUPPORT|Dr. Domains
TALTZ_PSORIATIC ARTHRITIS|DOXIMITY_DOCSPOT|PATIENT_CUSTOMER_SUPPORT|APP
TALTZ_PSORIATIC ARTHRITIS|DOXIMITY_DOCSPOT|PATIENT_CUSTOMER_SUPPORT|NPP_NON_TARGET
TALTZ_PSORIATIC ARTHRITIS|DOXIMITY_DOCSPOT|PATIENT_CUSTOMER_SUPPORT|NA
TALTZ_PSORIATIC ARTHRITIS|DOXIMITY_DOCSPOT|PATIENT_AFFORDABILITY|Dr. Ease of Access
TALTZ_PSORIATIC ARTHRITIS|DOXIMITY_DOCSPOT|PATIENT_AFFORDABILITY|Dr. TNF
TALTZ_PSORIATIC ARTHRITIS|DOXIMITY_DOCSPOT|PATIENT_AFFORDABILITY|Dr. Joint Only
TALTZ_PSORIATIC ARTHRITIS|DOXIMITY_DOCSPOT|PATIENT_AFFORDABILITY|Dr. Domains
TALTZ_PSORIATIC ARTHRITIS|DOXIMITY_DOCSPOT|PATIENT_AFFORDABILITY|APP
TALTZ_PSORIATIC ARTHRITIS|DOXIMITY_DOCSPOT|PATIENT_AFFORDABILITY|NPP_NON_TARGET
TALTZ_PSORIATIC ARTHRITIS|DOXIMITY_DOCSPOT|PATIENT_AFFORDABILITY|NA
TALTZ_PSORIATIC ARTHRITIS|DOXIMITY_DOCSPOT|MOA|Dr. Ease of Access
TALTZ_PSORIATIC ARTHRITIS|DOXIMITY_DOCSPOT|MOA|Dr. TNF
TALTZ_PSORIATIC ARTHRITIS|DOXIMITY_DOCSPOT|MOA|Dr. Joint Only
TALTZ_PSORIATIC ARTHRITIS|DOXIMITY_DOCSPOT|MOA|Dr. Domains
TALTZ_PSORIATIC ARTHRITIS|DOXIMITY_DOCSPOT|MOA|APP
TALTZ_PSORIATIC ARTHRITIS|DOXIMITY_DOCSPOT|MOA|NPP_NON_TARGET
TALTZ_PSORIATIC ARTHRITIS|DOXIMITY_DOCSPOT|MOA|NA
TALTZ_PSORIATIC ARTHRITIS|DOXIMITY_DOCSPOT|EFFICACY#SPINAL_PAIN_AND_STIFFNESS|Dr. Ease of Access
TALTZ_PSORIATIC ARTHRITIS|DOXIMITY_DOCSPOT|EFFICACY#SPINAL_PAIN_AND_STIFFNESS|Dr. TNF
TALTZ_PSORIATIC ARTHRITIS|DOXIMITY_DOCSPOT|EFFICACY#SPINAL_PAIN_AND_STIFFNESS|Dr. Joint Only
TALTZ_PSORIATIC ARTHRITIS|DOXIMITY_DOCSPOT|EFFICACY#SPINAL_PAIN_AND_STIFFNESS|Dr. Domains
TALTZ_PSORIATIC ARTHRITIS|DOXIMITY_DOCSPOT|EFFICACY#SPINAL_PAIN_AND_STIFFNESS|APP
TALTZ_PSORIATIC ARTHRITIS|DOXIMITY_DOCSPOT|EFFICACY#SPINAL_PAIN_AND_STIFFNESS|NPP_NON_TARGET
TALTZ_PSORIATIC ARTHRITIS|DOXIMITY_DOCSPOT|EFFICACY#SPINAL_PAIN_AND_STIFFNESS|NA
TALTZ_PSORIATIC ARTHRITIS|DOXIMITY_DOCSPOT|EFFICACY#SECONDARY|Dr. Ease of Access
TALTZ_PSORIATIC ARTHRITIS|DOXIMITY_DOCSPOT|EFFICACY#SECONDARY|Dr. TNF
TALTZ_PSORIATIC ARTHRITIS|DOXIMITY_DOCSPOT|EFFICACY#SECONDARY|Dr. Joint Only
TALTZ_PSORIATIC ARTHRITIS|DOXIMITY_DOCSPOT|EFFICACY#SECONDARY|Dr. Domains
TALTZ_PSORIATIC ARTHRITIS|DOXIMITY_DOCSPOT|EFFICACY#SECONDARY|APP
TALTZ_PSORIATIC ARTHRITIS|DOXIMITY_DOCSPOT|EFFICACY#SECONDARY|NPP_NON_TARGET
TALTZ_PSORIATIC ARTHRITIS|DOXIMITY_DOCSPOT|EFFICACY#SECONDARY|NA
TALTZ_PSORIATIC ARTHRITIS|DOXIMITY_DOCSPOT|EFFICACY#RAPID_ONSET|Dr. Ease of Access
TALTZ_PSORIATIC ARTHRITIS|DOXIMITY_DOCSPOT|EFFICACY#RAPID_ONSET|Dr. TNF
TALTZ_PSORIATIC ARTHRITIS|DOXIMITY_DOCSPOT|EFFICACY#RAPID_ONSET|Dr. Joint Only
TALTZ_PSORIATIC ARTHRITIS|DOXIMITY_DOCSPOT|EFFICACY#RAPID_ONSET|Dr. Domains
TALTZ_PSORIATIC ARTHRITIS|DOXIMITY_DOCSPOT|EFFICACY#RAPID_ONSET|APP
TALTZ_PSORIATIC ARTHRITIS|DOXIMITY_DOCSPOT|EFFICACY#RAPID_ONSET|NPP_NON_TARGET
TALTZ_PSORIATIC ARTHRITIS|DOXIMITY_DOCSPOT|EFFICACY#RAPID_ONSET|NA
TALTZ_PSORIATIC ARTHRITIS|DOXIMITY_DOCSPOT|EFFICACY#PSO_PEDS|Dr. Ease of Access
TALTZ_PSORIATIC ARTHRITIS|DOXIMITY_DOCSPOT|EFFICACY#PSO_PEDS|Dr. TNF
TALTZ_PSORIATIC ARTHRITIS|DOXIMITY_DOCSPOT|EFFICACY#PSO_PEDS|Dr. Joint Only
TALTZ_PSORIATIC ARTHRITIS|DOXIMITY_DOCSPOT|EFFICACY#PSO_PEDS|Dr. Domains
TALTZ_PSORIATIC ARTHRITIS|DOXIMITY_DOCSPOT|EFFICACY#PSO_PEDS|APP
TALTZ_PSORIATIC ARTHRITIS|DOXIMITY_DOCSPOT|EFFICACY#PSO_PEDS|NPP_NON_TARGET
TALTZ_PSORIATIC ARTHRITIS|DOXIMITY_DOCSPOT|EFFICACY#PSO_PEDS|NA
TALTZ_PSORIATIC ARTHRITIS|DOXIMITY_DOCSPOT|EFFICACY#NOW_APPROVED|Dr. Ease of Access
TALTZ_PSORIATIC ARTHRITIS|DOXIMITY_DOCSPOT|EFFICACY#NOW_APPROVED|Dr. TNF
TALTZ_PSORIATIC ARTHRITIS|DOXIMITY_DOCSPOT|EFFICACY#NOW_APPROVED|Dr. Joint Only
TALTZ_PSORIATIC ARTHRITIS|DOXIMITY_DOCSPOT|EFFICACY#NOW_APPROVED|Dr. Domains
TALTZ_PSORIATIC ARTHRITIS|DOXIMITY_DOCSPOT|EFFICACY#NOW_APPROVED|APP
TALTZ_PSORIATIC ARTHRITIS|DOXIMITY_DOCSPOT|EFFICACY#NOW_APPROVED|NPP_NON_TARGET
TALTZ_PSORIATIC ARTHRITIS|DOXIMITY_DOCSPOT|EFFICACY#NOW_APPROVED|NA
TALTZ_PSORIATIC ARTHRITIS|DOXIMITY_DOCSPOT|EFFICACY#NA|Dr. Ease of Access
TALTZ_PSORIATIC ARTHRITIS|DOXIMITY_DOCSPOT|EFFICACY#NA|Dr. TNF
TALTZ_PSORIATIC ARTHRITIS|DOXIMITY_DOCSPOT|EFFICACY#NA|Dr. Joint Only
TALTZ_PSORIATIC ARTHRITIS|DOXIMITY_DOCSPOT|EFFICACY#NA|Dr. Domains
TALTZ_PSORIATIC ARTHRITIS|DOXIMITY_DOCSPOT|EFFICACY#NA|APP
TALTZ_PSORIATIC ARTHRITIS|DOXIMITY_DOCSPOT|EFFICACY#NA|NPP_NON_TARGET
TALTZ_PSORIATIC ARTHRITIS|DOXIMITY_DOCSPOT|EFFICACY#NA|NA
TALTZ_PSORIATIC ARTHRITIS|DOXIMITY_DOCSPOT|EFFICACY#LONG_TERM|Dr. Ease of Access
TALTZ_PSORIATIC ARTHRITIS|DOXIMITY_DOCSPOT|EFFICACY#LONG_TERM|Dr. TNF
TALTZ_PSORIATIC ARTHRITIS|DOXIMITY_DOCSPOT|EFFICACY#LONG_TERM|Dr. Joint Only
TALTZ_PSORIATIC ARTHRITIS|DOXIMITY_DOCSPOT|EFFICACY#LONG_TERM|Dr. Domains
TALTZ_PSORIATIC ARTHRITIS|DOXIMITY_DOCSPOT|EFFICACY#LONG_TERM|APP
TALTZ_PSORIATIC ARTHRITIS|DOXIMITY_DOCSPOT|EFFICACY#LONG_TERM|NPP_NON_TARGET
TALTZ_PSORIATIC ARTHRITIS|DOXIMITY_DOCSPOT|EFFICACY#LONG_TERM|NA
TALTZ_PSORIATIC ARTHRITIS|DOXIMITY_DOCSPOT|EASE_OF_ADMINISTRATION|Dr. Ease of Access
TALTZ_PSORIATIC ARTHRITIS|DOXIMITY_DOCSPOT|EASE_OF_ADMINISTRATION|Dr. TNF
TALTZ_PSORIATIC ARTHRITIS|DOXIMITY_DOCSPOT|EASE_OF_ADMINISTRATION|Dr. Joint Only
TALTZ_PSORIATIC ARTHRITIS|DOXIMITY_DOCSPOT|EASE_OF_ADMINISTRATION|Dr. Domains
TALTZ_PSORIATIC ARTHRITIS|DOXIMITY_DOCSPOT|EASE_OF_ADMINISTRATION|APP
TALTZ_PSORIATIC ARTHRITIS|DOXIMITY_DOCSPOT|EASE_OF_ADMINISTRATION|NPP_NON_TARGET
TALTZ_PSORIATIC ARTHRITIS|DOXIMITY_DOCSPOT|EASE_OF_ADMINISTRATION|NA
TALTZ_PSORIATIC ARTHRITIS|DOXIMITY_DOCSPOT|DOSING|Dr. Ease of Access
TALTZ_PSORIATIC ARTHRITIS|DOXIMITY_DOCSPOT|DOSING|Dr. TNF
TALTZ_PSORIATIC ARTHRITIS|DOXIMITY_DOCSPOT|DOSING|Dr. Joint Only
TALTZ_PSORIATIC ARTHRITIS|DOXIMITY_DOCSPOT|DOSING|Dr. Domains
TALTZ_PSORIATIC ARTHRITIS|DOXIMITY_DOCSPOT|DOSING|APP
TALTZ_PSORIATIC ARTHRITIS|DOXIMITY_DOCSPOT|DOSING|NPP_NON_TARGET
TALTZ_PSORIATIC ARTHRITIS|DOXIMITY_DOCSPOT|DOSING|NA
TALTZ_PSORIATIC ARTHRITIS|DOXIMITY_DOCSPOT|DISEASE_STATE|Dr. Ease of Access
TALTZ_PSORIATIC ARTHRITIS|DOXIMITY_DOCSPOT|DISEASE_STATE|Dr. TNF
TALTZ_PSORIATIC ARTHRITIS|DOXIMITY_DOCSPOT|DISEASE_STATE|Dr. Joint Only
TALTZ_PSORIATIC ARTHRITIS|DOXIMITY_DOCSPOT|DISEASE_STATE|Dr. Domains
TALTZ_PSORIATIC ARTHRITIS|DOXIMITY_DOCSPOT|DISEASE_STATE|APP
TALTZ_PSORIATIC ARTHRITIS|DOXIMITY_DOCSPOT|DISEASE_STATE|NPP_NON_TARGET
TALTZ_PSORIATIC ARTHRITIS|DOXIMITY_DOCSPOT|DISEASE_STATE|NA
TALTZ_PSORIATIC ARTHRITIS|EDH_PROFLOW_RDMU|ACCESS_FORMULARY|Dr. Ease of Access
TALTZ_PSORIATIC ARTHRITIS|EDH_PROFLOW_RDMU|ACCESS_FORMULARY|Dr. TNF
TALTZ_PSORIATIC ARTHRITIS|EDH_PROFLOW_RDMU|ACCESS_FORMULARY|Dr. Joint Only
TALTZ_PSORIATIC ARTHRITIS|EDH_PROFLOW_RDMU|ACCESS_FORMULARY|Dr. Domains
TALTZ_PSORIATIC ARTHRITIS|EDH_PROFLOW_RDMU|ACCESS_FORMULARY|APP
TALTZ_PSORIATIC ARTHRITIS|EDH_PROFLOW_RDMU|ACCESS_FORMULARY|NPP_NON_TARGET
TALTZ_PSORIATIC ARTHRITIS|EDH_PROFLOW_RDMU|ACCESS_FORMULARY|NA
TALTZ_PSORIATIC ARTHRITIS|EDH_PROFLOW_RDMU|UNMET_NEED|Dr. Ease of Access
TALTZ_PSORIATIC ARTHRITIS|EDH_PROFLOW_RDMU|UNMET_NEED|Dr. TNF
TALTZ_PSORIATIC ARTHRITIS|EDH_PROFLOW_RDMU|UNMET_NEED|Dr. Joint Only
TALTZ_PSORIATIC ARTHRITIS|EDH_PROFLOW_RDMU|UNMET_NEED|Dr. Domains
TALTZ_PSORIATIC ARTHRITIS|EDH_PROFLOW_RDMU|UNMET_NEED|APP
TALTZ_PSORIATIC ARTHRITIS|EDH_PROFLOW_RDMU|UNMET_NEED|NPP_NON_TARGET
TALTZ_PSORIATIC ARTHRITIS|EDH_PROFLOW_RDMU|UNMET_NEED|NA
TALTZ_PSORIATIC ARTHRITIS|EDH_PROFLOW_RDMU|SAFETY#PSO_PEDS|Dr. Ease of Access
TALTZ_PSORIATIC ARTHRITIS|EDH_PROFLOW_RDMU|SAFETY#PSO_PEDS|Dr. TNF
TALTZ_PSORIATIC ARTHRITIS|EDH_PROFLOW_RDMU|SAFETY#PSO_PEDS|Dr. Joint Only
TALTZ_PSORIATIC ARTHRITIS|EDH_PROFLOW_RDMU|SAFETY#PSO_PEDS|Dr. Domains
TALTZ_PSORIATIC ARTHRITIS|EDH_PROFLOW_RDMU|SAFETY#PSO_PEDS|APP
TALTZ_PSORIATIC ARTHRITIS|EDH_PROFLOW_RDMU|SAFETY#PSO_PEDS|NPP_NON_TARGET
TALTZ_PSORIATIC ARTHRITIS|EDH_PROFLOW_RDMU|SAFETY#PSO_PEDS|NA
TALTZ_PSORIATIC ARTHRITIS|EDH_PROFLOW_RDMU|SAFETY#PSO_ADULTS|Dr. Ease of Access
TALTZ_PSORIATIC ARTHRITIS|EDH_PROFLOW_RDMU|SAFETY#PSO_ADULTS|Dr. TNF
TALTZ_PSORIATIC ARTHRITIS|EDH_PROFLOW_RDMU|SAFETY#PSO_ADULTS|Dr. Joint Only
TALTZ_PSORIATIC ARTHRITIS|EDH_PROFLOW_RDMU|SAFETY#PSO_ADULTS|Dr. Domains
TALTZ_PSORIATIC ARTHRITIS|EDH_PROFLOW_RDMU|SAFETY#PSO_ADULTS|APP
TALTZ_PSORIATIC ARTHRITIS|EDH_PROFLOW_RDMU|SAFETY#PSO_ADULTS|NPP_NON_TARGET
TALTZ_PSORIATIC ARTHRITIS|EDH_PROFLOW_RDMU|SAFETY#PSO_ADULTS|NA
TALTZ_PSORIATIC ARTHRITIS|EDH_PROFLOW_RDMU|SAFETY#PSA|Dr. Ease of Access
TALTZ_PSORIATIC ARTHRITIS|EDH_PROFLOW_RDMU|SAFETY#PSA|Dr. TNF
TALTZ_PSORIATIC ARTHRITIS|EDH_PROFLOW_RDMU|SAFETY#PSA|Dr. Joint Only
TALTZ_PSORIATIC ARTHRITIS|EDH_PROFLOW_RDMU|SAFETY#PSA|Dr. Domains
TALTZ_PSORIATIC ARTHRITIS|EDH_PROFLOW_RDMU|SAFETY#PSA|APP
TALTZ_PSORIATIC ARTHRITIS|EDH_PROFLOW_RDMU|SAFETY#PSA|NPP_NON_TARGET
TALTZ_PSORIATIC ARTHRITIS|EDH_PROFLOW_RDMU|SAFETY#PSA|NA
TALTZ_PSORIATIC ARTHRITIS|EDH_PROFLOW_RDMU|SAFETY#LONG_TERM|Dr. Ease of Access
TALTZ_PSORIATIC ARTHRITIS|EDH_PROFLOW_RDMU|SAFETY#LONG_TERM|Dr. TNF
TALTZ_PSORIATIC ARTHRITIS|EDH_PROFLOW_RDMU|SAFETY#LONG_TERM|Dr. Joint Only
TALTZ_PSORIATIC ARTHRITIS|EDH_PROFLOW_RDMU|SAFETY#LONG_TERM|Dr. Domains
TALTZ_PSORIATIC ARTHRITIS|EDH_PROFLOW_RDMU|SAFETY#LONG_TERM|APP
TALTZ_PSORIATIC ARTHRITIS|EDH_PROFLOW_RDMU|SAFETY#LONG_TERM|NPP_NON_TARGET
TALTZ_PSORIATIC ARTHRITIS|EDH_PROFLOW_RDMU|SAFETY#LONG_TERM|NA
TALTZ_PSORIATIC ARTHRITIS|EDH_PROFLOW_RDMU|INITIATION|Dr. Ease of Access
TALTZ_PSORIATIC ARTHRITIS|EDH_PROFLOW_RDMU|INITIATION|Dr. TNF
TALTZ_PSORIATIC ARTHRITIS|EDH_PROFLOW_RDMU|INITIATION|Dr. Joint Only
TALTZ_PSORIATIC ARTHRITIS|EDH_PROFLOW_RDMU|INITIATION|Dr. Domains
TALTZ_PSORIATIC ARTHRITIS|EDH_PROFLOW_RDMU|INITIATION|APP
TALTZ_PSORIATIC ARTHRITIS|EDH_PROFLOW_RDMU|INITIATION|NPP_NON_TARGET
TALTZ_PSORIATIC ARTHRITIS|EDH_PROFLOW_RDMU|INITIATION|NA
TALTZ_PSORIATIC ARTHRITIS|EDH_PROFLOW_RDMU|GENERAL|Dr. Ease of Access
TALTZ_PSORIATIC ARTHRITIS|EDH_PROFLOW_RDMU|GENERAL|Dr. TNF
TALTZ_PSORIATIC ARTHRITIS|EDH_PROFLOW_RDMU|GENERAL|Dr. Joint Only
TALTZ_PSORIATIC ARTHRITIS|EDH_PROFLOW_RDMU|GENERAL|Dr. Domains
TALTZ_PSORIATIC ARTHRITIS|EDH_PROFLOW_RDMU|GENERAL|APP
TALTZ_PSORIATIC ARTHRITIS|EDH_PROFLOW_RDMU|GENERAL|NPP_NON_TARGET
TALTZ_PSORIATIC ARTHRITIS|EDH_PROFLOW_RDMU|GENERAL|NA
TALTZ_PSORIATIC ARTHRITIS|EDH_PROFLOW_RDMU|EFFICACY#STRUCTURE|Dr. Ease of Access
TALTZ_PSORIATIC ARTHRITIS|EDH_PROFLOW_RDMU|EFFICACY#STRUCTURE|Dr. TNF
TALTZ_PSORIATIC ARTHRITIS|EDH_PROFLOW_RDMU|EFFICACY#STRUCTURE|Dr. Joint Only
TALTZ_PSORIATIC ARTHRITIS|EDH_PROFLOW_RDMU|EFFICACY#STRUCTURE|Dr. Domains
TALTZ_PSORIATIC ARTHRITIS|EDH_PROFLOW_RDMU|EFFICACY#STRUCTURE|APP
TALTZ_PSORIATIC ARTHRITIS|EDH_PROFLOW_RDMU|EFFICACY#STRUCTURE|NPP_NON_TARGET
TALTZ_PSORIATIC ARTHRITIS|EDH_PROFLOW_RDMU|EFFICACY#STRUCTURE|NA
TALTZ_PSORIATIC ARTHRITIS|EDH_PROFLOW_RDMU|EFFICACY#HEAD_TO_HEAD|Dr. Ease of Access
TALTZ_PSORIATIC ARTHRITIS|EDH_PROFLOW_RDMU|EFFICACY#HEAD_TO_HEAD|Dr. TNF
TALTZ_PSORIATIC ARTHRITIS|EDH_PROFLOW_RDMU|EFFICACY#HEAD_TO_HEAD|Dr. Joint Only
TALTZ_PSORIATIC ARTHRITIS|EDH_PROFLOW_RDMU|EFFICACY#HEAD_TO_HEAD|Dr. Domains
TALTZ_PSORIATIC ARTHRITIS|EDH_PROFLOW_RDMU|EFFICACY#HEAD_TO_HEAD|APP
TALTZ_PSORIATIC ARTHRITIS|EDH_PROFLOW_RDMU|EFFICACY#HEAD_TO_HEAD|NPP_NON_TARGET
TALTZ_PSORIATIC ARTHRITIS|EDH_PROFLOW_RDMU|EFFICACY#HEAD_TO_HEAD|NA
TALTZ_PSORIATIC ARTHRITIS|EDH_PROFLOW_RDMU|EFFICACY#ENTHESITIS_DACYLITIS|Dr. Ease of Access
TALTZ_PSORIATIC ARTHRITIS|EDH_PROFLOW_RDMU|EFFICACY#ENTHESITIS_DACYLITIS|Dr. TNF
TALTZ_PSORIATIC ARTHRITIS|EDH_PROFLOW_RDMU|EFFICACY#ENTHESITIS_DACYLITIS|Dr. Joint Only
TALTZ_PSORIATIC ARTHRITIS|EDH_PROFLOW_RDMU|EFFICACY#ENTHESITIS_DACYLITIS|Dr. Domains
TALTZ_PSORIATIC ARTHRITIS|EDH_PROFLOW_RDMU|EFFICACY#ENTHESITIS_DACYLITIS|APP
TALTZ_PSORIATIC ARTHRITIS|EDH_PROFLOW_RDMU|EFFICACY#ENTHESITIS_DACYLITIS|NPP_NON_TARGET
TALTZ_PSORIATIC ARTHRITIS|EDH_PROFLOW_RDMU|EFFICACY#ENTHESITIS_DACYLITIS|NA
TALTZ_PSORIATIC ARTHRITIS|EDH_PROFLOW_RDMU|EFFICACY#CORE|Dr. Ease of Access
TALTZ_PSORIATIC ARTHRITIS|EDH_PROFLOW_RDMU|EFFICACY#CORE|Dr. TNF
TALTZ_PSORIATIC ARTHRITIS|EDH_PROFLOW_RDMU|EFFICACY#CORE|Dr. Joint Only
TALTZ_PSORIATIC ARTHRITIS|EDH_PROFLOW_RDMU|EFFICACY#CORE|Dr. Domains
TALTZ_PSORIATIC ARTHRITIS|EDH_PROFLOW_RDMU|EFFICACY#CORE|APP
TALTZ_PSORIATIC ARTHRITIS|EDH_PROFLOW_RDMU|EFFICACY#CORE|NPP_NON_TARGET
TALTZ_PSORIATIC ARTHRITIS|EDH_PROFLOW_RDMU|EFFICACY#CORE|NA
TALTZ_PSORIATIC ARTHRITIS|EDH_PROFLOW_RDMU|EFFICACY#COMBINATION_THERAPY|Dr. Ease of Access
TALTZ_PSORIATIC ARTHRITIS|EDH_PROFLOW_RDMU|EFFICACY#COMBINATION_THERAPY|Dr. TNF
TALTZ_PSORIATIC ARTHRITIS|EDH_PROFLOW_RDMU|EFFICACY#COMBINATION_THERAPY|Dr. Joint Only
TALTZ_PSORIATIC ARTHRITIS|EDH_PROFLOW_RDMU|EFFICACY#COMBINATION_THERAPY|Dr. Domains
TALTZ_PSORIATIC ARTHRITIS|EDH_PROFLOW_RDMU|EFFICACY#COMBINATION_THERAPY|APP
TALTZ_PSORIATIC ARTHRITIS|EDH_PROFLOW_RDMU|EFFICACY#COMBINATION_THERAPY|NPP_NON_TARGET
TALTZ_PSORIATIC ARTHRITIS|EDH_PROFLOW_RDMU|EFFICACY#COMBINATION_THERAPY|NA
TALTZ_PSORIATIC ARTHRITIS|EDH_PROFLOW_RDMU|DEVICE|Dr. Ease of Access
TALTZ_PSORIATIC ARTHRITIS|EDH_PROFLOW_RDMU|DEVICE|Dr. TNF
TALTZ_PSORIATIC ARTHRITIS|EDH_PROFLOW_RDMU|DEVICE|Dr. Joint Only
TALTZ_PSORIATIC ARTHRITIS|EDH_PROFLOW_RDMU|DEVICE|Dr. Domains
TALTZ_PSORIATIC ARTHRITIS|EDH_PROFLOW_RDMU|DEVICE|APP
TALTZ_PSORIATIC ARTHRITIS|EDH_PROFLOW_RDMU|DEVICE|NPP_NON_TARGET
TALTZ_PSORIATIC ARTHRITIS|EDH_PROFLOW_RDMU|DEVICE|NA
TALTZ_PSORIATIC ARTHRITIS|EDH_PROFLOW_RDMU|SAFETY#SIDE_EFFECTS|Dr. Ease of Access
TALTZ_PSORIATIC ARTHRITIS|EDH_PROFLOW_RDMU|SAFETY#SIDE_EFFECTS|Dr. TNF
TALTZ_PSORIATIC ARTHRITIS|EDH_PROFLOW_RDMU|SAFETY#SIDE_EFFECTS|Dr. Joint Only
TALTZ_PSORIATIC ARTHRITIS|EDH_PROFLOW_RDMU|SAFETY#SIDE_EFFECTS|Dr. Domains
TALTZ_PSORIATIC ARTHRITIS|EDH_PROFLOW_RDMU|SAFETY#SIDE_EFFECTS|APP
TALTZ_PSORIATIC ARTHRITIS|EDH_PROFLOW_RDMU|SAFETY#SIDE_EFFECTS|NPP_NON_TARGET
TALTZ_PSORIATIC ARTHRITIS|EDH_PROFLOW_RDMU|SAFETY#SIDE_EFFECTS|NA
TALTZ_PSORIATIC ARTHRITIS|EDH_PROFLOW_RDMU|SAFETY#NR_AXSPA|Dr. Ease of Access
TALTZ_PSORIATIC ARTHRITIS|EDH_PROFLOW_RDMU|SAFETY#NR_AXSPA|Dr. TNF
TALTZ_PSORIATIC ARTHRITIS|EDH_PROFLOW_RDMU|SAFETY#NR_AXSPA|Dr. Joint Only
TALTZ_PSORIATIC ARTHRITIS|EDH_PROFLOW_RDMU|SAFETY#NR_AXSPA|Dr. Domains
TALTZ_PSORIATIC ARTHRITIS|EDH_PROFLOW_RDMU|SAFETY#NR_AXSPA|APP
TALTZ_PSORIATIC ARTHRITIS|EDH_PROFLOW_RDMU|SAFETY#NR_AXSPA|NPP_NON_TARGET
TALTZ_PSORIATIC ARTHRITIS|EDH_PROFLOW_RDMU|SAFETY#NR_AXSPA|NA
TALTZ_PSORIATIC ARTHRITIS|EDH_PROFLOW_RDMU|SAFETY#NA|Dr. Ease of Access
TALTZ_PSORIATIC ARTHRITIS|EDH_PROFLOW_RDMU|SAFETY#NA|Dr. TNF
TALTZ_PSORIATIC ARTHRITIS|EDH_PROFLOW_RDMU|SAFETY#NA|Dr. Joint Only
TALTZ_PSORIATIC ARTHRITIS|EDH_PROFLOW_RDMU|SAFETY#NA|Dr. Domains
TALTZ_PSORIATIC ARTHRITIS|EDH_PROFLOW_RDMU|SAFETY#NA|APP
TALTZ_PSORIATIC ARTHRITIS|EDH_PROFLOW_RDMU|SAFETY#NA|NPP_NON_TARGET
TALTZ_PSORIATIC ARTHRITIS|EDH_PROFLOW_RDMU|SAFETY#NA|NA
TALTZ_PSORIATIC ARTHRITIS|EDH_PROFLOW_RDMU|SAFETY#HEAD_TO_HEAD|Dr. Ease of Access
TALTZ_PSORIATIC ARTHRITIS|EDH_PROFLOW_RDMU|SAFETY#HEAD_TO_HEAD|Dr. TNF
TALTZ_PSORIATIC ARTHRITIS|EDH_PROFLOW_RDMU|SAFETY#HEAD_TO_HEAD|Dr. Joint Only
TALTZ_PSORIATIC ARTHRITIS|EDH_PROFLOW_RDMU|SAFETY#HEAD_TO_HEAD|Dr. Domains
TALTZ_PSORIATIC ARTHRITIS|EDH_PROFLOW_RDMU|SAFETY#HEAD_TO_HEAD|APP
TALTZ_PSORIATIC ARTHRITIS|EDH_PROFLOW_RDMU|SAFETY#HEAD_TO_HEAD|NPP_NON_TARGET
TALTZ_PSORIATIC ARTHRITIS|EDH_PROFLOW_RDMU|SAFETY#HEAD_TO_HEAD|NA
TALTZ_PSORIATIC ARTHRITIS|EDH_PROFLOW_RDMU|SAFETY#AS|Dr. Ease of Access
TALTZ_PSORIATIC ARTHRITIS|EDH_PROFLOW_RDMU|SAFETY#AS|Dr. TNF
TALTZ_PSORIATIC ARTHRITIS|EDH_PROFLOW_RDMU|SAFETY#AS|Dr. Joint Only
TALTZ_PSORIATIC ARTHRITIS|EDH_PROFLOW_RDMU|SAFETY#AS|Dr. Domains
TALTZ_PSORIATIC ARTHRITIS|EDH_PROFLOW_RDMU|SAFETY#AS|APP
TALTZ_PSORIATIC ARTHRITIS|EDH_PROFLOW_RDMU|SAFETY#AS|NPP_NON_TARGET
TALTZ_PSORIATIC ARTHRITIS|EDH_PROFLOW_RDMU|SAFETY#AS|NA
TALTZ_PSORIATIC ARTHRITIS|EDH_PROFLOW_RDMU|PATIENT_TYPE_IDENTIFICATION|Dr. Ease of Access
TALTZ_PSORIATIC ARTHRITIS|EDH_PROFLOW_RDMU|PATIENT_TYPE_IDENTIFICATION|Dr. TNF
TALTZ_PSORIATIC ARTHRITIS|EDH_PROFLOW_RDMU|PATIENT_TYPE_IDENTIFICATION|Dr. Joint Only
TALTZ_PSORIATIC ARTHRITIS|EDH_PROFLOW_RDMU|PATIENT_TYPE_IDENTIFICATION|Dr. Domains
TALTZ_PSORIATIC ARTHRITIS|EDH_PROFLOW_RDMU|PATIENT_TYPE_IDENTIFICATION|APP
TALTZ_PSORIATIC ARTHRITIS|EDH_PROFLOW_RDMU|PATIENT_TYPE_IDENTIFICATION|NPP_NON_TARGET
TALTZ_PSORIATIC ARTHRITIS|EDH_PROFLOW_RDMU|PATIENT_TYPE_IDENTIFICATION|NA
TALTZ_PSORIATIC ARTHRITIS|EDH_PROFLOW_RDMU|PATIENT_CUSTOMER_SUPPORT|Dr. Ease of Access
TALTZ_PSORIATIC ARTHRITIS|EDH_PROFLOW_RDMU|PATIENT_CUSTOMER_SUPPORT|Dr. TNF
TALTZ_PSORIATIC ARTHRITIS|EDH_PROFLOW_RDMU|PATIENT_CUSTOMER_SUPPORT|Dr. Joint Only
TALTZ_PSORIATIC ARTHRITIS|EDH_PROFLOW_RDMU|PATIENT_CUSTOMER_SUPPORT|Dr. Domains
TALTZ_PSORIATIC ARTHRITIS|EDH_PROFLOW_RDMU|PATIENT_CUSTOMER_SUPPORT|APP
TALTZ_PSORIATIC ARTHRITIS|EDH_PROFLOW_RDMU|PATIENT_CUSTOMER_SUPPORT|NPP_NON_TARGET
TALTZ_PSORIATIC ARTHRITIS|EDH_PROFLOW_RDMU|PATIENT_CUSTOMER_SUPPORT|NA
TALTZ_PSORIATIC ARTHRITIS|EDH_PROFLOW_RDMU|PATIENT_AFFORDABILITY|Dr. Ease of Access
TALTZ_PSORIATIC ARTHRITIS|EDH_PROFLOW_RDMU|PATIENT_AFFORDABILITY|Dr. TNF
TALTZ_PSORIATIC ARTHRITIS|EDH_PROFLOW_RDMU|PATIENT_AFFORDABILITY|Dr. Joint Only
TALTZ_PSORIATIC ARTHRITIS|EDH_PROFLOW_RDMU|PATIENT_AFFORDABILITY|Dr. Domains
TALTZ_PSORIATIC ARTHRITIS|EDH_PROFLOW_RDMU|PATIENT_AFFORDABILITY|APP
TALTZ_PSORIATIC ARTHRITIS|EDH_PROFLOW_RDMU|PATIENT_AFFORDABILITY|NPP_NON_TARGET
TALTZ_PSORIATIC ARTHRITIS|EDH_PROFLOW_RDMU|PATIENT_AFFORDABILITY|NA
TALTZ_PSORIATIC ARTHRITIS|EDH_PROFLOW_RDMU|MOA|Dr. Ease of Access
TALTZ_PSORIATIC ARTHRITIS|EDH_PROFLOW_RDMU|MOA|Dr. TNF
TALTZ_PSORIATIC ARTHRITIS|EDH_PROFLOW_RDMU|MOA|Dr. Joint Only
TALTZ_PSORIATIC ARTHRITIS|EDH_PROFLOW_RDMU|MOA|Dr. Domains
TALTZ_PSORIATIC ARTHRITIS|EDH_PROFLOW_RDMU|MOA|APP
TALTZ_PSORIATIC ARTHRITIS|EDH_PROFLOW_RDMU|MOA|NPP_NON_TARGET
TALTZ_PSORIATIC ARTHRITIS|EDH_PROFLOW_RDMU|MOA|NA
TALTZ_PSORIATIC ARTHRITIS|EDH_PROFLOW_RDMU|EFFICACY#SPINAL_PAIN_AND_STIFFNESS|Dr. Ease of Access
TALTZ_PSORIATIC ARTHRITIS|EDH_PROFLOW_RDMU|EFFICACY#SPINAL_PAIN_AND_STIFFNESS|Dr. TNF
TALTZ_PSORIATIC ARTHRITIS|EDH_PROFLOW_RDMU|EFFICACY#SPINAL_PAIN_AND_STIFFNESS|Dr. Joint Only
TALTZ_PSORIATIC ARTHRITIS|EDH_PROFLOW_RDMU|EFFICACY#SPINAL_PAIN_AND_STIFFNESS|Dr. Domains
TALTZ_PSORIATIC ARTHRITIS|EDH_PROFLOW_RDMU|EFFICACY#SPINAL_PAIN_AND_STIFFNESS|APP
TALTZ_PSORIATIC ARTHRITIS|EDH_PROFLOW_RDMU|EFFICACY#SPINAL_PAIN_AND_STIFFNESS|NPP_NON_TARGET
TALTZ_PSORIATIC ARTHRITIS|EDH_PROFLOW_RDMU|EFFICACY#SPINAL_PAIN_AND_STIFFNESS|NA
TALTZ_PSORIATIC ARTHRITIS|EDH_PROFLOW_RDMU|EFFICACY#SECONDARY|Dr. Ease of Access
TALTZ_PSORIATIC ARTHRITIS|EDH_PROFLOW_RDMU|EFFICACY#SECONDARY|Dr. TNF
TALTZ_PSORIATIC ARTHRITIS|EDH_PROFLOW_RDMU|EFFICACY#SECONDARY|Dr. Joint Only
TALTZ_PSORIATIC ARTHRITIS|EDH_PROFLOW_RDMU|EFFICACY#SECONDARY|Dr. Domains
TALTZ_PSORIATIC ARTHRITIS|EDH_PROFLOW_RDMU|EFFICACY#SECONDARY|APP
TALTZ_PSORIATIC ARTHRITIS|EDH_PROFLOW_RDMU|EFFICACY#SECONDARY|NPP_NON_TARGET
TALTZ_PSORIATIC ARTHRITIS|EDH_PROFLOW_RDMU|EFFICACY#SECONDARY|NA
TALTZ_PSORIATIC ARTHRITIS|EDH_PROFLOW_RDMU|EFFICACY#RAPID_ONSET|Dr. Ease of Access
TALTZ_PSORIATIC ARTHRITIS|EDH_PROFLOW_RDMU|EFFICACY#RAPID_ONSET|Dr. TNF
TALTZ_PSORIATIC ARTHRITIS|EDH_PROFLOW_RDMU|EFFICACY#RAPID_ONSET|Dr. Joint Only
TALTZ_PSORIATIC ARTHRITIS|EDH_PROFLOW_RDMU|EFFICACY#RAPID_ONSET|Dr. Domains
TALTZ_PSORIATIC ARTHRITIS|EDH_PROFLOW_RDMU|EFFICACY#RAPID_ONSET|APP
TALTZ_PSORIATIC ARTHRITIS|EDH_PROFLOW_RDMU|EFFICACY#RAPID_ONSET|NPP_NON_TARGET
TALTZ_PSORIATIC ARTHRITIS|EDH_PROFLOW_RDMU|EFFICACY#RAPID_ONSET|NA
TALTZ_PSORIATIC ARTHRITIS|EDH_PROFLOW_RDMU|EFFICACY#PSO_PEDS|Dr. Ease of Access
TALTZ_PSORIATIC ARTHRITIS|EDH_PROFLOW_RDMU|EFFICACY#PSO_PEDS|Dr. TNF
TALTZ_PSORIATIC ARTHRITIS|EDH_PROFLOW_RDMU|EFFICACY#PSO_PEDS|Dr. Joint Only
TALTZ_PSORIATIC ARTHRITIS|EDH_PROFLOW_RDMU|EFFICACY#PSO_PEDS|Dr. Domains
TALTZ_PSORIATIC ARTHRITIS|EDH_PROFLOW_RDMU|EFFICACY#PSO_PEDS|APP
TALTZ_PSORIATIC ARTHRITIS|EDH_PROFLOW_RDMU|EFFICACY#PSO_PEDS|NPP_NON_TARGET
TALTZ_PSORIATIC ARTHRITIS|EDH_PROFLOW_RDMU|EFFICACY#PSO_PEDS|NA
TALTZ_PSORIATIC ARTHRITIS|EDH_PROFLOW_RDMU|EFFICACY#NOW_APPROVED|Dr. Ease of Access
TALTZ_PSORIATIC ARTHRITIS|EDH_PROFLOW_RDMU|EFFICACY#NOW_APPROVED|Dr. TNF
TALTZ_PSORIATIC ARTHRITIS|EDH_PROFLOW_RDMU|EFFICACY#NOW_APPROVED|Dr. Joint Only
TALTZ_PSORIATIC ARTHRITIS|EDH_PROFLOW_RDMU|EFFICACY#NOW_APPROVED|Dr. Domains
TALTZ_PSORIATIC ARTHRITIS|EDH_PROFLOW_RDMU|EFFICACY#NOW_APPROVED|APP
TALTZ_PSORIATIC ARTHRITIS|EDH_PROFLOW_RDMU|EFFICACY#NOW_APPROVED|NPP_NON_TARGET
TALTZ_PSORIATIC ARTHRITIS|EDH_PROFLOW_RDMU|EFFICACY#NOW_APPROVED|NA
TALTZ_PSORIATIC ARTHRITIS|EDH_PROFLOW_RDMU|EFFICACY#NA|Dr. Ease of Access
TALTZ_PSORIATIC ARTHRITIS|EDH_PROFLOW_RDMU|EFFICACY#NA|Dr. TNF
TALTZ_PSORIATIC ARTHRITIS|EDH_PROFLOW_RDMU|EFFICACY#NA|Dr. Joint Only
TALTZ_PSORIATIC ARTHRITIS|EDH_PROFLOW_RDMU|EFFICACY#NA|Dr. Domains
TALTZ_PSORIATIC ARTHRITIS|EDH_PROFLOW_RDMU|EFFICACY#NA|APP
TALTZ_PSORIATIC ARTHRITIS|EDH_PROFLOW_RDMU|EFFICACY#NA|NPP_NON_TARGET
TALTZ_PSORIATIC ARTHRITIS|EDH_PROFLOW_RDMU|EFFICACY#NA|NA
TALTZ_PSORIATIC ARTHRITIS|EDH_PROFLOW_RDMU|EFFICACY#LONG_TERM|Dr. Ease of Access
TALTZ_PSORIATIC ARTHRITIS|EDH_PROFLOW_RDMU|EFFICACY#LONG_TERM|Dr. TNF
TALTZ_PSORIATIC ARTHRITIS|EDH_PROFLOW_RDMU|EFFICACY#LONG_TERM|Dr. Joint Only
TALTZ_PSORIATIC ARTHRITIS|EDH_PROFLOW_RDMU|EFFICACY#LONG_TERM|Dr. Domains
TALTZ_PSORIATIC ARTHRITIS|EDH_PROFLOW_RDMU|EFFICACY#LONG_TERM|APP
TALTZ_PSORIATIC ARTHRITIS|EDH_PROFLOW_RDMU|EFFICACY#LONG_TERM|NPP_NON_TARGET
TALTZ_PSORIATIC ARTHRITIS|EDH_PROFLOW_RDMU|EFFICACY#LONG_TERM|NA
TALTZ_PSORIATIC ARTHRITIS|EDH_PROFLOW_RDMU|EASE_OF_ADMINISTRATION|Dr. Ease of Access
TALTZ_PSORIATIC ARTHRITIS|EDH_PROFLOW_RDMU|EASE_OF_ADMINISTRATION|Dr. TNF
TALTZ_PSORIATIC ARTHRITIS|EDH_PROFLOW_RDMU|EASE_OF_ADMINISTRATION|Dr. Joint Only
TALTZ_PSORIATIC ARTHRITIS|EDH_PROFLOW_RDMU|EASE_OF_ADMINISTRATION|Dr. Domains
TALTZ_PSORIATIC ARTHRITIS|EDH_PROFLOW_RDMU|EASE_OF_ADMINISTRATION|APP
TALTZ_PSORIATIC ARTHRITIS|EDH_PROFLOW_RDMU|EASE_OF_ADMINISTRATION|NPP_NON_TARGET
TALTZ_PSORIATIC ARTHRITIS|EDH_PROFLOW_RDMU|EASE_OF_ADMINISTRATION|NA
TALTZ_PSORIATIC ARTHRITIS|EDH_PROFLOW_RDMU|DOSING|Dr. Ease of Access
TALTZ_PSORIATIC ARTHRITIS|EDH_PROFLOW_RDMU|DOSING|Dr. TNF
TALTZ_PSORIATIC ARTHRITIS|EDH_PROFLOW_RDMU|DOSING|Dr. Joint Only
TALTZ_PSORIATIC ARTHRITIS|EDH_PROFLOW_RDMU|DOSING|Dr. Domains
TALTZ_PSORIATIC ARTHRITIS|EDH_PROFLOW_RDMU|DOSING|APP
TALTZ_PSORIATIC ARTHRITIS|EDH_PROFLOW_RDMU|DOSING|NPP_NON_TARGET
TALTZ_PSORIATIC ARTHRITIS|EDH_PROFLOW_RDMU|DOSING|NA
TALTZ_PSORIATIC ARTHRITIS|EDH_PROFLOW_RDMU|DISEASE_STATE|Dr. Ease of Access
TALTZ_PSORIATIC ARTHRITIS|EDH_PROFLOW_RDMU|DISEASE_STATE|Dr. TNF
TALTZ_PSORIATIC ARTHRITIS|EDH_PROFLOW_RDMU|DISEASE_STATE|Dr. Joint Only
TALTZ_PSORIATIC ARTHRITIS|EDH_PROFLOW_RDMU|DISEASE_STATE|Dr. Domains
TALTZ_PSORIATIC ARTHRITIS|EDH_PROFLOW_RDMU|DISEASE_STATE|APP
TALTZ_PSORIATIC ARTHRITIS|EDH_PROFLOW_RDMU|DISEASE_STATE|NPP_NON_TARGET
TALTZ_PSORIATIC ARTHRITIS|EDH_PROFLOW_RDMU|DISEASE_STATE|NA
TALTZ_PSORIATIC ARTHRITIS|EPOCRATES_ALERT|ACCESS_FORMULARY|Dr. Ease of Access
TALTZ_PSORIATIC ARTHRITIS|EPOCRATES_ALERT|ACCESS_FORMULARY|Dr. TNF
TALTZ_PSORIATIC ARTHRITIS|EPOCRATES_ALERT|ACCESS_FORMULARY|Dr. Joint Only
TALTZ_PSORIATIC ARTHRITIS|EPOCRATES_ALERT|ACCESS_FORMULARY|Dr. Domains
TALTZ_PSORIATIC ARTHRITIS|EPOCRATES_ALERT|ACCESS_FORMULARY|APP
TALTZ_PSORIATIC ARTHRITIS|EPOCRATES_ALERT|ACCESS_FORMULARY|NPP_NON_TARGET
TALTZ_PSORIATIC ARTHRITIS|EPOCRATES_ALERT|ACCESS_FORMULARY|NA
TALTZ_PSORIATIC ARTHRITIS|EPOCRATES_ALERT|UNMET_NEED|Dr. Ease of Access
TALTZ_PSORIATIC ARTHRITIS|EPOCRATES_ALERT|UNMET_NEED|Dr. TNF
TALTZ_PSORIATIC ARTHRITIS|EPOCRATES_ALERT|UNMET_NEED|Dr. Joint Only
TALTZ_PSORIATIC ARTHRITIS|EPOCRATES_ALERT|UNMET_NEED|Dr. Domains
TALTZ_PSORIATIC ARTHRITIS|EPOCRATES_ALERT|UNMET_NEED|APP
TALTZ_PSORIATIC ARTHRITIS|EPOCRATES_ALERT|UNMET_NEED|NPP_NON_TARGET
TALTZ_PSORIATIC ARTHRITIS|EPOCRATES_ALERT|UNMET_NEED|NA
TALTZ_PSORIATIC ARTHRITIS|EPOCRATES_ALERT|SAFETY#PSO_PEDS|Dr. Ease of Access
TALTZ_PSORIATIC ARTHRITIS|EPOCRATES_ALERT|SAFETY#PSO_PEDS|Dr. TNF
TALTZ_PSORIATIC ARTHRITIS|EPOCRATES_ALERT|SAFETY#PSO_PEDS|Dr. Joint Only
TALTZ_PSORIATIC ARTHRITIS|EPOCRATES_ALERT|SAFETY#PSO_PEDS|Dr. Domains
TALTZ_PSORIATIC ARTHRITIS|EPOCRATES_ALERT|SAFETY#PSO_PEDS|APP
TALTZ_PSORIATIC ARTHRITIS|EPOCRATES_ALERT|SAFETY#PSO_PEDS|NPP_NON_TARGET
TALTZ_PSORIATIC ARTHRITIS|EPOCRATES_ALERT|SAFETY#PSO_PEDS|NA
TALTZ_PSORIATIC ARTHRITIS|EPOCRATES_ALERT|SAFETY#PSO_ADULTS|Dr. Ease of Access
TALTZ_PSORIATIC ARTHRITIS|EPOCRATES_ALERT|SAFETY#PSO_ADULTS|Dr. TNF
TALTZ_PSORIATIC ARTHRITIS|EPOCRATES_ALERT|SAFETY#PSO_ADULTS|Dr. Joint Only
TALTZ_PSORIATIC ARTHRITIS|EPOCRATES_ALERT|SAFETY#PSO_ADULTS|Dr. Domains
TALTZ_PSORIATIC ARTHRITIS|EPOCRATES_ALERT|SAFETY#PSO_ADULTS|APP
TALTZ_PSORIATIC ARTHRITIS|EPOCRATES_ALERT|SAFETY#PSO_ADULTS|NPP_NON_TARGET
TALTZ_PSORIATIC ARTHRITIS|EPOCRATES_ALERT|SAFETY#PSO_ADULTS|NA
TALTZ_PSORIATIC ARTHRITIS|EPOCRATES_ALERT|SAFETY#PSA|Dr. Ease of Access
TALTZ_PSORIATIC ARTHRITIS|EPOCRATES_ALERT|SAFETY#PSA|Dr. TNF
TALTZ_PSORIATIC ARTHRITIS|EPOCRATES_ALERT|SAFETY#PSA|Dr. Joint Only
TALTZ_PSORIATIC ARTHRITIS|EPOCRATES_ALERT|SAFETY#PSA|Dr. Domains
TALTZ_PSORIATIC ARTHRITIS|EPOCRATES_ALERT|SAFETY#PSA|APP
TALTZ_PSORIATIC ARTHRITIS|EPOCRATES_ALERT|SAFETY#PSA|NPP_NON_TARGET
TALTZ_PSORIATIC ARTHRITIS|EPOCRATES_ALERT|SAFETY#PSA|NA
TALTZ_PSORIATIC ARTHRITIS|EPOCRATES_ALERT|SAFETY#LONG_TERM|Dr. Ease of Access
TALTZ_PSORIATIC ARTHRITIS|EPOCRATES_ALERT|SAFETY#LONG_TERM|Dr. TNF
TALTZ_PSORIATIC ARTHRITIS|EPOCRATES_ALERT|SAFETY#LONG_TERM|Dr. Joint Only
TALTZ_PSORIATIC ARTHRITIS|EPOCRATES_ALERT|SAFETY#LONG_TERM|Dr. Domains
TALTZ_PSORIATIC ARTHRITIS|EPOCRATES_ALERT|SAFETY#LONG_TERM|APP
TALTZ_PSORIATIC ARTHRITIS|EPOCRATES_ALERT|SAFETY#LONG_TERM|NPP_NON_TARGET
TALTZ_PSORIATIC ARTHRITIS|EPOCRATES_ALERT|SAFETY#LONG_TERM|NA
TALTZ_PSORIATIC ARTHRITIS|EPOCRATES_ALERT|INITIATION|Dr. Ease of Access
TALTZ_PSORIATIC ARTHRITIS|EPOCRATES_ALERT|INITIATION|Dr. TNF
TALTZ_PSORIATIC ARTHRITIS|EPOCRATES_ALERT|INITIATION|Dr. Joint Only
TALTZ_PSORIATIC ARTHRITIS|EPOCRATES_ALERT|INITIATION|Dr. Domains
TALTZ_PSORIATIC ARTHRITIS|EPOCRATES_ALERT|INITIATION|APP
TALTZ_PSORIATIC ARTHRITIS|EPOCRATES_ALERT|INITIATION|NPP_NON_TARGET
TALTZ_PSORIATIC ARTHRITIS|EPOCRATES_ALERT|INITIATION|NA
TALTZ_PSORIATIC ARTHRITIS|EPOCRATES_ALERT|GENERAL|Dr. Ease of Access
TALTZ_PSORIATIC ARTHRITIS|EPOCRATES_ALERT|GENERAL|Dr. TNF
TALTZ_PSORIATIC ARTHRITIS|EPOCRATES_ALERT|GENERAL|Dr. Joint Only
TALTZ_PSORIATIC ARTHRITIS|EPOCRATES_ALERT|GENERAL|Dr. Domains
TALTZ_PSORIATIC ARTHRITIS|EPOCRATES_ALERT|GENERAL|APP
TALTZ_PSORIATIC ARTHRITIS|EPOCRATES_ALERT|GENERAL|NPP_NON_TARGET
TALTZ_PSORIATIC ARTHRITIS|EPOCRATES_ALERT|GENERAL|NA
TALTZ_PSORIATIC ARTHRITIS|EPOCRATES_ALERT|EFFICACY#STRUCTURE|Dr. Ease of Access
TALTZ_PSORIATIC ARTHRITIS|EPOCRATES_ALERT|EFFICACY#STRUCTURE|Dr. TNF
TALTZ_PSORIATIC ARTHRITIS|EPOCRATES_ALERT|EFFICACY#STRUCTURE|Dr. Joint Only
TALTZ_PSORIATIC ARTHRITIS|EPOCRATES_ALERT|EFFICACY#STRUCTURE|Dr. Domains
TALTZ_PSORIATIC ARTHRITIS|EPOCRATES_ALERT|EFFICACY#STRUCTURE|APP
TALTZ_PSORIATIC ARTHRITIS|EPOCRATES_ALERT|EFFICACY#STRUCTURE|NPP_NON_TARGET
TALTZ_PSORIATIC ARTHRITIS|EPOCRATES_ALERT|EFFICACY#STRUCTURE|NA
TALTZ_PSORIATIC ARTHRITIS|EPOCRATES_ALERT|EFFICACY#HEAD_TO_HEAD|Dr. Ease of Access
TALTZ_PSORIATIC ARTHRITIS|EPOCRATES_ALERT|EFFICACY#HEAD_TO_HEAD|Dr. TNF
TALTZ_PSORIATIC ARTHRITIS|EPOCRATES_ALERT|EFFICACY#HEAD_TO_HEAD|Dr. Joint Only
TALTZ_PSORIATIC ARTHRITIS|EPOCRATES_ALERT|EFFICACY#HEAD_TO_HEAD|Dr. Domains
TALTZ_PSORIATIC ARTHRITIS|EPOCRATES_ALERT|EFFICACY#HEAD_TO_HEAD|APP
TALTZ_PSORIATIC ARTHRITIS|EPOCRATES_ALERT|EFFICACY#HEAD_TO_HEAD|NPP_NON_TARGET
TALTZ_PSORIATIC ARTHRITIS|EPOCRATES_ALERT|EFFICACY#HEAD_TO_HEAD|NA
TALTZ_PSORIATIC ARTHRITIS|EPOCRATES_ALERT|EFFICACY#ENTHESITIS_DACYLITIS|Dr. Ease of Access
TALTZ_PSORIATIC ARTHRITIS|EPOCRATES_ALERT|EFFICACY#ENTHESITIS_DACYLITIS|Dr. TNF
TALTZ_PSORIATIC ARTHRITIS|EPOCRATES_ALERT|EFFICACY#ENTHESITIS_DACYLITIS|Dr. Joint Only
TALTZ_PSORIATIC ARTHRITIS|EPOCRATES_ALERT|EFFICACY#ENTHESITIS_DACYLITIS|Dr. Domains
TALTZ_PSORIATIC ARTHRITIS|EPOCRATES_ALERT|EFFICACY#ENTHESITIS_DACYLITIS|APP
TALTZ_PSORIATIC ARTHRITIS|EPOCRATES_ALERT|EFFICACY#ENTHESITIS_DACYLITIS|NPP_NON_TARGET
TALTZ_PSORIATIC ARTHRITIS|EPOCRATES_ALERT|EFFICACY#ENTHESITIS_DACYLITIS|NA
TALTZ_PSORIATIC ARTHRITIS|EPOCRATES_ALERT|EFFICACY#CORE|Dr. Ease of Access
TALTZ_PSORIATIC ARTHRITIS|EPOCRATES_ALERT|EFFICACY#CORE|Dr. TNF
TALTZ_PSORIATIC ARTHRITIS|EPOCRATES_ALERT|EFFICACY#CORE|Dr. Joint Only
TALTZ_PSORIATIC ARTHRITIS|EPOCRATES_ALERT|EFFICACY#CORE|Dr. Domains
TALTZ_PSORIATIC ARTHRITIS|EPOCRATES_ALERT|EFFICACY#CORE|APP
TALTZ_PSORIATIC ARTHRITIS|EPOCRATES_ALERT|EFFICACY#CORE|NPP_NON_TARGET
TALTZ_PSORIATIC ARTHRITIS|EPOCRATES_ALERT|EFFICACY#CORE|NA
TALTZ_PSORIATIC ARTHRITIS|EPOCRATES_ALERT|EFFICACY#COMBINATION_THERAPY|Dr. Ease of Access
TALTZ_PSORIATIC ARTHRITIS|EPOCRATES_ALERT|EFFICACY#COMBINATION_THERAPY|Dr. TNF
TALTZ_PSORIATIC ARTHRITIS|EPOCRATES_ALERT|EFFICACY#COMBINATION_THERAPY|Dr. Joint Only
TALTZ_PSORIATIC ARTHRITIS|EPOCRATES_ALERT|EFFICACY#COMBINATION_THERAPY|Dr. Domains
TALTZ_PSORIATIC ARTHRITIS|EPOCRATES_ALERT|EFFICACY#COMBINATION_THERAPY|APP
TALTZ_PSORIATIC ARTHRITIS|EPOCRATES_ALERT|EFFICACY#COMBINATION_THERAPY|NPP_NON_TARGET
TALTZ_PSORIATIC ARTHRITIS|EPOCRATES_ALERT|EFFICACY#COMBINATION_THERAPY|NA
TALTZ_PSORIATIC ARTHRITIS|EPOCRATES_ALERT|DEVICE|Dr. Ease of Access
TALTZ_PSORIATIC ARTHRITIS|EPOCRATES_ALERT|DEVICE|Dr. TNF
TALTZ_PSORIATIC ARTHRITIS|EPOCRATES_ALERT|DEVICE|Dr. Joint Only
TALTZ_PSORIATIC ARTHRITIS|EPOCRATES_ALERT|DEVICE|Dr. Domains
TALTZ_PSORIATIC ARTHRITIS|EPOCRATES_ALERT|DEVICE|APP
TALTZ_PSORIATIC ARTHRITIS|EPOCRATES_ALERT|DEVICE|NPP_NON_TARGET
TALTZ_PSORIATIC ARTHRITIS|EPOCRATES_ALERT|DEVICE|NA
TALTZ_PSORIATIC ARTHRITIS|EPOCRATES_ALERT|SAFETY#SIDE_EFFECTS|Dr. Ease of Access
TALTZ_PSORIATIC ARTHRITIS|EPOCRATES_ALERT|SAFETY#SIDE_EFFECTS|Dr. TNF
TALTZ_PSORIATIC ARTHRITIS|EPOCRATES_ALERT|SAFETY#SIDE_EFFECTS|Dr. Joint Only
TALTZ_PSORIATIC ARTHRITIS|EPOCRATES_ALERT|SAFETY#SIDE_EFFECTS|Dr. Domains
TALTZ_PSORIATIC ARTHRITIS|EPOCRATES_ALERT|SAFETY#SIDE_EFFECTS|APP
TALTZ_PSORIATIC ARTHRITIS|EPOCRATES_ALERT|SAFETY#SIDE_EFFECTS|NPP_NON_TARGET
TALTZ_PSORIATIC ARTHRITIS|EPOCRATES_ALERT|SAFETY#SIDE_EFFECTS|NA
TALTZ_PSORIATIC ARTHRITIS|EPOCRATES_ALERT|SAFETY#NR_AXSPA|Dr. Ease of Access
TALTZ_PSORIATIC ARTHRITIS|EPOCRATES_ALERT|SAFETY#NR_AXSPA|Dr. TNF
TALTZ_PSORIATIC ARTHRITIS|EPOCRATES_ALERT|SAFETY#NR_AXSPA|Dr. Joint Only
TALTZ_PSORIATIC ARTHRITIS|EPOCRATES_ALERT|SAFETY#NR_AXSPA|Dr. Domains
TALTZ_PSORIATIC ARTHRITIS|EPOCRATES_ALERT|SAFETY#NR_AXSPA|APP
TALTZ_PSORIATIC ARTHRITIS|EPOCRATES_ALERT|SAFETY#NR_AXSPA|NPP_NON_TARGET
TALTZ_PSORIATIC ARTHRITIS|EPOCRATES_ALERT|SAFETY#NR_AXSPA|NA
TALTZ_PSORIATIC ARTHRITIS|EPOCRATES_ALERT|SAFETY#NA|Dr. Ease of Access
TALTZ_PSORIATIC ARTHRITIS|EPOCRATES_ALERT|SAFETY#NA|Dr. TNF
TALTZ_PSORIATIC ARTHRITIS|EPOCRATES_ALERT|SAFETY#NA|Dr. Joint Only
TALTZ_PSORIATIC ARTHRITIS|EPOCRATES_ALERT|SAFETY#NA|Dr. Domains
TALTZ_PSORIATIC ARTHRITIS|EPOCRATES_ALERT|SAFETY#NA|APP
TALTZ_PSORIATIC ARTHRITIS|EPOCRATES_ALERT|SAFETY#NA|NPP_NON_TARGET
TALTZ_PSORIATIC ARTHRITIS|EPOCRATES_ALERT|SAFETY#NA|NA
TALTZ_PSORIATIC ARTHRITIS|EPOCRATES_ALERT|SAFETY#HEAD_TO_HEAD|Dr. Ease of Access
TALTZ_PSORIATIC ARTHRITIS|EPOCRATES_ALERT|SAFETY#HEAD_TO_HEAD|Dr. TNF
TALTZ_PSORIATIC ARTHRITIS|EPOCRATES_ALERT|SAFETY#HEAD_TO_HEAD|Dr. Joint Only
TALTZ_PSORIATIC ARTHRITIS|EPOCRATES_ALERT|SAFETY#HEAD_TO_HEAD|Dr. Domains
TALTZ_PSORIATIC ARTHRITIS|EPOCRATES_ALERT|SAFETY#HEAD_TO_HEAD|APP
TALTZ_PSORIATIC ARTHRITIS|EPOCRATES_ALERT|SAFETY#HEAD_TO_HEAD|NPP_NON_TARGET
TALTZ_PSORIATIC ARTHRITIS|EPOCRATES_ALERT|SAFETY#HEAD_TO_HEAD|NA
TALTZ_PSORIATIC ARTHRITIS|EPOCRATES_ALERT|SAFETY#AS|Dr. Ease of Access
TALTZ_PSORIATIC ARTHRITIS|EPOCRATES_ALERT|SAFETY#AS|Dr. TNF
TALTZ_PSORIATIC ARTHRITIS|EPOCRATES_ALERT|SAFETY#AS|Dr. Joint Only
TALTZ_PSORIATIC ARTHRITIS|EPOCRATES_ALERT|SAFETY#AS|Dr. Domains
TALTZ_PSORIATIC ARTHRITIS|EPOCRATES_ALERT|SAFETY#AS|APP
TALTZ_PSORIATIC ARTHRITIS|EPOCRATES_ALERT|SAFETY#AS|NPP_NON_TARGET
TALTZ_PSORIATIC ARTHRITIS|EPOCRATES_ALERT|SAFETY#AS|NA
TALTZ_PSORIATIC ARTHRITIS|EPOCRATES_ALERT|PATIENT_TYPE_IDENTIFICATION|Dr. Ease of Access
TALTZ_PSORIATIC ARTHRITIS|EPOCRATES_ALERT|PATIENT_TYPE_IDENTIFICATION|Dr. TNF
TALTZ_PSORIATIC ARTHRITIS|EPOCRATES_ALERT|PATIENT_TYPE_IDENTIFICATION|Dr. Joint Only
TALTZ_PSORIATIC ARTHRITIS|EPOCRATES_ALERT|PATIENT_TYPE_IDENTIFICATION|Dr. Domains
TALTZ_PSORIATIC ARTHRITIS|EPOCRATES_ALERT|PATIENT_TYPE_IDENTIFICATION|APP
TALTZ_PSORIATIC ARTHRITIS|EPOCRATES_ALERT|PATIENT_TYPE_IDENTIFICATION|NPP_NON_TARGET
TALTZ_PSORIATIC ARTHRITIS|EPOCRATES_ALERT|PATIENT_TYPE_IDENTIFICATION|NA
TALTZ_PSORIATIC ARTHRITIS|EPOCRATES_ALERT|PATIENT_CUSTOMER_SUPPORT|Dr. Ease of Access
TALTZ_PSORIATIC ARTHRITIS|EPOCRATES_ALERT|PATIENT_CUSTOMER_SUPPORT|Dr. TNF
TALTZ_PSORIATIC ARTHRITIS|EPOCRATES_ALERT|PATIENT_CUSTOMER_SUPPORT|Dr. Joint Only
TALTZ_PSORIATIC ARTHRITIS|EPOCRATES_ALERT|PATIENT_CUSTOMER_SUPPORT|Dr. Domains
TALTZ_PSORIATIC ARTHRITIS|EPOCRATES_ALERT|PATIENT_CUSTOMER_SUPPORT|APP
TALTZ_PSORIATIC ARTHRITIS|EPOCRATES_ALERT|PATIENT_CUSTOMER_SUPPORT|NPP_NON_TARGET
TALTZ_PSORIATIC ARTHRITIS|EPOCRATES_ALERT|PATIENT_CUSTOMER_SUPPORT|NA
TALTZ_PSORIATIC ARTHRITIS|EPOCRATES_ALERT|PATIENT_AFFORDABILITY|Dr. Ease of Access
TALTZ_PSORIATIC ARTHRITIS|EPOCRATES_ALERT|PATIENT_AFFORDABILITY|Dr. TNF
TALTZ_PSORIATIC ARTHRITIS|EPOCRATES_ALERT|PATIENT_AFFORDABILITY|Dr. Joint Only
TALTZ_PSORIATIC ARTHRITIS|EPOCRATES_ALERT|PATIENT_AFFORDABILITY|Dr. Domains
TALTZ_PSORIATIC ARTHRITIS|EPOCRATES_ALERT|PATIENT_AFFORDABILITY|APP
TALTZ_PSORIATIC ARTHRITIS|EPOCRATES_ALERT|PATIENT_AFFORDABILITY|NPP_NON_TARGET
TALTZ_PSORIATIC ARTHRITIS|EPOCRATES_ALERT|PATIENT_AFFORDABILITY|NA
TALTZ_PSORIATIC ARTHRITIS|EPOCRATES_ALERT|MOA|Dr. Ease of Access
TALTZ_PSORIATIC ARTHRITIS|EPOCRATES_ALERT|MOA|Dr. TNF
TALTZ_PSORIATIC ARTHRITIS|EPOCRATES_ALERT|MOA|Dr. Joint Only
TALTZ_PSORIATIC ARTHRITIS|EPOCRATES_ALERT|MOA|Dr. Domains
TALTZ_PSORIATIC ARTHRITIS|EPOCRATES_ALERT|MOA|APP
TALTZ_PSORIATIC ARTHRITIS|EPOCRATES_ALERT|MOA|NPP_NON_TARGET
TALTZ_PSORIATIC ARTHRITIS|EPOCRATES_ALERT|MOA|NA
TALTZ_PSORIATIC ARTHRITIS|EPOCRATES_ALERT|EFFICACY#SPINAL_PAIN_AND_STIFFNESS|Dr. Ease of Access
TALTZ_PSORIATIC ARTHRITIS|EPOCRATES_ALERT|EFFICACY#SPINAL_PAIN_AND_STIFFNESS|Dr. TNF
TALTZ_PSORIATIC ARTHRITIS|EPOCRATES_ALERT|EFFICACY#SPINAL_PAIN_AND_STIFFNESS|Dr. Joint Only
TALTZ_PSORIATIC ARTHRITIS|EPOCRATES_ALERT|EFFICACY#SPINAL_PAIN_AND_STIFFNESS|Dr. Domains
TALTZ_PSORIATIC ARTHRITIS|EPOCRATES_ALERT|EFFICACY#SPINAL_PAIN_AND_STIFFNESS|APP
TALTZ_PSORIATIC ARTHRITIS|EPOCRATES_ALERT|EFFICACY#SPINAL_PAIN_AND_STIFFNESS|NPP_NON_TARGET
TALTZ_PSORIATIC ARTHRITIS|EPOCRATES_ALERT|EFFICACY#SPINAL_PAIN_AND_STIFFNESS|NA
TALTZ_PSORIATIC ARTHRITIS|EPOCRATES_ALERT|EFFICACY#SECONDARY|Dr. Ease of Access
TALTZ_PSORIATIC ARTHRITIS|EPOCRATES_ALERT|EFFICACY#SECONDARY|Dr. TNF
TALTZ_PSORIATIC ARTHRITIS|EPOCRATES_ALERT|EFFICACY#SECONDARY|Dr. Joint Only
TALTZ_PSORIATIC ARTHRITIS|EPOCRATES_ALERT|EFFICACY#SECONDARY|Dr. Domains
TALTZ_PSORIATIC ARTHRITIS|EPOCRATES_ALERT|EFFICACY#SECONDARY|APP
TALTZ_PSORIATIC ARTHRITIS|EPOCRATES_ALERT|EFFICACY#SECONDARY|NPP_NON_TARGET
TALTZ_PSORIATIC ARTHRITIS|EPOCRATES_ALERT|EFFICACY#SECONDARY|NA
TALTZ_PSORIATIC ARTHRITIS|EPOCRATES_ALERT|EFFICACY#RAPID_ONSET|Dr. Ease of Access
TALTZ_PSORIATIC ARTHRITIS|EPOCRATES_ALERT|EFFICACY#RAPID_ONSET|Dr. TNF
TALTZ_PSORIATIC ARTHRITIS|EPOCRATES_ALERT|EFFICACY#RAPID_ONSET|Dr. Joint Only
TALTZ_PSORIATIC ARTHRITIS|EPOCRATES_ALERT|EFFICACY#RAPID_ONSET|Dr. Domains
TALTZ_PSORIATIC ARTHRITIS|EPOCRATES_ALERT|EFFICACY#RAPID_ONSET|APP
TALTZ_PSORIATIC ARTHRITIS|EPOCRATES_ALERT|EFFICACY#RAPID_ONSET|NPP_NON_TARGET
TALTZ_PSORIATIC ARTHRITIS|EPOCRATES_ALERT|EFFICACY#RAPID_ONSET|NA
TALTZ_PSORIATIC ARTHRITIS|EPOCRATES_ALERT|EFFICACY#PSO_PEDS|Dr. Ease of Access
TALTZ_PSORIATIC ARTHRITIS|EPOCRATES_ALERT|EFFICACY#PSO_PEDS|Dr. TNF
TALTZ_PSORIATIC ARTHRITIS|EPOCRATES_ALERT|EFFICACY#PSO_PEDS|Dr. Joint Only
TALTZ_PSORIATIC ARTHRITIS|EPOCRATES_ALERT|EFFICACY#PSO_PEDS|Dr. Domains
TALTZ_PSORIATIC ARTHRITIS|EPOCRATES_ALERT|EFFICACY#PSO_PEDS|APP
TALTZ_PSORIATIC ARTHRITIS|EPOCRATES_ALERT|EFFICACY#PSO_PEDS|NPP_NON_TARGET
TALTZ_PSORIATIC ARTHRITIS|EPOCRATES_ALERT|EFFICACY#PSO_PEDS|NA
TALTZ_PSORIATIC ARTHRITIS|EPOCRATES_ALERT|EFFICACY#NOW_APPROVED|Dr. Ease of Access
TALTZ_PSORIATIC ARTHRITIS|EPOCRATES_ALERT|EFFICACY#NOW_APPROVED|Dr. TNF
TALTZ_PSORIATIC ARTHRITIS|EPOCRATES_ALERT|EFFICACY#NOW_APPROVED|Dr. Joint Only
TALTZ_PSORIATIC ARTHRITIS|EPOCRATES_ALERT|EFFICACY#NOW_APPROVED|Dr. Domains
TALTZ_PSORIATIC ARTHRITIS|EPOCRATES_ALERT|EFFICACY#NOW_APPROVED|APP
TALTZ_PSORIATIC ARTHRITIS|EPOCRATES_ALERT|EFFICACY#NOW_APPROVED|NPP_NON_TARGET
TALTZ_PSORIATIC ARTHRITIS|EPOCRATES_ALERT|EFFICACY#NOW_APPROVED|NA
TALTZ_PSORIATIC ARTHRITIS|EPOCRATES_ALERT|EFFICACY#NA|Dr. Ease of Access
TALTZ_PSORIATIC ARTHRITIS|EPOCRATES_ALERT|EFFICACY#NA|Dr. TNF
TALTZ_PSORIATIC ARTHRITIS|EPOCRATES_ALERT|EFFICACY#NA|Dr. Joint Only
TALTZ_PSORIATIC ARTHRITIS|EPOCRATES_ALERT|EFFICACY#NA|Dr. Domains
TALTZ_PSORIATIC ARTHRITIS|EPOCRATES_ALERT|EFFICACY#NA|APP
TALTZ_PSORIATIC ARTHRITIS|EPOCRATES_ALERT|EFFICACY#NA|NPP_NON_TARGET
TALTZ_PSORIATIC ARTHRITIS|EPOCRATES_ALERT|EFFICACY#NA|NA
TALTZ_PSORIATIC ARTHRITIS|EPOCRATES_ALERT|EFFICACY#LONG_TERM|Dr. Ease of Access
TALTZ_PSORIATIC ARTHRITIS|EPOCRATES_ALERT|EFFICACY#LONG_TERM|Dr. TNF
TALTZ_PSORIATIC ARTHRITIS|EPOCRATES_ALERT|EFFICACY#LONG_TERM|Dr. Joint Only
TALTZ_PSORIATIC ARTHRITIS|EPOCRATES_ALERT|EFFICACY#LONG_TERM|Dr. Domains
TALTZ_PSORIATIC ARTHRITIS|EPOCRATES_ALERT|EFFICACY#LONG_TERM|APP
TALTZ_PSORIATIC ARTHRITIS|EPOCRATES_ALERT|EFFICACY#LONG_TERM|NPP_NON_TARGET
TALTZ_PSORIATIC ARTHRITIS|EPOCRATES_ALERT|EFFICACY#LONG_TERM|NA
TALTZ_PSORIATIC ARTHRITIS|EPOCRATES_ALERT|EASE_OF_ADMINISTRATION|Dr. Ease of Access
TALTZ_PSORIATIC ARTHRITIS|EPOCRATES_ALERT|EASE_OF_ADMINISTRATION|Dr. TNF
TALTZ_PSORIATIC ARTHRITIS|EPOCRATES_ALERT|EASE_OF_ADMINISTRATION|Dr. Joint Only
TALTZ_PSORIATIC ARTHRITIS|EPOCRATES_ALERT|EASE_OF_ADMINISTRATION|Dr. Domains
TALTZ_PSORIATIC ARTHRITIS|EPOCRATES_ALERT|EASE_OF_ADMINISTRATION|APP
TALTZ_PSORIATIC ARTHRITIS|EPOCRATES_ALERT|EASE_OF_ADMINISTRATION|NPP_NON_TARGET
TALTZ_PSORIATIC ARTHRITIS|EPOCRATES_ALERT|EASE_OF_ADMINISTRATION|NA
TALTZ_PSORIATIC ARTHRITIS|EPOCRATES_ALERT|DOSING|Dr. Ease of Access
TALTZ_PSORIATIC ARTHRITIS|EPOCRATES_ALERT|DOSING|Dr. TNF
TALTZ_PSORIATIC ARTHRITIS|EPOCRATES_ALERT|DOSING|Dr. Joint Only
TALTZ_PSORIATIC ARTHRITIS|EPOCRATES_ALERT|DOSING|Dr. Domains
TALTZ_PSORIATIC ARTHRITIS|EPOCRATES_ALERT|DOSING|APP
TALTZ_PSORIATIC ARTHRITIS|EPOCRATES_ALERT|DOSING|NPP_NON_TARGET
TALTZ_PSORIATIC ARTHRITIS|EPOCRATES_ALERT|DOSING|NA
TALTZ_PSORIATIC ARTHRITIS|EPOCRATES_ALERT|DISEASE_STATE|Dr. Ease of Access
TALTZ_PSORIATIC ARTHRITIS|EPOCRATES_ALERT|DISEASE_STATE|Dr. TNF
TALTZ_PSORIATIC ARTHRITIS|EPOCRATES_ALERT|DISEASE_STATE|Dr. Joint Only
TALTZ_PSORIATIC ARTHRITIS|EPOCRATES_ALERT|DISEASE_STATE|Dr. Domains
TALTZ_PSORIATIC ARTHRITIS|EPOCRATES_ALERT|DISEASE_STATE|APP
TALTZ_PSORIATIC ARTHRITIS|EPOCRATES_ALERT|DISEASE_STATE|NPP_NON_TARGET
TALTZ_PSORIATIC ARTHRITIS|EPOCRATES_ALERT|DISEASE_STATE|NA
TALTZ_PSORIATIC ARTHRITIS|F2F_CALL|ACCESS_FORMULARY|Dr. Ease of Access
TALTZ_PSORIATIC ARTHRITIS|F2F_CALL|ACCESS_FORMULARY|Dr. TNF
TALTZ_PSORIATIC ARTHRITIS|F2F_CALL|ACCESS_FORMULARY|Dr. Joint Only
TALTZ_PSORIATIC ARTHRITIS|F2F_CALL|ACCESS_FORMULARY|Dr. Domains
TALTZ_PSORIATIC ARTHRITIS|F2F_CALL|ACCESS_FORMULARY|APP
TALTZ_PSORIATIC ARTHRITIS|F2F_CALL|ACCESS_FORMULARY|NPP_NON_TARGET
TALTZ_PSORIATIC ARTHRITIS|F2F_CALL|ACCESS_FORMULARY|NA
TALTZ_PSORIATIC ARTHRITIS|F2F_CALL|UNMET_NEED|Dr. Ease of Access
TALTZ_PSORIATIC ARTHRITIS|F2F_CALL|UNMET_NEED|Dr. TNF
TALTZ_PSORIATIC ARTHRITIS|F2F_CALL|UNMET_NEED|Dr. Joint Only
TALTZ_PSORIATIC ARTHRITIS|F2F_CALL|UNMET_NEED|Dr. Domains
TALTZ_PSORIATIC ARTHRITIS|F2F_CALL|UNMET_NEED|APP
TALTZ_PSORIATIC ARTHRITIS|F2F_CALL|UNMET_NEED|NPP_NON_TARGET
TALTZ_PSORIATIC ARTHRITIS|F2F_CALL|UNMET_NEED|NA
TALTZ_PSORIATIC ARTHRITIS|F2F_CALL|SAFETY#PSO_PEDS|Dr. Ease of Access
TALTZ_PSORIATIC ARTHRITIS|F2F_CALL|SAFETY#PSO_PEDS|Dr. TNF
TALTZ_PSORIATIC ARTHRITIS|F2F_CALL|SAFETY#PSO_PEDS|Dr. Joint Only
TALTZ_PSORIATIC ARTHRITIS|F2F_CALL|SAFETY#PSO_PEDS|Dr. Domains
TALTZ_PSORIATIC ARTHRITIS|F2F_CALL|SAFETY#PSO_PEDS|APP
TALTZ_PSORIATIC ARTHRITIS|F2F_CALL|SAFETY#PSO_PEDS|NPP_NON_TARGET
TALTZ_PSORIATIC ARTHRITIS|F2F_CALL|SAFETY#PSO_PEDS|NA
TALTZ_PSORIATIC ARTHRITIS|F2F_CALL|SAFETY#PSO_ADULTS|Dr. Ease of Access
TALTZ_PSORIATIC ARTHRITIS|F2F_CALL|SAFETY#PSO_ADULTS|Dr. TNF
TALTZ_PSORIATIC ARTHRITIS|F2F_CALL|SAFETY#PSO_ADULTS|Dr. Joint Only
TALTZ_PSORIATIC ARTHRITIS|F2F_CALL|SAFETY#PSO_ADULTS|Dr. Domains
TALTZ_PSORIATIC ARTHRITIS|F2F_CALL|SAFETY#PSO_ADULTS|APP
TALTZ_PSORIATIC ARTHRITIS|F2F_CALL|SAFETY#PSO_ADULTS|NPP_NON_TARGET
TALTZ_PSORIATIC ARTHRITIS|F2F_CALL|SAFETY#PSO_ADULTS|NA
TALTZ_PSORIATIC ARTHRITIS|F2F_CALL|SAFETY#PSA|Dr. Ease of Access
TALTZ_PSORIATIC ARTHRITIS|F2F_CALL|SAFETY#PSA|Dr. TNF
TALTZ_PSORIATIC ARTHRITIS|F2F_CALL|SAFETY#PSA|Dr. Joint Only
TALTZ_PSORIATIC ARTHRITIS|F2F_CALL|SAFETY#PSA|Dr. Domains
TALTZ_PSORIATIC ARTHRITIS|F2F_CALL|SAFETY#PSA|APP
TALTZ_PSORIATIC ARTHRITIS|F2F_CALL|SAFETY#PSA|NPP_NON_TARGET
TALTZ_PSORIATIC ARTHRITIS|F2F_CALL|SAFETY#PSA|NA
TALTZ_PSORIATIC ARTHRITIS|F2F_CALL|SAFETY#LONG_TERM|Dr. Ease of Access
TALTZ_PSORIATIC ARTHRITIS|F2F_CALL|SAFETY#LONG_TERM|Dr. TNF
TALTZ_PSORIATIC ARTHRITIS|F2F_CALL|SAFETY#LONG_TERM|Dr. Joint Only
TALTZ_PSORIATIC ARTHRITIS|F2F_CALL|SAFETY#LONG_TERM|Dr. Domains
TALTZ_PSORIATIC ARTHRITIS|F2F_CALL|SAFETY#LONG_TERM|APP
TALTZ_PSORIATIC ARTHRITIS|F2F_CALL|SAFETY#LONG_TERM|NPP_NON_TARGET
TALTZ_PSORIATIC ARTHRITIS|F2F_CALL|SAFETY#LONG_TERM|NA
TALTZ_PSORIATIC ARTHRITIS|F2F_CALL|INITIATION|Dr. Ease of Access
TALTZ_PSORIATIC ARTHRITIS|F2F_CALL|INITIATION|Dr. TNF
TALTZ_PSORIATIC ARTHRITIS|F2F_CALL|INITIATION|Dr. Joint Only
TALTZ_PSORIATIC ARTHRITIS|F2F_CALL|INITIATION|Dr. Domains
TALTZ_PSORIATIC ARTHRITIS|F2F_CALL|INITIATION|APP
TALTZ_PSORIATIC ARTHRITIS|F2F_CALL|INITIATION|NPP_NON_TARGET
TALTZ_PSORIATIC ARTHRITIS|F2F_CALL|INITIATION|NA
TALTZ_PSORIATIC ARTHRITIS|F2F_CALL|GENERAL|Dr. Ease of Access
TALTZ_PSORIATIC ARTHRITIS|F2F_CALL|GENERAL|Dr. TNF
TALTZ_PSORIATIC ARTHRITIS|F2F_CALL|GENERAL|Dr. Joint Only
TALTZ_PSORIATIC ARTHRITIS|F2F_CALL|GENERAL|Dr. Domains
TALTZ_PSORIATIC ARTHRITIS|F2F_CALL|GENERAL|APP
TALTZ_PSORIATIC ARTHRITIS|F2F_CALL|GENERAL|NPP_NON_TARGET
TALTZ_PSORIATIC ARTHRITIS|F2F_CALL|GENERAL|NA
TALTZ_PSORIATIC ARTHRITIS|F2F_CALL|EFFICACY#STRUCTURE|Dr. Ease of Access
TALTZ_PSORIATIC ARTHRITIS|F2F_CALL|EFFICACY#STRUCTURE|Dr. TNF
TALTZ_PSORIATIC ARTHRITIS|F2F_CALL|EFFICACY#STRUCTURE|Dr. Joint Only
TALTZ_PSORIATIC ARTHRITIS|F2F_CALL|EFFICACY#STRUCTURE|Dr. Domains
TALTZ_PSORIATIC ARTHRITIS|F2F_CALL|EFFICACY#STRUCTURE|APP
TALTZ_PSORIATIC ARTHRITIS|F2F_CALL|EFFICACY#STRUCTURE|NPP_NON_TARGET
TALTZ_PSORIATIC ARTHRITIS|F2F_CALL|EFFICACY#STRUCTURE|NA
TALTZ_PSORIATIC ARTHRITIS|F2F_CALL|EFFICACY#HEAD_TO_HEAD|Dr. Ease of Access
TALTZ_PSORIATIC ARTHRITIS|F2F_CALL|EFFICACY#HEAD_TO_HEAD|Dr. TNF
TALTZ_PSORIATIC ARTHRITIS|F2F_CALL|EFFICACY#HEAD_TO_HEAD|Dr. Joint Only
TALTZ_PSORIATIC ARTHRITIS|F2F_CALL|EFFICACY#HEAD_TO_HEAD|Dr. Domains
TALTZ_PSORIATIC ARTHRITIS|F2F_CALL|EFFICACY#HEAD_TO_HEAD|APP
TALTZ_PSORIATIC ARTHRITIS|F2F_CALL|EFFICACY#HEAD_TO_HEAD|NPP_NON_TARGET
TALTZ_PSORIATIC ARTHRITIS|F2F_CALL|EFFICACY#HEAD_TO_HEAD|NA
TALTZ_PSORIATIC ARTHRITIS|F2F_CALL|EFFICACY#ENTHESITIS_DACYLITIS|Dr. Ease of Access
TALTZ_PSORIATIC ARTHRITIS|F2F_CALL|EFFICACY#ENTHESITIS_DACYLITIS|Dr. TNF
TALTZ_PSORIATIC ARTHRITIS|F2F_CALL|EFFICACY#ENTHESITIS_DACYLITIS|Dr. Joint Only
TALTZ_PSORIATIC ARTHRITIS|F2F_CALL|EFFICACY#ENTHESITIS_DACYLITIS|Dr. Domains
TALTZ_PSORIATIC ARTHRITIS|F2F_CALL|EFFICACY#ENTHESITIS_DACYLITIS|APP
TALTZ_PSORIATIC ARTHRITIS|F2F_CALL|EFFICACY#ENTHESITIS_DACYLITIS|NPP_NON_TARGET
TALTZ_PSORIATIC ARTHRITIS|F2F_CALL|EFFICACY#ENTHESITIS_DACYLITIS|NA
TALTZ_PSORIATIC ARTHRITIS|F2F_CALL|EFFICACY#CORE|Dr. Ease of Access
TALTZ_PSORIATIC ARTHRITIS|F2F_CALL|EFFICACY#CORE|Dr. TNF
TALTZ_PSORIATIC ARTHRITIS|F2F_CALL|EFFICACY#CORE|Dr. Joint Only
TALTZ_PSORIATIC ARTHRITIS|F2F_CALL|EFFICACY#CORE|Dr. Domains
TALTZ_PSORIATIC ARTHRITIS|F2F_CALL|EFFICACY#CORE|APP
TALTZ_PSORIATIC ARTHRITIS|F2F_CALL|EFFICACY#CORE|NPP_NON_TARGET
TALTZ_PSORIATIC ARTHRITIS|F2F_CALL|EFFICACY#CORE|NA
TALTZ_PSORIATIC ARTHRITIS|F2F_CALL|EFFICACY#COMBINATION_THERAPY|Dr. Ease of Access
TALTZ_PSORIATIC ARTHRITIS|F2F_CALL|EFFICACY#COMBINATION_THERAPY|Dr. TNF
TALTZ_PSORIATIC ARTHRITIS|F2F_CALL|EFFICACY#COMBINATION_THERAPY|Dr. Joint Only
TALTZ_PSORIATIC ARTHRITIS|F2F_CALL|EFFICACY#COMBINATION_THERAPY|Dr. Domains
TALTZ_PSORIATIC ARTHRITIS|F2F_CALL|EFFICACY#COMBINATION_THERAPY|APP
TALTZ_PSORIATIC ARTHRITIS|F2F_CALL|EFFICACY#COMBINATION_THERAPY|NPP_NON_TARGET
TALTZ_PSORIATIC ARTHRITIS|F2F_CALL|EFFICACY#COMBINATION_THERAPY|NA
TALTZ_PSORIATIC ARTHRITIS|F2F_CALL|DEVICE|Dr. Ease of Access
TALTZ_PSORIATIC ARTHRITIS|F2F_CALL|DEVICE|Dr. TNF
TALTZ_PSORIATIC ARTHRITIS|F2F_CALL|DEVICE|Dr. Joint Only
TALTZ_PSORIATIC ARTHRITIS|F2F_CALL|DEVICE|Dr. Domains
TALTZ_PSORIATIC ARTHRITIS|F2F_CALL|DEVICE|APP
TALTZ_PSORIATIC ARTHRITIS|F2F_CALL|DEVICE|NPP_NON_TARGET
TALTZ_PSORIATIC ARTHRITIS|F2F_CALL|DEVICE|NA
TALTZ_PSORIATIC ARTHRITIS|F2F_CALL|SAFETY#SIDE_EFFECTS|Dr. Ease of Access
TALTZ_PSORIATIC ARTHRITIS|F2F_CALL|SAFETY#SIDE_EFFECTS|Dr. TNF
TALTZ_PSORIATIC ARTHRITIS|F2F_CALL|SAFETY#SIDE_EFFECTS|Dr. Joint Only
TALTZ_PSORIATIC ARTHRITIS|F2F_CALL|SAFETY#SIDE_EFFECTS|Dr. Domains
TALTZ_PSORIATIC ARTHRITIS|F2F_CALL|SAFETY#SIDE_EFFECTS|APP
TALTZ_PSORIATIC ARTHRITIS|F2F_CALL|SAFETY#SIDE_EFFECTS|NPP_NON_TARGET
TALTZ_PSORIATIC ARTHRITIS|F2F_CALL|SAFETY#SIDE_EFFECTS|NA
TALTZ_PSORIATIC ARTHRITIS|F2F_CALL|SAFETY#NR_AXSPA|Dr. Ease of Access
TALTZ_PSORIATIC ARTHRITIS|F2F_CALL|SAFETY#NR_AXSPA|Dr. TNF
TALTZ_PSORIATIC ARTHRITIS|F2F_CALL|SAFETY#NR_AXSPA|Dr. Joint Only
TALTZ_PSORIATIC ARTHRITIS|F2F_CALL|SAFETY#NR_AXSPA|Dr. Domains
TALTZ_PSORIATIC ARTHRITIS|F2F_CALL|SAFETY#NR_AXSPA|APP
TALTZ_PSORIATIC ARTHRITIS|F2F_CALL|SAFETY#NR_AXSPA|NPP_NON_TARGET
TALTZ_PSORIATIC ARTHRITIS|F2F_CALL|SAFETY#NR_AXSPA|NA
TALTZ_PSORIATIC ARTHRITIS|F2F_CALL|SAFETY#NA|Dr. Ease of Access
TALTZ_PSORIATIC ARTHRITIS|F2F_CALL|SAFETY#NA|Dr. TNF
TALTZ_PSORIATIC ARTHRITIS|F2F_CALL|SAFETY#NA|Dr. Joint Only
TALTZ_PSORIATIC ARTHRITIS|F2F_CALL|SAFETY#NA|Dr. Domains
TALTZ_PSORIATIC ARTHRITIS|F2F_CALL|SAFETY#NA|APP
TALTZ_PSORIATIC ARTHRITIS|F2F_CALL|SAFETY#NA|NPP_NON_TARGET
TALTZ_PSORIATIC ARTHRITIS|F2F_CALL|SAFETY#NA|NA
TALTZ_PSORIATIC ARTHRITIS|F2F_CALL|SAFETY#HEAD_TO_HEAD|Dr. Ease of Access
TALTZ_PSORIATIC ARTHRITIS|F2F_CALL|SAFETY#HEAD_TO_HEAD|Dr. TNF
TALTZ_PSORIATIC ARTHRITIS|F2F_CALL|SAFETY#HEAD_TO_HEAD|Dr. Joint Only
TALTZ_PSORIATIC ARTHRITIS|F2F_CALL|SAFETY#HEAD_TO_HEAD|Dr. Domains
TALTZ_PSORIATIC ARTHRITIS|F2F_CALL|SAFETY#HEAD_TO_HEAD|APP
TALTZ_PSORIATIC ARTHRITIS|F2F_CALL|SAFETY#HEAD_TO_HEAD|NPP_NON_TARGET
TALTZ_PSORIATIC ARTHRITIS|F2F_CALL|SAFETY#HEAD_TO_HEAD|NA
TALTZ_PSORIATIC ARTHRITIS|F2F_CALL|SAFETY#AS|Dr. Ease of Access
TALTZ_PSORIATIC ARTHRITIS|F2F_CALL|SAFETY#AS|Dr. TNF
TALTZ_PSORIATIC ARTHRITIS|F2F_CALL|SAFETY#AS|Dr. Joint Only
TALTZ_PSORIATIC ARTHRITIS|F2F_CALL|SAFETY#AS|Dr. Domains
TALTZ_PSORIATIC ARTHRITIS|F2F_CALL|SAFETY#AS|APP
TALTZ_PSORIATIC ARTHRITIS|F2F_CALL|SAFETY#AS|NPP_NON_TARGET
TALTZ_PSORIATIC ARTHRITIS|F2F_CALL|SAFETY#AS|NA
TALTZ_PSORIATIC ARTHRITIS|F2F_CALL|PATIENT_TYPE_IDENTIFICATION|Dr. Ease of Access
TALTZ_PSORIATIC ARTHRITIS|F2F_CALL|PATIENT_TYPE_IDENTIFICATION|Dr. TNF
TALTZ_PSORIATIC ARTHRITIS|F2F_CALL|PATIENT_TYPE_IDENTIFICATION|Dr. Joint Only
TALTZ_PSORIATIC ARTHRITIS|F2F_CALL|PATIENT_TYPE_IDENTIFICATION|Dr. Domains
TALTZ_PSORIATIC ARTHRITIS|F2F_CALL|PATIENT_TYPE_IDENTIFICATION|APP
TALTZ_PSORIATIC ARTHRITIS|F2F_CALL|PATIENT_TYPE_IDENTIFICATION|NPP_NON_TARGET
TALTZ_PSORIATIC ARTHRITIS|F2F_CALL|PATIENT_TYPE_IDENTIFICATION|NA
TALTZ_PSORIATIC ARTHRITIS|F2F_CALL|PATIENT_CUSTOMER_SUPPORT|Dr. Ease of Access
TALTZ_PSORIATIC ARTHRITIS|F2F_CALL|PATIENT_CUSTOMER_SUPPORT|Dr. TNF
TALTZ_PSORIATIC ARTHRITIS|F2F_CALL|PATIENT_CUSTOMER_SUPPORT|Dr. Joint Only
TALTZ_PSORIATIC ARTHRITIS|F2F_CALL|PATIENT_CUSTOMER_SUPPORT|Dr. Domains
TALTZ_PSORIATIC ARTHRITIS|F2F_CALL|PATIENT_CUSTOMER_SUPPORT|APP
TALTZ_PSORIATIC ARTHRITIS|F2F_CALL|PATIENT_CUSTOMER_SUPPORT|NPP_NON_TARGET
TALTZ_PSORIATIC ARTHRITIS|F2F_CALL|PATIENT_CUSTOMER_SUPPORT|NA
TALTZ_PSORIATIC ARTHRITIS|F2F_CALL|PATIENT_AFFORDABILITY|Dr. Ease of Access
TALTZ_PSORIATIC ARTHRITIS|F2F_CALL|PATIENT_AFFORDABILITY|Dr. TNF
TALTZ_PSORIATIC ARTHRITIS|F2F_CALL|PATIENT_AFFORDABILITY|Dr. Joint Only
TALTZ_PSORIATIC ARTHRITIS|F2F_CALL|PATIENT_AFFORDABILITY|Dr. Domains
TALTZ_PSORIATIC ARTHRITIS|F2F_CALL|PATIENT_AFFORDABILITY|APP
TALTZ_PSORIATIC ARTHRITIS|F2F_CALL|PATIENT_AFFORDABILITY|NPP_NON_TARGET
TALTZ_PSORIATIC ARTHRITIS|F2F_CALL|PATIENT_AFFORDABILITY|NA
TALTZ_PSORIATIC ARTHRITIS|F2F_CALL|MOA|Dr. Ease of Access
TALTZ_PSORIATIC ARTHRITIS|F2F_CALL|MOA|Dr. TNF
TALTZ_PSORIATIC ARTHRITIS|F2F_CALL|MOA|Dr. Joint Only
TALTZ_PSORIATIC ARTHRITIS|F2F_CALL|MOA|Dr. Domains
TALTZ_PSORIATIC ARTHRITIS|F2F_CALL|MOA|APP
TALTZ_PSORIATIC ARTHRITIS|F2F_CALL|MOA|NPP_NON_TARGET
TALTZ_PSORIATIC ARTHRITIS|F2F_CALL|MOA|NA
TALTZ_PSORIATIC ARTHRITIS|F2F_CALL|EFFICACY#SPINAL_PAIN_AND_STIFFNESS|Dr. Ease of Access
TALTZ_PSORIATIC ARTHRITIS|F2F_CALL|EFFICACY#SPINAL_PAIN_AND_STIFFNESS|Dr. TNF
TALTZ_PSORIATIC ARTHRITIS|F2F_CALL|EFFICACY#SPINAL_PAIN_AND_STIFFNESS|Dr. Joint Only
TALTZ_PSORIATIC ARTHRITIS|F2F_CALL|EFFICACY#SPINAL_PAIN_AND_STIFFNESS|Dr. Domains
TALTZ_PSORIATIC ARTHRITIS|F2F_CALL|EFFICACY#SPINAL_PAIN_AND_STIFFNESS|APP
TALTZ_PSORIATIC ARTHRITIS|F2F_CALL|EFFICACY#SPINAL_PAIN_AND_STIFFNESS|NPP_NON_TARGET
TALTZ_PSORIATIC ARTHRITIS|F2F_CALL|EFFICACY#SPINAL_PAIN_AND_STIFFNESS|NA
TALTZ_PSORIATIC ARTHRITIS|F2F_CALL|EFFICACY#SECONDARY|Dr. Ease of Access
TALTZ_PSORIATIC ARTHRITIS|F2F_CALL|EFFICACY#SECONDARY|Dr. TNF
TALTZ_PSORIATIC ARTHRITIS|F2F_CALL|EFFICACY#SECONDARY|Dr. Joint Only
TALTZ_PSORIATIC ARTHRITIS|F2F_CALL|EFFICACY#SECONDARY|Dr. Domains
TALTZ_PSORIATIC ARTHRITIS|F2F_CALL|EFFICACY#SECONDARY|APP
TALTZ_PSORIATIC ARTHRITIS|F2F_CALL|EFFICACY#SECONDARY|NPP_NON_TARGET
TALTZ_PSORIATIC ARTHRITIS|F2F_CALL|EFFICACY#SECONDARY|NA
TALTZ_PSORIATIC ARTHRITIS|F2F_CALL|EFFICACY#RAPID_ONSET|Dr. Ease of Access
TALTZ_PSORIATIC ARTHRITIS|F2F_CALL|EFFICACY#RAPID_ONSET|Dr. TNF
TALTZ_PSORIATIC ARTHRITIS|F2F_CALL|EFFICACY#RAPID_ONSET|Dr. Joint Only
TALTZ_PSORIATIC ARTHRITIS|F2F_CALL|EFFICACY#RAPID_ONSET|Dr. Domains
TALTZ_PSORIATIC ARTHRITIS|F2F_CALL|EFFICACY#RAPID_ONSET|APP
TALTZ_PSORIATIC ARTHRITIS|F2F_CALL|EFFICACY#RAPID_ONSET|NPP_NON_TARGET
TALTZ_PSORIATIC ARTHRITIS|F2F_CALL|EFFICACY#RAPID_ONSET|NA
TALTZ_PSORIATIC ARTHRITIS|F2F_CALL|EFFICACY#PSO_PEDS|Dr. Ease of Access
TALTZ_PSORIATIC ARTHRITIS|F2F_CALL|EFFICACY#PSO_PEDS|Dr. TNF
TALTZ_PSORIATIC ARTHRITIS|F2F_CALL|EFFICACY#PSO_PEDS|Dr. Joint Only
TALTZ_PSORIATIC ARTHRITIS|F2F_CALL|EFFICACY#PSO_PEDS|Dr. Domains
TALTZ_PSORIATIC ARTHRITIS|F2F_CALL|EFFICACY#PSO_PEDS|APP
TALTZ_PSORIATIC ARTHRITIS|F2F_CALL|EFFICACY#PSO_PEDS|NPP_NON_TARGET
TALTZ_PSORIATIC ARTHRITIS|F2F_CALL|EFFICACY#PSO_PEDS|NA
TALTZ_PSORIATIC ARTHRITIS|F2F_CALL|EFFICACY#NOW_APPROVED|Dr. Ease of Access
TALTZ_PSORIATIC ARTHRITIS|F2F_CALL|EFFICACY#NOW_APPROVED|Dr. TNF
TALTZ_PSORIATIC ARTHRITIS|F2F_CALL|EFFICACY#NOW_APPROVED|Dr. Joint Only
TALTZ_PSORIATIC ARTHRITIS|F2F_CALL|EFFICACY#NOW_APPROVED|Dr. Domains
TALTZ_PSORIATIC ARTHRITIS|F2F_CALL|EFFICACY#NOW_APPROVED|APP
TALTZ_PSORIATIC ARTHRITIS|F2F_CALL|EFFICACY#NOW_APPROVED|NPP_NON_TARGET
TALTZ_PSORIATIC ARTHRITIS|F2F_CALL|EFFICACY#NOW_APPROVED|NA
TALTZ_PSORIATIC ARTHRITIS|F2F_CALL|EFFICACY#NA|Dr. Ease of Access
TALTZ_PSORIATIC ARTHRITIS|F2F_CALL|EFFICACY#NA|Dr. TNF
TALTZ_PSORIATIC ARTHRITIS|F2F_CALL|EFFICACY#NA|Dr. Joint Only
TALTZ_PSORIATIC ARTHRITIS|F2F_CALL|EFFICACY#NA|Dr. Domains
TALTZ_PSORIATIC ARTHRITIS|F2F_CALL|EFFICACY#NA|APP
TALTZ_PSORIATIC ARTHRITIS|F2F_CALL|EFFICACY#NA|NPP_NON_TARGET
TALTZ_PSORIATIC ARTHRITIS|F2F_CALL|EFFICACY#NA|NA
TALTZ_PSORIATIC ARTHRITIS|F2F_CALL|EFFICACY#LONG_TERM|Dr. Ease of Access
TALTZ_PSORIATIC ARTHRITIS|F2F_CALL|EFFICACY#LONG_TERM|Dr. TNF
TALTZ_PSORIATIC ARTHRITIS|F2F_CALL|EFFICACY#LONG_TERM|Dr. Joint Only
TALTZ_PSORIATIC ARTHRITIS|F2F_CALL|EFFICACY#LONG_TERM|Dr. Domains
TALTZ_PSORIATIC ARTHRITIS|F2F_CALL|EFFICACY#LONG_TERM|APP
TALTZ_PSORIATIC ARTHRITIS|F2F_CALL|EFFICACY#LONG_TERM|NPP_NON_TARGET
TALTZ_PSORIATIC ARTHRITIS|F2F_CALL|EFFICACY#LONG_TERM|NA
TALTZ_PSORIATIC ARTHRITIS|F2F_CALL|EASE_OF_ADMINISTRATION|Dr. Ease of Access
TALTZ_PSORIATIC ARTHRITIS|F2F_CALL|EASE_OF_ADMINISTRATION|Dr. TNF
TALTZ_PSORIATIC ARTHRITIS|F2F_CALL|EASE_OF_ADMINISTRATION|Dr. Joint Only
TALTZ_PSORIATIC ARTHRITIS|F2F_CALL|EASE_OF_ADMINISTRATION|Dr. Domains
TALTZ_PSORIATIC ARTHRITIS|F2F_CALL|EASE_OF_ADMINISTRATION|APP
TALTZ_PSORIATIC ARTHRITIS|F2F_CALL|EASE_OF_ADMINISTRATION|NPP_NON_TARGET
TALTZ_PSORIATIC ARTHRITIS|F2F_CALL|EASE_OF_ADMINISTRATION|NA
TALTZ_PSORIATIC ARTHRITIS|F2F_CALL|DOSING|Dr. Ease of Access
TALTZ_PSORIATIC ARTHRITIS|F2F_CALL|DOSING|Dr. TNF
TALTZ_PSORIATIC ARTHRITIS|F2F_CALL|DOSING|Dr. Joint Only
TALTZ_PSORIATIC ARTHRITIS|F2F_CALL|DOSING|Dr. Domains
TALTZ_PSORIATIC ARTHRITIS|F2F_CALL|DOSING|APP
TALTZ_PSORIATIC ARTHRITIS|F2F_CALL|DOSING|NPP_NON_TARGET
TALTZ_PSORIATIC ARTHRITIS|F2F_CALL|DOSING|NA
TALTZ_PSORIATIC ARTHRITIS|F2F_CALL|DISEASE_STATE|Dr. Ease of Access
TALTZ_PSORIATIC ARTHRITIS|F2F_CALL|DISEASE_STATE|Dr. TNF
TALTZ_PSORIATIC ARTHRITIS|F2F_CALL|DISEASE_STATE|Dr. Joint Only
TALTZ_PSORIATIC ARTHRITIS|F2F_CALL|DISEASE_STATE|Dr. Domains
TALTZ_PSORIATIC ARTHRITIS|F2F_CALL|DISEASE_STATE|APP
TALTZ_PSORIATIC ARTHRITIS|F2F_CALL|DISEASE_STATE|NPP_NON_TARGET
TALTZ_PSORIATIC ARTHRITIS|F2F_CALL|DISEASE_STATE|NA
TALTZ_PSORIATIC ARTHRITIS|HQ_EMAIL|ACCESS_FORMULARY|Dr. Ease of Access
TALTZ_PSORIATIC ARTHRITIS|HQ_EMAIL|ACCESS_FORMULARY|Dr. TNF
TALTZ_PSORIATIC ARTHRITIS|HQ_EMAIL|ACCESS_FORMULARY|Dr. Joint Only
TALTZ_PSORIATIC ARTHRITIS|HQ_EMAIL|ACCESS_FORMULARY|Dr. Domains
TALTZ_PSORIATIC ARTHRITIS|HQ_EMAIL|ACCESS_FORMULARY|APP
TALTZ_PSORIATIC ARTHRITIS|HQ_EMAIL|ACCESS_FORMULARY|NPP_NON_TARGET
TALTZ_PSORIATIC ARTHRITIS|HQ_EMAIL|ACCESS_FORMULARY|NA
TALTZ_PSORIATIC ARTHRITIS|HQ_EMAIL|UNMET_NEED|Dr. Ease of Access
TALTZ_PSORIATIC ARTHRITIS|HQ_EMAIL|UNMET_NEED|Dr. TNF
TALTZ_PSORIATIC ARTHRITIS|HQ_EMAIL|UNMET_NEED|Dr. Joint Only
TALTZ_PSORIATIC ARTHRITIS|HQ_EMAIL|UNMET_NEED|Dr. Domains
TALTZ_PSORIATIC ARTHRITIS|HQ_EMAIL|UNMET_NEED|APP
TALTZ_PSORIATIC ARTHRITIS|HQ_EMAIL|UNMET_NEED|NPP_NON_TARGET
TALTZ_PSORIATIC ARTHRITIS|HQ_EMAIL|UNMET_NEED|NA
TALTZ_PSORIATIC ARTHRITIS|HQ_EMAIL|SAFETY#PSO_PEDS|Dr. Ease of Access
TALTZ_PSORIATIC ARTHRITIS|HQ_EMAIL|SAFETY#PSO_PEDS|Dr. TNF
TALTZ_PSORIATIC ARTHRITIS|HQ_EMAIL|SAFETY#PSO_PEDS|Dr. Joint Only
TALTZ_PSORIATIC ARTHRITIS|HQ_EMAIL|SAFETY#PSO_PEDS|Dr. Domains
TALTZ_PSORIATIC ARTHRITIS|HQ_EMAIL|SAFETY#PSO_PEDS|APP
TALTZ_PSORIATIC ARTHRITIS|HQ_EMAIL|SAFETY#PSO_PEDS|NPP_NON_TARGET
TALTZ_PSORIATIC ARTHRITIS|HQ_EMAIL|SAFETY#PSO_PEDS|NA
TALTZ_PSORIATIC ARTHRITIS|HQ_EMAIL|SAFETY#PSO_ADULTS|Dr. Ease of Access
TALTZ_PSORIATIC ARTHRITIS|HQ_EMAIL|SAFETY#PSO_ADULTS|Dr. TNF
TALTZ_PSORIATIC ARTHRITIS|HQ_EMAIL|SAFETY#PSO_ADULTS|Dr. Joint Only
TALTZ_PSORIATIC ARTHRITIS|HQ_EMAIL|SAFETY#PSO_ADULTS|Dr. Domains
TALTZ_PSORIATIC ARTHRITIS|HQ_EMAIL|SAFETY#PSO_ADULTS|APP
TALTZ_PSORIATIC ARTHRITIS|HQ_EMAIL|SAFETY#PSO_ADULTS|NPP_NON_TARGET
TALTZ_PSORIATIC ARTHRITIS|HQ_EMAIL|SAFETY#PSO_ADULTS|NA
TALTZ_PSORIATIC ARTHRITIS|HQ_EMAIL|SAFETY#PSA|Dr. Ease of Access
TALTZ_PSORIATIC ARTHRITIS|HQ_EMAIL|SAFETY#PSA|Dr. TNF
TALTZ_PSORIATIC ARTHRITIS|HQ_EMAIL|SAFETY#PSA|Dr. Joint Only
TALTZ_PSORIATIC ARTHRITIS|HQ_EMAIL|SAFETY#PSA|Dr. Domains
TALTZ_PSORIATIC ARTHRITIS|HQ_EMAIL|SAFETY#PSA|APP
TALTZ_PSORIATIC ARTHRITIS|HQ_EMAIL|SAFETY#PSA|NPP_NON_TARGET
TALTZ_PSORIATIC ARTHRITIS|HQ_EMAIL|SAFETY#PSA|NA
TALTZ_PSORIATIC ARTHRITIS|HQ_EMAIL|SAFETY#LONG_TERM|Dr. Ease of Access
TALTZ_PSORIATIC ARTHRITIS|HQ_EMAIL|SAFETY#LONG_TERM|Dr. TNF
TALTZ_PSORIATIC ARTHRITIS|HQ_EMAIL|SAFETY#LONG_TERM|Dr. Joint Only
TALTZ_PSORIATIC ARTHRITIS|HQ_EMAIL|SAFETY#LONG_TERM|Dr. Domains
TALTZ_PSORIATIC ARTHRITIS|HQ_EMAIL|SAFETY#LONG_TERM|APP
TALTZ_PSORIATIC ARTHRITIS|HQ_EMAIL|SAFETY#LONG_TERM|NPP_NON_TARGET
TALTZ_PSORIATIC ARTHRITIS|HQ_EMAIL|SAFETY#LONG_TERM|NA
TALTZ_PSORIATIC ARTHRITIS|HQ_EMAIL|INITIATION|Dr. Ease of Access
TALTZ_PSORIATIC ARTHRITIS|HQ_EMAIL|INITIATION|Dr. TNF
TALTZ_PSORIATIC ARTHRITIS|HQ_EMAIL|INITIATION|Dr. Joint Only
TALTZ_PSORIATIC ARTHRITIS|HQ_EMAIL|INITIATION|Dr. Domains
TALTZ_PSORIATIC ARTHRITIS|HQ_EMAIL|INITIATION|APP
TALTZ_PSORIATIC ARTHRITIS|HQ_EMAIL|INITIATION|NPP_NON_TARGET
TALTZ_PSORIATIC ARTHRITIS|HQ_EMAIL|INITIATION|NA
TALTZ_PSORIATIC ARTHRITIS|HQ_EMAIL|GENERAL|Dr. Ease of Access
TALTZ_PSORIATIC ARTHRITIS|HQ_EMAIL|GENERAL|Dr. TNF
TALTZ_PSORIATIC ARTHRITIS|HQ_EMAIL|GENERAL|Dr. Joint Only
TALTZ_PSORIATIC ARTHRITIS|HQ_EMAIL|GENERAL|Dr. Domains
TALTZ_PSORIATIC ARTHRITIS|HQ_EMAIL|GENERAL|APP
TALTZ_PSORIATIC ARTHRITIS|HQ_EMAIL|GENERAL|NPP_NON_TARGET
TALTZ_PSORIATIC ARTHRITIS|HQ_EMAIL|GENERAL|NA
TALTZ_PSORIATIC ARTHRITIS|HQ_EMAIL|EFFICACY#STRUCTURE|Dr. Ease of Access
TALTZ_PSORIATIC ARTHRITIS|HQ_EMAIL|EFFICACY#STRUCTURE|Dr. TNF
TALTZ_PSORIATIC ARTHRITIS|HQ_EMAIL|EFFICACY#STRUCTURE|Dr. Joint Only
TALTZ_PSORIATIC ARTHRITIS|HQ_EMAIL|EFFICACY#STRUCTURE|Dr. Domains
TALTZ_PSORIATIC ARTHRITIS|HQ_EMAIL|EFFICACY#STRUCTURE|APP
TALTZ_PSORIATIC ARTHRITIS|HQ_EMAIL|EFFICACY#STRUCTURE|NPP_NON_TARGET
TALTZ_PSORIATIC ARTHRITIS|HQ_EMAIL|EFFICACY#STRUCTURE|NA
TALTZ_PSORIATIC ARTHRITIS|HQ_EMAIL|EFFICACY#HEAD_TO_HEAD|Dr. Ease of Access
TALTZ_PSORIATIC ARTHRITIS|HQ_EMAIL|EFFICACY#HEAD_TO_HEAD|Dr. TNF
TALTZ_PSORIATIC ARTHRITIS|HQ_EMAIL|EFFICACY#HEAD_TO_HEAD|Dr. Joint Only
TALTZ_PSORIATIC ARTHRITIS|HQ_EMAIL|EFFICACY#HEAD_TO_HEAD|Dr. Domains
TALTZ_PSORIATIC ARTHRITIS|HQ_EMAIL|EFFICACY#HEAD_TO_HEAD|APP
TALTZ_PSORIATIC ARTHRITIS|HQ_EMAIL|EFFICACY#HEAD_TO_HEAD|NPP_NON_TARGET
TALTZ_PSORIATIC ARTHRITIS|HQ_EMAIL|EFFICACY#HEAD_TO_HEAD|NA
TALTZ_PSORIATIC ARTHRITIS|HQ_EMAIL|EFFICACY#ENTHESITIS_DACYLITIS|Dr. Ease of Access
TALTZ_PSORIATIC ARTHRITIS|HQ_EMAIL|EFFICACY#ENTHESITIS_DACYLITIS|Dr. TNF
TALTZ_PSORIATIC ARTHRITIS|HQ_EMAIL|EFFICACY#ENTHESITIS_DACYLITIS|Dr. Joint Only
TALTZ_PSORIATIC ARTHRITIS|HQ_EMAIL|EFFICACY#ENTHESITIS_DACYLITIS|Dr. Domains
TALTZ_PSORIATIC ARTHRITIS|HQ_EMAIL|EFFICACY#ENTHESITIS_DACYLITIS|APP
TALTZ_PSORIATIC ARTHRITIS|HQ_EMAIL|EFFICACY#ENTHESITIS_DACYLITIS|NPP_NON_TARGET
TALTZ_PSORIATIC ARTHRITIS|HQ_EMAIL|EFFICACY#ENTHESITIS_DACYLITIS|NA
TALTZ_PSORIATIC ARTHRITIS|HQ_EMAIL|EFFICACY#CORE|Dr. Ease of Access
TALTZ_PSORIATIC ARTHRITIS|HQ_EMAIL|EFFICACY#CORE|Dr. TNF
TALTZ_PSORIATIC ARTHRITIS|HQ_EMAIL|EFFICACY#CORE|Dr. Joint Only
TALTZ_PSORIATIC ARTHRITIS|HQ_EMAIL|EFFICACY#CORE|Dr. Domains
TALTZ_PSORIATIC ARTHRITIS|HQ_EMAIL|EFFICACY#CORE|APP
TALTZ_PSORIATIC ARTHRITIS|HQ_EMAIL|EFFICACY#CORE|NPP_NON_TARGET
TALTZ_PSORIATIC ARTHRITIS|HQ_EMAIL|EFFICACY#CORE|NA
TALTZ_PSORIATIC ARTHRITIS|HQ_EMAIL|EFFICACY#COMBINATION_THERAPY|Dr. Ease of Access
TALTZ_PSORIATIC ARTHRITIS|HQ_EMAIL|EFFICACY#COMBINATION_THERAPY|Dr. TNF
TALTZ_PSORIATIC ARTHRITIS|HQ_EMAIL|EFFICACY#COMBINATION_THERAPY|Dr. Joint Only
TALTZ_PSORIATIC ARTHRITIS|HQ_EMAIL|EFFICACY#COMBINATION_THERAPY|Dr. Domains
TALTZ_PSORIATIC ARTHRITIS|HQ_EMAIL|EFFICACY#COMBINATION_THERAPY|APP
TALTZ_PSORIATIC ARTHRITIS|HQ_EMAIL|EFFICACY#COMBINATION_THERAPY|NPP_NON_TARGET
TALTZ_PSORIATIC ARTHRITIS|HQ_EMAIL|EFFICACY#COMBINATION_THERAPY|NA
TALTZ_PSORIATIC ARTHRITIS|HQ_EMAIL|DEVICE|Dr. Ease of Access
TALTZ_PSORIATIC ARTHRITIS|HQ_EMAIL|DEVICE|Dr. TNF
TALTZ_PSORIATIC ARTHRITIS|HQ_EMAIL|DEVICE|Dr. Joint Only
TALTZ_PSORIATIC ARTHRITIS|HQ_EMAIL|DEVICE|Dr. Domains
TALTZ_PSORIATIC ARTHRITIS|HQ_EMAIL|DEVICE|APP
TALTZ_PSORIATIC ARTHRITIS|HQ_EMAIL|DEVICE|NPP_NON_TARGET
TALTZ_PSORIATIC ARTHRITIS|HQ_EMAIL|DEVICE|NA
TALTZ_PSORIATIC ARTHRITIS|HQ_EMAIL|SAFETY#SIDE_EFFECTS|Dr. Ease of Access
TALTZ_PSORIATIC ARTHRITIS|HQ_EMAIL|SAFETY#SIDE_EFFECTS|Dr. TNF
TALTZ_PSORIATIC ARTHRITIS|HQ_EMAIL|SAFETY#SIDE_EFFECTS|Dr. Joint Only
TALTZ_PSORIATIC ARTHRITIS|HQ_EMAIL|SAFETY#SIDE_EFFECTS|Dr. Domains
TALTZ_PSORIATIC ARTHRITIS|HQ_EMAIL|SAFETY#SIDE_EFFECTS|APP
TALTZ_PSORIATIC ARTHRITIS|HQ_EMAIL|SAFETY#SIDE_EFFECTS|NPP_NON_TARGET
TALTZ_PSORIATIC ARTHRITIS|HQ_EMAIL|SAFETY#SIDE_EFFECTS|NA
TALTZ_PSORIATIC ARTHRITIS|HQ_EMAIL|SAFETY#NR_AXSPA|Dr. Ease of Access
TALTZ_PSORIATIC ARTHRITIS|HQ_EMAIL|SAFETY#NR_AXSPA|Dr. TNF
TALTZ_PSORIATIC ARTHRITIS|HQ_EMAIL|SAFETY#NR_AXSPA|Dr. Joint Only
TALTZ_PSORIATIC ARTHRITIS|HQ_EMAIL|SAFETY#NR_AXSPA|Dr. Domains
TALTZ_PSORIATIC ARTHRITIS|HQ_EMAIL|SAFETY#NR_AXSPA|APP
TALTZ_PSORIATIC ARTHRITIS|HQ_EMAIL|SAFETY#NR_AXSPA|NPP_NON_TARGET
TALTZ_PSORIATIC ARTHRITIS|HQ_EMAIL|SAFETY#NR_AXSPA|NA
TALTZ_PSORIATIC ARTHRITIS|HQ_EMAIL|SAFETY#NA|Dr. Ease of Access
TALTZ_PSORIATIC ARTHRITIS|HQ_EMAIL|SAFETY#NA|Dr. TNF
TALTZ_PSORIATIC ARTHRITIS|HQ_EMAIL|SAFETY#NA|Dr. Joint Only
TALTZ_PSORIATIC ARTHRITIS|HQ_EMAIL|SAFETY#NA|Dr. Domains
TALTZ_PSORIATIC ARTHRITIS|HQ_EMAIL|SAFETY#NA|APP
TALTZ_PSORIATIC ARTHRITIS|HQ_EMAIL|SAFETY#NA|NPP_NON_TARGET
TALTZ_PSORIATIC ARTHRITIS|HQ_EMAIL|SAFETY#NA|NA
TALTZ_PSORIATIC ARTHRITIS|HQ_EMAIL|SAFETY#HEAD_TO_HEAD|Dr. Ease of Access
TALTZ_PSORIATIC ARTHRITIS|HQ_EMAIL|SAFETY#HEAD_TO_HEAD|Dr. TNF
TALTZ_PSORIATIC ARTHRITIS|HQ_EMAIL|SAFETY#HEAD_TO_HEAD|Dr. Joint Only
TALTZ_PSORIATIC ARTHRITIS|HQ_EMAIL|SAFETY#HEAD_TO_HEAD|Dr. Domains
TALTZ_PSORIATIC ARTHRITIS|HQ_EMAIL|SAFETY#HEAD_TO_HEAD|APP
TALTZ_PSORIATIC ARTHRITIS|HQ_EMAIL|SAFETY#HEAD_TO_HEAD|NPP_NON_TARGET
TALTZ_PSORIATIC ARTHRITIS|HQ_EMAIL|SAFETY#HEAD_TO_HEAD|NA
TALTZ_PSORIATIC ARTHRITIS|HQ_EMAIL|SAFETY#AS|Dr. Ease of Access
TALTZ_PSORIATIC ARTHRITIS|HQ_EMAIL|SAFETY#AS|Dr. TNF
TALTZ_PSORIATIC ARTHRITIS|HQ_EMAIL|SAFETY#AS|Dr. Joint Only
TALTZ_PSORIATIC ARTHRITIS|HQ_EMAIL|SAFETY#AS|Dr. Domains
TALTZ_PSORIATIC ARTHRITIS|HQ_EMAIL|SAFETY#AS|APP
TALTZ_PSORIATIC ARTHRITIS|HQ_EMAIL|SAFETY#AS|NPP_NON_TARGET
TALTZ_PSORIATIC ARTHRITIS|HQ_EMAIL|SAFETY#AS|NA
TALTZ_PSORIATIC ARTHRITIS|HQ_EMAIL|PATIENT_TYPE_IDENTIFICATION|Dr. Ease of Access
TALTZ_PSORIATIC ARTHRITIS|HQ_EMAIL|PATIENT_TYPE_IDENTIFICATION|Dr. TNF
TALTZ_PSORIATIC ARTHRITIS|HQ_EMAIL|PATIENT_TYPE_IDENTIFICATION|Dr. Joint Only
TALTZ_PSORIATIC ARTHRITIS|HQ_EMAIL|PATIENT_TYPE_IDENTIFICATION|Dr. Domains
TALTZ_PSORIATIC ARTHRITIS|HQ_EMAIL|PATIENT_TYPE_IDENTIFICATION|APP
TALTZ_PSORIATIC ARTHRITIS|HQ_EMAIL|PATIENT_TYPE_IDENTIFICATION|NPP_NON_TARGET
TALTZ_PSORIATIC ARTHRITIS|HQ_EMAIL|PATIENT_TYPE_IDENTIFICATION|NA
TALTZ_PSORIATIC ARTHRITIS|HQ_EMAIL|PATIENT_CUSTOMER_SUPPORT|Dr. Ease of Access
TALTZ_PSORIATIC ARTHRITIS|HQ_EMAIL|PATIENT_CUSTOMER_SUPPORT|Dr. TNF
TALTZ_PSORIATIC ARTHRITIS|HQ_EMAIL|PATIENT_CUSTOMER_SUPPORT|Dr. Joint Only
TALTZ_PSORIATIC ARTHRITIS|HQ_EMAIL|PATIENT_CUSTOMER_SUPPORT|Dr. Domains
TALTZ_PSORIATIC ARTHRITIS|HQ_EMAIL|PATIENT_CUSTOMER_SUPPORT|APP
TALTZ_PSORIATIC ARTHRITIS|HQ_EMAIL|PATIENT_CUSTOMER_SUPPORT|NPP_NON_TARGET
TALTZ_PSORIATIC ARTHRITIS|HQ_EMAIL|PATIENT_CUSTOMER_SUPPORT|NA
TALTZ_PSORIATIC ARTHRITIS|HQ_EMAIL|PATIENT_AFFORDABILITY|Dr. Ease of Access
TALTZ_PSORIATIC ARTHRITIS|HQ_EMAIL|PATIENT_AFFORDABILITY|Dr. TNF
TALTZ_PSORIATIC ARTHRITIS|HQ_EMAIL|PATIENT_AFFORDABILITY|Dr. Joint Only
TALTZ_PSORIATIC ARTHRITIS|HQ_EMAIL|PATIENT_AFFORDABILITY|Dr. Domains
TALTZ_PSORIATIC ARTHRITIS|HQ_EMAIL|PATIENT_AFFORDABILITY|APP
TALTZ_PSORIATIC ARTHRITIS|HQ_EMAIL|PATIENT_AFFORDABILITY|NPP_NON_TARGET
TALTZ_PSORIATIC ARTHRITIS|HQ_EMAIL|PATIENT_AFFORDABILITY|NA
TALTZ_PSORIATIC ARTHRITIS|HQ_EMAIL|MOA|Dr. Ease of Access
TALTZ_PSORIATIC ARTHRITIS|HQ_EMAIL|MOA|Dr. TNF
TALTZ_PSORIATIC ARTHRITIS|HQ_EMAIL|MOA|Dr. Joint Only
TALTZ_PSORIATIC ARTHRITIS|HQ_EMAIL|MOA|Dr. Domains
TALTZ_PSORIATIC ARTHRITIS|HQ_EMAIL|MOA|APP
TALTZ_PSORIATIC ARTHRITIS|HQ_EMAIL|MOA|NPP_NON_TARGET
TALTZ_PSORIATIC ARTHRITIS|HQ_EMAIL|MOA|NA
TALTZ_PSORIATIC ARTHRITIS|HQ_EMAIL|EFFICACY#SPINAL_PAIN_AND_STIFFNESS|Dr. Ease of Access
TALTZ_PSORIATIC ARTHRITIS|HQ_EMAIL|EFFICACY#SPINAL_PAIN_AND_STIFFNESS|Dr. TNF
TALTZ_PSORIATIC ARTHRITIS|HQ_EMAIL|EFFICACY#SPINAL_PAIN_AND_STIFFNESS|Dr. Joint Only
TALTZ_PSORIATIC ARTHRITIS|HQ_EMAIL|EFFICACY#SPINAL_PAIN_AND_STIFFNESS|Dr. Domains
TALTZ_PSORIATIC ARTHRITIS|HQ_EMAIL|EFFICACY#SPINAL_PAIN_AND_STIFFNESS|APP
TALTZ_PSORIATIC ARTHRITIS|HQ_EMAIL|EFFICACY#SPINAL_PAIN_AND_STIFFNESS|NPP_NON_TARGET
TALTZ_PSORIATIC ARTHRITIS|HQ_EMAIL|EFFICACY#SPINAL_PAIN_AND_STIFFNESS|NA
TALTZ_PSORIATIC ARTHRITIS|HQ_EMAIL|EFFICACY#SECONDARY|Dr. Ease of Access
TALTZ_PSORIATIC ARTHRITIS|HQ_EMAIL|EFFICACY#SECONDARY|Dr. TNF
TALTZ_PSORIATIC ARTHRITIS|HQ_EMAIL|EFFICACY#SECONDARY|Dr. Joint Only
TALTZ_PSORIATIC ARTHRITIS|HQ_EMAIL|EFFICACY#SECONDARY|Dr. Domains
TALTZ_PSORIATIC ARTHRITIS|HQ_EMAIL|EFFICACY#SECONDARY|APP
TALTZ_PSORIATIC ARTHRITIS|HQ_EMAIL|EFFICACY#SECONDARY|NPP_NON_TARGET
TALTZ_PSORIATIC ARTHRITIS|HQ_EMAIL|EFFICACY#SECONDARY|NA
TALTZ_PSORIATIC ARTHRITIS|HQ_EMAIL|EFFICACY#RAPID_ONSET|Dr. Ease of Access
TALTZ_PSORIATIC ARTHRITIS|HQ_EMAIL|EFFICACY#RAPID_ONSET|Dr. TNF
TALTZ_PSORIATIC ARTHRITIS|HQ_EMAIL|EFFICACY#RAPID_ONSET|Dr. Joint Only
TALTZ_PSORIATIC ARTHRITIS|HQ_EMAIL|EFFICACY#RAPID_ONSET|Dr. Domains
TALTZ_PSORIATIC ARTHRITIS|HQ_EMAIL|EFFICACY#RAPID_ONSET|APP
TALTZ_PSORIATIC ARTHRITIS|HQ_EMAIL|EFFICACY#RAPID_ONSET|NPP_NON_TARGET
TALTZ_PSORIATIC ARTHRITIS|HQ_EMAIL|EFFICACY#RAPID_ONSET|NA
TALTZ_PSORIATIC ARTHRITIS|HQ_EMAIL|EFFICACY#PSO_PEDS|Dr. Ease of Access
TALTZ_PSORIATIC ARTHRITIS|HQ_EMAIL|EFFICACY#PSO_PEDS|Dr. TNF
TALTZ_PSORIATIC ARTHRITIS|HQ_EMAIL|EFFICACY#PSO_PEDS|Dr. Joint Only
TALTZ_PSORIATIC ARTHRITIS|HQ_EMAIL|EFFICACY#PSO_PEDS|Dr. Domains
TALTZ_PSORIATIC ARTHRITIS|HQ_EMAIL|EFFICACY#PSO_PEDS|APP
TALTZ_PSORIATIC ARTHRITIS|HQ_EMAIL|EFFICACY#PSO_PEDS|NPP_NON_TARGET
TALTZ_PSORIATIC ARTHRITIS|HQ_EMAIL|EFFICACY#PSO_PEDS|NA
TALTZ_PSORIATIC ARTHRITIS|HQ_EMAIL|EFFICACY#NOW_APPROVED|Dr. Ease of Access
TALTZ_PSORIATIC ARTHRITIS|HQ_EMAIL|EFFICACY#NOW_APPROVED|Dr. TNF
TALTZ_PSORIATIC ARTHRITIS|HQ_EMAIL|EFFICACY#NOW_APPROVED|Dr. Joint Only
TALTZ_PSORIATIC ARTHRITIS|HQ_EMAIL|EFFICACY#NOW_APPROVED|Dr. Domains
TALTZ_PSORIATIC ARTHRITIS|HQ_EMAIL|EFFICACY#NOW_APPROVED|APP
TALTZ_PSORIATIC ARTHRITIS|HQ_EMAIL|EFFICACY#NOW_APPROVED|NPP_NON_TARGET
TALTZ_PSORIATIC ARTHRITIS|HQ_EMAIL|EFFICACY#NOW_APPROVED|NA
TALTZ_PSORIATIC ARTHRITIS|HQ_EMAIL|EFFICACY#NA|Dr. Ease of Access
TALTZ_PSORIATIC ARTHRITIS|HQ_EMAIL|EFFICACY#NA|Dr. TNF
TALTZ_PSORIATIC ARTHRITIS|HQ_EMAIL|EFFICACY#NA|Dr. Joint Only
TALTZ_PSORIATIC ARTHRITIS|HQ_EMAIL|EFFICACY#NA|Dr. Domains
TALTZ_PSORIATIC ARTHRITIS|HQ_EMAIL|EFFICACY#NA|APP
TALTZ_PSORIATIC ARTHRITIS|HQ_EMAIL|EFFICACY#NA|NPP_NON_TARGET
TALTZ_PSORIATIC ARTHRITIS|HQ_EMAIL|EFFICACY#NA|NA
TALTZ_PSORIATIC ARTHRITIS|HQ_EMAIL|EFFICACY#LONG_TERM|Dr. Ease of Access
TALTZ_PSORIATIC ARTHRITIS|HQ_EMAIL|EFFICACY#LONG_TERM|Dr. TNF
TALTZ_PSORIATIC ARTHRITIS|HQ_EMAIL|EFFICACY#LONG_TERM|Dr. Joint Only
TALTZ_PSORIATIC ARTHRITIS|HQ_EMAIL|EFFICACY#LONG_TERM|Dr. Domains
TALTZ_PSORIATIC ARTHRITIS|HQ_EMAIL|EFFICACY#LONG_TERM|APP
TALTZ_PSORIATIC ARTHRITIS|HQ_EMAIL|EFFICACY#LONG_TERM|NPP_NON_TARGET
TALTZ_PSORIATIC ARTHRITIS|HQ_EMAIL|EFFICACY#LONG_TERM|NA
TALTZ_PSORIATIC ARTHRITIS|HQ_EMAIL|EASE_OF_ADMINISTRATION|Dr. Ease of Access
TALTZ_PSORIATIC ARTHRITIS|HQ_EMAIL|EASE_OF_ADMINISTRATION|Dr. TNF
TALTZ_PSORIATIC ARTHRITIS|HQ_EMAIL|EASE_OF_ADMINISTRATION|Dr. Joint Only
TALTZ_PSORIATIC ARTHRITIS|HQ_EMAIL|EASE_OF_ADMINISTRATION|Dr. Domains
TALTZ_PSORIATIC ARTHRITIS|HQ_EMAIL|EASE_OF_ADMINISTRATION|APP
TALTZ_PSORIATIC ARTHRITIS|HQ_EMAIL|EASE_OF_ADMINISTRATION|NPP_NON_TARGET
TALTZ_PSORIATIC ARTHRITIS|HQ_EMAIL|EASE_OF_ADMINISTRATION|NA
TALTZ_PSORIATIC ARTHRITIS|HQ_EMAIL|DOSING|Dr. Ease of Access
TALTZ_PSORIATIC ARTHRITIS|HQ_EMAIL|DOSING|Dr. TNF
TALTZ_PSORIATIC ARTHRITIS|HQ_EMAIL|DOSING|Dr. Joint Only
TALTZ_PSORIATIC ARTHRITIS|HQ_EMAIL|DOSING|Dr. Domains
TALTZ_PSORIATIC ARTHRITIS|HQ_EMAIL|DOSING|APP
TALTZ_PSORIATIC ARTHRITIS|HQ_EMAIL|DOSING|NPP_NON_TARGET
TALTZ_PSORIATIC ARTHRITIS|HQ_EMAIL|DOSING|NA
TALTZ_PSORIATIC ARTHRITIS|HQ_EMAIL|DISEASE_STATE|Dr. Ease of Access
TALTZ_PSORIATIC ARTHRITIS|HQ_EMAIL|DISEASE_STATE|Dr. TNF
TALTZ_PSORIATIC ARTHRITIS|HQ_EMAIL|DISEASE_STATE|Dr. Joint Only
TALTZ_PSORIATIC ARTHRITIS|HQ_EMAIL|DISEASE_STATE|Dr. Domains
TALTZ_PSORIATIC ARTHRITIS|HQ_EMAIL|DISEASE_STATE|APP
TALTZ_PSORIATIC ARTHRITIS|HQ_EMAIL|DISEASE_STATE|NPP_NON_TARGET
TALTZ_PSORIATIC ARTHRITIS|HQ_EMAIL|DISEASE_STATE|NA
TALTZ_PSORIATIC ARTHRITIS|MEDSCAPE_EMAIL|ACCESS_FORMULARY|Dr. Ease of Access
TALTZ_PSORIATIC ARTHRITIS|MEDSCAPE_EMAIL|ACCESS_FORMULARY|Dr. TNF
TALTZ_PSORIATIC ARTHRITIS|MEDSCAPE_EMAIL|ACCESS_FORMULARY|Dr. Joint Only
TALTZ_PSORIATIC ARTHRITIS|MEDSCAPE_EMAIL|ACCESS_FORMULARY|Dr. Domains
TALTZ_PSORIATIC ARTHRITIS|MEDSCAPE_EMAIL|ACCESS_FORMULARY|APP
TALTZ_PSORIATIC ARTHRITIS|MEDSCAPE_EMAIL|ACCESS_FORMULARY|NPP_NON_TARGET
TALTZ_PSORIATIC ARTHRITIS|MEDSCAPE_EMAIL|ACCESS_FORMULARY|NA
TALTZ_PSORIATIC ARTHRITIS|MEDSCAPE_EMAIL|UNMET_NEED|Dr. Ease of Access
TALTZ_PSORIATIC ARTHRITIS|MEDSCAPE_EMAIL|UNMET_NEED|Dr. TNF
TALTZ_PSORIATIC ARTHRITIS|MEDSCAPE_EMAIL|UNMET_NEED|Dr. Joint Only
TALTZ_PSORIATIC ARTHRITIS|MEDSCAPE_EMAIL|UNMET_NEED|Dr. Domains
TALTZ_PSORIATIC ARTHRITIS|MEDSCAPE_EMAIL|UNMET_NEED|APP
TALTZ_PSORIATIC ARTHRITIS|MEDSCAPE_EMAIL|UNMET_NEED|NPP_NON_TARGET
TALTZ_PSORIATIC ARTHRITIS|MEDSCAPE_EMAIL|UNMET_NEED|NA
TALTZ_PSORIATIC ARTHRITIS|MEDSCAPE_EMAIL|SAFETY#PSO_PEDS|Dr. Ease of Access
TALTZ_PSORIATIC ARTHRITIS|MEDSCAPE_EMAIL|SAFETY#PSO_PEDS|Dr. TNF
TALTZ_PSORIATIC ARTHRITIS|MEDSCAPE_EMAIL|SAFETY#PSO_PEDS|Dr. Joint Only
TALTZ_PSORIATIC ARTHRITIS|MEDSCAPE_EMAIL|SAFETY#PSO_PEDS|Dr. Domains
TALTZ_PSORIATIC ARTHRITIS|MEDSCAPE_EMAIL|SAFETY#PSO_PEDS|APP
TALTZ_PSORIATIC ARTHRITIS|MEDSCAPE_EMAIL|SAFETY#PSO_PEDS|NPP_NON_TARGET
TALTZ_PSORIATIC ARTHRITIS|MEDSCAPE_EMAIL|SAFETY#PSO_PEDS|NA
TALTZ_PSORIATIC ARTHRITIS|MEDSCAPE_EMAIL|SAFETY#PSO_ADULTS|Dr. Ease of Access
TALTZ_PSORIATIC ARTHRITIS|MEDSCAPE_EMAIL|SAFETY#PSO_ADULTS|Dr. TNF
TALTZ_PSORIATIC ARTHRITIS|MEDSCAPE_EMAIL|SAFETY#PSO_ADULTS|Dr. Joint Only
TALTZ_PSORIATIC ARTHRITIS|MEDSCAPE_EMAIL|SAFETY#PSO_ADULTS|Dr. Domains
TALTZ_PSORIATIC ARTHRITIS|MEDSCAPE_EMAIL|SAFETY#PSO_ADULTS|APP
TALTZ_PSORIATIC ARTHRITIS|MEDSCAPE_EMAIL|SAFETY#PSO_ADULTS|NPP_NON_TARGET
TALTZ_PSORIATIC ARTHRITIS|MEDSCAPE_EMAIL|SAFETY#PSO_ADULTS|NA
TALTZ_PSORIATIC ARTHRITIS|MEDSCAPE_EMAIL|SAFETY#PSA|Dr. Ease of Access
TALTZ_PSORIATIC ARTHRITIS|MEDSCAPE_EMAIL|SAFETY#PSA|Dr. TNF
TALTZ_PSORIATIC ARTHRITIS|MEDSCAPE_EMAIL|SAFETY#PSA|Dr. Joint Only
TALTZ_PSORIATIC ARTHRITIS|MEDSCAPE_EMAIL|SAFETY#PSA|Dr. Domains
TALTZ_PSORIATIC ARTHRITIS|MEDSCAPE_EMAIL|SAFETY#PSA|APP
TALTZ_PSORIATIC ARTHRITIS|MEDSCAPE_EMAIL|SAFETY#PSA|NPP_NON_TARGET
TALTZ_PSORIATIC ARTHRITIS|MEDSCAPE_EMAIL|SAFETY#PSA|NA
TALTZ_PSORIATIC ARTHRITIS|MEDSCAPE_EMAIL|SAFETY#LONG_TERM|Dr. Ease of Access
TALTZ_PSORIATIC ARTHRITIS|MEDSCAPE_EMAIL|SAFETY#LONG_TERM|Dr. TNF
TALTZ_PSORIATIC ARTHRITIS|MEDSCAPE_EMAIL|SAFETY#LONG_TERM|Dr. Joint Only
TALTZ_PSORIATIC ARTHRITIS|MEDSCAPE_EMAIL|SAFETY#LONG_TERM|Dr. Domains
TALTZ_PSORIATIC ARTHRITIS|MEDSCAPE_EMAIL|SAFETY#LONG_TERM|APP
TALTZ_PSORIATIC ARTHRITIS|MEDSCAPE_EMAIL|SAFETY#LONG_TERM|NPP_NON_TARGET
TALTZ_PSORIATIC ARTHRITIS|MEDSCAPE_EMAIL|SAFETY#LONG_TERM|NA
TALTZ_PSORIATIC ARTHRITIS|MEDSCAPE_EMAIL|INITIATION|Dr. Ease of Access
TALTZ_PSORIATIC ARTHRITIS|MEDSCAPE_EMAIL|INITIATION|Dr. TNF
TALTZ_PSORIATIC ARTHRITIS|MEDSCAPE_EMAIL|INITIATION|Dr. Joint Only
TALTZ_PSORIATIC ARTHRITIS|MEDSCAPE_EMAIL|INITIATION|Dr. Domains
TALTZ_PSORIATIC ARTHRITIS|MEDSCAPE_EMAIL|INITIATION|APP
TALTZ_PSORIATIC ARTHRITIS|MEDSCAPE_EMAIL|INITIATION|NPP_NON_TARGET
TALTZ_PSORIATIC ARTHRITIS|MEDSCAPE_EMAIL|INITIATION|NA
TALTZ_PSORIATIC ARTHRITIS|MEDSCAPE_EMAIL|GENERAL|Dr. Ease of Access
TALTZ_PSORIATIC ARTHRITIS|MEDSCAPE_EMAIL|GENERAL|Dr. TNF
TALTZ_PSORIATIC ARTHRITIS|MEDSCAPE_EMAIL|GENERAL|Dr. Joint Only
TALTZ_PSORIATIC ARTHRITIS|MEDSCAPE_EMAIL|GENERAL|Dr. Domains
TALTZ_PSORIATIC ARTHRITIS|MEDSCAPE_EMAIL|GENERAL|APP
TALTZ_PSORIATIC ARTHRITIS|MEDSCAPE_EMAIL|GENERAL|NPP_NON_TARGET
TALTZ_PSORIATIC ARTHRITIS|MEDSCAPE_EMAIL|GENERAL|NA
TALTZ_PSORIATIC ARTHRITIS|MEDSCAPE_EMAIL|EFFICACY#STRUCTURE|Dr. Ease of Access
TALTZ_PSORIATIC ARTHRITIS|MEDSCAPE_EMAIL|EFFICACY#STRUCTURE|Dr. TNF
TALTZ_PSORIATIC ARTHRITIS|MEDSCAPE_EMAIL|EFFICACY#STRUCTURE|Dr. Joint Only
TALTZ_PSORIATIC ARTHRITIS|MEDSCAPE_EMAIL|EFFICACY#STRUCTURE|Dr. Domains
TALTZ_PSORIATIC ARTHRITIS|MEDSCAPE_EMAIL|EFFICACY#STRUCTURE|APP
TALTZ_PSORIATIC ARTHRITIS|MEDSCAPE_EMAIL|EFFICACY#STRUCTURE|NPP_NON_TARGET
TALTZ_PSORIATIC ARTHRITIS|MEDSCAPE_EMAIL|EFFICACY#STRUCTURE|NA
TALTZ_PSORIATIC ARTHRITIS|MEDSCAPE_EMAIL|EFFICACY#HEAD_TO_HEAD|Dr. Ease of Access
TALTZ_PSORIATIC ARTHRITIS|MEDSCAPE_EMAIL|EFFICACY#HEAD_TO_HEAD|Dr. TNF
TALTZ_PSORIATIC ARTHRITIS|MEDSCAPE_EMAIL|EFFICACY#HEAD_TO_HEAD|Dr. Joint Only
TALTZ_PSORIATIC ARTHRITIS|MEDSCAPE_EMAIL|EFFICACY#HEAD_TO_HEAD|Dr. Domains
TALTZ_PSORIATIC ARTHRITIS|MEDSCAPE_EMAIL|EFFICACY#HEAD_TO_HEAD|APP
TALTZ_PSORIATIC ARTHRITIS|MEDSCAPE_EMAIL|EFFICACY#HEAD_TO_HEAD|NPP_NON_TARGET
TALTZ_PSORIATIC ARTHRITIS|MEDSCAPE_EMAIL|EFFICACY#HEAD_TO_HEAD|NA
TALTZ_PSORIATIC ARTHRITIS|MEDSCAPE_EMAIL|EFFICACY#ENTHESITIS_DACYLITIS|Dr. Ease of Access
TALTZ_PSORIATIC ARTHRITIS|MEDSCAPE_EMAIL|EFFICACY#ENTHESITIS_DACYLITIS|Dr. TNF
TALTZ_PSORIATIC ARTHRITIS|MEDSCAPE_EMAIL|EFFICACY#ENTHESITIS_DACYLITIS|Dr. Joint Only
TALTZ_PSORIATIC ARTHRITIS|MEDSCAPE_EMAIL|EFFICACY#ENTHESITIS_DACYLITIS|Dr. Domains
TALTZ_PSORIATIC ARTHRITIS|MEDSCAPE_EMAIL|EFFICACY#ENTHESITIS_DACYLITIS|APP
TALTZ_PSORIATIC ARTHRITIS|MEDSCAPE_EMAIL|EFFICACY#ENTHESITIS_DACYLITIS|NPP_NON_TARGET
TALTZ_PSORIATIC ARTHRITIS|MEDSCAPE_EMAIL|EFFICACY#ENTHESITIS_DACYLITIS|NA
TALTZ_PSORIATIC ARTHRITIS|MEDSCAPE_EMAIL|EFFICACY#CORE|Dr. Ease of Access
TALTZ_PSORIATIC ARTHRITIS|MEDSCAPE_EMAIL|EFFICACY#CORE|Dr. TNF
TALTZ_PSORIATIC ARTHRITIS|MEDSCAPE_EMAIL|EFFICACY#CORE|Dr. Joint Only
TALTZ_PSORIATIC ARTHRITIS|MEDSCAPE_EMAIL|EFFICACY#CORE|Dr. Domains
TALTZ_PSORIATIC ARTHRITIS|MEDSCAPE_EMAIL|EFFICACY#CORE|APP
TALTZ_PSORIATIC ARTHRITIS|MEDSCAPE_EMAIL|EFFICACY#CORE|NPP_NON_TARGET
TALTZ_PSORIATIC ARTHRITIS|MEDSCAPE_EMAIL|EFFICACY#CORE|NA
TALTZ_PSORIATIC ARTHRITIS|MEDSCAPE_EMAIL|EFFICACY#COMBINATION_THERAPY|Dr. Ease of Access
TALTZ_PSORIATIC ARTHRITIS|MEDSCAPE_EMAIL|EFFICACY#COMBINATION_THERAPY|Dr. TNF
TALTZ_PSORIATIC ARTHRITIS|MEDSCAPE_EMAIL|EFFICACY#COMBINATION_THERAPY|Dr. Joint Only
TALTZ_PSORIATIC ARTHRITIS|MEDSCAPE_EMAIL|EFFICACY#COMBINATION_THERAPY|Dr. Domains
TALTZ_PSORIATIC ARTHRITIS|MEDSCAPE_EMAIL|EFFICACY#COMBINATION_THERAPY|APP
TALTZ_PSORIATIC ARTHRITIS|MEDSCAPE_EMAIL|EFFICACY#COMBINATION_THERAPY|NPP_NON_TARGET
TALTZ_PSORIATIC ARTHRITIS|MEDSCAPE_EMAIL|EFFICACY#COMBINATION_THERAPY|NA
TALTZ_PSORIATIC ARTHRITIS|MEDSCAPE_EMAIL|DEVICE|Dr. Ease of Access
TALTZ_PSORIATIC ARTHRITIS|MEDSCAPE_EMAIL|DEVICE|Dr. TNF
TALTZ_PSORIATIC ARTHRITIS|MEDSCAPE_EMAIL|DEVICE|Dr. Joint Only
TALTZ_PSORIATIC ARTHRITIS|MEDSCAPE_EMAIL|DEVICE|Dr. Domains
TALTZ_PSORIATIC ARTHRITIS|MEDSCAPE_EMAIL|DEVICE|APP
TALTZ_PSORIATIC ARTHRITIS|MEDSCAPE_EMAIL|DEVICE|NPP_NON_TARGET
TALTZ_PSORIATIC ARTHRITIS|MEDSCAPE_EMAIL|DEVICE|NA
TALTZ_PSORIATIC ARTHRITIS|MEDSCAPE_EMAIL|SAFETY#SIDE_EFFECTS|Dr. Ease of Access
TALTZ_PSORIATIC ARTHRITIS|MEDSCAPE_EMAIL|SAFETY#SIDE_EFFECTS|Dr. TNF
TALTZ_PSORIATIC ARTHRITIS|MEDSCAPE_EMAIL|SAFETY#SIDE_EFFECTS|Dr. Joint Only
TALTZ_PSORIATIC ARTHRITIS|MEDSCAPE_EMAIL|SAFETY#SIDE_EFFECTS|Dr. Domains
TALTZ_PSORIATIC ARTHRITIS|MEDSCAPE_EMAIL|SAFETY#SIDE_EFFECTS|APP
TALTZ_PSORIATIC ARTHRITIS|MEDSCAPE_EMAIL|SAFETY#SIDE_EFFECTS|NPP_NON_TARGET
TALTZ_PSORIATIC ARTHRITIS|MEDSCAPE_EMAIL|SAFETY#SIDE_EFFECTS|NA
TALTZ_PSORIATIC ARTHRITIS|MEDSCAPE_EMAIL|SAFETY#NR_AXSPA|Dr. Ease of Access
TALTZ_PSORIATIC ARTHRITIS|MEDSCAPE_EMAIL|SAFETY#NR_AXSPA|Dr. TNF
TALTZ_PSORIATIC ARTHRITIS|MEDSCAPE_EMAIL|SAFETY#NR_AXSPA|Dr. Joint Only
TALTZ_PSORIATIC ARTHRITIS|MEDSCAPE_EMAIL|SAFETY#NR_AXSPA|Dr. Domains
TALTZ_PSORIATIC ARTHRITIS|MEDSCAPE_EMAIL|SAFETY#NR_AXSPA|APP
TALTZ_PSORIATIC ARTHRITIS|MEDSCAPE_EMAIL|SAFETY#NR_AXSPA|NPP_NON_TARGET
TALTZ_PSORIATIC ARTHRITIS|MEDSCAPE_EMAIL|SAFETY#NR_AXSPA|NA
TALTZ_PSORIATIC ARTHRITIS|MEDSCAPE_EMAIL|SAFETY#NA|Dr. Ease of Access
TALTZ_PSORIATIC ARTHRITIS|MEDSCAPE_EMAIL|SAFETY#NA|Dr. TNF
TALTZ_PSORIATIC ARTHRITIS|MEDSCAPE_EMAIL|SAFETY#NA|Dr. Joint Only
TALTZ_PSORIATIC ARTHRITIS|MEDSCAPE_EMAIL|SAFETY#NA|Dr. Domains
TALTZ_PSORIATIC ARTHRITIS|MEDSCAPE_EMAIL|SAFETY#NA|APP
TALTZ_PSORIATIC ARTHRITIS|MEDSCAPE_EMAIL|SAFETY#NA|NPP_NON_TARGET
TALTZ_PSORIATIC ARTHRITIS|MEDSCAPE_EMAIL|SAFETY#NA|NA
TALTZ_PSORIATIC ARTHRITIS|MEDSCAPE_EMAIL|SAFETY#HEAD_TO_HEAD|Dr. Ease of Access
TALTZ_PSORIATIC ARTHRITIS|MEDSCAPE_EMAIL|SAFETY#HEAD_TO_HEAD|Dr. TNF
TALTZ_PSORIATIC ARTHRITIS|MEDSCAPE_EMAIL|SAFETY#HEAD_TO_HEAD|Dr. Joint Only
TALTZ_PSORIATIC ARTHRITIS|MEDSCAPE_EMAIL|SAFETY#HEAD_TO_HEAD|Dr. Domains
TALTZ_PSORIATIC ARTHRITIS|MEDSCAPE_EMAIL|SAFETY#HEAD_TO_HEAD|APP
TALTZ_PSORIATIC ARTHRITIS|MEDSCAPE_EMAIL|SAFETY#HEAD_TO_HEAD|NPP_NON_TARGET
TALTZ_PSORIATIC ARTHRITIS|MEDSCAPE_EMAIL|SAFETY#HEAD_TO_HEAD|NA
TALTZ_PSORIATIC ARTHRITIS|MEDSCAPE_EMAIL|SAFETY#AS|Dr. Ease of Access
TALTZ_PSORIATIC ARTHRITIS|MEDSCAPE_EMAIL|SAFETY#AS|Dr. TNF
TALTZ_PSORIATIC ARTHRITIS|MEDSCAPE_EMAIL|SAFETY#AS|Dr. Joint Only
TALTZ_PSORIATIC ARTHRITIS|MEDSCAPE_EMAIL|SAFETY#AS|Dr. Domains
TALTZ_PSORIATIC ARTHRITIS|MEDSCAPE_EMAIL|SAFETY#AS|APP
TALTZ_PSORIATIC ARTHRITIS|MEDSCAPE_EMAIL|SAFETY#AS|NPP_NON_TARGET
TALTZ_PSORIATIC ARTHRITIS|MEDSCAPE_EMAIL|SAFETY#AS|NA
TALTZ_PSORIATIC ARTHRITIS|MEDSCAPE_EMAIL|PATIENT_TYPE_IDENTIFICATION|Dr. Ease of Access
TALTZ_PSORIATIC ARTHRITIS|MEDSCAPE_EMAIL|PATIENT_TYPE_IDENTIFICATION|Dr. TNF
TALTZ_PSORIATIC ARTHRITIS|MEDSCAPE_EMAIL|PATIENT_TYPE_IDENTIFICATION|Dr. Joint Only
TALTZ_PSORIATIC ARTHRITIS|MEDSCAPE_EMAIL|PATIENT_TYPE_IDENTIFICATION|Dr. Domains
TALTZ_PSORIATIC ARTHRITIS|MEDSCAPE_EMAIL|PATIENT_TYPE_IDENTIFICATION|APP
TALTZ_PSORIATIC ARTHRITIS|MEDSCAPE_EMAIL|PATIENT_TYPE_IDENTIFICATION|NPP_NON_TARGET
TALTZ_PSORIATIC ARTHRITIS|MEDSCAPE_EMAIL|PATIENT_TYPE_IDENTIFICATION|NA
TALTZ_PSORIATIC ARTHRITIS|MEDSCAPE_EMAIL|PATIENT_CUSTOMER_SUPPORT|Dr. Ease of Access
TALTZ_PSORIATIC ARTHRITIS|MEDSCAPE_EMAIL|PATIENT_CUSTOMER_SUPPORT|Dr. TNF
TALTZ_PSORIATIC ARTHRITIS|MEDSCAPE_EMAIL|PATIENT_CUSTOMER_SUPPORT|Dr. Joint Only
TALTZ_PSORIATIC ARTHRITIS|MEDSCAPE_EMAIL|PATIENT_CUSTOMER_SUPPORT|Dr. Domains
TALTZ_PSORIATIC ARTHRITIS|MEDSCAPE_EMAIL|PATIENT_CUSTOMER_SUPPORT|APP
TALTZ_PSORIATIC ARTHRITIS|MEDSCAPE_EMAIL|PATIENT_CUSTOMER_SUPPORT|NPP_NON_TARGET
TALTZ_PSORIATIC ARTHRITIS|MEDSCAPE_EMAIL|PATIENT_CUSTOMER_SUPPORT|NA
TALTZ_PSORIATIC ARTHRITIS|MEDSCAPE_EMAIL|PATIENT_AFFORDABILITY|Dr. Ease of Access
TALTZ_PSORIATIC ARTHRITIS|MEDSCAPE_EMAIL|PATIENT_AFFORDABILITY|Dr. TNF
TALTZ_PSORIATIC ARTHRITIS|MEDSCAPE_EMAIL|PATIENT_AFFORDABILITY|Dr. Joint Only
TALTZ_PSORIATIC ARTHRITIS|MEDSCAPE_EMAIL|PATIENT_AFFORDABILITY|Dr. Domains
TALTZ_PSORIATIC ARTHRITIS|MEDSCAPE_EMAIL|PATIENT_AFFORDABILITY|APP
TALTZ_PSORIATIC ARTHRITIS|MEDSCAPE_EMAIL|PATIENT_AFFORDABILITY|NPP_NON_TARGET
TALTZ_PSORIATIC ARTHRITIS|MEDSCAPE_EMAIL|PATIENT_AFFORDABILITY|NA
TALTZ_PSORIATIC ARTHRITIS|MEDSCAPE_EMAIL|MOA|Dr. Ease of Access
TALTZ_PSORIATIC ARTHRITIS|MEDSCAPE_EMAIL|MOA|Dr. TNF
TALTZ_PSORIATIC ARTHRITIS|MEDSCAPE_EMAIL|MOA|Dr. Joint Only
TALTZ_PSORIATIC ARTHRITIS|MEDSCAPE_EMAIL|MOA|Dr. Domains
TALTZ_PSORIATIC ARTHRITIS|MEDSCAPE_EMAIL|MOA|APP
TALTZ_PSORIATIC ARTHRITIS|MEDSCAPE_EMAIL|MOA|NPP_NON_TARGET
TALTZ_PSORIATIC ARTHRITIS|MEDSCAPE_EMAIL|MOA|NA
TALTZ_PSORIATIC ARTHRITIS|MEDSCAPE_EMAIL|EFFICACY#SPINAL_PAIN_AND_STIFFNESS|Dr. Ease of Access
TALTZ_PSORIATIC ARTHRITIS|MEDSCAPE_EMAIL|EFFICACY#SPINAL_PAIN_AND_STIFFNESS|Dr. TNF
TALTZ_PSORIATIC ARTHRITIS|MEDSCAPE_EMAIL|EFFICACY#SPINAL_PAIN_AND_STIFFNESS|Dr. Joint Only
TALTZ_PSORIATIC ARTHRITIS|MEDSCAPE_EMAIL|EFFICACY#SPINAL_PAIN_AND_STIFFNESS|Dr. Domains
TALTZ_PSORIATIC ARTHRITIS|MEDSCAPE_EMAIL|EFFICACY#SPINAL_PAIN_AND_STIFFNESS|APP
TALTZ_PSORIATIC ARTHRITIS|MEDSCAPE_EMAIL|EFFICACY#SPINAL_PAIN_AND_STIFFNESS|NPP_NON_TARGET
TALTZ_PSORIATIC ARTHRITIS|MEDSCAPE_EMAIL|EFFICACY#SPINAL_PAIN_AND_STIFFNESS|NA
TALTZ_PSORIATIC ARTHRITIS|MEDSCAPE_EMAIL|EFFICACY#SECONDARY|Dr. Ease of Access
TALTZ_PSORIATIC ARTHRITIS|MEDSCAPE_EMAIL|EFFICACY#SECONDARY|Dr. TNF
TALTZ_PSORIATIC ARTHRITIS|MEDSCAPE_EMAIL|EFFICACY#SECONDARY|Dr. Joint Only
TALTZ_PSORIATIC ARTHRITIS|MEDSCAPE_EMAIL|EFFICACY#SECONDARY|Dr. Domains
TALTZ_PSORIATIC ARTHRITIS|MEDSCAPE_EMAIL|EFFICACY#SECONDARY|APP
TALTZ_PSORIATIC ARTHRITIS|MEDSCAPE_EMAIL|EFFICACY#SECONDARY|NPP_NON_TARGET
TALTZ_PSORIATIC ARTHRITIS|MEDSCAPE_EMAIL|EFFICACY#SECONDARY|NA
TALTZ_PSORIATIC ARTHRITIS|MEDSCAPE_EMAIL|EFFICACY#RAPID_ONSET|Dr. Ease of Access
TALTZ_PSORIATIC ARTHRITIS|MEDSCAPE_EMAIL|EFFICACY#RAPID_ONSET|Dr. TNF
TALTZ_PSORIATIC ARTHRITIS|MEDSCAPE_EMAIL|EFFICACY#RAPID_ONSET|Dr. Joint Only
TALTZ_PSORIATIC ARTHRITIS|MEDSCAPE_EMAIL|EFFICACY#RAPID_ONSET|Dr. Domains
TALTZ_PSORIATIC ARTHRITIS|MEDSCAPE_EMAIL|EFFICACY#RAPID_ONSET|APP
TALTZ_PSORIATIC ARTHRITIS|MEDSCAPE_EMAIL|EFFICACY#RAPID_ONSET|NPP_NON_TARGET
TALTZ_PSORIATIC ARTHRITIS|MEDSCAPE_EMAIL|EFFICACY#RAPID_ONSET|NA
TALTZ_PSORIATIC ARTHRITIS|MEDSCAPE_EMAIL|EFFICACY#PSO_PEDS|Dr. Ease of Access
TALTZ_PSORIATIC ARTHRITIS|MEDSCAPE_EMAIL|EFFICACY#PSO_PEDS|Dr. TNF
TALTZ_PSORIATIC ARTHRITIS|MEDSCAPE_EMAIL|EFFICACY#PSO_PEDS|Dr. Joint Only
TALTZ_PSORIATIC ARTHRITIS|MEDSCAPE_EMAIL|EFFICACY#PSO_PEDS|Dr. Domains
TALTZ_PSORIATIC ARTHRITIS|MEDSCAPE_EMAIL|EFFICACY#PSO_PEDS|APP
TALTZ_PSORIATIC ARTHRITIS|MEDSCAPE_EMAIL|EFFICACY#PSO_PEDS|NPP_NON_TARGET
TALTZ_PSORIATIC ARTHRITIS|MEDSCAPE_EMAIL|EFFICACY#PSO_PEDS|NA
TALTZ_PSORIATIC ARTHRITIS|MEDSCAPE_EMAIL|EFFICACY#NOW_APPROVED|Dr. Ease of Access
TALTZ_PSORIATIC ARTHRITIS|MEDSCAPE_EMAIL|EFFICACY#NOW_APPROVED|Dr. TNF
TALTZ_PSORIATIC ARTHRITIS|MEDSCAPE_EMAIL|EFFICACY#NOW_APPROVED|Dr. Joint Only
TALTZ_PSORIATIC ARTHRITIS|MEDSCAPE_EMAIL|EFFICACY#NOW_APPROVED|Dr. Domains
TALTZ_PSORIATIC ARTHRITIS|MEDSCAPE_EMAIL|EFFICACY#NOW_APPROVED|APP
TALTZ_PSORIATIC ARTHRITIS|MEDSCAPE_EMAIL|EFFICACY#NOW_APPROVED|NPP_NON_TARGET
TALTZ_PSORIATIC ARTHRITIS|MEDSCAPE_EMAIL|EFFICACY#NOW_APPROVED|NA
TALTZ_PSORIATIC ARTHRITIS|MEDSCAPE_EMAIL|EFFICACY#NA|Dr. Ease of Access
TALTZ_PSORIATIC ARTHRITIS|MEDSCAPE_EMAIL|EFFICACY#NA|Dr. TNF
TALTZ_PSORIATIC ARTHRITIS|MEDSCAPE_EMAIL|EFFICACY#NA|Dr. Joint Only
TALTZ_PSORIATIC ARTHRITIS|MEDSCAPE_EMAIL|EFFICACY#NA|Dr. Domains
TALTZ_PSORIATIC ARTHRITIS|MEDSCAPE_EMAIL|EFFICACY#NA|APP
TALTZ_PSORIATIC ARTHRITIS|MEDSCAPE_EMAIL|EFFICACY#NA|NPP_NON_TARGET
TALTZ_PSORIATIC ARTHRITIS|MEDSCAPE_EMAIL|EFFICACY#NA|NA
TALTZ_PSORIATIC ARTHRITIS|MEDSCAPE_EMAIL|EFFICACY#LONG_TERM|Dr. Ease of Access
TALTZ_PSORIATIC ARTHRITIS|MEDSCAPE_EMAIL|EFFICACY#LONG_TERM|Dr. TNF
TALTZ_PSORIATIC ARTHRITIS|MEDSCAPE_EMAIL|EFFICACY#LONG_TERM|Dr. Joint Only
TALTZ_PSORIATIC ARTHRITIS|MEDSCAPE_EMAIL|EFFICACY#LONG_TERM|Dr. Domains
TALTZ_PSORIATIC ARTHRITIS|MEDSCAPE_EMAIL|EFFICACY#LONG_TERM|APP
TALTZ_PSORIATIC ARTHRITIS|MEDSCAPE_EMAIL|EFFICACY#LONG_TERM|NPP_NON_TARGET
TALTZ_PSORIATIC ARTHRITIS|MEDSCAPE_EMAIL|EFFICACY#LONG_TERM|NA
TALTZ_PSORIATIC ARTHRITIS|MEDSCAPE_EMAIL|EASE_OF_ADMINISTRATION|Dr. Ease of Access
TALTZ_PSORIATIC ARTHRITIS|MEDSCAPE_EMAIL|EASE_OF_ADMINISTRATION|Dr. TNF
TALTZ_PSORIATIC ARTHRITIS|MEDSCAPE_EMAIL|EASE_OF_ADMINISTRATION|Dr. Joint Only
TALTZ_PSORIATIC ARTHRITIS|MEDSCAPE_EMAIL|EASE_OF_ADMINISTRATION|Dr. Domains
TALTZ_PSORIATIC ARTHRITIS|MEDSCAPE_EMAIL|EASE_OF_ADMINISTRATION|APP
TALTZ_PSORIATIC ARTHRITIS|MEDSCAPE_EMAIL|EASE_OF_ADMINISTRATION|NPP_NON_TARGET
TALTZ_PSORIATIC ARTHRITIS|MEDSCAPE_EMAIL|EASE_OF_ADMINISTRATION|NA
TALTZ_PSORIATIC ARTHRITIS|MEDSCAPE_EMAIL|DOSING|Dr. Ease of Access
TALTZ_PSORIATIC ARTHRITIS|MEDSCAPE_EMAIL|DOSING|Dr. TNF
TALTZ_PSORIATIC ARTHRITIS|MEDSCAPE_EMAIL|DOSING|Dr. Joint Only
TALTZ_PSORIATIC ARTHRITIS|MEDSCAPE_EMAIL|DOSING|Dr. Domains
TALTZ_PSORIATIC ARTHRITIS|MEDSCAPE_EMAIL|DOSING|APP
TALTZ_PSORIATIC ARTHRITIS|MEDSCAPE_EMAIL|DOSING|NPP_NON_TARGET
TALTZ_PSORIATIC ARTHRITIS|MEDSCAPE_EMAIL|DOSING|NA
TALTZ_PSORIATIC ARTHRITIS|MEDSCAPE_EMAIL|DISEASE_STATE|Dr. Ease of Access
TALTZ_PSORIATIC ARTHRITIS|MEDSCAPE_EMAIL|DISEASE_STATE|Dr. TNF
TALTZ_PSORIATIC ARTHRITIS|MEDSCAPE_EMAIL|DISEASE_STATE|Dr. Joint Only
TALTZ_PSORIATIC ARTHRITIS|MEDSCAPE_EMAIL|DISEASE_STATE|Dr. Domains
TALTZ_PSORIATIC ARTHRITIS|MEDSCAPE_EMAIL|DISEASE_STATE|APP
TALTZ_PSORIATIC ARTHRITIS|MEDSCAPE_EMAIL|DISEASE_STATE|NPP_NON_TARGET
TALTZ_PSORIATIC ARTHRITIS|MEDSCAPE_EMAIL|DISEASE_STATE|NA
TALTZ_PSORIATIC ARTHRITIS|NUMEDIS_MDMINUTE|ACCESS_FORMULARY|Dr. Ease of Access
TALTZ_PSORIATIC ARTHRITIS|NUMEDIS_MDMINUTE|ACCESS_FORMULARY|Dr. TNF
TALTZ_PSORIATIC ARTHRITIS|NUMEDIS_MDMINUTE|ACCESS_FORMULARY|Dr. Joint Only
TALTZ_PSORIATIC ARTHRITIS|NUMEDIS_MDMINUTE|ACCESS_FORMULARY|Dr. Domains
TALTZ_PSORIATIC ARTHRITIS|NUMEDIS_MDMINUTE|ACCESS_FORMULARY|APP
TALTZ_PSORIATIC ARTHRITIS|NUMEDIS_MDMINUTE|ACCESS_FORMULARY|NPP_NON_TARGET
TALTZ_PSORIATIC ARTHRITIS|NUMEDIS_MDMINUTE|ACCESS_FORMULARY|NA
TALTZ_PSORIATIC ARTHRITIS|NUMEDIS_MDMINUTE|UNMET_NEED|Dr. Ease of Access
TALTZ_PSORIATIC ARTHRITIS|NUMEDIS_MDMINUTE|UNMET_NEED|Dr. TNF
TALTZ_PSORIATIC ARTHRITIS|NUMEDIS_MDMINUTE|UNMET_NEED|Dr. Joint Only
TALTZ_PSORIATIC ARTHRITIS|NUMEDIS_MDMINUTE|UNMET_NEED|Dr. Domains
TALTZ_PSORIATIC ARTHRITIS|NUMEDIS_MDMINUTE|UNMET_NEED|APP
TALTZ_PSORIATIC ARTHRITIS|NUMEDIS_MDMINUTE|UNMET_NEED|NPP_NON_TARGET
TALTZ_PSORIATIC ARTHRITIS|NUMEDIS_MDMINUTE|UNMET_NEED|NA
TALTZ_PSORIATIC ARTHRITIS|NUMEDIS_MDMINUTE|SAFETY#PSO_PEDS|Dr. Ease of Access
TALTZ_PSORIATIC ARTHRITIS|NUMEDIS_MDMINUTE|SAFETY#PSO_PEDS|Dr. TNF
TALTZ_PSORIATIC ARTHRITIS|NUMEDIS_MDMINUTE|SAFETY#PSO_PEDS|Dr. Joint Only
TALTZ_PSORIATIC ARTHRITIS|NUMEDIS_MDMINUTE|SAFETY#PSO_PEDS|Dr. Domains
TALTZ_PSORIATIC ARTHRITIS|NUMEDIS_MDMINUTE|SAFETY#PSO_PEDS|APP
TALTZ_PSORIATIC ARTHRITIS|NUMEDIS_MDMINUTE|SAFETY#PSO_PEDS|NPP_NON_TARGET
TALTZ_PSORIATIC ARTHRITIS|NUMEDIS_MDMINUTE|SAFETY#PSO_PEDS|NA
TALTZ_PSORIATIC ARTHRITIS|NUMEDIS_MDMINUTE|SAFETY#PSO_ADULTS|Dr. Ease of Access
TALTZ_PSORIATIC ARTHRITIS|NUMEDIS_MDMINUTE|SAFETY#PSO_ADULTS|Dr. TNF
TALTZ_PSORIATIC ARTHRITIS|NUMEDIS_MDMINUTE|SAFETY#PSO_ADULTS|Dr. Joint Only
TALTZ_PSORIATIC ARTHRITIS|NUMEDIS_MDMINUTE|SAFETY#PSO_ADULTS|Dr. Domains
TALTZ_PSORIATIC ARTHRITIS|NUMEDIS_MDMINUTE|SAFETY#PSO_ADULTS|APP
TALTZ_PSORIATIC ARTHRITIS|NUMEDIS_MDMINUTE|SAFETY#PSO_ADULTS|NPP_NON_TARGET
TALTZ_PSORIATIC ARTHRITIS|NUMEDIS_MDMINUTE|SAFETY#PSO_ADULTS|NA
TALTZ_PSORIATIC ARTHRITIS|NUMEDIS_MDMINUTE|SAFETY#PSA|Dr. Ease of Access
TALTZ_PSORIATIC ARTHRITIS|NUMEDIS_MDMINUTE|SAFETY#PSA|Dr. TNF
TALTZ_PSORIATIC ARTHRITIS|NUMEDIS_MDMINUTE|SAFETY#PSA|Dr. Joint Only
TALTZ_PSORIATIC ARTHRITIS|NUMEDIS_MDMINUTE|SAFETY#PSA|Dr. Domains
TALTZ_PSORIATIC ARTHRITIS|NUMEDIS_MDMINUTE|SAFETY#PSA|APP
TALTZ_PSORIATIC ARTHRITIS|NUMEDIS_MDMINUTE|SAFETY#PSA|NPP_NON_TARGET
TALTZ_PSORIATIC ARTHRITIS|NUMEDIS_MDMINUTE|SAFETY#PSA|NA
TALTZ_PSORIATIC ARTHRITIS|NUMEDIS_MDMINUTE|SAFETY#LONG_TERM|Dr. Ease of Access
TALTZ_PSORIATIC ARTHRITIS|NUMEDIS_MDMINUTE|SAFETY#LONG_TERM|Dr. TNF
TALTZ_PSORIATIC ARTHRITIS|NUMEDIS_MDMINUTE|SAFETY#LONG_TERM|Dr. Joint Only
TALTZ_PSORIATIC ARTHRITIS|NUMEDIS_MDMINUTE|SAFETY#LONG_TERM|Dr. Domains
TALTZ_PSORIATIC ARTHRITIS|NUMEDIS_MDMINUTE|SAFETY#LONG_TERM|APP
TALTZ_PSORIATIC ARTHRITIS|NUMEDIS_MDMINUTE|SAFETY#LONG_TERM|NPP_NON_TARGET
TALTZ_PSORIATIC ARTHRITIS|NUMEDIS_MDMINUTE|SAFETY#LONG_TERM|NA
TALTZ_PSORIATIC ARTHRITIS|NUMEDIS_MDMINUTE|INITIATION|Dr. Ease of Access
TALTZ_PSORIATIC ARTHRITIS|NUMEDIS_MDMINUTE|INITIATION|Dr. TNF
TALTZ_PSORIATIC ARTHRITIS|NUMEDIS_MDMINUTE|INITIATION|Dr. Joint Only
TALTZ_PSORIATIC ARTHRITIS|NUMEDIS_MDMINUTE|INITIATION|Dr. Domains
TALTZ_PSORIATIC ARTHRITIS|NUMEDIS_MDMINUTE|INITIATION|APP
TALTZ_PSORIATIC ARTHRITIS|NUMEDIS_MDMINUTE|INITIATION|NPP_NON_TARGET
TALTZ_PSORIATIC ARTHRITIS|NUMEDIS_MDMINUTE|INITIATION|NA
TALTZ_PSORIATIC ARTHRITIS|NUMEDIS_MDMINUTE|GENERAL|Dr. Ease of Access
TALTZ_PSORIATIC ARTHRITIS|NUMEDIS_MDMINUTE|GENERAL|Dr. TNF
TALTZ_PSORIATIC ARTHRITIS|NUMEDIS_MDMINUTE|GENERAL|Dr. Joint Only
TALTZ_PSORIATIC ARTHRITIS|NUMEDIS_MDMINUTE|GENERAL|Dr. Domains
TALTZ_PSORIATIC ARTHRITIS|NUMEDIS_MDMINUTE|GENERAL|APP
TALTZ_PSORIATIC ARTHRITIS|NUMEDIS_MDMINUTE|GENERAL|NPP_NON_TARGET
TALTZ_PSORIATIC ARTHRITIS|NUMEDIS_MDMINUTE|GENERAL|NA
TALTZ_PSORIATIC ARTHRITIS|NUMEDIS_MDMINUTE|EFFICACY#STRUCTURE|Dr. Ease of Access
TALTZ_PSORIATIC ARTHRITIS|NUMEDIS_MDMINUTE|EFFICACY#STRUCTURE|Dr. TNF
TALTZ_PSORIATIC ARTHRITIS|NUMEDIS_MDMINUTE|EFFICACY#STRUCTURE|Dr. Joint Only
TALTZ_PSORIATIC ARTHRITIS|NUMEDIS_MDMINUTE|EFFICACY#STRUCTURE|Dr. Domains
TALTZ_PSORIATIC ARTHRITIS|NUMEDIS_MDMINUTE|EFFICACY#STRUCTURE|APP
TALTZ_PSORIATIC ARTHRITIS|NUMEDIS_MDMINUTE|EFFICACY#STRUCTURE|NPP_NON_TARGET
TALTZ_PSORIATIC ARTHRITIS|NUMEDIS_MDMINUTE|EFFICACY#STRUCTURE|NA
TALTZ_PSORIATIC ARTHRITIS|NUMEDIS_MDMINUTE|EFFICACY#HEAD_TO_HEAD|Dr. Ease of Access
TALTZ_PSORIATIC ARTHRITIS|NUMEDIS_MDMINUTE|EFFICACY#HEAD_TO_HEAD|Dr. TNF
TALTZ_PSORIATIC ARTHRITIS|NUMEDIS_MDMINUTE|EFFICACY#HEAD_TO_HEAD|Dr. Joint Only
TALTZ_PSORIATIC ARTHRITIS|NUMEDIS_MDMINUTE|EFFICACY#HEAD_TO_HEAD|Dr. Domains
TALTZ_PSORIATIC ARTHRITIS|NUMEDIS_MDMINUTE|EFFICACY#HEAD_TO_HEAD|APP
TALTZ_PSORIATIC ARTHRITIS|NUMEDIS_MDMINUTE|EFFICACY#HEAD_TO_HEAD|NPP_NON_TARGET
TALTZ_PSORIATIC ARTHRITIS|NUMEDIS_MDMINUTE|EFFICACY#HEAD_TO_HEAD|NA
TALTZ_PSORIATIC ARTHRITIS|NUMEDIS_MDMINUTE|EFFICACY#ENTHESITIS_DACYLITIS|Dr. Ease of Access
TALTZ_PSORIATIC ARTHRITIS|NUMEDIS_MDMINUTE|EFFICACY#ENTHESITIS_DACYLITIS|Dr. TNF
TALTZ_PSORIATIC ARTHRITIS|NUMEDIS_MDMINUTE|EFFICACY#ENTHESITIS_DACYLITIS|Dr. Joint Only
TALTZ_PSORIATIC ARTHRITIS|NUMEDIS_MDMINUTE|EFFICACY#ENTHESITIS_DACYLITIS|Dr. Domains
TALTZ_PSORIATIC ARTHRITIS|NUMEDIS_MDMINUTE|EFFICACY#ENTHESITIS_DACYLITIS|APP
TALTZ_PSORIATIC ARTHRITIS|NUMEDIS_MDMINUTE|EFFICACY#ENTHESITIS_DACYLITIS|NPP_NON_TARGET
TALTZ_PSORIATIC ARTHRITIS|NUMEDIS_MDMINUTE|EFFICACY#ENTHESITIS_DACYLITIS|NA
TALTZ_PSORIATIC ARTHRITIS|NUMEDIS_MDMINUTE|EFFICACY#CORE|Dr. Ease of Access
TALTZ_PSORIATIC ARTHRITIS|NUMEDIS_MDMINUTE|EFFICACY#CORE|Dr. TNF
TALTZ_PSORIATIC ARTHRITIS|NUMEDIS_MDMINUTE|EFFICACY#CORE|Dr. Joint Only
TALTZ_PSORIATIC ARTHRITIS|NUMEDIS_MDMINUTE|EFFICACY#CORE|Dr. Domains
TALTZ_PSORIATIC ARTHRITIS|NUMEDIS_MDMINUTE|EFFICACY#CORE|APP
TALTZ_PSORIATIC ARTHRITIS|NUMEDIS_MDMINUTE|EFFICACY#CORE|NPP_NON_TARGET
TALTZ_PSORIATIC ARTHRITIS|NUMEDIS_MDMINUTE|EFFICACY#CORE|NA
TALTZ_PSORIATIC ARTHRITIS|NUMEDIS_MDMINUTE|EFFICACY#COMBINATION_THERAPY|Dr. Ease of Access
TALTZ_PSORIATIC ARTHRITIS|NUMEDIS_MDMINUTE|EFFICACY#COMBINATION_THERAPY|Dr. TNF
TALTZ_PSORIATIC ARTHRITIS|NUMEDIS_MDMINUTE|EFFICACY#COMBINATION_THERAPY|Dr. Joint Only
TALTZ_PSORIATIC ARTHRITIS|NUMEDIS_MDMINUTE|EFFICACY#COMBINATION_THERAPY|Dr. Domains
TALTZ_PSORIATIC ARTHRITIS|NUMEDIS_MDMINUTE|EFFICACY#COMBINATION_THERAPY|APP
TALTZ_PSORIATIC ARTHRITIS|NUMEDIS_MDMINUTE|EFFICACY#COMBINATION_THERAPY|NPP_NON_TARGET
TALTZ_PSORIATIC ARTHRITIS|NUMEDIS_MDMINUTE|EFFICACY#COMBINATION_THERAPY|NA
TALTZ_PSORIATIC ARTHRITIS|NUMEDIS_MDMINUTE|DEVICE|Dr. Ease of Access
TALTZ_PSORIATIC ARTHRITIS|NUMEDIS_MDMINUTE|DEVICE|Dr. TNF
TALTZ_PSORIATIC ARTHRITIS|NUMEDIS_MDMINUTE|DEVICE|Dr. Joint Only
TALTZ_PSORIATIC ARTHRITIS|NUMEDIS_MDMINUTE|DEVICE|Dr. Domains
TALTZ_PSORIATIC ARTHRITIS|NUMEDIS_MDMINUTE|DEVICE|APP
TALTZ_PSORIATIC ARTHRITIS|NUMEDIS_MDMINUTE|DEVICE|NPP_NON_TARGET
TALTZ_PSORIATIC ARTHRITIS|NUMEDIS_MDMINUTE|DEVICE|NA
TALTZ_PSORIATIC ARTHRITIS|NUMEDIS_MDMINUTE|SAFETY#SIDE_EFFECTS|Dr. Ease of Access
TALTZ_PSORIATIC ARTHRITIS|NUMEDIS_MDMINUTE|SAFETY#SIDE_EFFECTS|Dr. TNF
TALTZ_PSORIATIC ARTHRITIS|NUMEDIS_MDMINUTE|SAFETY#SIDE_EFFECTS|Dr. Joint Only
TALTZ_PSORIATIC ARTHRITIS|NUMEDIS_MDMINUTE|SAFETY#SIDE_EFFECTS|Dr. Domains
TALTZ_PSORIATIC ARTHRITIS|NUMEDIS_MDMINUTE|SAFETY#SIDE_EFFECTS|APP
TALTZ_PSORIATIC ARTHRITIS|NUMEDIS_MDMINUTE|SAFETY#SIDE_EFFECTS|NPP_NON_TARGET
TALTZ_PSORIATIC ARTHRITIS|NUMEDIS_MDMINUTE|SAFETY#SIDE_EFFECTS|NA
TALTZ_PSORIATIC ARTHRITIS|NUMEDIS_MDMINUTE|SAFETY#NR_AXSPA|Dr. Ease of Access
TALTZ_PSORIATIC ARTHRITIS|NUMEDIS_MDMINUTE|SAFETY#NR_AXSPA|Dr. TNF
TALTZ_PSORIATIC ARTHRITIS|NUMEDIS_MDMINUTE|SAFETY#NR_AXSPA|Dr. Joint Only
TALTZ_PSORIATIC ARTHRITIS|NUMEDIS_MDMINUTE|SAFETY#NR_AXSPA|Dr. Domains
TALTZ_PSORIATIC ARTHRITIS|NUMEDIS_MDMINUTE|SAFETY#NR_AXSPA|APP
TALTZ_PSORIATIC ARTHRITIS|NUMEDIS_MDMINUTE|SAFETY#NR_AXSPA|NPP_NON_TARGET
TALTZ_PSORIATIC ARTHRITIS|NUMEDIS_MDMINUTE|SAFETY#NR_AXSPA|NA
TALTZ_PSORIATIC ARTHRITIS|NUMEDIS_MDMINUTE|SAFETY#NA|Dr. Ease of Access
TALTZ_PSORIATIC ARTHRITIS|NUMEDIS_MDMINUTE|SAFETY#NA|Dr. TNF
TALTZ_PSORIATIC ARTHRITIS|NUMEDIS_MDMINUTE|SAFETY#NA|Dr. Joint Only
TALTZ_PSORIATIC ARTHRITIS|NUMEDIS_MDMINUTE|SAFETY#NA|Dr. Domains
TALTZ_PSORIATIC ARTHRITIS|NUMEDIS_MDMINUTE|SAFETY#NA|APP
TALTZ_PSORIATIC ARTHRITIS|NUMEDIS_MDMINUTE|SAFETY#NA|NPP_NON_TARGET
TALTZ_PSORIATIC ARTHRITIS|NUMEDIS_MDMINUTE|SAFETY#NA|NA
TALTZ_PSORIATIC ARTHRITIS|NUMEDIS_MDMINUTE|SAFETY#HEAD_TO_HEAD|Dr. Ease of Access
TALTZ_PSORIATIC ARTHRITIS|NUMEDIS_MDMINUTE|SAFETY#HEAD_TO_HEAD|Dr. TNF
TALTZ_PSORIATIC ARTHRITIS|NUMEDIS_MDMINUTE|SAFETY#HEAD_TO_HEAD|Dr. Joint Only
TALTZ_PSORIATIC ARTHRITIS|NUMEDIS_MDMINUTE|SAFETY#HEAD_TO_HEAD|Dr. Domains
TALTZ_PSORIATIC ARTHRITIS|NUMEDIS_MDMINUTE|SAFETY#HEAD_TO_HEAD|APP
TALTZ_PSORIATIC ARTHRITIS|NUMEDIS_MDMINUTE|SAFETY#HEAD_TO_HEAD|NPP_NON_TARGET
TALTZ_PSORIATIC ARTHRITIS|NUMEDIS_MDMINUTE|SAFETY#HEAD_TO_HEAD|NA
TALTZ_PSORIATIC ARTHRITIS|NUMEDIS_MDMINUTE|SAFETY#AS|Dr. Ease of Access
TALTZ_PSORIATIC ARTHRITIS|NUMEDIS_MDMINUTE|SAFETY#AS|Dr. TNF
TALTZ_PSORIATIC ARTHRITIS|NUMEDIS_MDMINUTE|SAFETY#AS|Dr. Joint Only
TALTZ_PSORIATIC ARTHRITIS|NUMEDIS_MDMINUTE|SAFETY#AS|Dr. Domains
TALTZ_PSORIATIC ARTHRITIS|NUMEDIS_MDMINUTE|SAFETY#AS|APP
TALTZ_PSORIATIC ARTHRITIS|NUMEDIS_MDMINUTE|SAFETY#AS|NPP_NON_TARGET
TALTZ_PSORIATIC ARTHRITIS|NUMEDIS_MDMINUTE|SAFETY#AS|NA
TALTZ_PSORIATIC ARTHRITIS|NUMEDIS_MDMINUTE|PATIENT_TYPE_IDENTIFICATION|Dr. Ease of Access
TALTZ_PSORIATIC ARTHRITIS|NUMEDIS_MDMINUTE|PATIENT_TYPE_IDENTIFICATION|Dr. TNF
TALTZ_PSORIATIC ARTHRITIS|NUMEDIS_MDMINUTE|PATIENT_TYPE_IDENTIFICATION|Dr. Joint Only
TALTZ_PSORIATIC ARTHRITIS|NUMEDIS_MDMINUTE|PATIENT_TYPE_IDENTIFICATION|Dr. Domains
TALTZ_PSORIATIC ARTHRITIS|NUMEDIS_MDMINUTE|PATIENT_TYPE_IDENTIFICATION|APP
TALTZ_PSORIATIC ARTHRITIS|NUMEDIS_MDMINUTE|PATIENT_TYPE_IDENTIFICATION|NPP_NON_TARGET
TALTZ_PSORIATIC ARTHRITIS|NUMEDIS_MDMINUTE|PATIENT_TYPE_IDENTIFICATION|NA
TALTZ_PSORIATIC ARTHRITIS|NUMEDIS_MDMINUTE|PATIENT_CUSTOMER_SUPPORT|Dr. Ease of Access
TALTZ_PSORIATIC ARTHRITIS|NUMEDIS_MDMINUTE|PATIENT_CUSTOMER_SUPPORT|Dr. TNF
TALTZ_PSORIATIC ARTHRITIS|NUMEDIS_MDMINUTE|PATIENT_CUSTOMER_SUPPORT|Dr. Joint Only
TALTZ_PSORIATIC ARTHRITIS|NUMEDIS_MDMINUTE|PATIENT_CUSTOMER_SUPPORT|Dr. Domains
TALTZ_PSORIATIC ARTHRITIS|NUMEDIS_MDMINUTE|PATIENT_CUSTOMER_SUPPORT|APP
TALTZ_PSORIATIC ARTHRITIS|NUMEDIS_MDMINUTE|PATIENT_CUSTOMER_SUPPORT|NPP_NON_TARGET
TALTZ_PSORIATIC ARTHRITIS|NUMEDIS_MDMINUTE|PATIENT_CUSTOMER_SUPPORT|NA
TALTZ_PSORIATIC ARTHRITIS|NUMEDIS_MDMINUTE|PATIENT_AFFORDABILITY|Dr. Ease of Access
TALTZ_PSORIATIC ARTHRITIS|NUMEDIS_MDMINUTE|PATIENT_AFFORDABILITY|Dr. TNF
TALTZ_PSORIATIC ARTHRITIS|NUMEDIS_MDMINUTE|PATIENT_AFFORDABILITY|Dr. Joint Only
TALTZ_PSORIATIC ARTHRITIS|NUMEDIS_MDMINUTE|PATIENT_AFFORDABILITY|Dr. Domains
TALTZ_PSORIATIC ARTHRITIS|NUMEDIS_MDMINUTE|PATIENT_AFFORDABILITY|APP
TALTZ_PSORIATIC ARTHRITIS|NUMEDIS_MDMINUTE|PATIENT_AFFORDABILITY|NPP_NON_TARGET
TALTZ_PSORIATIC ARTHRITIS|NUMEDIS_MDMINUTE|PATIENT_AFFORDABILITY|NA
TALTZ_PSORIATIC ARTHRITIS|NUMEDIS_MDMINUTE|MOA|Dr. Ease of Access
TALTZ_PSORIATIC ARTHRITIS|NUMEDIS_MDMINUTE|MOA|Dr. TNF
TALTZ_PSORIATIC ARTHRITIS|NUMEDIS_MDMINUTE|MOA|Dr. Joint Only
TALTZ_PSORIATIC ARTHRITIS|NUMEDIS_MDMINUTE|MOA|Dr. Domains
TALTZ_PSORIATIC ARTHRITIS|NUMEDIS_MDMINUTE|MOA|APP
TALTZ_PSORIATIC ARTHRITIS|NUMEDIS_MDMINUTE|MOA|NPP_NON_TARGET
TALTZ_PSORIATIC ARTHRITIS|NUMEDIS_MDMINUTE|MOA|NA
TALTZ_PSORIATIC ARTHRITIS|NUMEDIS_MDMINUTE|EFFICACY#SPINAL_PAIN_AND_STIFFNESS|Dr. Ease of Access
TALTZ_PSORIATIC ARTHRITIS|NUMEDIS_MDMINUTE|EFFICACY#SPINAL_PAIN_AND_STIFFNESS|Dr. TNF
TALTZ_PSORIATIC ARTHRITIS|NUMEDIS_MDMINUTE|EFFICACY#SPINAL_PAIN_AND_STIFFNESS|Dr. Joint Only
TALTZ_PSORIATIC ARTHRITIS|NUMEDIS_MDMINUTE|EFFICACY#SPINAL_PAIN_AND_STIFFNESS|Dr. Domains
TALTZ_PSORIATIC ARTHRITIS|NUMEDIS_MDMINUTE|EFFICACY#SPINAL_PAIN_AND_STIFFNESS|APP
TALTZ_PSORIATIC ARTHRITIS|NUMEDIS_MDMINUTE|EFFICACY#SPINAL_PAIN_AND_STIFFNESS|NPP_NON_TARGET
TALTZ_PSORIATIC ARTHRITIS|NUMEDIS_MDMINUTE|EFFICACY#SPINAL_PAIN_AND_STIFFNESS|NA
TALTZ_PSORIATIC ARTHRITIS|NUMEDIS_MDMINUTE|EFFICACY#SECONDARY|Dr. Ease of Access
TALTZ_PSORIATIC ARTHRITIS|NUMEDIS_MDMINUTE|EFFICACY#SECONDARY|Dr. TNF
TALTZ_PSORIATIC ARTHRITIS|NUMEDIS_MDMINUTE|EFFICACY#SECONDARY|Dr. Joint Only
TALTZ_PSORIATIC ARTHRITIS|NUMEDIS_MDMINUTE|EFFICACY#SECONDARY|Dr. Domains
TALTZ_PSORIATIC ARTHRITIS|NUMEDIS_MDMINUTE|EFFICACY#SECONDARY|APP
TALTZ_PSORIATIC ARTHRITIS|NUMEDIS_MDMINUTE|EFFICACY#SECONDARY|NPP_NON_TARGET
TALTZ_PSORIATIC ARTHRITIS|NUMEDIS_MDMINUTE|EFFICACY#SECONDARY|NA
TALTZ_PSORIATIC ARTHRITIS|NUMEDIS_MDMINUTE|EFFICACY#RAPID_ONSET|Dr. Ease of Access
TALTZ_PSORIATIC ARTHRITIS|NUMEDIS_MDMINUTE|EFFICACY#RAPID_ONSET|Dr. TNF
TALTZ_PSORIATIC ARTHRITIS|NUMEDIS_MDMINUTE|EFFICACY#RAPID_ONSET|Dr. Joint Only
TALTZ_PSORIATIC ARTHRITIS|NUMEDIS_MDMINUTE|EFFICACY#RAPID_ONSET|Dr. Domains
TALTZ_PSORIATIC ARTHRITIS|NUMEDIS_MDMINUTE|EFFICACY#RAPID_ONSET|APP
TALTZ_PSORIATIC ARTHRITIS|NUMEDIS_MDMINUTE|EFFICACY#RAPID_ONSET|NPP_NON_TARGET
TALTZ_PSORIATIC ARTHRITIS|NUMEDIS_MDMINUTE|EFFICACY#RAPID_ONSET|NA
TALTZ_PSORIATIC ARTHRITIS|NUMEDIS_MDMINUTE|EFFICACY#PSO_PEDS|Dr. Ease of Access
TALTZ_PSORIATIC ARTHRITIS|NUMEDIS_MDMINUTE|EFFICACY#PSO_PEDS|Dr. TNF
TALTZ_PSORIATIC ARTHRITIS|NUMEDIS_MDMINUTE|EFFICACY#PSO_PEDS|Dr. Joint Only
TALTZ_PSORIATIC ARTHRITIS|NUMEDIS_MDMINUTE|EFFICACY#PSO_PEDS|Dr. Domains
TALTZ_PSORIATIC ARTHRITIS|NUMEDIS_MDMINUTE|EFFICACY#PSO_PEDS|APP
TALTZ_PSORIATIC ARTHRITIS|NUMEDIS_MDMINUTE|EFFICACY#PSO_PEDS|NPP_NON_TARGET
TALTZ_PSORIATIC ARTHRITIS|NUMEDIS_MDMINUTE|EFFICACY#PSO_PEDS|NA
TALTZ_PSORIATIC ARTHRITIS|NUMEDIS_MDMINUTE|EFFICACY#NOW_APPROVED|Dr. Ease of Access
TALTZ_PSORIATIC ARTHRITIS|NUMEDIS_MDMINUTE|EFFICACY#NOW_APPROVED|Dr. TNF
TALTZ_PSORIATIC ARTHRITIS|NUMEDIS_MDMINUTE|EFFICACY#NOW_APPROVED|Dr. Joint Only
TALTZ_PSORIATIC ARTHRITIS|NUMEDIS_MDMINUTE|EFFICACY#NOW_APPROVED|Dr. Domains
TALTZ_PSORIATIC ARTHRITIS|NUMEDIS_MDMINUTE|EFFICACY#NOW_APPROVED|APP
TALTZ_PSORIATIC ARTHRITIS|NUMEDIS_MDMINUTE|EFFICACY#NOW_APPROVED|NPP_NON_TARGET
TALTZ_PSORIATIC ARTHRITIS|NUMEDIS_MDMINUTE|EFFICACY#NOW_APPROVED|NA
TALTZ_PSORIATIC ARTHRITIS|NUMEDIS_MDMINUTE|EFFICACY#NA|Dr. Ease of Access
TALTZ_PSORIATIC ARTHRITIS|NUMEDIS_MDMINUTE|EFFICACY#NA|Dr. TNF
TALTZ_PSORIATIC ARTHRITIS|NUMEDIS_MDMINUTE|EFFICACY#NA|Dr. Joint Only
TALTZ_PSORIATIC ARTHRITIS|NUMEDIS_MDMINUTE|EFFICACY#NA|Dr. Domains
TALTZ_PSORIATIC ARTHRITIS|NUMEDIS_MDMINUTE|EFFICACY#NA|APP
TALTZ_PSORIATIC ARTHRITIS|NUMEDIS_MDMINUTE|EFFICACY#NA|NPP_NON_TARGET
TALTZ_PSORIATIC ARTHRITIS|NUMEDIS_MDMINUTE|EFFICACY#NA|NA
TALTZ_PSORIATIC ARTHRITIS|NUMEDIS_MDMINUTE|EFFICACY#LONG_TERM|Dr. Ease of Access
TALTZ_PSORIATIC ARTHRITIS|NUMEDIS_MDMINUTE|EFFICACY#LONG_TERM|Dr. TNF
TALTZ_PSORIATIC ARTHRITIS|NUMEDIS_MDMINUTE|EFFICACY#LONG_TERM|Dr. Joint Only
TALTZ_PSORIATIC ARTHRITIS|NUMEDIS_MDMINUTE|EFFICACY#LONG_TERM|Dr. Domains
TALTZ_PSORIATIC ARTHRITIS|NUMEDIS_MDMINUTE|EFFICACY#LONG_TERM|APP
TALTZ_PSORIATIC ARTHRITIS|NUMEDIS_MDMINUTE|EFFICACY#LONG_TERM|NPP_NON_TARGET
TALTZ_PSORIATIC ARTHRITIS|NUMEDIS_MDMINUTE|EFFICACY#LONG_TERM|NA
TALTZ_PSORIATIC ARTHRITIS|NUMEDIS_MDMINUTE|EASE_OF_ADMINISTRATION|Dr. Ease of Access
TALTZ_PSORIATIC ARTHRITIS|NUMEDIS_MDMINUTE|EASE_OF_ADMINISTRATION|Dr. TNF
TALTZ_PSORIATIC ARTHRITIS|NUMEDIS_MDMINUTE|EASE_OF_ADMINISTRATION|Dr. Joint Only
TALTZ_PSORIATIC ARTHRITIS|NUMEDIS_MDMINUTE|EASE_OF_ADMINISTRATION|Dr. Domains
TALTZ_PSORIATIC ARTHRITIS|NUMEDIS_MDMINUTE|EASE_OF_ADMINISTRATION|APP
TALTZ_PSORIATIC ARTHRITIS|NUMEDIS_MDMINUTE|EASE_OF_ADMINISTRATION|NPP_NON_TARGET
TALTZ_PSORIATIC ARTHRITIS|NUMEDIS_MDMINUTE|EASE_OF_ADMINISTRATION|NA
TALTZ_PSORIATIC ARTHRITIS|NUMEDIS_MDMINUTE|DOSING|Dr. Ease of Access
TALTZ_PSORIATIC ARTHRITIS|NUMEDIS_MDMINUTE|DOSING|Dr. TNF
TALTZ_PSORIATIC ARTHRITIS|NUMEDIS_MDMINUTE|DOSING|Dr. Joint Only
TALTZ_PSORIATIC ARTHRITIS|NUMEDIS_MDMINUTE|DOSING|Dr. Domains
TALTZ_PSORIATIC ARTHRITIS|NUMEDIS_MDMINUTE|DOSING|APP
TALTZ_PSORIATIC ARTHRITIS|NUMEDIS_MDMINUTE|DOSING|NPP_NON_TARGET
TALTZ_PSORIATIC ARTHRITIS|NUMEDIS_MDMINUTE|DOSING|NA
TALTZ_PSORIATIC ARTHRITIS|NUMEDIS_MDMINUTE|DISEASE_STATE|Dr. Ease of Access
TALTZ_PSORIATIC ARTHRITIS|NUMEDIS_MDMINUTE|DISEASE_STATE|Dr. TNF
TALTZ_PSORIATIC ARTHRITIS|NUMEDIS_MDMINUTE|DISEASE_STATE|Dr. Joint Only
TALTZ_PSORIATIC ARTHRITIS|NUMEDIS_MDMINUTE|DISEASE_STATE|Dr. Domains
TALTZ_PSORIATIC ARTHRITIS|NUMEDIS_MDMINUTE|DISEASE_STATE|APP
TALTZ_PSORIATIC ARTHRITIS|NUMEDIS_MDMINUTE|DISEASE_STATE|NPP_NON_TARGET
TALTZ_PSORIATIC ARTHRITIS|NUMEDIS_MDMINUTE|DISEASE_STATE|NA
TALTZ_PSORIATIC ARTHRITIS|P2P|ACCESS_FORMULARY|Dr. Ease of Access
TALTZ_PSORIATIC ARTHRITIS|P2P|ACCESS_FORMULARY|Dr. TNF
TALTZ_PSORIATIC ARTHRITIS|P2P|ACCESS_FORMULARY|Dr. Joint Only
TALTZ_PSORIATIC ARTHRITIS|P2P|ACCESS_FORMULARY|Dr. Domains
TALTZ_PSORIATIC ARTHRITIS|P2P|ACCESS_FORMULARY|APP
TALTZ_PSORIATIC ARTHRITIS|P2P|ACCESS_FORMULARY|NPP_NON_TARGET
TALTZ_PSORIATIC ARTHRITIS|P2P|ACCESS_FORMULARY|NA
TALTZ_PSORIATIC ARTHRITIS|P2P|UNMET_NEED|Dr. Ease of Access
TALTZ_PSORIATIC ARTHRITIS|P2P|UNMET_NEED|Dr. TNF
TALTZ_PSORIATIC ARTHRITIS|P2P|UNMET_NEED|Dr. Joint Only
TALTZ_PSORIATIC ARTHRITIS|P2P|UNMET_NEED|Dr. Domains
TALTZ_PSORIATIC ARTHRITIS|P2P|UNMET_NEED|APP
TALTZ_PSORIATIC ARTHRITIS|P2P|UNMET_NEED|NPP_NON_TARGET
TALTZ_PSORIATIC ARTHRITIS|P2P|UNMET_NEED|NA
TALTZ_PSORIATIC ARTHRITIS|P2P|SAFETY#PSO_PEDS|Dr. Ease of Access
TALTZ_PSORIATIC ARTHRITIS|P2P|SAFETY#PSO_PEDS|Dr. TNF
TALTZ_PSORIATIC ARTHRITIS|P2P|SAFETY#PSO_PEDS|Dr. Joint Only
TALTZ_PSORIATIC ARTHRITIS|P2P|SAFETY#PSO_PEDS|Dr. Domains
TALTZ_PSORIATIC ARTHRITIS|P2P|SAFETY#PSO_PEDS|APP
TALTZ_PSORIATIC ARTHRITIS|P2P|SAFETY#PSO_PEDS|NPP_NON_TARGET
TALTZ_PSORIATIC ARTHRITIS|P2P|SAFETY#PSO_PEDS|NA
TALTZ_PSORIATIC ARTHRITIS|P2P|SAFETY#PSO_ADULTS|Dr. Ease of Access
TALTZ_PSORIATIC ARTHRITIS|P2P|SAFETY#PSO_ADULTS|Dr. TNF
TALTZ_PSORIATIC ARTHRITIS|P2P|SAFETY#PSO_ADULTS|Dr. Joint Only
TALTZ_PSORIATIC ARTHRITIS|P2P|SAFETY#PSO_ADULTS|Dr. Domains
TALTZ_PSORIATIC ARTHRITIS|P2P|SAFETY#PSO_ADULTS|APP
TALTZ_PSORIATIC ARTHRITIS|P2P|SAFETY#PSO_ADULTS|NPP_NON_TARGET
TALTZ_PSORIATIC ARTHRITIS|P2P|SAFETY#PSO_ADULTS|NA
TALTZ_PSORIATIC ARTHRITIS|P2P|SAFETY#PSA|Dr. Ease of Access
TALTZ_PSORIATIC ARTHRITIS|P2P|SAFETY#PSA|Dr. TNF
TALTZ_PSORIATIC ARTHRITIS|P2P|SAFETY#PSA|Dr. Joint Only
TALTZ_PSORIATIC ARTHRITIS|P2P|SAFETY#PSA|Dr. Domains
TALTZ_PSORIATIC ARTHRITIS|P2P|SAFETY#PSA|APP
TALTZ_PSORIATIC ARTHRITIS|P2P|SAFETY#PSA|NPP_NON_TARGET
TALTZ_PSORIATIC ARTHRITIS|P2P|SAFETY#PSA|NA
TALTZ_PSORIATIC ARTHRITIS|P2P|SAFETY#LONG_TERM|Dr. Ease of Access
TALTZ_PSORIATIC ARTHRITIS|P2P|SAFETY#LONG_TERM|Dr. TNF
TALTZ_PSORIATIC ARTHRITIS|P2P|SAFETY#LONG_TERM|Dr. Joint Only
TALTZ_PSORIATIC ARTHRITIS|P2P|SAFETY#LONG_TERM|Dr. Domains
TALTZ_PSORIATIC ARTHRITIS|P2P|SAFETY#LONG_TERM|APP
TALTZ_PSORIATIC ARTHRITIS|P2P|SAFETY#LONG_TERM|NPP_NON_TARGET
TALTZ_PSORIATIC ARTHRITIS|P2P|SAFETY#LONG_TERM|NA
TALTZ_PSORIATIC ARTHRITIS|P2P|INITIATION|Dr. Ease of Access
TALTZ_PSORIATIC ARTHRITIS|P2P|INITIATION|Dr. TNF
TALTZ_PSORIATIC ARTHRITIS|P2P|INITIATION|Dr. Joint Only
TALTZ_PSORIATIC ARTHRITIS|P2P|INITIATION|Dr. Domains
TALTZ_PSORIATIC ARTHRITIS|P2P|INITIATION|APP
TALTZ_PSORIATIC ARTHRITIS|P2P|INITIATION|NPP_NON_TARGET
TALTZ_PSORIATIC ARTHRITIS|P2P|INITIATION|NA
TALTZ_PSORIATIC ARTHRITIS|P2P|GENERAL|Dr. Ease of Access
TALTZ_PSORIATIC ARTHRITIS|P2P|GENERAL|Dr. TNF
TALTZ_PSORIATIC ARTHRITIS|P2P|GENERAL|Dr. Joint Only
TALTZ_PSORIATIC ARTHRITIS|P2P|GENERAL|Dr. Domains
TALTZ_PSORIATIC ARTHRITIS|P2P|GENERAL|APP
TALTZ_PSORIATIC ARTHRITIS|P2P|GENERAL|NPP_NON_TARGET
TALTZ_PSORIATIC ARTHRITIS|P2P|GENERAL|NA
TALTZ_PSORIATIC ARTHRITIS|P2P|EFFICACY#STRUCTURE|Dr. Ease of Access
TALTZ_PSORIATIC ARTHRITIS|P2P|EFFICACY#STRUCTURE|Dr. TNF
TALTZ_PSORIATIC ARTHRITIS|P2P|EFFICACY#STRUCTURE|Dr. Joint Only
TALTZ_PSORIATIC ARTHRITIS|P2P|EFFICACY#STRUCTURE|Dr. Domains
TALTZ_PSORIATIC ARTHRITIS|P2P|EFFICACY#STRUCTURE|APP
TALTZ_PSORIATIC ARTHRITIS|P2P|EFFICACY#STRUCTURE|NPP_NON_TARGET
TALTZ_PSORIATIC ARTHRITIS|P2P|EFFICACY#STRUCTURE|NA
TALTZ_PSORIATIC ARTHRITIS|P2P|EFFICACY#HEAD_TO_HEAD|Dr. Ease of Access
TALTZ_PSORIATIC ARTHRITIS|P2P|EFFICACY#HEAD_TO_HEAD|Dr. TNF
TALTZ_PSORIATIC ARTHRITIS|P2P|EFFICACY#HEAD_TO_HEAD|Dr. Joint Only
TALTZ_PSORIATIC ARTHRITIS|P2P|EFFICACY#HEAD_TO_HEAD|Dr. Domains
TALTZ_PSORIATIC ARTHRITIS|P2P|EFFICACY#HEAD_TO_HEAD|APP
TALTZ_PSORIATIC ARTHRITIS|P2P|EFFICACY#HEAD_TO_HEAD|NPP_NON_TARGET
TALTZ_PSORIATIC ARTHRITIS|P2P|EFFICACY#HEAD_TO_HEAD|NA
TALTZ_PSORIATIC ARTHRITIS|P2P|EFFICACY#ENTHESITIS_DACYLITIS|Dr. Ease of Access
TALTZ_PSORIATIC ARTHRITIS|P2P|EFFICACY#ENTHESITIS_DACYLITIS|Dr. TNF
TALTZ_PSORIATIC ARTHRITIS|P2P|EFFICACY#ENTHESITIS_DACYLITIS|Dr. Joint Only
TALTZ_PSORIATIC ARTHRITIS|P2P|EFFICACY#ENTHESITIS_DACYLITIS|Dr. Domains
TALTZ_PSORIATIC ARTHRITIS|P2P|EFFICACY#ENTHESITIS_DACYLITIS|APP
TALTZ_PSORIATIC ARTHRITIS|P2P|EFFICACY#ENTHESITIS_DACYLITIS|NPP_NON_TARGET
TALTZ_PSORIATIC ARTHRITIS|P2P|EFFICACY#ENTHESITIS_DACYLITIS|NA
TALTZ_PSORIATIC ARTHRITIS|P2P|EFFICACY#CORE|Dr. Ease of Access
TALTZ_PSORIATIC ARTHRITIS|P2P|EFFICACY#CORE|Dr. TNF
TALTZ_PSORIATIC ARTHRITIS|P2P|EFFICACY#CORE|Dr. Joint Only
TALTZ_PSORIATIC ARTHRITIS|P2P|EFFICACY#CORE|Dr. Domains
TALTZ_PSORIATIC ARTHRITIS|P2P|EFFICACY#CORE|APP
TALTZ_PSORIATIC ARTHRITIS|P2P|EFFICACY#CORE|NPP_NON_TARGET
TALTZ_PSORIATIC ARTHRITIS|P2P|EFFICACY#CORE|NA
TALTZ_PSORIATIC ARTHRITIS|P2P|EFFICACY#COMBINATION_THERAPY|Dr. Ease of Access
TALTZ_PSORIATIC ARTHRITIS|P2P|EFFICACY#COMBINATION_THERAPY|Dr. TNF
TALTZ_PSORIATIC ARTHRITIS|P2P|EFFICACY#COMBINATION_THERAPY|Dr. Joint Only
TALTZ_PSORIATIC ARTHRITIS|P2P|EFFICACY#COMBINATION_THERAPY|Dr. Domains
TALTZ_PSORIATIC ARTHRITIS|P2P|EFFICACY#COMBINATION_THERAPY|APP
TALTZ_PSORIATIC ARTHRITIS|P2P|EFFICACY#COMBINATION_THERAPY|NPP_NON_TARGET
TALTZ_PSORIATIC ARTHRITIS|P2P|EFFICACY#COMBINATION_THERAPY|NA
TALTZ_PSORIATIC ARTHRITIS|P2P|DEVICE|Dr. Ease of Access
TALTZ_PSORIATIC ARTHRITIS|P2P|DEVICE|Dr. TNF
TALTZ_PSORIATIC ARTHRITIS|P2P|DEVICE|Dr. Joint Only
TALTZ_PSORIATIC ARTHRITIS|P2P|DEVICE|Dr. Domains
TALTZ_PSORIATIC ARTHRITIS|P2P|DEVICE|APP
TALTZ_PSORIATIC ARTHRITIS|P2P|DEVICE|NPP_NON_TARGET
TALTZ_PSORIATIC ARTHRITIS|P2P|DEVICE|NA
TALTZ_PSORIATIC ARTHRITIS|P2P|SAFETY#SIDE_EFFECTS|Dr. Ease of Access
TALTZ_PSORIATIC ARTHRITIS|P2P|SAFETY#SIDE_EFFECTS|Dr. TNF
TALTZ_PSORIATIC ARTHRITIS|P2P|SAFETY#SIDE_EFFECTS|Dr. Joint Only
TALTZ_PSORIATIC ARTHRITIS|P2P|SAFETY#SIDE_EFFECTS|Dr. Domains
TALTZ_PSORIATIC ARTHRITIS|P2P|SAFETY#SIDE_EFFECTS|APP
TALTZ_PSORIATIC ARTHRITIS|P2P|SAFETY#SIDE_EFFECTS|NPP_NON_TARGET
TALTZ_PSORIATIC ARTHRITIS|P2P|SAFETY#SIDE_EFFECTS|NA
TALTZ_PSORIATIC ARTHRITIS|P2P|SAFETY#NR_AXSPA|Dr. Ease of Access
TALTZ_PSORIATIC ARTHRITIS|P2P|SAFETY#NR_AXSPA|Dr. TNF
TALTZ_PSORIATIC ARTHRITIS|P2P|SAFETY#NR_AXSPA|Dr. Joint Only
TALTZ_PSORIATIC ARTHRITIS|P2P|SAFETY#NR_AXSPA|Dr. Domains
TALTZ_PSORIATIC ARTHRITIS|P2P|SAFETY#NR_AXSPA|APP
TALTZ_PSORIATIC ARTHRITIS|P2P|SAFETY#NR_AXSPA|NPP_NON_TARGET
TALTZ_PSORIATIC ARTHRITIS|P2P|SAFETY#NR_AXSPA|NA
TALTZ_PSORIATIC ARTHRITIS|P2P|SAFETY#NA|Dr. Ease of Access
TALTZ_PSORIATIC ARTHRITIS|P2P|SAFETY#NA|Dr. TNF
TALTZ_PSORIATIC ARTHRITIS|P2P|SAFETY#NA|Dr. Joint Only
TALTZ_PSORIATIC ARTHRITIS|P2P|SAFETY#NA|Dr. Domains
TALTZ_PSORIATIC ARTHRITIS|P2P|SAFETY#NA|APP
TALTZ_PSORIATIC ARTHRITIS|P2P|SAFETY#NA|NPP_NON_TARGET
TALTZ_PSORIATIC ARTHRITIS|P2P|SAFETY#NA|NA
TALTZ_PSORIATIC ARTHRITIS|P2P|SAFETY#HEAD_TO_HEAD|Dr. Ease of Access
TALTZ_PSORIATIC ARTHRITIS|P2P|SAFETY#HEAD_TO_HEAD|Dr. TNF
TALTZ_PSORIATIC ARTHRITIS|P2P|SAFETY#HEAD_TO_HEAD|Dr. Joint Only
TALTZ_PSORIATIC ARTHRITIS|P2P|SAFETY#HEAD_TO_HEAD|Dr. Domains
TALTZ_PSORIATIC ARTHRITIS|P2P|SAFETY#HEAD_TO_HEAD|APP
TALTZ_PSORIATIC ARTHRITIS|P2P|SAFETY#HEAD_TO_HEAD|NPP_NON_TARGET
TALTZ_PSORIATIC ARTHRITIS|P2P|SAFETY#HEAD_TO_HEAD|NA
TALTZ_PSORIATIC ARTHRITIS|P2P|SAFETY#AS|Dr. Ease of Access
TALTZ_PSORIATIC ARTHRITIS|P2P|SAFETY#AS|Dr. TNF
TALTZ_PSORIATIC ARTHRITIS|P2P|SAFETY#AS|Dr. Joint Only
TALTZ_PSORIATIC ARTHRITIS|P2P|SAFETY#AS|Dr. Domains
TALTZ_PSORIATIC ARTHRITIS|P2P|SAFETY#AS|APP
TALTZ_PSORIATIC ARTHRITIS|P2P|SAFETY#AS|NPP_NON_TARGET
TALTZ_PSORIATIC ARTHRITIS|P2P|SAFETY#AS|NA
TALTZ_PSORIATIC ARTHRITIS|P2P|PATIENT_TYPE_IDENTIFICATION|Dr. Ease of Access
TALTZ_PSORIATIC ARTHRITIS|P2P|PATIENT_TYPE_IDENTIFICATION|Dr. TNF
TALTZ_PSORIATIC ARTHRITIS|P2P|PATIENT_TYPE_IDENTIFICATION|Dr. Joint Only
TALTZ_PSORIATIC ARTHRITIS|P2P|PATIENT_TYPE_IDENTIFICATION|Dr. Domains
TALTZ_PSORIATIC ARTHRITIS|P2P|PATIENT_TYPE_IDENTIFICATION|APP
TALTZ_PSORIATIC ARTHRITIS|P2P|PATIENT_TYPE_IDENTIFICATION|NPP_NON_TARGET
TALTZ_PSORIATIC ARTHRITIS|P2P|PATIENT_TYPE_IDENTIFICATION|NA
TALTZ_PSORIATIC ARTHRITIS|P2P|PATIENT_CUSTOMER_SUPPORT|Dr. Ease of Access
TALTZ_PSORIATIC ARTHRITIS|P2P|PATIENT_CUSTOMER_SUPPORT|Dr. TNF
TALTZ_PSORIATIC ARTHRITIS|P2P|PATIENT_CUSTOMER_SUPPORT|Dr. Joint Only
TALTZ_PSORIATIC ARTHRITIS|P2P|PATIENT_CUSTOMER_SUPPORT|Dr. Domains
TALTZ_PSORIATIC ARTHRITIS|P2P|PATIENT_CUSTOMER_SUPPORT|APP
TALTZ_PSORIATIC ARTHRITIS|P2P|PATIENT_CUSTOMER_SUPPORT|NPP_NON_TARGET
TALTZ_PSORIATIC ARTHRITIS|P2P|PATIENT_CUSTOMER_SUPPORT|NA
TALTZ_PSORIATIC ARTHRITIS|P2P|PATIENT_AFFORDABILITY|Dr. Ease of Access
TALTZ_PSORIATIC ARTHRITIS|P2P|PATIENT_AFFORDABILITY|Dr. TNF
TALTZ_PSORIATIC ARTHRITIS|P2P|PATIENT_AFFORDABILITY|Dr. Joint Only
TALTZ_PSORIATIC ARTHRITIS|P2P|PATIENT_AFFORDABILITY|Dr. Domains
TALTZ_PSORIATIC ARTHRITIS|P2P|PATIENT_AFFORDABILITY|APP
TALTZ_PSORIATIC ARTHRITIS|P2P|PATIENT_AFFORDABILITY|NPP_NON_TARGET
TALTZ_PSORIATIC ARTHRITIS|P2P|PATIENT_AFFORDABILITY|NA
TALTZ_PSORIATIC ARTHRITIS|P2P|MOA|Dr. Ease of Access
TALTZ_PSORIATIC ARTHRITIS|P2P|MOA|Dr. TNF
TALTZ_PSORIATIC ARTHRITIS|P2P|MOA|Dr. Joint Only
TALTZ_PSORIATIC ARTHRITIS|P2P|MOA|Dr. Domains
TALTZ_PSORIATIC ARTHRITIS|P2P|MOA|APP
TALTZ_PSORIATIC ARTHRITIS|P2P|MOA|NPP_NON_TARGET
TALTZ_PSORIATIC ARTHRITIS|P2P|MOA|NA
TALTZ_PSORIATIC ARTHRITIS|P2P|EFFICACY#SPINAL_PAIN_AND_STIFFNESS|Dr. Ease of Access
TALTZ_PSORIATIC ARTHRITIS|P2P|EFFICACY#SPINAL_PAIN_AND_STIFFNESS|Dr. TNF
TALTZ_PSORIATIC ARTHRITIS|P2P|EFFICACY#SPINAL_PAIN_AND_STIFFNESS|Dr. Joint Only
TALTZ_PSORIATIC ARTHRITIS|P2P|EFFICACY#SPINAL_PAIN_AND_STIFFNESS|Dr. Domains
TALTZ_PSORIATIC ARTHRITIS|P2P|EFFICACY#SPINAL_PAIN_AND_STIFFNESS|APP
TALTZ_PSORIATIC ARTHRITIS|P2P|EFFICACY#SPINAL_PAIN_AND_STIFFNESS|NPP_NON_TARGET
TALTZ_PSORIATIC ARTHRITIS|P2P|EFFICACY#SPINAL_PAIN_AND_STIFFNESS|NA
TALTZ_PSORIATIC ARTHRITIS|P2P|EFFICACY#SECONDARY|Dr. Ease of Access
TALTZ_PSORIATIC ARTHRITIS|P2P|EFFICACY#SECONDARY|Dr. TNF
TALTZ_PSORIATIC ARTHRITIS|P2P|EFFICACY#SECONDARY|Dr. Joint Only
TALTZ_PSORIATIC ARTHRITIS|P2P|EFFICACY#SECONDARY|Dr. Domains
TALTZ_PSORIATIC ARTHRITIS|P2P|EFFICACY#SECONDARY|APP
TALTZ_PSORIATIC ARTHRITIS|P2P|EFFICACY#SECONDARY|NPP_NON_TARGET
TALTZ_PSORIATIC ARTHRITIS|P2P|EFFICACY#SECONDARY|NA
TALTZ_PSORIATIC ARTHRITIS|P2P|EFFICACY#RAPID_ONSET|Dr. Ease of Access
TALTZ_PSORIATIC ARTHRITIS|P2P|EFFICACY#RAPID_ONSET|Dr. TNF
TALTZ_PSORIATIC ARTHRITIS|P2P|EFFICACY#RAPID_ONSET|Dr. Joint Only
TALTZ_PSORIATIC ARTHRITIS|P2P|EFFICACY#RAPID_ONSET|Dr. Domains
TALTZ_PSORIATIC ARTHRITIS|P2P|EFFICACY#RAPID_ONSET|APP
TALTZ_PSORIATIC ARTHRITIS|P2P|EFFICACY#RAPID_ONSET|NPP_NON_TARGET
TALTZ_PSORIATIC ARTHRITIS|P2P|EFFICACY#RAPID_ONSET|NA
TALTZ_PSORIATIC ARTHRITIS|P2P|EFFICACY#PSO_PEDS|Dr. Ease of Access
TALTZ_PSORIATIC ARTHRITIS|P2P|EFFICACY#PSO_PEDS|Dr. TNF
TALTZ_PSORIATIC ARTHRITIS|P2P|EFFICACY#PSO_PEDS|Dr. Joint Only
TALTZ_PSORIATIC ARTHRITIS|P2P|EFFICACY#PSO_PEDS|Dr. Domains
TALTZ_PSORIATIC ARTHRITIS|P2P|EFFICACY#PSO_PEDS|APP
TALTZ_PSORIATIC ARTHRITIS|P2P|EFFICACY#PSO_PEDS|NPP_NON_TARGET
TALTZ_PSORIATIC ARTHRITIS|P2P|EFFICACY#PSO_PEDS|NA
TALTZ_PSORIATIC ARTHRITIS|P2P|EFFICACY#NOW_APPROVED|Dr. Ease of Access
TALTZ_PSORIATIC ARTHRITIS|P2P|EFFICACY#NOW_APPROVED|Dr. TNF
TALTZ_PSORIATIC ARTHRITIS|P2P|EFFICACY#NOW_APPROVED|Dr. Joint Only
TALTZ_PSORIATIC ARTHRITIS|P2P|EFFICACY#NOW_APPROVED|Dr. Domains
TALTZ_PSORIATIC ARTHRITIS|P2P|EFFICACY#NOW_APPROVED|APP
TALTZ_PSORIATIC ARTHRITIS|P2P|EFFICACY#NOW_APPROVED|NPP_NON_TARGET
TALTZ_PSORIATIC ARTHRITIS|P2P|EFFICACY#NOW_APPROVED|NA
TALTZ_PSORIATIC ARTHRITIS|P2P|EFFICACY#NA|Dr. Ease of Access
TALTZ_PSORIATIC ARTHRITIS|P2P|EFFICACY#NA|Dr. TNF
TALTZ_PSORIATIC ARTHRITIS|P2P|EFFICACY#NA|Dr. Joint Only
TALTZ_PSORIATIC ARTHRITIS|P2P|EFFICACY#NA|Dr. Domains
TALTZ_PSORIATIC ARTHRITIS|P2P|EFFICACY#NA|APP
TALTZ_PSORIATIC ARTHRITIS|P2P|EFFICACY#NA|NPP_NON_TARGET
TALTZ_PSORIATIC ARTHRITIS|P2P|EFFICACY#NA|NA
TALTZ_PSORIATIC ARTHRITIS|P2P|EFFICACY#LONG_TERM|Dr. Ease of Access
TALTZ_PSORIATIC ARTHRITIS|P2P|EFFICACY#LONG_TERM|Dr. TNF
TALTZ_PSORIATIC ARTHRITIS|P2P|EFFICACY#LONG_TERM|Dr. Joint Only
TALTZ_PSORIATIC ARTHRITIS|P2P|EFFICACY#LONG_TERM|Dr. Domains
TALTZ_PSORIATIC ARTHRITIS|P2P|EFFICACY#LONG_TERM|APP
TALTZ_PSORIATIC ARTHRITIS|P2P|EFFICACY#LONG_TERM|NPP_NON_TARGET
TALTZ_PSORIATIC ARTHRITIS|P2P|EFFICACY#LONG_TERM|NA
TALTZ_PSORIATIC ARTHRITIS|P2P|EASE_OF_ADMINISTRATION|Dr. Ease of Access
TALTZ_PSORIATIC ARTHRITIS|P2P|EASE_OF_ADMINISTRATION|Dr. TNF
TALTZ_PSORIATIC ARTHRITIS|P2P|EASE_OF_ADMINISTRATION|Dr. Joint Only
TALTZ_PSORIATIC ARTHRITIS|P2P|EASE_OF_ADMINISTRATION|Dr. Domains
TALTZ_PSORIATIC ARTHRITIS|P2P|EASE_OF_ADMINISTRATION|APP
TALTZ_PSORIATIC ARTHRITIS|P2P|EASE_OF_ADMINISTRATION|NPP_NON_TARGET
TALTZ_PSORIATIC ARTHRITIS|P2P|EASE_OF_ADMINISTRATION|NA
TALTZ_PSORIATIC ARTHRITIS|P2P|DOSING|Dr. Ease of Access
TALTZ_PSORIATIC ARTHRITIS|P2P|DOSING|Dr. TNF
TALTZ_PSORIATIC ARTHRITIS|P2P|DOSING|Dr. Joint Only
TALTZ_PSORIATIC ARTHRITIS|P2P|DOSING|Dr. Domains
TALTZ_PSORIATIC ARTHRITIS|P2P|DOSING|APP
TALTZ_PSORIATIC ARTHRITIS|P2P|DOSING|NPP_NON_TARGET
TALTZ_PSORIATIC ARTHRITIS|P2P|DOSING|NA
TALTZ_PSORIATIC ARTHRITIS|P2P|DISEASE_STATE|Dr. Ease of Access
TALTZ_PSORIATIC ARTHRITIS|P2P|DISEASE_STATE|Dr. TNF
TALTZ_PSORIATIC ARTHRITIS|P2P|DISEASE_STATE|Dr. Joint Only
TALTZ_PSORIATIC ARTHRITIS|P2P|DISEASE_STATE|Dr. Domains
TALTZ_PSORIATIC ARTHRITIS|P2P|DISEASE_STATE|APP
TALTZ_PSORIATIC ARTHRITIS|P2P|DISEASE_STATE|NPP_NON_TARGET
TALTZ_PSORIATIC ARTHRITIS|P2P|DISEASE_STATE|NA
TALTZ_PSORIATIC ARTHRITIS|VEEVA_EMAIL|DEVICE|Dr. Ease of Access
TALTZ_PSORIATIC ARTHRITIS|VEEVA_EMAIL|DEVICE|Dr. TNF
TALTZ_PSORIATIC ARTHRITIS|VEEVA_EMAIL|DEVICE|Dr. Joint Only
TALTZ_PSORIATIC ARTHRITIS|VEEVA_EMAIL|DEVICE|Dr. Domains
TALTZ_PSORIATIC ARTHRITIS|VEEVA_EMAIL|DEVICE|APP
TALTZ_PSORIATIC ARTHRITIS|VEEVA_EMAIL|DEVICE|NPP_NON_TARGET
TALTZ_PSORIATIC ARTHRITIS|VEEVA_EMAIL|DEVICE|NA
TALTZ_PSORIATIC ARTHRITIS|VEEVA_EMAIL|SAFETY#SIDE_EFFECTS|Dr. Ease of Access
TALTZ_PSORIATIC ARTHRITIS|VEEVA_EMAIL|SAFETY#SIDE_EFFECTS|Dr. TNF
TALTZ_PSORIATIC ARTHRITIS|VEEVA_EMAIL|SAFETY#SIDE_EFFECTS|Dr. Joint Only
TALTZ_PSORIATIC ARTHRITIS|VEEVA_EMAIL|SAFETY#SIDE_EFFECTS|Dr. Domains
TALTZ_PSORIATIC ARTHRITIS|VEEVA_EMAIL|SAFETY#SIDE_EFFECTS|APP
TALTZ_PSORIATIC ARTHRITIS|VEEVA_EMAIL|SAFETY#SIDE_EFFECTS|NPP_NON_TARGET
TALTZ_PSORIATIC ARTHRITIS|VEEVA_EMAIL|SAFETY#SIDE_EFFECTS|NA
TALTZ_PSORIATIC ARTHRITIS|VEEVA_EMAIL|SAFETY#NR_AXSPA|Dr. Ease of Access
TALTZ_PSORIATIC ARTHRITIS|VEEVA_EMAIL|SAFETY#NR_AXSPA|Dr. TNF
TALTZ_PSORIATIC ARTHRITIS|VEEVA_EMAIL|SAFETY#NR_AXSPA|Dr. Joint Only
TALTZ_PSORIATIC ARTHRITIS|VEEVA_EMAIL|SAFETY#NR_AXSPA|Dr. Domains
TALTZ_PSORIATIC ARTHRITIS|VEEVA_EMAIL|SAFETY#NR_AXSPA|APP
TALTZ_PSORIATIC ARTHRITIS|VEEVA_EMAIL|SAFETY#NR_AXSPA|NPP_NON_TARGET
TALTZ_PSORIATIC ARTHRITIS|VEEVA_EMAIL|SAFETY#NR_AXSPA|NA
TALTZ_PSORIATIC ARTHRITIS|VEEVA_EMAIL|SAFETY#NA|Dr. Ease of Access
TALTZ_PSORIATIC ARTHRITIS|VEEVA_EMAIL|SAFETY#NA|Dr. TNF
TALTZ_PSORIATIC ARTHRITIS|VEEVA_EMAIL|SAFETY#NA|Dr. Joint Only
TALTZ_PSORIATIC ARTHRITIS|VEEVA_EMAIL|SAFETY#NA|Dr. Domains
TALTZ_PSORIATIC ARTHRITIS|VEEVA_EMAIL|SAFETY#NA|APP
TALTZ_PSORIATIC ARTHRITIS|VEEVA_EMAIL|SAFETY#NA|NPP_NON_TARGET
TALTZ_PSORIATIC ARTHRITIS|VEEVA_EMAIL|SAFETY#NA|NA
TALTZ_PSORIATIC ARTHRITIS|VEEVA_EMAIL|SAFETY#HEAD_TO_HEAD|Dr. Ease of Access
TALTZ_PSORIATIC ARTHRITIS|VEEVA_EMAIL|SAFETY#HEAD_TO_HEAD|Dr. TNF
TALTZ_PSORIATIC ARTHRITIS|VEEVA_EMAIL|SAFETY#HEAD_TO_HEAD|Dr. Joint Only
TALTZ_PSORIATIC ARTHRITIS|VEEVA_EMAIL|SAFETY#HEAD_TO_HEAD|Dr. Domains
TALTZ_PSORIATIC ARTHRITIS|VEEVA_EMAIL|SAFETY#HEAD_TO_HEAD|APP
TALTZ_PSORIATIC ARTHRITIS|VEEVA_EMAIL|SAFETY#HEAD_TO_HEAD|NPP_NON_TARGET
TALTZ_PSORIATIC ARTHRITIS|VEEVA_EMAIL|SAFETY#HEAD_TO_HEAD|NA
TALTZ_PSORIATIC ARTHRITIS|VEEVA_EMAIL|SAFETY#AS|Dr. Ease of Access
TALTZ_PSORIATIC ARTHRITIS|VEEVA_EMAIL|SAFETY#AS|Dr. TNF
TALTZ_PSORIATIC ARTHRITIS|VEEVA_EMAIL|SAFETY#AS|Dr. Joint Only
TALTZ_PSORIATIC ARTHRITIS|VEEVA_EMAIL|SAFETY#AS|Dr. Domains
TALTZ_PSORIATIC ARTHRITIS|VEEVA_EMAIL|SAFETY#AS|APP
TALTZ_PSORIATIC ARTHRITIS|VEEVA_EMAIL|SAFETY#AS|NPP_NON_TARGET
TALTZ_PSORIATIC ARTHRITIS|VEEVA_EMAIL|SAFETY#AS|NA
TALTZ_PSORIATIC ARTHRITIS|VEEVA_EMAIL|PATIENT_TYPE_IDENTIFICATION|Dr. Ease of Access
TALTZ_PSORIATIC ARTHRITIS|VEEVA_EMAIL|PATIENT_TYPE_IDENTIFICATION|Dr. TNF
TALTZ_PSORIATIC ARTHRITIS|VEEVA_EMAIL|PATIENT_TYPE_IDENTIFICATION|Dr. Joint Only
TALTZ_PSORIATIC ARTHRITIS|VEEVA_EMAIL|PATIENT_TYPE_IDENTIFICATION|Dr. Domains
TALTZ_PSORIATIC ARTHRITIS|VEEVA_EMAIL|PATIENT_TYPE_IDENTIFICATION|APP
TALTZ_PSORIATIC ARTHRITIS|VEEVA_EMAIL|PATIENT_TYPE_IDENTIFICATION|NPP_NON_TARGET
TALTZ_PSORIATIC ARTHRITIS|VEEVA_EMAIL|PATIENT_TYPE_IDENTIFICATION|NA
TALTZ_PSORIATIC ARTHRITIS|VEEVA_EMAIL|PATIENT_CUSTOMER_SUPPORT|Dr. Ease of Access
TALTZ_PSORIATIC ARTHRITIS|VEEVA_EMAIL|PATIENT_CUSTOMER_SUPPORT|Dr. TNF
TALTZ_PSORIATIC ARTHRITIS|VEEVA_EMAIL|PATIENT_CUSTOMER_SUPPORT|Dr. Joint Only
TALTZ_PSORIATIC ARTHRITIS|VEEVA_EMAIL|PATIENT_CUSTOMER_SUPPORT|Dr. Domains
TALTZ_PSORIATIC ARTHRITIS|VEEVA_EMAIL|PATIENT_CUSTOMER_SUPPORT|APP
TALTZ_PSORIATIC ARTHRITIS|VEEVA_EMAIL|PATIENT_CUSTOMER_SUPPORT|NPP_NON_TARGET
TALTZ_PSORIATIC ARTHRITIS|VEEVA_EMAIL|PATIENT_CUSTOMER_SUPPORT|NA
TALTZ_PSORIATIC ARTHRITIS|VEEVA_EMAIL|PATIENT_AFFORDABILITY|Dr. Ease of Access
TALTZ_PSORIATIC ARTHRITIS|VEEVA_EMAIL|PATIENT_AFFORDABILITY|Dr. TNF
TALTZ_PSORIATIC ARTHRITIS|VEEVA_EMAIL|PATIENT_AFFORDABILITY|Dr. Joint Only
TALTZ_PSORIATIC ARTHRITIS|VEEVA_EMAIL|PATIENT_AFFORDABILITY|Dr. Domains
TALTZ_PSORIATIC ARTHRITIS|VEEVA_EMAIL|PATIENT_AFFORDABILITY|APP
TALTZ_PSORIATIC ARTHRITIS|VEEVA_EMAIL|PATIENT_AFFORDABILITY|NPP_NON_TARGET
TALTZ_PSORIATIC ARTHRITIS|VEEVA_EMAIL|PATIENT_AFFORDABILITY|NA
TALTZ_PSORIATIC ARTHRITIS|VEEVA_EMAIL|MOA|Dr. Ease of Access
TALTZ_PSORIATIC ARTHRITIS|VEEVA_EMAIL|MOA|Dr. TNF
TALTZ_PSORIATIC ARTHRITIS|VEEVA_EMAIL|MOA|Dr. Joint Only
TALTZ_PSORIATIC ARTHRITIS|VEEVA_EMAIL|MOA|Dr. Domains
TALTZ_PSORIATIC ARTHRITIS|VEEVA_EMAIL|MOA|APP
TALTZ_PSORIATIC ARTHRITIS|VEEVA_EMAIL|MOA|NPP_NON_TARGET
TALTZ_PSORIATIC ARTHRITIS|VEEVA_EMAIL|MOA|NA
TALTZ_PSORIATIC ARTHRITIS|VEEVA_EMAIL|EFFICACY#SPINAL_PAIN_AND_STIFFNESS|Dr. Ease of Access
TALTZ_PSORIATIC ARTHRITIS|VEEVA_EMAIL|EFFICACY#SPINAL_PAIN_AND_STIFFNESS|Dr. TNF
TALTZ_PSORIATIC ARTHRITIS|VEEVA_EMAIL|EFFICACY#SPINAL_PAIN_AND_STIFFNESS|Dr. Joint Only
TALTZ_PSORIATIC ARTHRITIS|VEEVA_EMAIL|EFFICACY#SPINAL_PAIN_AND_STIFFNESS|Dr. Domains
TALTZ_PSORIATIC ARTHRITIS|VEEVA_EMAIL|EFFICACY#SPINAL_PAIN_AND_STIFFNESS|APP
TALTZ_PSORIATIC ARTHRITIS|VEEVA_EMAIL|EFFICACY#SPINAL_PAIN_AND_STIFFNESS|NPP_NON_TARGET
TALTZ_PSORIATIC ARTHRITIS|VEEVA_EMAIL|EFFICACY#SPINAL_PAIN_AND_STIFFNESS|NA
TALTZ_PSORIATIC ARTHRITIS|VEEVA_EMAIL|EFFICACY#SECONDARY|Dr. Ease of Access
TALTZ_PSORIATIC ARTHRITIS|VEEVA_EMAIL|EFFICACY#SECONDARY|Dr. TNF
TALTZ_PSORIATIC ARTHRITIS|VEEVA_EMAIL|EFFICACY#SECONDARY|Dr. Joint Only
TALTZ_PSORIATIC ARTHRITIS|VEEVA_EMAIL|EFFICACY#SECONDARY|Dr. Domains
TALTZ_PSORIATIC ARTHRITIS|VEEVA_EMAIL|EFFICACY#SECONDARY|APP
TALTZ_PSORIATIC ARTHRITIS|VEEVA_EMAIL|EFFICACY#SECONDARY|NPP_NON_TARGET
TALTZ_PSORIATIC ARTHRITIS|VEEVA_EMAIL|EFFICACY#SECONDARY|NA
TALTZ_PSORIATIC ARTHRITIS|VEEVA_EMAIL|EFFICACY#RAPID_ONSET|Dr. Ease of Access
TALTZ_PSORIATIC ARTHRITIS|VEEVA_EMAIL|EFFICACY#RAPID_ONSET|Dr. TNF
TALTZ_PSORIATIC ARTHRITIS|VEEVA_EMAIL|EFFICACY#RAPID_ONSET|Dr. Joint Only
TALTZ_PSORIATIC ARTHRITIS|VEEVA_EMAIL|EFFICACY#RAPID_ONSET|Dr. Domains
TALTZ_PSORIATIC ARTHRITIS|VEEVA_EMAIL|EFFICACY#RAPID_ONSET|APP
TALTZ_PSORIATIC ARTHRITIS|VEEVA_EMAIL|EFFICACY#RAPID_ONSET|NPP_NON_TARGET
TALTZ_PSORIATIC ARTHRITIS|VEEVA_EMAIL|EFFICACY#RAPID_ONSET|NA
TALTZ_PSORIATIC ARTHRITIS|VEEVA_EMAIL|EFFICACY#PSO_PEDS|Dr. Ease of Access
TALTZ_PSORIATIC ARTHRITIS|VEEVA_EMAIL|EFFICACY#PSO_PEDS|Dr. TNF
TALTZ_PSORIATIC ARTHRITIS|VEEVA_EMAIL|EFFICACY#PSO_PEDS|Dr. Joint Only
TALTZ_PSORIATIC ARTHRITIS|VEEVA_EMAIL|EFFICACY#PSO_PEDS|Dr. Domains
TALTZ_PSORIATIC ARTHRITIS|VEEVA_EMAIL|EFFICACY#PSO_PEDS|APP
TALTZ_PSORIATIC ARTHRITIS|VEEVA_EMAIL|EFFICACY#PSO_PEDS|NPP_NON_TARGET
TALTZ_PSORIATIC ARTHRITIS|VEEVA_EMAIL|EFFICACY#PSO_PEDS|NA
TALTZ_PSORIATIC ARTHRITIS|VEEVA_EMAIL|EFFICACY#NOW_APPROVED|Dr. Ease of Access
TALTZ_PSORIATIC ARTHRITIS|VEEVA_EMAIL|EFFICACY#NOW_APPROVED|Dr. TNF
TALTZ_PSORIATIC ARTHRITIS|VEEVA_EMAIL|EFFICACY#NOW_APPROVED|Dr. Joint Only
TALTZ_PSORIATIC ARTHRITIS|VEEVA_EMAIL|EFFICACY#NOW_APPROVED|Dr. Domains
TALTZ_PSORIATIC ARTHRITIS|VEEVA_EMAIL|EFFICACY#NOW_APPROVED|APP
TALTZ_PSORIATIC ARTHRITIS|VEEVA_EMAIL|EFFICACY#NOW_APPROVED|NPP_NON_TARGET
TALTZ_PSORIATIC ARTHRITIS|VEEVA_EMAIL|EFFICACY#NOW_APPROVED|NA
TALTZ_PSORIATIC ARTHRITIS|VEEVA_EMAIL|EFFICACY#NA|Dr. Ease of Access
TALTZ_PSORIATIC ARTHRITIS|VEEVA_EMAIL|EFFICACY#NA|Dr. TNF
TALTZ_PSORIATIC ARTHRITIS|VEEVA_EMAIL|EFFICACY#NA|Dr. Joint Only
TALTZ_PSORIATIC ARTHRITIS|VEEVA_EMAIL|EFFICACY#NA|Dr. Domains
TALTZ_PSORIATIC ARTHRITIS|VEEVA_EMAIL|EFFICACY#NA|APP
TALTZ_PSORIATIC ARTHRITIS|VEEVA_EMAIL|EFFICACY#NA|NPP_NON_TARGET
TALTZ_PSORIATIC ARTHRITIS|VEEVA_EMAIL|EFFICACY#NA|NA
TALTZ_PSORIATIC ARTHRITIS|VEEVA_EMAIL|EFFICACY#LONG_TERM|Dr. Ease of Access
TALTZ_PSORIATIC ARTHRITIS|VEEVA_EMAIL|EFFICACY#LONG_TERM|Dr. TNF
TALTZ_PSORIATIC ARTHRITIS|VEEVA_EMAIL|EFFICACY#LONG_TERM|Dr. Joint Only
TALTZ_PSORIATIC ARTHRITIS|VEEVA_EMAIL|EFFICACY#LONG_TERM|Dr. Domains
TALTZ_PSORIATIC ARTHRITIS|VEEVA_EMAIL|EFFICACY#LONG_TERM|APP
TALTZ_PSORIATIC ARTHRITIS|VEEVA_EMAIL|EFFICACY#LONG_TERM|NPP_NON_TARGET
TALTZ_PSORIATIC ARTHRITIS|VEEVA_EMAIL|EFFICACY#LONG_TERM|NA
TALTZ_PSORIATIC ARTHRITIS|VEEVA_EMAIL|EASE_OF_ADMINISTRATION|Dr. Ease of Access
TALTZ_PSORIATIC ARTHRITIS|VEEVA_EMAIL|EASE_OF_ADMINISTRATION|Dr. TNF
TALTZ_PSORIATIC ARTHRITIS|VEEVA_EMAIL|EASE_OF_ADMINISTRATION|Dr. Joint Only
TALTZ_PSORIATIC ARTHRITIS|VEEVA_EMAIL|EASE_OF_ADMINISTRATION|Dr. Domains
TALTZ_PSORIATIC ARTHRITIS|VEEVA_EMAIL|EASE_OF_ADMINISTRATION|APP
TALTZ_PSORIATIC ARTHRITIS|VEEVA_EMAIL|EASE_OF_ADMINISTRATION|NPP_NON_TARGET
TALTZ_PSORIATIC ARTHRITIS|VEEVA_EMAIL|EASE_OF_ADMINISTRATION|NA
TALTZ_PSORIATIC ARTHRITIS|VEEVA_EMAIL|DOSING|Dr. Ease of Access
TALTZ_PSORIATIC ARTHRITIS|VEEVA_EMAIL|DOSING|Dr. TNF
TALTZ_PSORIATIC ARTHRITIS|VEEVA_EMAIL|DOSING|Dr. Joint Only
TALTZ_PSORIATIC ARTHRITIS|VEEVA_EMAIL|DOSING|Dr. Domains
TALTZ_PSORIATIC ARTHRITIS|VEEVA_EMAIL|DOSING|APP
TALTZ_PSORIATIC ARTHRITIS|VEEVA_EMAIL|DOSING|NPP_NON_TARGET
TALTZ_PSORIATIC ARTHRITIS|VEEVA_EMAIL|DOSING|NA
TALTZ_PSORIATIC ARTHRITIS|VEEVA_EMAIL|DISEASE_STATE|Dr. Ease of Access
TALTZ_PSORIATIC ARTHRITIS|VEEVA_EMAIL|DISEASE_STATE|Dr. TNF
TALTZ_PSORIATIC ARTHRITIS|VEEVA_EMAIL|DISEASE_STATE|Dr. Joint Only
TALTZ_PSORIATIC ARTHRITIS|VEEVA_EMAIL|DISEASE_STATE|Dr. Domains
TALTZ_PSORIATIC ARTHRITIS|VEEVA_EMAIL|DISEASE_STATE|APP
TALTZ_PSORIATIC ARTHRITIS|VEEVA_EMAIL|DISEASE_STATE|NPP_NON_TARGET
TALTZ_PSORIATIC ARTHRITIS|VEEVA_EMAIL|DISEASE_STATE|NA
TALTZ_PSORIATIC ARTHRITIS|VEEVA_EMAIL|ACCESS_FORMULARY|Dr. Ease of Access
TALTZ_PSORIATIC ARTHRITIS|VEEVA_EMAIL|ACCESS_FORMULARY|Dr. TNF
TALTZ_PSORIATIC ARTHRITIS|VEEVA_EMAIL|ACCESS_FORMULARY|Dr. Joint Only
TALTZ_PSORIATIC ARTHRITIS|VEEVA_EMAIL|ACCESS_FORMULARY|Dr. Domains
TALTZ_PSORIATIC ARTHRITIS|VEEVA_EMAIL|ACCESS_FORMULARY|APP
TALTZ_PSORIATIC ARTHRITIS|VEEVA_EMAIL|ACCESS_FORMULARY|NPP_NON_TARGET
TALTZ_PSORIATIC ARTHRITIS|VEEVA_EMAIL|ACCESS_FORMULARY|NA
TALTZ_PSORIATIC ARTHRITIS|VEEVA_EMAIL|UNMET_NEED|Dr. Ease of Access
TALTZ_PSORIATIC ARTHRITIS|VEEVA_EMAIL|UNMET_NEED|Dr. TNF
TALTZ_PSORIATIC ARTHRITIS|VEEVA_EMAIL|UNMET_NEED|Dr. Joint Only
TALTZ_PSORIATIC ARTHRITIS|VEEVA_EMAIL|UNMET_NEED|Dr. Domains
TALTZ_PSORIATIC ARTHRITIS|VEEVA_EMAIL|UNMET_NEED|APP
TALTZ_PSORIATIC ARTHRITIS|VEEVA_EMAIL|UNMET_NEED|NPP_NON_TARGET
TALTZ_PSORIATIC ARTHRITIS|VEEVA_EMAIL|UNMET_NEED|NA
TALTZ_PSORIATIC ARTHRITIS|VEEVA_EMAIL|SAFETY#PSO_PEDS|Dr. Ease of Access
TALTZ_PSORIATIC ARTHRITIS|VEEVA_EMAIL|SAFETY#PSO_PEDS|Dr. TNF
TALTZ_PSORIATIC ARTHRITIS|VEEVA_EMAIL|SAFETY#PSO_PEDS|Dr. Joint Only
TALTZ_PSORIATIC ARTHRITIS|VEEVA_EMAIL|SAFETY#PSO_PEDS|Dr. Domains
TALTZ_PSORIATIC ARTHRITIS|VEEVA_EMAIL|SAFETY#PSO_PEDS|APP
TALTZ_PSORIATIC ARTHRITIS|VEEVA_EMAIL|SAFETY#PSO_PEDS|NPP_NON_TARGET
TALTZ_PSORIATIC ARTHRITIS|VEEVA_EMAIL|SAFETY#PSO_PEDS|NA
TALTZ_PSORIATIC ARTHRITIS|VEEVA_EMAIL|SAFETY#PSO_ADULTS|Dr. Ease of Access
TALTZ_PSORIATIC ARTHRITIS|VEEVA_EMAIL|SAFETY#PSO_ADULTS|Dr. TNF
TALTZ_PSORIATIC ARTHRITIS|VEEVA_EMAIL|SAFETY#PSO_ADULTS|Dr. Joint Only
TALTZ_PSORIATIC ARTHRITIS|VEEVA_EMAIL|SAFETY#PSO_ADULTS|Dr. Domains
TALTZ_PSORIATIC ARTHRITIS|VEEVA_EMAIL|SAFETY#PSO_ADULTS|APP
TALTZ_PSORIATIC ARTHRITIS|VEEVA_EMAIL|SAFETY#PSO_ADULTS|NPP_NON_TARGET
TALTZ_PSORIATIC ARTHRITIS|VEEVA_EMAIL|SAFETY#PSO_ADULTS|NA
TALTZ_PSORIATIC ARTHRITIS|VEEVA_EMAIL|SAFETY#PSA|Dr. Ease of Access
TALTZ_PSORIATIC ARTHRITIS|VEEVA_EMAIL|SAFETY#PSA|Dr. TNF
TALTZ_PSORIATIC ARTHRITIS|VEEVA_EMAIL|SAFETY#PSA|Dr. Joint Only
TALTZ_PSORIATIC ARTHRITIS|VEEVA_EMAIL|SAFETY#PSA|Dr. Domains
TALTZ_PSORIATIC ARTHRITIS|VEEVA_EMAIL|SAFETY#PSA|APP
TALTZ_PSORIATIC ARTHRITIS|VEEVA_EMAIL|SAFETY#PSA|NPP_NON_TARGET
TALTZ_PSORIATIC ARTHRITIS|VEEVA_EMAIL|SAFETY#PSA|NA
TALTZ_PSORIATIC ARTHRITIS|VEEVA_EMAIL|SAFETY#LONG_TERM|Dr. Ease of Access
TALTZ_PSORIATIC ARTHRITIS|VEEVA_EMAIL|SAFETY#LONG_TERM|Dr. TNF
TALTZ_PSORIATIC ARTHRITIS|VEEVA_EMAIL|SAFETY#LONG_TERM|Dr. Joint Only
TALTZ_PSORIATIC ARTHRITIS|VEEVA_EMAIL|SAFETY#LONG_TERM|Dr. Domains
TALTZ_PSORIATIC ARTHRITIS|VEEVA_EMAIL|SAFETY#LONG_TERM|APP
TALTZ_PSORIATIC ARTHRITIS|VEEVA_EMAIL|SAFETY#LONG_TERM|NPP_NON_TARGET
TALTZ_PSORIATIC ARTHRITIS|VEEVA_EMAIL|SAFETY#LONG_TERM|NA
TALTZ_PSORIATIC ARTHRITIS|VEEVA_EMAIL|INITIATION|Dr. Ease of Access
TALTZ_PSORIATIC ARTHRITIS|VEEVA_EMAIL|INITIATION|Dr. TNF
TALTZ_PSORIATIC ARTHRITIS|VEEVA_EMAIL|INITIATION|Dr. Joint Only
TALTZ_PSORIATIC ARTHRITIS|VEEVA_EMAIL|INITIATION|Dr. Domains
TALTZ_PSORIATIC ARTHRITIS|VEEVA_EMAIL|INITIATION|APP
TALTZ_PSORIATIC ARTHRITIS|VEEVA_EMAIL|INITIATION|NPP_NON_TARGET
TALTZ_PSORIATIC ARTHRITIS|VEEVA_EMAIL|INITIATION|NA
TALTZ_PSORIATIC ARTHRITIS|VEEVA_EMAIL|GENERAL|Dr. Ease of Access
TALTZ_PSORIATIC ARTHRITIS|VEEVA_EMAIL|GENERAL|Dr. TNF
TALTZ_PSORIATIC ARTHRITIS|VEEVA_EMAIL|GENERAL|Dr. Joint Only
TALTZ_PSORIATIC ARTHRITIS|VEEVA_EMAIL|GENERAL|Dr. Domains
TALTZ_PSORIATIC ARTHRITIS|VEEVA_EMAIL|GENERAL|APP
TALTZ_PSORIATIC ARTHRITIS|VEEVA_EMAIL|GENERAL|NPP_NON_TARGET
TALTZ_PSORIATIC ARTHRITIS|VEEVA_EMAIL|GENERAL|NA
TALTZ_PSORIATIC ARTHRITIS|VEEVA_EMAIL|EFFICACY#STRUCTURE|Dr. Ease of Access
TALTZ_PSORIATIC ARTHRITIS|VEEVA_EMAIL|EFFICACY#STRUCTURE|Dr. TNF
TALTZ_PSORIATIC ARTHRITIS|VEEVA_EMAIL|EFFICACY#STRUCTURE|Dr. Joint Only
TALTZ_PSORIATIC ARTHRITIS|VEEVA_EMAIL|EFFICACY#STRUCTURE|Dr. Domains
TALTZ_PSORIATIC ARTHRITIS|VEEVA_EMAIL|EFFICACY#STRUCTURE|APP
TALTZ_PSORIATIC ARTHRITIS|VEEVA_EMAIL|EFFICACY#STRUCTURE|NPP_NON_TARGET
TALTZ_PSORIATIC ARTHRITIS|VEEVA_EMAIL|EFFICACY#STRUCTURE|NA
TALTZ_PSORIATIC ARTHRITIS|VEEVA_EMAIL|EFFICACY#HEAD_TO_HEAD|Dr. Ease of Access
TALTZ_PSORIATIC ARTHRITIS|VEEVA_EMAIL|EFFICACY#HEAD_TO_HEAD|Dr. TNF
TALTZ_PSORIATIC ARTHRITIS|VEEVA_EMAIL|EFFICACY#HEAD_TO_HEAD|Dr. Joint Only
TALTZ_PSORIATIC ARTHRITIS|VEEVA_EMAIL|EFFICACY#HEAD_TO_HEAD|Dr. Domains
TALTZ_PSORIATIC ARTHRITIS|VEEVA_EMAIL|EFFICACY#HEAD_TO_HEAD|APP
TALTZ_PSORIATIC ARTHRITIS|VEEVA_EMAIL|EFFICACY#HEAD_TO_HEAD|NPP_NON_TARGET
TALTZ_PSORIATIC ARTHRITIS|VEEVA_EMAIL|EFFICACY#HEAD_TO_HEAD|NA
TALTZ_PSORIATIC ARTHRITIS|VEEVA_EMAIL|EFFICACY#ENTHESITIS_DACYLITIS|Dr. Ease of Access
TALTZ_PSORIATIC ARTHRITIS|VEEVA_EMAIL|EFFICACY#ENTHESITIS_DACYLITIS|Dr. TNF
TALTZ_PSORIATIC ARTHRITIS|VEEVA_EMAIL|EFFICACY#ENTHESITIS_DACYLITIS|Dr. Joint Only
TALTZ_PSORIATIC ARTHRITIS|VEEVA_EMAIL|EFFICACY#ENTHESITIS_DACYLITIS|Dr. Domains
TALTZ_PSORIATIC ARTHRITIS|VEEVA_EMAIL|EFFICACY#ENTHESITIS_DACYLITIS|APP
TALTZ_PSORIATIC ARTHRITIS|VEEVA_EMAIL|EFFICACY#ENTHESITIS_DACYLITIS|NPP_NON_TARGET
TALTZ_PSORIATIC ARTHRITIS|VEEVA_EMAIL|EFFICACY#ENTHESITIS_DACYLITIS|NA
TALTZ_PSORIATIC ARTHRITIS|VEEVA_EMAIL|EFFICACY#CORE|Dr. Ease of Access
TALTZ_PSORIATIC ARTHRITIS|VEEVA_EMAIL|EFFICACY#CORE|Dr. TNF
TALTZ_PSORIATIC ARTHRITIS|VEEVA_EMAIL|EFFICACY#CORE|Dr. Joint Only
TALTZ_PSORIATIC ARTHRITIS|VEEVA_EMAIL|EFFICACY#CORE|Dr. Domains
TALTZ_PSORIATIC ARTHRITIS|VEEVA_EMAIL|EFFICACY#CORE|APP
TALTZ_PSORIATIC ARTHRITIS|VEEVA_EMAIL|EFFICACY#CORE|NPP_NON_TARGET
TALTZ_PSORIATIC ARTHRITIS|VEEVA_EMAIL|EFFICACY#CORE|NA
TALTZ_PSORIATIC ARTHRITIS|VEEVA_EMAIL|EFFICACY#COMBINATION_THERAPY|Dr. Ease of Access
TALTZ_PSORIATIC ARTHRITIS|VEEVA_EMAIL|EFFICACY#COMBINATION_THERAPY|Dr. TNF
TALTZ_PSORIATIC ARTHRITIS|VEEVA_EMAIL|EFFICACY#COMBINATION_THERAPY|Dr. Joint Only
TALTZ_PSORIATIC ARTHRITIS|VEEVA_EMAIL|EFFICACY#COMBINATION_THERAPY|Dr. Domains
TALTZ_PSORIATIC ARTHRITIS|VEEVA_EMAIL|EFFICACY#COMBINATION_THERAPY|APP
TALTZ_PSORIATIC ARTHRITIS|VEEVA_EMAIL|EFFICACY#COMBINATION_THERAPY|NPP_NON_TARGET
TALTZ_PSORIATIC ARTHRITIS|VEEVA_EMAIL|EFFICACY#COMBINATION_THERAPY|NA