segment|product|indication|from_channel|to_channel|min_gap
LUNG_L|RET|RET|LUNG_MEDSCAPE_BRANDSPOT|LUNG_DOXIMITY_ALERT|1
LUNG_L|RET|RET|LUNG_MEDSCAPE_BRANDSPOT|LUNG_F2F_CALL|1
LUNG_L|RET|RET|LUNG_MEDSCAPE_BRANDSPOT|LUNG_MEDSCAPE_ALERT|1
LUNG_L|RET|RET|LUNG_MEDSCAPE_BRANDSPOT|OVERALL_F2F_CALL|1
LUNG_L|RET|RET|LUNG_MEDSCAPE_BRANDSPOT|OVERALL_HQ_EMAIL|1
LUNG_L|RET|RET|LUNG_MEDSCAPE_BRANDSPOT|OVERALL_MEDSCAPE_EMAIL|7
LUNG_L|RET|RET|LUNG_MEDSCAPE_BRANDSPOT|OVERALL_MEDSCAPE_POC|14
LUNG_L|RET|RET|LUNG_MEDSCAPE_BRANDSPOT|OVERALL_P2P|1
LUNG_L|RET|RET|LUNG_MEDSCAPE_BRANDSPOT|THYROID_DOXIMITY_ALERT|1
LUNG_L|RET|RET|LUNG_MEDSCAPE_BRANDSPOT|THYROID_F2F_CALL|1
LUNG_L|RET|RET|LUNG_MEDSCAPE_BRANDSPOT|THYROID_MEDSCAPE_ALERT|1
LUNG_L|RET|RET|LUNG_MEDSCAPE_BRANDSPOT|THYROID_MEDSCAPE_BRANDSPOT|14
LUNG_L|RET|RET|LUNG_MEDSCAPE_BRANDSPOT|THYROID_MEDSCAPE_EMAIL|7
LUNG_L|RET|RET|LUNG_MEDSCAPE_EMAIL|LUNG_F2F_CALL|1
LUNG_L|RET|RET|LUNG_MEDSCAPE_EMAIL|LUNG_MEDSCAPE_ALERT|7
LUNG_L|RET|RET|LUNG_MEDSCAPE_EMAIL|LUNG_MEDSCAPE_BRANDSPOT|7
LUNG_L|RET|RET|LUNG_MEDSCAPE_EMAIL|LUNG_MEDSCAPE_EMAIL|28
LUNG_L|RET|RET|LUNG_MEDSCAPE_EMAIL|LUNG_MEDSCAPE_POC|1
LUNG_L|RET|RET|LUNG_MEDSCAPE_EMAIL|LUNG_VEEVA_EMAIL|1
LUNG_L|RET|RET|LUNG_MEDSCAPE_EMAIL|OVERALL_MEDSCAPE_ALERT|7
LUNG_L|RET|RET|LUNG_MEDSCAPE_EMAIL|OVERALL_MEDSCAPE_BRANDSPOT|7
LUNG_L|RET|RET|LUNG_MEDSCAPE_EMAIL|OVERALL_MEDSCAPE_POC|7
LUNG_L|RET|RET|LUNG_MEDSCAPE_EMAIL|OVERALL_VEEVA_EMAIL|1
LUNG_L|RET|RET|LUNG_MEDSCAPE_EMAIL|THYROID_DOXIMITY_ALERT|1
LUNG_L|RET|RET|LUNG_MEDSCAPE_EMAIL|THYROID_F2F_CALL|1
LUNG_L|RET|RET|LUNG_MEDSCAPE_EMAIL|THYROID_HQ_EMAIL|1
LUNG_L|RET|RET|LUNG_MEDSCAPE_EMAIL|THYROID_MEDSCAPE_ALERT|7
LUNG_L|RET|RET|LUNG_MEDSCAPE_EMAIL|THYROID_MEDSCAPE_EMAIL|28
LUNG_L|RET|RET|LUNG_MEDSCAPE_POC|LUNG_DOXIMITY_ALERT|1
LUNG_L|RET|RET|LUNG_MEDSCAPE_POC|LUNG_F2F_CALL|1
LUNG_L|RET|RET|LUNG_MEDSCAPE_POC|LUNG_MEDSCAPE_ALERT|14
LUNG_L|RET|RET|LUNG_MEDSCAPE_POC|LUNG_MEDSCAPE_EMAIL|7
LUNG_L|RET|RET|LUNG_MEDSCAPE_POC|LUNG_MEDSCAPE_POC|14
LUNG_L|RET|RET|LUNG_MEDSCAPE_POC|OVERALL_F2F_CALL|1
LUNG_L|RET|RET|LUNG_MEDSCAPE_POC|OVERALL_MEDSCAPE_ALERT|14
LUNG_L|RET|RET|LUNG_MEDSCAPE_POC|OVERALL_MEDSCAPE_EMAIL|7
LUNG_L|RET|RET|LUNG_MEDSCAPE_POC|OVERALL_MEDSCAPE_POC|14
LUNG_L|RET|RET|LUNG_MEDSCAPE_POC|THYROID_VEEVA_EMAIL|1
LUNG_L|RET|RET|LUNG_VEEVA_EMAIL|LUNG_DOXIMITY_ALERT|1
LUNG_L|RET|RET|LUNG_VEEVA_EMAIL|LUNG_HQ_EMAIL|1
LUNG_L|RET|RET|LUNG_VEEVA_EMAIL|LUNG_VEEVA_EMAIL|14
LUNG_L|RET|RET|LUNG_VEEVA_EMAIL|OVERALL_MEDSCAPE_BRANDSPOT|1
LUNG_L|RET|RET|LUNG_VEEVA_EMAIL|OVERALL_MEDSCAPE_EMAIL|1
LUNG_L|RET|RET|LUNG_VEEVA_EMAIL|OVERALL_VEEVA_EMAIL|14
LUNG_L|RET|RET|LUNG_VEEVA_EMAIL|THYROID_DOXIMITY_ALERT|1
LUNG_L|RET|RET|LUNG_VEEVA_EMAIL|THYROID_F2F_CALL|14
LUNG_L|RET|RET|LUNG_VEEVA_EMAIL|THYROID_MEDSCAPE_ALERT|1
LUNG_L|RET|RET|LUNG_VEEVA_EMAIL|THYROID_MEDSCAPE_BRANDSPOT|1
LUNG_L|RET|RET|OVERALL_DOXIMITY_ALERT|LUNG_F2F_CALL|1
LUNG_L|RET|RET|OVERALL_DOXIMITY_ALERT|LUNG_HQ_EMAIL|1
LUNG_L|RET|RET|OVERALL_DOXIMITY_ALERT|LUNG_MEDSCAPE_ALERT|1
LUNG_L|RET|RET|OVERALL_DOXIMITY_ALERT|OVERALL_F2F_CALL|1
LUNG_L|RET|RET|OVERALL_DOXIMITY_ALERT|OVERALL_HQ_EMAIL|1
LUNG_L|RET|RET|OVERALL_DOXIMITY_ALERT|OVERALL_MEDSCAPE_ALERT|1
LUNG_L|RET|RET|OVERALL_DOXIMITY_ALERT|OVERALL_MEDSCAPE_BRANDSPOT|1
LUNG_L|RET|RET|OVERALL_DOXIMITY_ALERT|OVERALL_MEDSCAPE_EMAIL|1
LUNG_L|RET|RET|OVERALL_DOXIMITY_ALERT|OVERALL_MEDSCAPE_POC|1
LUNG_L|RET|RET|OVERALL_DOXIMITY_ALERT|THYROID_DOXIMITY_ALERT|28
LUNG_L|RET|RET|OVERALL_DOXIMITY_ALERT|THYROID_MEDSCAPE_BRANDSPOT|1
LUNG_L|RET|RET|OVERALL_DOXIMITY_ALERT|THYROID_MEDSCAPE_POC|1
LUNG_L|RET|RET|OVERALL_F2F_CALL|LUNG_F2F_CALL|21
LUNG_L|RET|RET|OVERALL_F2F_CALL|LUNG_HQ_EMAIL|1
LUNG_L|RET|RET|OVERALL_F2F_CALL|LUNG_VEEVA_EMAIL|14
LUNG_L|RET|RET|OVERALL_F2F_CALL|OVERALL_F2F_CALL|21
LUNG_L|RET|RET|OVERALL_F2F_CALL|OVERALL_HQ_EMAIL|1
LUNG_L|RET|RET|OVERALL_F2F_CALL|OVERALL_MEDSCAPE_BRANDSPOT|1
LUNG_L|RET|RET|OVERALL_F2F_CALL|OVERALL_P2P|1
LUNG_L|RET|RET|OVERALL_F2F_CALL|THYROID_DOXIMITY_ALERT|1
LUNG_L|RET|RET|OVERALL_F2F_CALL|THYROID_MEDSCAPE_ALERT|1
LUNG_L|RET|RET|OVERALL_F2F_CALL|THYROID_MEDSCAPE_BRANDSPOT|1
LUNG_L|RET|RET|OVERALL_HQ_EMAIL|LUNG_DOXIMITY_ALERT|1
LUNG_L|RET|RET|OVERALL_HQ_EMAIL|LUNG_F2F_CALL|1
LUNG_L|RET|RET|OVERALL_HQ_EMAIL|LUNG_HQ_EMAIL|7
LUNG_L|RET|RET|OVERALL_HQ_EMAIL|LUNG_MEDSCAPE_ALERT|1
LUNG_L|RET|RET|OVERALL_HQ_EMAIL|LUNG_MEDSCAPE_BRANDSPOT|1
LUNG_L|RET|RET|OVERALL_HQ_EMAIL|LUNG_VEEVA_EMAIL|1
LUNG_L|RET|RET|OVERALL_HQ_EMAIL|OVERALL_F2F_CALL|1
LUNG_L|RET|RET|OVERALL_HQ_EMAIL|OVERALL_HQ_EMAIL|7
LUNG_L|RET|RET|OVERALL_HQ_EMAIL|OVERALL_MEDSCAPE_BRANDSPOT|1
LUNG_L|RET|RET|OVERALL_HQ_EMAIL|OVERALL_P2P|1
MEDIUM|TRU|TRU|DOXIMITY_ALERT|DOXIMITY_ALERT|14
MEDIUM|TRU|TRU|DOXIMITY_DOCSPOT|DOXIMITY_DOCSPOT|14
MEDIUM|TRU|TRU|HQ_EMAIL|HQ_EMAIL|7
MEDIUM|TRU|TRU|MEDSCAPE_EMAIL|MEDSCAPE_EMAIL|30
MEDIUM|US_304486|US_304486|F2F_CALL|F2F_CALL|14
MEDIUM|US_304486|US_304486|F2F_CALL|HQ_EMAIL|1
MEDIUM|US_304486|US_304486|F2F_CALL|MEDSCAPE_ALERT|1
MEDIUM|US_304486|US_304486|F2F_CALL|MEDSCAPE_POC|1
MEDIUM|US_304486|US_304486|HQ_EMAIL|F2F_CALL|1
MEDIUM|US_304486|US_304486|HQ_EMAIL|HQ_EMAIL|7
MEDIUM|US_304486|US_304486|HQ_EMAIL|MEDSCAPE_BRANDSPOT|1
MEDIUM|US_304486|US_304486|HQ_EMAIL|VEEVA_EMAIL|1
MEDIUM|US_304486|US_304486|MEDSCAPE_ALERT|F2F_CALL|1
MEDIUM|US_304486|US_304486|MEDSCAPE_ALERT|HQ_EMAIL|1
MEDIUM|US_304486|US_304486|MEDSCAPE_ALERT|VEEVA_EMAIL|1
MEDIUM|US_304486|US_304486|MEDSCAPE_BRANDSPOT|MEDSCAPE_BRANDSPOT|14
MEDIUM|US_304486|US_304486|MEDSCAPE_BRANDSPOT|VEEVA_EMAIL|1
MEDIUM|US_304486|US_304486|MEDSCAPE_EMAIL|HQ_EMAIL|1
MEDIUM|US_304486|US_304486|MEDSCAPE_EMAIL|MEDSCAPE_BRANDSPOT|1
MEDIUM|US_304486|US_304486|MEDSCAPE_EMAIL|MEDSCAPE_POC|1
MEDIUM|US_304486|US_304486|MEDSCAPE_POC|F2F_CALL|1
MEDIUM|US_304486|US_304486|MEDSCAPE_POC|MEDSCAPE_EMAIL|1
MEDIUM|US_304486|US_304486|MEDSCAPE_POC|MEDSCAPE_POC|14
MEDIUM|US_304486|US_304486|P2P|HQ_EMAIL|1
MEDIUM|US_304486|US_304486|P2P|MEDSCAPE_ALERT|1
MEDIUM|US_304486|US_304486|P2P|MEDSCAPE_POC|1
MEDIUM|US_304486|US_304486|P2P|VEEVA_EMAIL|7
MEDIUM|US_304486|US_304486|VEEVA_EMAIL|F2F_CALL|1
MEDIUM|US_304486|US_304486|VEEVA_EMAIL|MEDSCAPE_ALERT|1
MEDIUM|US_304486|US_304486|VEEVA_EMAIL|MEDSCAPE_EMAIL|1
MEDIUM|US_304486|US_304486|VEEVA_EMAIL|MEDSCAPE_POC|1
MEDIUM|US_304486|US_304486|VEEVA_EMAIL|VEEVA_EMAIL|7
MEDIUM|US_304528|US_304528|DOXIMITY_ALERT|EDH_PROFLOW_EDMU|1
MEDIUM|US_304528|US_304528|DOXIMITY_ALERT|MEDSCAPE_ALERT|1
MEDIUM|US_304528|US_304528|DOXIMITY_ALERT|MEDSCAPE_EMAIL|1
MEDIUM|US_304528|US_304528|DOXIMITY_ALERT|NUMEDIS_MDMINUTE|1
MEDIUM|US_304528|US_304528|DOXIMITY_ALERT|P2P|1
MEDIUM|US_304528|US_304528|DOXIMITY_DOCSPOT|DOXIMITY_ALERT|1
MEDIUM|US_304528|US_304528|DOXIMITY_DOCSPOT|EDH_PROFLOW_EDMU|1
MEDIUM|US_304528|US_304528|DOXIMITY_DOCSPOT|EDH_PROFLOW_WDMU|1
MEDIUM|US_304528|US_304528|DOXIMITY_DOCSPOT|F2F_CALL|1
MEDIUM|US_304528|US_304528|DOXIMITY_DOCSPOT|MEDSCAPE_ALERT|1
MEDIUM|US_304528|US_304528|DOXIMITY_DOCSPOT|MEDSCAPE_POC|1
MEDIUM|US_304528|US_304528|DOXIMITY_DOCSPOT|P2P|1
MEDIUM|US_304528|US_304528|DOXIMITY_DOCSPOT|VEEVA_EMAIL|1
MEDIUM|US_304528|US_304528|EDH_PROFLOW_EDMU|DOXIMITY_ALERT|1
MEDIUM|US_304528|US_304528|EDH_PROFLOW_EDMU|EDH_PROFLOW_EDMU|7
MEDIUM|US_304528|US_304528|EDH_PROFLOW_EDMU|EDH_PROFLOW_RDMU|7
MEDIUM|US_304528|US_304528|EDH_PROFLOW_EDMU|EPOCRATES_ALERT|1
MEDIUM|US_304528|US_304528|EDH_PROFLOW_EDMU|F2F_CALL|1
MEDIUM|US_304528|US_304528|EDH_PROFLOW_EDMU|HQ_EMAIL|1
MEDIUM|US_304528|US_304528|EDH_PROFLOW_EDMU|MEDSCAPE_ALERT|1
MEDIUM|US_304528|US_304528|EDH_PROFLOW_EDMU|MEDSCAPE_EMAIL|1
MEDIUM|US_304528|US_304528|EDH_PROFLOW_EDMU|NUMEDIS_MDMINUTE|1
MEDIUM|US_304528|US_304528|EDH_PROFLOW_EDMU|VEEVA_EMAIL|1
MEDIUM|US_304528|US_304528|EDH_PROFLOW_RDMU|DOXIMITY_ALERT|1
MEDIUM|US_304528|US_304528|EDH_PROFLOW_RDMU|EDH_PROFLOW_EDMU|7
MEDIUM|US_304528|US_304528|EDH_PROFLOW_RDMU|EDH_PROFLOW_RDMU|7
MEDIUM|US_304528|US_304528|EDH_PROFLOW_RDMU|F2F_CALL|1
MEDIUM|US_304528|US_304528|EDH_PROFLOW_RDMU|HQ_EMAIL|1
MEDIUM|US_304528|US_304528|EDH_PROFLOW_RDMU|P2P|1
MEDIUM|US_304528|US_304528|EDH_PROFLOW_RDMU|VEEVA_EMAIL|1
MEDIUM|US_304528|US_304528|EDH_PROFLOW_WDMU|DOXIMITY_ALERT|1
MEDIUM|US_304528|US_304528|EDH_PROFLOW_WDMU|DOXIMITY_DOCSPOT|1
MEDIUM|US_304528|US_304528|EDH_PROFLOW_WDMU|EDH_PROFLOW_WDMU|7
MEDIUM|US_304528|US_304528|EDH_PROFLOW_WDMU|EPOCRATES_ALERT|1
MEDIUM|US_304528|US_304528|EDH_PROFLOW_WDMU|MEDSCAPE_ALERT|1
MEDIUM|US_304528|US_304528|EDH_PROFLOW_WDMU|MEDSCAPE_EMAIL|1
THYROID_C|RET|RET|OVERALL_P2P|THYROID_MEDSCAPE_EMAIL|1
THYROID_C|RET|RET|OVERALL_P2P|THYROID_MEDSCAPE_POC|1
THYROID_C|RET|RET|OVERALL_P2P|THYROID_VEEVA_EMAIL|1
THYROID_C|RET|RET|OVERALL_VEEVA_EMAIL|LUNG_F2F_CALL|14
THYROID_C|RET|RET|OVERALL_VEEVA_EMAIL|LUNG_HQ_EMAIL|1
THYROID_C|RET|RET|OVERALL_VEEVA_EMAIL|LUNG_VEEVA_EMAIL|14
THYROID_C|RET|RET|OVERALL_VEEVA_EMAIL|OVERALL_MEDSCAPE_POC|1
THYROID_C|RET|RET|OVERALL_VEEVA_EMAIL|OVERALL_P2P|1
THYROID_C|RET|RET|OVERALL_VEEVA_EMAIL|THYROID_DOXIMITY_ALERT|1
THYROID_C|RET|RET|OVERALL_VEEVA_EMAIL|THYROID_MEDSCAPE_BRANDSPOT|1
THYROID_C|RET|RET|THYROID_DOXIMITY_ALERT|LUNG_DOXIMITY_ALERT|28
THYROID_C|RET|RET|THYROID_DOXIMITY_ALERT|LUNG_F2F_CALL|1
THYROID_C|RET|RET|THYROID_DOXIMITY_ALERT|LUNG_HQ_EMAIL|1
THYROID_C|RET|RET|THYROID_DOXIMITY_ALERT|LUNG_MEDSCAPE_EMAIL|1
THYROID_C|RET|RET|THYROID_DOXIMITY_ALERT|LUNG_MEDSCAPE_POC|1
THYROID_C|RET|RET|THYROID_DOXIMITY_ALERT|LUNG_VEEVA_EMAIL|1
THYROID_C|RET|RET|THYROID_DOXIMITY_ALERT|OVERALL_DOXIMITY_ALERT|28
THYROID_C|RET|RET|THYROID_DOXIMITY_ALERT|OVERALL_HQ_EMAIL|1
THYROID_C|RET|RET|THYROID_DOXIMITY_ALERT|OVERALL_MEDSCAPE_ALERT|1
THYROID_C|RET|RET|THYROID_DOXIMITY_ALERT|OVERALL_MEDSCAPE_BRANDSPOT|1
THYROID_C|RET|RET|THYROID_DOXIMITY_ALERT|THYROID_HQ_EMAIL|1
THYROID_C|RET|RET|THYROID_DOXIMITY_ALERT|THYROID_MEDSCAPE_ALERT|1
THYROID_C|RET|RET|THYROID_DOXIMITY_ALERT|THYROID_MEDSCAPE_EMAIL|1
THYROID_C|RET|RET|THYROID_DOXIMITY_ALERT|THYROID_MEDSCAPE_POC|1
THYROID_C|RET|RET|THYROID_F2F_CALL|LUNG_F2F_CALL|21
THYROID_C|RET|RET|THYROID_F2F_CALL|LUNG_MEDSCAPE_BRANDSPOT|1
THYROID_C|RET|RET|THYROID_F2F_CALL|LUNG_MEDSCAPE_EMAIL|1
THYROID_C|RET|RET|THYROID_F2F_CALL|OVERALL_HQ_EMAIL|1
THYROID_C|RET|RET|THYROID_F2F_CALL|OVERALL_MEDSCAPE_POC|1
THYROID_C|RET|RET|THYROID_F2F_CALL|OVERALL_VEEVA_EMAIL|14
THYROID_C|RET|RET|THYROID_F2F_CALL|THYROID_DOXIMITY_ALERT|1
THYROID_C|RET|RET|THYROID_F2F_CALL|THYROID_F2F_CALL|21
THYROID_C|RET|RET|THYROID_F2F_CALL|THYROID_MEDSCAPE_ALERT|1
THYROID_C|RET|RET|THYROID_F2F_CALL|THYROID_MEDSCAPE_BRANDSPOT|1
THYROID_C|RET|RET|THYROID_F2F_CALL|THYROID_MEDSCAPE_POC|1
THYROID_C|RET|RET|THYROID_HQ_EMAIL|LUNG_F2F_CALL|1
THYROID_C|RET|RET|THYROID_HQ_EMAIL|LUNG_MEDSCAPE_EMAIL|1
THYROID_C|RET|RET|THYROID_HQ_EMAIL|LUNG_MEDSCAPE_POC|1
THYROID_C|RET|RET|THYROID_HQ_EMAIL|LUNG_VEEVA_EMAIL|1
THYROID_C|RET|RET|THYROID_HQ_EMAIL|OVERALL_DOXIMITY_ALERT|1
THYROID_C|RET|RET|THYROID_HQ_EMAIL|OVERALL_F2F_CALL|1
THYROID_C|RET|RET|THYROID_HQ_EMAIL|OVERALL_MEDSCAPE_ALERT|1
THYROID_C|RET|RET|THYROID_HQ_EMAIL|OVERALL_MEDSCAPE_POC|1
THYROID_C|RET|RET|THYROID_HQ_EMAIL|OVERALL_P2P|1
THYROID_C|RET|RET|THYROID_HQ_EMAIL|OVERALL_VEEVA_EMAIL|1
THYROID_C|RET|RET|THYROID_HQ_EMAIL|THYROID_DOXIMITY_ALERT|1
THYROID_C|RET|RET|THYROID_HQ_EMAIL|THYROID_MEDSCAPE_ALERT|1
THYROID_C|RET|RET|THYROID_HQ_EMAIL|THYROID_MEDSCAPE_EMAIL|1
THYROID_C|RET|RET|THYROID_HQ_EMAIL|THYROID_VEEVA_EMAIL|1
THYROID_C|RET|RET|THYROID_MEDSCAPE_ALERT|LUNG_HQ_EMAIL|1
THYROID_C|RET|RET|THYROID_MEDSCAPE_ALERT|LUNG_MEDSCAPE_BRANDSPOT|14
THYROID_C|RET|RET|THYROID_MEDSCAPE_ALERT|LUNG_MEDSCAPE_EMAIL|7
THYROID_C|RET|RET|THYROID_MEDSCAPE_ALERT|OVERALL_DOXIMITY_ALERT|1
THYROID_C|RET|RET|THYROID_MEDSCAPE_ALERT|OVERALL_F2F_CALL|1
THYROID_C|RET|RET|THYROID_MEDSCAPE_ALERT|OVERALL_MEDSCAPE_ALERT|28
THYROID_C|RET|RET|THYROID_MEDSCAPE_ALERT|OVERALL_MEDSCAPE_BRANDSPOT|14
THYROID_C|RET|RET|THYROID_MEDSCAPE_ALERT|OVERALL_VEEVA_EMAIL|1
THYROID_C|RET|RET|THYROID_MEDSCAPE_ALERT|THYROID_DOXIMITY_ALERT|1
THYROID_C|RET|RET|THYROID_MEDSCAPE_ALERT|THYROID_MEDSCAPE_ALERT|28
THYROID_C|RET|RET|THYROID_MEDSCAPE_ALERT|THYROID_MEDSCAPE_BRANDSPOT|14
THYROID_C|RET|RET|THYROID_MEDSCAPE_ALERT|THYROID_MEDSCAPE_POC|14
THYROID_C|RET|RET|THYROID_MEDSCAPE_ALERT|THYROID_VEEVA_EMAIL|1
THYROID_C|RET|RET|THYROID_MEDSCAPE_BRANDSPOT|LUNG_DOXIMITY_ALERT|1
THYROID_C|RET|RET|THYROID_MEDSCAPE_BRANDSPOT|LUNG_MEDSCAPE_POC|14
THYROID_C|RET|RET|THYROID_MEDSCAPE_BRANDSPOT|OVERALL_F2F_CALL|1
THYROID_C|RET|RET|THYROID_MEDSCAPE_BRANDSPOT|OVERALL_HQ_EMAIL|1
THYROID_C|RET|RET|THYROID_MEDSCAPE_BRANDSPOT|OVERALL_MEDSCAPE_ALERT|14
THYROID_C|RET|RET|THYROID_MEDSCAPE_BRANDSPOT|OVERALL_P2P|1
THYROID_C|RET|RET|THYROID_MEDSCAPE_BRANDSPOT|OVERALL_VEEVA_EMAIL|1
THYROID_C|RET|RET|THYROID_MEDSCAPE_BRANDSPOT|THYROID_HQ_EMAIL|1
THYROID_C|RET|RET|THYROID_MEDSCAPE_BRANDSPOT|THYROID_MEDSCAPE_BRANDSPOT|14
THYROID_C|RET|RET|THYROID_MEDSCAPE_BRANDSPOT|THYROID_MEDSCAPE_EMAIL|7
THYROID_C|RET|RET|THYROID_MEDSCAPE_EMAIL|LUNG_DOXIMITY_ALERT|1
THYROID_C|RET|RET|THYROID_MEDSCAPE_EMAIL|LUNG_F2F_CALL|1
OVERALL_C|RET|RET|OVERALL_MEDSCAPE_EMAIL|LUNG_DOXIMITY_ALERT|1
OVERALL_C|RET|RET|OVERALL_MEDSCAPE_EMAIL|LUNG_MEDSCAPE_EMAIL|28
OVERALL_C|RET|RET|OVERALL_MEDSCAPE_EMAIL|LUNG_MEDSCAPE_POC|1
OVERALL_C|RET|RET|OVERALL_MEDSCAPE_EMAIL|LUNG_VEEVA_EMAIL|1
OVERALL_C|RET|RET|OVERALL_MEDSCAPE_EMAIL|OVERALL_DOXIMITY_ALERT|1
OVERALL_C|RET|RET|OVERALL_MEDSCAPE_EMAIL|OVERALL_HQ_EMAIL|1
OVERALL_C|RET|RET|OVERALL_MEDSCAPE_EMAIL|THYROID_F2F_CALL|1
OVERALL_C|RET|RET|OVERALL_MEDSCAPE_EMAIL|THYROID_HQ_EMAIL|1
OVERALL_C|RET|RET|OVERALL_MEDSCAPE_EMAIL|THYROID_VEEVA_EMAIL|1
OVERALL_C|RET|RET|OVERALL_MEDSCAPE_POC|LUNG_MEDSCAPE_ALERT|14
OVERALL_C|RET|RET|OVERALL_MEDSCAPE_POC|LUNG_MEDSCAPE_EMAIL|7
OVERALL_C|RET|RET|OVERALL_MEDSCAPE_POC|LUNG_MEDSCAPE_POC|14
OVERALL_C|RET|RET|OVERALL_MEDSCAPE_POC|LUNG_VEEVA_EMAIL|1
OVERALL_C|RET|RET|OVERALL_MEDSCAPE_POC|OVERALL_DOXIMITY_ALERT|1
OVERALL_C|RET|RET|OVERALL_MEDSCAPE_POC|OVERALL_HQ_EMAIL|1
OVERALL_C|RET|RET|OVERALL_MEDSCAPE_POC|OVERALL_MEDSCAPE_ALERT|14
OVERALL_C|RET|RET|OVERALL_MEDSCAPE_POC|OVERALL_MEDSCAPE_EMAIL|7
OVERALL_C|RET|RET|OVERALL_MEDSCAPE_POC|OVERALL_P2P|1
OVERALL_C|RET|RET|OVERALL_MEDSCAPE_POC|OVERALL_VEEVA_EMAIL|1
OVERALL_C|RET|RET|OVERALL_MEDSCAPE_POC|THYROID_DOXIMITY_ALERT|1
OVERALL_C|RET|RET|OVERALL_MEDSCAPE_POC|THYROID_MEDSCAPE_BRANDSPOT|14
OVERALL_C|RET|RET|OVERALL_MEDSCAPE_POC|THYROID_MEDSCAPE_POC|14
OVERALL_C|RET|RET|OVERALL_P2P|LUNG_HQ_EMAIL|1
OVERALL_C|RET|RET|OVERALL_P2P|LUNG_MEDSCAPE_POC|1
OVERALL_C|RET|RET|OVERALL_P2P|OVERALL_DOXIMITY_ALERT|1
OVERALL_C|RET|RET|OVERALL_P2P|OVERALL_F2F_CALL|1
OVERALL_C|RET|RET|OVERALL_P2P|OVERALL_MEDSCAPE_BRANDSPOT|1
OVERALL_C|RET|RET|OVERALL_P2P|OVERALL_MEDSCAPE_EMAIL|1
OVERALL_C|RET|RET|OVERALL_P2P|OVERALL_MEDSCAPE_POC|1
OVERALL_C|RET|RET|OVERALL_P2P|THYROID_DOXIMITY_ALERT|1
OVERALL_C|RET|RET|OVERALL_P2P|THYROID_F2F_CALL|1
OVERALL_C|RET|RET|OVERALL_P2P|THYROID_MEDSCAPE_ALERT|1
OVERALL_C|RET|RET|OVERALL_P2P|THYROID_MEDSCAPE_BRANDSPOT|1
OVERALL_C|RET|RET|OVERALL_P2P|THYROID_MEDSCAPE_EMAIL|1
OVERALL_C|RET|RET|OVERALL_VEEVA_EMAIL|LUNG_MEDSCAPE_BRANDSPOT|1
OVERALL_C|RET|RET|OVERALL_VEEVA_EMAIL|LUNG_MEDSCAPE_EMAIL|1
OVERALL_C|RET|RET|OVERALL_VEEVA_EMAIL|LUNG_VEEVA_EMAIL|14
OVERALL_C|RET|RET|OVERALL_VEEVA_EMAIL|OVERALL_DOXIMITY_ALERT|1
OVERALL_C|RET|RET|OVERALL_VEEVA_EMAIL|OVERALL_F2F_CALL|14
OVERALL_C|RET|RET|OVERALL_VEEVA_EMAIL|OVERALL_HQ_EMAIL|1
OVERALL_C|RET|RET|OVERALL_VEEVA_EMAIL|OVERALL_MEDSCAPE_ALERT|1
OVERALL_C|RET|RET|OVERALL_VEEVA_EMAIL|OVERALL_MEDSCAPE_BRANDSPOT|1
OVERALL_C|RET|RET|OVERALL_VEEVA_EMAIL|OVERALL_MEDSCAPE_EMAIL|1
OVERALL_C|RET|RET|OVERALL_VEEVA_EMAIL|OVERALL_VEEVA_EMAIL|14
OVERALL_C|RET|RET|OVERALL_VEEVA_EMAIL|THYROID_DOXIMITY_ALERT|1
OVERALL_C|RET|RET|OVERALL_VEEVA_EMAIL|THYROID_MEDSCAPE_ALERT|1
OVERALL_C|RET|RET|OVERALL_VEEVA_EMAIL|THYROID_MEDSCAPE_BRANDSPOT|1
OVERALL_C|RET|RET|OVERALL_VEEVA_EMAIL|THYROID_MEDSCAPE_EMAIL|1
OVERALL_C|RET|RET|OVERALL_VEEVA_EMAIL|THYROID_MEDSCAPE_POC|1
OVERALL_C|RET|RET|THYROID_DOXIMITY_ALERT|LUNG_DOXIMITY_ALERT|28
OVERALL_C|RET|RET|THYROID_DOXIMITY_ALERT|LUNG_HQ_EMAIL|1
OVERALL_C|RET|RET|THYROID_DOXIMITY_ALERT|LUNG_MEDSCAPE_ALERT|1
OVERALL_C|RET|RET|THYROID_DOXIMITY_ALERT|LUNG_VEEVA_EMAIL|1
OVERALL_C|RET|RET|THYROID_DOXIMITY_ALERT|OVERALL_F2F_CALL|1
OVERALL_C|RET|RET|THYROID_DOXIMITY_ALERT|OVERALL_MEDSCAPE_ALERT|1
OVERALL_C|RET|RET|THYROID_DOXIMITY_ALERT|OVERALL_MEDSCAPE_EMAIL|1
OVERALL_C|RET|RET|THYROID_DOXIMITY_ALERT|THYROID_HQ_EMAIL|1
OVERALL_C|RET|RET|THYROID_DOXIMITY_ALERT|THYROID_MEDSCAPE_BRANDSPOT|1
OVERALL_C|RET|RET|THYROID_DOXIMITY_ALERT|THYROID_MEDSCAPE_POC|1
OVERALL_C|RET|RET|THYROID_DOXIMITY_ALERT|THYROID_VEEVA_EMAIL|1
OVERALL_C|RET|RET|THYROID_F2F_CALL|LUNG_HQ_EMAIL|1
OVERALL_C|RET|RET|THYROID_F2F_CALL|LUNG_MEDSCAPE_BRANDSPOT|1
OVERALL_C|RET|RET|THYROID_F2F_CALL|LUNG_MEDSCAPE_EMAIL|1
OVERALL_C|RET|RET|THYROID_F2F_CALL|OVERALL_F2F_CALL|21
OVERALL_C|RET|RET|THYROID_F2F_CALL|OVERALL_MEDSCAPE_BRANDSPOT|1
OVERALL_C|RET|RET|THYROID_F2F_CALL|OVERALL_MEDSCAPE_EMAIL|1
OVERALL_C|RET|RET|THYROID_F2F_CALL|OVERALL_VEEVA_EMAIL|14
OVERALL_C|RET|RET|THYROID_F2F_CALL|THYROID_F2F_CALL|21
OVERALL_C|RET|RET|THYROID_F2F_CALL|THYROID_MEDSCAPE_BRANDSPOT|1
OVERALL_C|RET|RET|THYROID_F2F_CALL|THYROID_MEDSCAPE_POC|1
OVERALL_C|RET|RET|THYROID_HQ_EMAIL|LUNG_DOXIMITY_ALERT|1
OVERALL_C|RET|RET|THYROID_HQ_EMAIL|LUNG_F2F_CALL|1
OVERALL_C|RET|RET|THYROID_HQ_EMAIL|LUNG_MEDSCAPE_ALERT|1
OVERALL_C|RET|RET|THYROID_HQ_EMAIL|LUNG_MEDSCAPE_BRANDSPOT|1
OVERALL_C|RET|RET|THYROID_HQ_EMAIL|LUNG_VEEVA_EMAIL|1
OVERALL_C|RET|RET|THYROID_HQ_EMAIL|OVERALL_F2F_CALL|1
OVERALL_L|RET|RET|LUNG_DOXIMITY_ALERT|LUNG_VEEVA_EMAIL|1
OVERALL_L|RET|RET|LUNG_DOXIMITY_ALERT|OVERALL_DOXIMITY_ALERT|28
OVERALL_L|RET|RET|LUNG_DOXIMITY_ALERT|OVERALL_MEDSCAPE_ALERT|1
OVERALL_L|RET|RET|LUNG_DOXIMITY_ALERT|OVERALL_MEDSCAPE_BRANDSPOT|1
OVERALL_L|RET|RET|LUNG_DOXIMITY_ALERT|OVERALL_MEDSCAPE_EMAIL|1
OVERALL_L|RET|RET|LUNG_DOXIMITY_ALERT|OVERALL_MEDSCAPE_POC|1
OVERALL_L|RET|RET|LUNG_DOXIMITY_ALERT|OVERALL_P2P|1
OVERALL_L|RET|RET|LUNG_DOXIMITY_ALERT|OVERALL_VEEVA_EMAIL|1
OVERALL_L|RET|RET|LUNG_DOXIMITY_ALERT|THYROID_MEDSCAPE_EMAIL|1
OVERALL_L|RET|RET|LUNG_DOXIMITY_ALERT|THYROID_MEDSCAPE_POC|1
OVERALL_L|RET|RET|LUNG_F2F_CALL|LUNG_F2F_CALL|21
OVERALL_L|RET|RET|LUNG_F2F_CALL|LUNG_HQ_EMAIL|1
OVERALL_L|RET|RET|LUNG_F2F_CALL|LUNG_MEDSCAPE_ALERT|1
OVERALL_L|RET|RET|LUNG_F2F_CALL|LUNG_MEDSCAPE_BRANDSPOT|1
OVERALL_L|RET|RET|LUNG_F2F_CALL|LUNG_MEDSCAPE_POC|1
OVERALL_L|RET|RET|LUNG_F2F_CALL|OVERALL_MEDSCAPE_BRANDSPOT|1
OVERALL_L|RET|RET|LUNG_F2F_CALL|OVERALL_MEDSCAPE_POC|1
OVERALL_L|RET|RET|LUNG_F2F_CALL|OVERALL_P2P|1
OVERALL_L|RET|RET|LUNG_F2F_CALL|THYROID_DOXIMITY_ALERT|1
OVERALL_L|RET|RET|LUNG_F2F_CALL|THYROID_F2F_CALL|21
OVERALL_L|RET|RET|LUNG_F2F_CALL|THYROID_HQ_EMAIL|1
OVERALL_L|RET|RET|LUNG_F2F_CALL|THYROID_MEDSCAPE_EMAIL|1
OVERALL_L|RET|RET|LUNG_HQ_EMAIL|LUNG_HQ_EMAIL|7
OVERALL_L|RET|RET|LUNG_HQ_EMAIL|LUNG_MEDSCAPE_BRANDSPOT|1
OVERALL_L|RET|RET|LUNG_HQ_EMAIL|LUNG_MEDSCAPE_POC|1
OVERALL_L|RET|RET|LUNG_HQ_EMAIL|OVERALL_F2F_CALL|1
OVERALL_L|RET|RET|LUNG_HQ_EMAIL|OVERALL_MEDSCAPE_BRANDSPOT|1
OVERALL_L|RET|RET|LUNG_HQ_EMAIL|OVERALL_MEDSCAPE_EMAIL|1
OVERALL_L|RET|RET|LUNG_HQ_EMAIL|OVERALL_MEDSCAPE_POC|1
OVERALL_L|RET|RET|LUNG_HQ_EMAIL|THYROID_MEDSCAPE_ALERT|1
OVERALL_L|RET|RET|LUNG_MEDSCAPE_ALERT|LUNG_DOXIMITY_ALERT|1
OVERALL_L|RET|RET|LUNG_MEDSCAPE_ALERT|LUNG_MEDSCAPE_ALERT|28
OVERALL_L|RET|RET|LUNG_MEDSCAPE_ALERT|LUNG_MEDSCAPE_BRANDSPOT|14
OVERALL_L|RET|RET|LUNG_MEDSCAPE_ALERT|LUNG_MEDSCAPE_EMAIL|7
OVERALL_L|RET|RET|LUNG_MEDSCAPE_ALERT|LUNG_VEEVA_EMAIL|1
OVERALL_L|RET|RET|LUNG_MEDSCAPE_ALERT|OVERALL_DOXIMITY_ALERT|1
OVERALL_L|RET|RET|LUNG_MEDSCAPE_ALERT|OVERALL_MEDSCAPE_ALERT|28
OVERALL_L|RET|RET|LUNG_MEDSCAPE_ALERT|OVERALL_MEDSCAPE_EMAIL|7
OVERALL_L|RET|RET|LUNG_MEDSCAPE_ALERT|OVERALL_MEDSCAPE_POC|14
OVERALL_L|RET|RET|LUNG_MEDSCAPE_ALERT|OVERALL_VEEVA_EMAIL|1
OVERALL_L|RET|RET|LUNG_MEDSCAPE_ALERT|THYROID_DOXIMITY_ALERT|1
OVERALL_L|RET|RET|LUNG_MEDSCAPE_ALERT|THYROID_F2F_CALL|1
OVERALL_L|RET|RET|LUNG_MEDSCAPE_ALERT|THYROID_HQ_EMAIL|1
OVERALL_L|RET|RET|LUNG_MEDSCAPE_ALERT|THYROID_MEDSCAPE_ALERT|28
OVERALL_L|RET|RET|LUNG_MEDSCAPE_BRANDSPOT|LUNG_HQ_EMAIL|1
OVERALL_L|RET|RET|LUNG_MEDSCAPE_BRANDSPOT|LUNG_MEDSCAPE_ALERT|1
OVERALL_L|RET|RET|LUNG_MEDSCAPE_BRANDSPOT|LUNG_MEDSCAPE_BRANDSPOT|14
OVERALL_L|RET|RET|LUNG_MEDSCAPE_BRANDSPOT|LUNG_MEDSCAPE_EMAIL|7
OVERALL_L|RET|RET|LUNG_MEDSCAPE_BRANDSPOT|OVERALL_DOXIMITY_ALERT|1
OVERALL_L|RET|RET|LUNG_MEDSCAPE_BRANDSPOT|OVERALL_F2F_CALL|1
OVERALL_L|RET|RET|LUNG_MEDSCAPE_BRANDSPOT|OVERALL_HQ_EMAIL|1
OVERALL_L|RET|RET|LUNG_MEDSCAPE_BRANDSPOT|OVERALL_P2P|1
OVERALL_L|RET|RET|LUNG_MEDSCAPE_BRANDSPOT|THYROID_VEEVA_EMAIL|1
OVERALL_L|RET|RET|LUNG_MEDSCAPE_EMAIL|LUNG_DOXIMITY_ALERT|1
OVERALL_L|RET|RET|LUNG_MEDSCAPE_EMAIL|LUNG_HQ_EMAIL|1
OVERALL_L|RET|RET|LUNG_MEDSCAPE_EMAIL|LUNG_MEDSCAPE_BRANDSPOT|7
OVERALL_L|RET|RET|LUNG_MEDSCAPE_EMAIL|LUNG_MEDSCAPE_EMAIL|28
OVERALL_L|RET|RET|LUNG_MEDSCAPE_EMAIL|OVERALL_HQ_EMAIL|1
OVERALL_L|RET|RET|LUNG_MEDSCAPE_EMAIL|THYROID_DOXIMITY_ALERT|1
OVERALL_L|RET|RET|LUNG_MEDSCAPE_EMAIL|THYROID_F2F_CALL|1
OVERALL_L|RET|RET|LUNG_MEDSCAPE_EMAIL|THYROID_HQ_EMAIL|1
OVERALL_L|RET|RET|LUNG_MEDSCAPE_EMAIL|THYROID_MEDSCAPE_ALERT|7
OVERALL_L|RET|RET|LUNG_MEDSCAPE_EMAIL|THYROID_MEDSCAPE_BRANDSPOT|7
OVERALL_L|RET|RET|LUNG_MEDSCAPE_EMAIL|THYROID_MEDSCAPE_POC|7
OVERALL_L|RET|RET|LUNG_MEDSCAPE_POC|LUNG_DOXIMITY_ALERT|1
OVERALL_L|RET|RET|LUNG_MEDSCAPE_POC|LUNG_HQ_EMAIL|1
OVERALL_L|RET|RET|LUNG_MEDSCAPE_POC|LUNG_MEDSCAPE_ALERT|14
OVERALL_L|RET|RET|LUNG_MEDSCAPE_POC|LUNG_MEDSCAPE_EMAIL|7
OVERALL_L|RET|RET|LUNG_MEDSCAPE_POC|LUNG_MEDSCAPE_POC|14
OVERALL_L|RET|RET|LUNG_MEDSCAPE_POC|OVERALL_F2F_CALL|1
OVERALL_L|RET|RET|LUNG_MEDSCAPE_POC|OVERALL_HQ_EMAIL|1
OVERALL_L|RET|RET|LUNG_MEDSCAPE_POC|OVERALL_MEDSCAPE_ALERT|14
OVERALL_L|RET|RET|LUNG_MEDSCAPE_POC|OVERALL_MEDSCAPE_POC|14
OVERALL_L|RET|RET|LUNG_MEDSCAPE_POC|OVERALL_P2P|1
OVERALL_L|RET|RET|LUNG_MEDSCAPE_POC|OVERALL_VEEVA_EMAIL|1
OVERALL_L|RET|RET|LUNG_MEDSCAPE_POC|THYROID_F2F_CALL|1
OVERALL_L|RET|RET|LUNG_MEDSCAPE_POC|THYROID_HQ_EMAIL|1
OVERALL_L|RET|RET|LUNG_VEEVA_EMAIL|LUNG_DOXIMITY_ALERT|1
THYROID_L|RET|RET|THYROID_DOXIMITY_ALERT|THYROID_DOXIMITY_ALERT|28
THYROID_L|RET|RET|THYROID_DOXIMITY_ALERT|THYROID_MEDSCAPE_ALERT|1
THYROID_L|RET|RET|THYROID_DOXIMITY_ALERT|THYROID_MEDSCAPE_EMAIL|1
THYROID_L|RET|RET|THYROID_F2F_CALL|LUNG_HQ_EMAIL|1
THYROID_L|RET|RET|THYROID_F2F_CALL|LUNG_MEDSCAPE_BRANDSPOT|1
THYROID_L|RET|RET|THYROID_F2F_CALL|LUNG_MEDSCAPE_POC|1
THYROID_L|RET|RET|THYROID_F2F_CALL|OVERALL_DOXIMITY_ALERT|1
THYROID_L|RET|RET|THYROID_F2F_CALL|OVERALL_F2F_CALL|21
THYROID_L|RET|RET|THYROID_F2F_CALL|OVERALL_HQ_EMAIL|1
THYROID_L|RET|RET|THYROID_F2F_CALL|OVERALL_MEDSCAPE_EMAIL|1
THYROID_L|RET|RET|THYROID_F2F_CALL|OVERALL_P2P|1
THYROID_L|RET|RET|THYROID_F2F_CALL|OVERALL_VEEVA_EMAIL|14
THYROID_L|RET|RET|THYROID_F2F_CALL|THYROID_DOXIMITY_ALERT|1
THYROID_L|RET|RET|THYROID_F2F_CALL|THYROID_MEDSCAPE_ALERT|1
THYROID_L|RET|RET|THYROID_F2F_CALL|THYROID_MEDSCAPE_BRANDSPOT|1
THYROID_L|RET|RET|THYROID_F2F_CALL|THYROID_MEDSCAPE_POC|1
THYROID_L|RET|RET|THYROID_HQ_EMAIL|LUNG_MEDSCAPE_ALERT|1
THYROID_L|RET|RET|THYROID_HQ_EMAIL|LUNG_MEDSCAPE_BRANDSPOT|1
THYROID_L|RET|RET|THYROID_HQ_EMAIL|LUNG_MEDSCAPE_POC|1
THYROID_L|RET|RET|THYROID_HQ_EMAIL|OVERALL_F2F_CALL|1
THYROID_L|RET|RET|THYROID_HQ_EMAIL|OVERALL_HQ_EMAIL|7
THYROID_L|RET|RET|THYROID_HQ_EMAIL|OVERALL_MEDSCAPE_POC|1
THYROID_L|RET|RET|THYROID_HQ_EMAIL|OVERALL_P2P|1
THYROID_L|RET|RET|THYROID_HQ_EMAIL|OVERALL_VEEVA_EMAIL|1
THYROID_L|RET|RET|THYROID_HQ_EMAIL|THYROID_MEDSCAPE_ALERT|1
THYROID_L|RET|RET|THYROID_HQ_EMAIL|THYROID_MEDSCAPE_BRANDSPOT|1
THYROID_L|RET|RET|THYROID_HQ_EMAIL|THYROID_MEDSCAPE_EMAIL|1
THYROID_L|RET|RET|THYROID_HQ_EMAIL|THYROID_VEEVA_EMAIL|1
THYROID_L|RET|RET|THYROID_MEDSCAPE_ALERT|LUNG_DOXIMITY_ALERT|1
THYROID_L|RET|RET|THYROID_MEDSCAPE_ALERT|LUNG_F2F_CALL|1
THYROID_L|RET|RET|THYROID_MEDSCAPE_ALERT|LUNG_HQ_EMAIL|1
THYROID_L|RET|RET|THYROID_MEDSCAPE_ALERT|LUNG_MEDSCAPE_ALERT|28
THYROID_L|RET|RET|THYROID_MEDSCAPE_ALERT|LUNG_MEDSCAPE_BRANDSPOT|14
THYROID_L|RET|RET|THYROID_MEDSCAPE_ALERT|LUNG_MEDSCAPE_EMAIL|7
THYROID_L|RET|RET|THYROID_MEDSCAPE_ALERT|LUNG_MEDSCAPE_POC|1
THYROID_L|RET|RET|THYROID_MEDSCAPE_ALERT|OVERALL_F2F_CALL|1
THYROID_L|RET|RET|THYROID_MEDSCAPE_ALERT|OVERALL_HQ_EMAIL|1
THYROID_L|RET|RET|THYROID_MEDSCAPE_ALERT|OVERALL_MEDSCAPE_BRANDSPOT|14
THYROID_L|RET|RET|THYROID_MEDSCAPE_ALERT|OVERALL_MEDSCAPE_EMAIL|7
THYROID_L|RET|RET|THYROID_MEDSCAPE_ALERT|OVERALL_VEEVA_EMAIL|1
THYROID_L|RET|RET|THYROID_MEDSCAPE_ALERT|THYROID_HQ_EMAIL|1
THYROID_L|RET|RET|THYROID_MEDSCAPE_ALERT|THYROID_MEDSCAPE_ALERT|28
THYROID_L|RET|RET|THYROID_MEDSCAPE_ALERT|THYROID_MEDSCAPE_EMAIL|7
THYROID_L|RET|RET|THYROID_MEDSCAPE_ALERT|THYROID_VEEVA_EMAIL|1
THYROID_L|RET|RET|THYROID_MEDSCAPE_BRANDSPOT|LUNG_DOXIMITY_ALERT|1
THYROID_L|RET|RET|THYROID_MEDSCAPE_BRANDSPOT|LUNG_HQ_EMAIL|1
THYROID_L|RET|RET|THYROID_MEDSCAPE_BRANDSPOT|LUNG_MEDSCAPE_POC|14
THYROID_L|RET|RET|THYROID_MEDSCAPE_BRANDSPOT|LUNG_VEEVA_EMAIL|1
THYROID_L|RET|RET|THYROID_MEDSCAPE_BRANDSPOT|OVERALL_DOXIMITY_ALERT|1
THYROID_L|RET|RET|THYROID_MEDSCAPE_BRANDSPOT|OVERALL_MEDSCAPE_EMAIL|7
THYROID_L|RET|RET|THYROID_MEDSCAPE_BRANDSPOT|OVERALL_MEDSCAPE_POC|14
THYROID_L|RET|RET|THYROID_MEDSCAPE_BRANDSPOT|OVERALL_VEEVA_EMAIL|1
THYROID_L|RET|RET|THYROID_MEDSCAPE_BRANDSPOT|THYROID_MEDSCAPE_ALERT|14
THYROID_L|RET|RET|THYROID_MEDSCAPE_BRANDSPOT|THYROID_MEDSCAPE_POC|14
THYROID_L|RET|RET|THYROID_MEDSCAPE_EMAIL|LUNG_HQ_EMAIL|1
THYROID_L|RET|RET|THYROID_MEDSCAPE_EMAIL|LUNG_MEDSCAPE_EMAIL|28
THYROID_L|RET|RET|THYROID_MEDSCAPE_EMAIL|LUNG_MEDSCAPE_POC|1
THYROID_L|RET|RET|THYROID_MEDSCAPE_EMAIL|LUNG_VEEVA_EMAIL|1
THYROID_L|RET|RET|THYROID_MEDSCAPE_EMAIL|OVERALL_DOXIMITY_ALERT|1
THYROID_L|RET|RET|THYROID_MEDSCAPE_EMAIL|OVERALL_F2F_CALL|1
THYROID_L|RET|RET|THYROID_MEDSCAPE_EMAIL|OVERALL_MEDSCAPE_ALERT|7
THYROID_L|RET|RET|THYROID_MEDSCAPE_EMAIL|OVERALL_MEDSCAPE_POC|7
THYROID_L|RET|RET|THYROID_MEDSCAPE_EMAIL|OVERALL_VEEVA_EMAIL|1
THYROID_L|RET|RET|THYROID_MEDSCAPE_EMAIL|THYROID_DOXIMITY_ALERT|1
THYROID_L|RET|RET|THYROID_MEDSCAPE_EMAIL|THYROID_HQ_EMAIL|1
THYROID_L|RET|RET|THYROID_MEDSCAPE_EMAIL|THYROID_MEDSCAPE_POC|7
THYROID_L|RET|RET|THYROID_MEDSCAPE_POC|LUNG_DOXIMITY_ALERT|1
THYROID_L|RET|RET|THYROID_MEDSCAPE_POC|LUNG_F2F_CALL|1
THYROID_L|RET|RET|THYROID_MEDSCAPE_POC|LUNG_MEDSCAPE_POC|14
THYROID_L|RET|RET|THYROID_MEDSCAPE_POC|LUNG_VEEVA_EMAIL|1
THYROID_L|RET|RET|THYROID_MEDSCAPE_POC|OVERALL_F2F_CALL|1
THYROID_L|RET|RET|THYROID_MEDSCAPE_POC|OVERALL_HQ_EMAIL|1
THYROID_L|RET|RET|THYROID_MEDSCAPE_POC|OVERALL_MEDSCAPE_BRANDSPOT|14
THYROID_L|RET|RET|THYROID_MEDSCAPE_POC|OVERALL_MEDSCAPE_POC|14
CRITICAL|US_304528|US_304528|EDH_PROFLOW_EDMU|P2P|1
CRITICAL|US_304528|US_304528|EDH_PROFLOW_EDMU|VEEVA_EMAIL|1
CRITICAL|US_304528|US_304528|EDH_PROFLOW_RDMU|DOXIMITY_ALERT|1
CRITICAL|US_304528|US_304528|EDH_PROFLOW_RDMU|EPOCRATES_ALERT|1
CRITICAL|US_304528|US_304528|EDH_PROFLOW_RDMU|F2F_CALL|1
CRITICAL|US_304528|US_304528|EDH_PROFLOW_RDMU|HQ_EMAIL|1
CRITICAL|US_304528|US_304528|EDH_PROFLOW_RDMU|MEDSCAPE_POC|1
CRITICAL|US_304528|US_304528|EDH_PROFLOW_RDMU|NUMEDIS_MDMINUTE|1
CRITICAL|US_304528|US_304528|EDH_PROFLOW_WDMU|DOXIMITY_ALERT|1
CRITICAL|US_304528|US_304528|EDH_PROFLOW_WDMU|EDH_PROFLOW_EDMU|7
CRITICAL|US_304528|US_304528|EDH_PROFLOW_WDMU|EDH_PROFLOW_WDMU|7
CRITICAL|US_304528|US_304528|EDH_PROFLOW_WDMU|MEDSCAPE_EMAIL|1
CRITICAL|US_304528|US_304528|EDH_PROFLOW_WDMU|NUMEDIS_MDMINUTE|1
CRITICAL|US_304528|US_304528|EDH_PROFLOW_WDMU|P2P|1
CRITICAL|US_304528|US_304528|EPOCRATES_ALERT|DOXIMITY_ALERT|1
CRITICAL|US_304528|US_304528|EPOCRATES_ALERT|HQ_EMAIL|1
CRITICAL|US_304528|US_304528|EPOCRATES_ALERT|MEDSCAPE_ALERT|1
CRITICAL|US_304528|US_304528|EPOCRATES_ALERT|MEDSCAPE_EMAIL|1
CRITICAL|US_304528|US_304528|F2F_CALL|DOXIMITY_ALERT|1
CRITICAL|US_304528|US_304528|F2F_CALL|EDH_PROFLOW_EDMU|1
CRITICAL|US_304528|US_304528|F2F_CALL|EDH_PROFLOW_WDMU|1
CRITICAL|US_304528|US_304528|F2F_CALL|EPOCRATES_ALERT|1
CRITICAL|US_304528|US_304528|F2F_CALL|HQ_EMAIL|1
CRITICAL|US_304528|US_304528|F2F_CALL|MEDSCAPE_ALERT|1
CRITICAL|US_304528|US_304528|F2F_CALL|MEDSCAPE_POC|1
CRITICAL|US_304528|US_304528|F2F_CALL|NUMEDIS_MDMINUTE|1
CRITICAL|US_304528|US_304528|F2F_CALL|VEEVA_EMAIL|1
CRITICAL|US_304528|US_304528|HQ_EMAIL|DOXIMITY_ALERT|1
CRITICAL|US_304528|US_304528|HQ_EMAIL|F2F_CALL|1
CRITICAL|US_304528|US_304528|HQ_EMAIL|MEDSCAPE_ALERT|1
CRITICAL|US_304528|US_304528|HQ_EMAIL|MEDSCAPE_POC|1
CRITICAL|US_304528|US_304528|HQ_EMAIL|VEEVA_EMAIL|7
CRITICAL|US_304528|US_304528|MEDSCAPE_ALERT|DOXIMITY_ALERT|1
CRITICAL|US_304528|US_304528|MEDSCAPE_ALERT|DOXIMITY_DOCSPOT|1
CRITICAL|US_304528|US_304528|MEDSCAPE_ALERT|F2F_CALL|1
CRITICAL|US_304528|US_304528|MEDSCAPE_ALERT|MEDSCAPE_ALERT|28
CRITICAL|US_304528|US_304528|MEDSCAPE_ALERT|VEEVA_EMAIL|1
CRITICAL|US_304528|US_304528|MEDSCAPE_EMAIL|EDH_PROFLOW_EDMU|1
CRITICAL|US_304528|US_304528|MEDSCAPE_EMAIL|EDH_PROFLOW_RDMU|1
CRITICAL|US_304528|US_304528|MEDSCAPE_EMAIL|HQ_EMAIL|1
CRITICAL|US_304528|US_304528|MEDSCAPE_EMAIL|MEDSCAPE_ALERT|7
CRITICAL|US_304528|US_304528|MEDSCAPE_EMAIL|MEDSCAPE_EMAIL|7
CRITICAL|US_304528|US_304528|MEDSCAPE_POC|EDH_PROFLOW_EDMU|1
CRITICAL|US_304528|US_304528|MEDSCAPE_POC|EDH_PROFLOW_RDMU|1
CRITICAL|US_304528|US_304528|MEDSCAPE_POC|EDH_PROFLOW_WDMU|1
CRITICAL|US_304528|US_304528|MEDSCAPE_POC|EPOCRATES_ALERT|1
CRITICAL|US_304528|US_304528|MEDSCAPE_POC|F2F_CALL|1
CRITICAL|US_304528|US_304528|MEDSCAPE_POC|MEDSCAPE_POC|7
CRITICAL|US_304528|US_304528|MEDSCAPE_POC|NUMEDIS_MDMINUTE|1
CRITICAL|US_304528|US_304528|NUMEDIS_MDMINUTE|EDH_PROFLOW_WDMU|1
CRITICAL|US_304528|US_304528|NUMEDIS_MDMINUTE|HQ_EMAIL|1
CRITICAL|US_304528|US_304528|NUMEDIS_MDMINUTE|MEDSCAPE_ALERT|1
CRITICAL|US_304528|US_304528|NUMEDIS_MDMINUTE|MEDSCAPE_POC|1
CRITICAL|US_304528|US_304528|NUMEDIS_MDMINUTE|P2P|1
CRITICAL|US_304528|US_304528|P2P|DOXIMITY_ALERT|1
CRITICAL|US_304528|US_304528|P2P|EDH_PROFLOW_WDMU|1
CRITICAL|US_304528|US_304528|P2P|MEDSCAPE_EMAIL|1
CRITICAL|US_304528|US_304528|P2P|MEDSCAPE_POC|1
CRITICAL|US_304528|US_304528|P2P|NUMEDIS_MDMINUTE|1
CRITICAL|US_304528|US_304528|P2P|P2P|1
CRITICAL|US_304528|US_304528|VEEVA_EMAIL|DOXIMITY_ALERT|1
CRITICAL|US_304528|US_304528|VEEVA_EMAIL|EDH_PROFLOW_RDMU|1
CRITICAL|US_304528|US_304528|VEEVA_EMAIL|EDH_PROFLOW_WDMU|1
CRITICAL|US_304528|US_304528|VEEVA_EMAIL|EPOCRATES_ALERT|1
CRITICAL|US_304528|US_304528|VEEVA_EMAIL|HQ_EMAIL|7
CRITICAL|US_304528|US_304528|VEEVA_EMAIL|MEDSCAPE_ALERT|1
CRITICAL|US_304528|US_304528|VEEVA_EMAIL|MEDSCAPE_POC|1
CRITICAL|US_304528|US_304528|VEEVA_EMAIL|P2P|1
CRITICAL|US_304528|US_304528|VEEVA_EMAIL|VEEVA_EMAIL|7
LUNG_L|RET|RET|OVERALL_F2F_CALL|LUNG_MEDSCAPE_POC|1
LUNG_L|RET|RET|OVERALL_F2F_CALL|OVERALL_DOXIMITY_ALERT|1
LUNG_L|RET|RET|OVERALL_F2F_CALL|OVERALL_MEDSCAPE_ALERT|1
LUNG_L|RET|RET|OVERALL_F2F_CALL|OVERALL_MEDSCAPE_EMAIL|1
LUNG_L|RET|RET|OVERALL_F2F_CALL|OVERALL_MEDSCAPE_POC|1
LUNG_L|RET|RET|OVERALL_F2F_CALL|OVERALL_VEEVA_EMAIL|14
LUNG_L|RET|RET|OVERALL_F2F_CALL|THYROID_F2F_CALL|21
LUNG_L|RET|RET|OVERALL_F2F_CALL|THYROID_HQ_EMAIL|1
LUNG_L|RET|RET|OVERALL_F2F_CALL|THYROID_MEDSCAPE_EMAIL|1
LUNG_L|RET|RET|OVERALL_F2F_CALL|THYROID_MEDSCAPE_POC|1
LUNG_L|RET|RET|OVERALL_F2F_CALL|THYROID_VEEVA_EMAIL|14
LUNG_L|RET|RET|OVERALL_HQ_EMAIL|LUNG_MEDSCAPE_EMAIL|1
LUNG_L|RET|RET|OVERALL_HQ_EMAIL|LUNG_MEDSCAPE_POC|1
LUNG_L|RET|RET|OVERALL_HQ_EMAIL|OVERALL_DOXIMITY_ALERT|1
LUNG_L|RET|RET|OVERALL_HQ_EMAIL|OVERALL_MEDSCAPE_ALERT|1
LUNG_L|RET|RET|OVERALL_HQ_EMAIL|OVERALL_MEDSCAPE_EMAIL|1
LUNG_L|RET|RET|OVERALL_HQ_EMAIL|OVERALL_MEDSCAPE_POC|1
LUNG_L|RET|RET|OVERALL_HQ_EMAIL|OVERALL_VEEVA_EMAIL|1
LUNG_L|RET|RET|OVERALL_HQ_EMAIL|THYROID_F2F_CALL|1
LUNG_L|RET|RET|OVERALL_HQ_EMAIL|THYROID_HQ_EMAIL|7
LUNG_L|RET|RET|OVERALL_HQ_EMAIL|THYROID_MEDSCAPE_ALERT|1
LUNG_L|RET|RET|OVERALL_HQ_EMAIL|THYROID_MEDSCAPE_BRANDSPOT|1
LUNG_L|RET|RET|OVERALL_HQ_EMAIL|THYROID_MEDSCAPE_POC|1
LUNG_L|RET|RET|OVERALL_MEDSCAPE_ALERT|LUNG_DOXIMITY_ALERT|1
LUNG_L|RET|RET|OVERALL_MEDSCAPE_ALERT|LUNG_F2F_CALL|1
LUNG_L|RET|RET|OVERALL_MEDSCAPE_ALERT|LUNG_MEDSCAPE_ALERT|28
LUNG_L|RET|RET|OVERALL_MEDSCAPE_ALERT|LUNG_MEDSCAPE_BRANDSPOT|14
LUNG_L|RET|RET|OVERALL_MEDSCAPE_ALERT|LUNG_MEDSCAPE_EMAIL|7
LUNG_L|RET|RET|OVERALL_MEDSCAPE_ALERT|LUNG_VEEVA_EMAIL|1
LUNG_L|RET|RET|OVERALL_MEDSCAPE_ALERT|OVERALL_DOXIMITY_ALERT|1
LUNG_L|RET|RET|OVERALL_MEDSCAPE_ALERT|OVERALL_MEDSCAPE_ALERT|28
LUNG_L|RET|RET|OVERALL_MEDSCAPE_ALERT|OVERALL_MEDSCAPE_POC|14
LUNG_L|RET|RET|OVERALL_MEDSCAPE_ALERT|OVERALL_P2P|1
LUNG_L|RET|RET|OVERALL_MEDSCAPE_ALERT|THYROID_DOXIMITY_ALERT|1
LUNG_L|RET|RET|OVERALL_MEDSCAPE_ALERT|THYROID_F2F_CALL|1
LUNG_L|RET|RET|OVERALL_MEDSCAPE_ALERT|THYROID_HQ_EMAIL|1
LUNG_L|RET|RET|OVERALL_MEDSCAPE_ALERT|THYROID_MEDSCAPE_ALERT|28
LUNG_L|RET|RET|OVERALL_MEDSCAPE_ALERT|THYROID_MEDSCAPE_BRANDSPOT|14
LUNG_L|RET|RET|OVERALL_MEDSCAPE_ALERT|THYROID_MEDSCAPE_POC|14
LUNG_L|RET|RET|OVERALL_MEDSCAPE_ALERT|THYROID_VEEVA_EMAIL|1
LUNG_L|RET|RET|OVERALL_MEDSCAPE_BRANDSPOT|LUNG_HQ_EMAIL|1
LUNG_L|RET|RET|OVERALL_MEDSCAPE_BRANDSPOT|LUNG_MEDSCAPE_ALERT|14
LUNG_L|RET|RET|OVERALL_MEDSCAPE_BRANDSPOT|LUNG_MEDSCAPE_EMAIL|7
LUNG_L|RET|RET|OVERALL_MEDSCAPE_BRANDSPOT|LUNG_VEEVA_EMAIL|1
LUNG_L|RET|RET|OVERALL_MEDSCAPE_BRANDSPOT|OVERALL_HQ_EMAIL|1
LUNG_L|RET|RET|OVERALL_MEDSCAPE_BRANDSPOT|OVERALL_MEDSCAPE_EMAIL|7
LUNG_L|RET|RET|OVERALL_MEDSCAPE_BRANDSPOT|OVERALL_P2P|1
LUNG_L|RET|RET|OVERALL_MEDSCAPE_BRANDSPOT|THYROID_F2F_CALL|1
LUNG_L|RET|RET|OVERALL_MEDSCAPE_BRANDSPOT|THYROID_HQ_EMAIL|1
LUNG_L|RET|RET|OVERALL_MEDSCAPE_BRANDSPOT|THYROID_MEDSCAPE_ALERT|14
LUNG_L|RET|RET|OVERALL_MEDSCAPE_BRANDSPOT|THYROID_MEDSCAPE_BRANDSPOT|14
LUNG_L|RET|RET|OVERALL_MEDSCAPE_EMAIL|LUNG_DOXIMITY_ALERT|1
LUNG_L|RET|RET|OVERALL_MEDSCAPE_EMAIL|LUNG_F2F_CALL|1
LUNG_L|RET|RET|OVERALL_MEDSCAPE_EMAIL|LUNG_HQ_EMAIL|1
LUNG_L|RET|RET|OVERALL_MEDSCAPE_EMAIL|LUNG_MEDSCAPE_ALERT|7
LUNG_L|RET|RET|OVERALL_MEDSCAPE_EMAIL|LUNG_MEDSCAPE_POC|1
LUNG_L|RET|RET|OVERALL_MEDSCAPE_EMAIL|LUNG_VEEVA_EMAIL|1
LUNG_L|RET|RET|OVERALL_MEDSCAPE_EMAIL|OVERALL_F2F_CALL|1
LUNG_L|RET|RET|OVERALL_MEDSCAPE_EMAIL|OVERALL_MEDSCAPE_EMAIL|28
LUNG_L|RET|RET|OVERALL_MEDSCAPE_EMAIL|OVERALL_MEDSCAPE_POC|7
LUNG_L|RET|RET|OVERALL_MEDSCAPE_EMAIL|OVERALL_P2P|1
LUNG_L|RET|RET|OVERALL_MEDSCAPE_EMAIL|OVERALL_VEEVA_EMAIL|1
LUNG_L|RET|RET|OVERALL_MEDSCAPE_EMAIL|THYROID_DOXIMITY_ALERT|1
LUNG_L|RET|RET|OVERALL_MEDSCAPE_EMAIL|THYROID_F2F_CALL|1
LUNG_L|RET|RET|OVERALL_MEDSCAPE_EMAIL|THYROID_HQ_EMAIL|1
LUNG_L|RET|RET|OVERALL_MEDSCAPE_EMAIL|THYROID_MEDSCAPE_ALERT|7
LUNG_L|RET|RET|OVERALL_MEDSCAPE_EMAIL|THYROID_MEDSCAPE_POC|7
LUNG_L|RET|RET|OVERALL_MEDSCAPE_EMAIL|THYROID_VEEVA_EMAIL|1
LUNG_L|RET|RET|OVERALL_MEDSCAPE_POC|LUNG_DOXIMITY_ALERT|1
LUNG_L|RET|RET|OVERALL_MEDSCAPE_POC|LUNG_F2F_CALL|1
LUNG_L|RET|RET|OVERALL_MEDSCAPE_POC|LUNG_HQ_EMAIL|1
LUNG_L|RET|RET|OVERALL_MEDSCAPE_POC|LUNG_MEDSCAPE_EMAIL|7
LUNG_L|RET|RET|OVERALL_MEDSCAPE_POC|LUNG_VEEVA_EMAIL|1
LUNG_L|RET|RET|OVERALL_MEDSCAPE_POC|OVERALL_DOXIMITY_ALERT|1
LUNG_L|RET|RET|OVERALL_MEDSCAPE_POC|OVERALL_F2F_CALL|1
LUNG_L|RET|RET|OVERALL_MEDSCAPE_POC|OVERALL_MEDSCAPE_ALERT|14
LUNG_L|RET|RET|OVERALL_MEDSCAPE_POC|OVERALL_VEEVA_EMAIL|1
LUNG_L|RET|RET|OVERALL_MEDSCAPE_POC|THYROID_HQ_EMAIL|1
OVERALL_C|RET|RET|OVERALL_MEDSCAPE_POC|OVERALL_F2F_CALL|1
OVERALL_C|RET|RET|OVERALL_MEDSCAPE_POC|OVERALL_MEDSCAPE_BRANDSPOT|14
OVERALL_C|RET|RET|OVERALL_MEDSCAPE_POC|OVERALL_MEDSCAPE_POC|14
OVERALL_C|RET|RET|OVERALL_MEDSCAPE_POC|THYROID_F2F_CALL|1
OVERALL_C|RET|RET|OVERALL_MEDSCAPE_POC|THYROID_HQ_EMAIL|1
OVERALL_C|RET|RET|OVERALL_MEDSCAPE_POC|THYROID_MEDSCAPE_ALERT|14
OVERALL_C|RET|RET|OVERALL_MEDSCAPE_POC|THYROID_MEDSCAPE_EMAIL|7
OVERALL_C|RET|RET|OVERALL_MEDSCAPE_POC|THYROID_VEEVA_EMAIL|1
OVERALL_C|RET|RET|OVERALL_P2P|LUNG_DOXIMITY_ALERT|1
OVERALL_C|RET|RET|OVERALL_P2P|LUNG_F2F_CALL|1
OVERALL_C|RET|RET|OVERALL_P2P|LUNG_MEDSCAPE_ALERT|1
OVERALL_C|RET|RET|OVERALL_P2P|LUNG_MEDSCAPE_BRANDSPOT|1
OVERALL_C|RET|RET|OVERALL_P2P|LUNG_MEDSCAPE_EMAIL|1
OVERALL_C|RET|RET|OVERALL_P2P|LUNG_VEEVA_EMAIL|1
OVERALL_C|RET|RET|OVERALL_P2P|OVERALL_HQ_EMAIL|1
OVERALL_C|RET|RET|OVERALL_P2P|OVERALL_MEDSCAPE_ALERT|1
OVERALL_C|RET|RET|OVERALL_P2P|OVERALL_P2P|21
OVERALL_C|RET|RET|OVERALL_P2P|OVERALL_VEEVA_EMAIL|1
OVERALL_C|RET|RET|OVERALL_P2P|THYROID_HQ_EMAIL|1
OVERALL_C|RET|RET|OVERALL_P2P|THYROID_MEDSCAPE_POC|1
OVERALL_C|RET|RET|OVERALL_P2P|THYROID_VEEVA_EMAIL|1
OVERALL_C|RET|RET|OVERALL_VEEVA_EMAIL|LUNG_DOXIMITY_ALERT|1
OVERALL_C|RET|RET|OVERALL_VEEVA_EMAIL|LUNG_F2F_CALL|14
OVERALL_C|RET|RET|OVERALL_VEEVA_EMAIL|LUNG_HQ_EMAIL|1
OVERALL_C|RET|RET|OVERALL_VEEVA_EMAIL|LUNG_MEDSCAPE_ALERT|1
OVERALL_C|RET|RET|OVERALL_VEEVA_EMAIL|LUNG_MEDSCAPE_POC|1
OVERALL_C|RET|RET|OVERALL_VEEVA_EMAIL|OVERALL_MEDSCAPE_POC|1
OVERALL_C|RET|RET|OVERALL_VEEVA_EMAIL|OVERALL_P2P|1
OVERALL_C|RET|RET|OVERALL_VEEVA_EMAIL|THYROID_F2F_CALL|14
OVERALL_C|RET|RET|OVERALL_VEEVA_EMAIL|THYROID_HQ_EMAIL|1
OVERALL_C|RET|RET|OVERALL_VEEVA_EMAIL|THYROID_VEEVA_EMAIL|14
OVERALL_C|RET|RET|THYROID_DOXIMITY_ALERT|LUNG_F2F_CALL|1
OVERALL_C|RET|RET|THYROID_DOXIMITY_ALERT|LUNG_MEDSCAPE_BRANDSPOT|1
OVERALL_C|RET|RET|THYROID_DOXIMITY_ALERT|LUNG_MEDSCAPE_EMAIL|1
OVERALL_C|RET|RET|THYROID_DOXIMITY_ALERT|LUNG_MEDSCAPE_POC|1
OVERALL_C|RET|RET|THYROID_DOXIMITY_ALERT|OVERALL_DOXIMITY_ALERT|28
OVERALL_C|RET|RET|THYROID_DOXIMITY_ALERT|OVERALL_HQ_EMAIL|1
OVERALL_C|RET|RET|THYROID_DOXIMITY_ALERT|OVERALL_MEDSCAPE_BRANDSPOT|1
OVERALL_C|RET|RET|THYROID_DOXIMITY_ALERT|OVERALL_MEDSCAPE_POC|1
OVERALL_C|RET|RET|THYROID_DOXIMITY_ALERT|OVERALL_P2P|1
OVERALL_C|RET|RET|THYROID_DOXIMITY_ALERT|OVERALL_VEEVA_EMAIL|1
OVERALL_C|RET|RET|THYROID_DOXIMITY_ALERT|THYROID_DOXIMITY_ALERT|28
OVERALL_C|RET|RET|THYROID_DOXIMITY_ALERT|THYROID_F2F_CALL|1
OVERALL_C|RET|RET|THYROID_DOXIMITY_ALERT|THYROID_MEDSCAPE_ALERT|1
OVERALL_C|RET|RET|THYROID_DOXIMITY_ALERT|THYROID_MEDSCAPE_EMAIL|1
OVERALL_C|RET|RET|THYROID_F2F_CALL|LUNG_DOXIMITY_ALERT|1
OVERALL_C|RET|RET|THYROID_F2F_CALL|LUNG_F2F_CALL|21
OVERALL_C|RET|RET|THYROID_F2F_CALL|LUNG_MEDSCAPE_ALERT|1
OVERALL_C|RET|RET|THYROID_F2F_CALL|LUNG_MEDSCAPE_POC|1
OVERALL_C|RET|RET|THYROID_F2F_CALL|LUNG_VEEVA_EMAIL|14
OVERALL_C|RET|RET|THYROID_F2F_CALL|OVERALL_DOXIMITY_ALERT|1
OVERALL_C|RET|RET|THYROID_F2F_CALL|OVERALL_HQ_EMAIL|1
OVERALL_C|RET|RET|THYROID_F2F_CALL|OVERALL_MEDSCAPE_ALERT|1
OVERALL_C|RET|RET|THYROID_F2F_CALL|OVERALL_MEDSCAPE_POC|1
OVERALL_C|RET|RET|THYROID_F2F_CALL|OVERALL_P2P|1
OVERALL_C|RET|RET|THYROID_F2F_CALL|THYROID_DOXIMITY_ALERT|1
OVERALL_C|RET|RET|THYROID_F2F_CALL|THYROID_HQ_EMAIL|1
OVERALL_C|RET|RET|THYROID_F2F_CALL|THYROID_MEDSCAPE_ALERT|1
OVERALL_C|RET|RET|THYROID_F2F_CALL|THYROID_MEDSCAPE_EMAIL|1
OVERALL_C|RET|RET|THYROID_F2F_CALL|THYROID_VEEVA_EMAIL|14
OVERALL_C|RET|RET|THYROID_HQ_EMAIL|LUNG_HQ_EMAIL|7
OVERALL_C|RET|RET|THYROID_HQ_EMAIL|LUNG_MEDSCAPE_EMAIL|1
OVERALL_C|RET|RET|THYROID_HQ_EMAIL|LUNG_MEDSCAPE_POC|1
OVERALL_C|RET|RET|THYROID_HQ_EMAIL|OVERALL_DOXIMITY_ALERT|1
OVERALL_C|RET|RET|THYROID_HQ_EMAIL|OVERALL_MEDSCAPE_ALERT|1
OVERALL_C|RET|RET|THYROID_HQ_EMAIL|OVERALL_MEDSCAPE_POC|1
OVERALL_C|RET|RET|THYROID_HQ_EMAIL|THYROID_F2F_CALL|1
OVERALL_C|RET|RET|THYROID_HQ_EMAIL|THYROID_MEDSCAPE_ALERT|1
OVERALL_C|RET|RET|THYROID_HQ_EMAIL|THYROID_MEDSCAPE_EMAIL|1
OVERALL_C|RET|RET|THYROID_HQ_EMAIL|THYROID_VEEVA_EMAIL|1
OVERALL_C|RET|RET|THYROID_MEDSCAPE_ALERT|LUNG_F2F_CALL|1
OVERALL_C|RET|RET|THYROID_MEDSCAPE_ALERT|LUNG_HQ_EMAIL|1
OVERALL_C|RET|RET|THYROID_MEDSCAPE_ALERT|LUNG_MEDSCAPE_BRANDSPOT|14
OVERALL_C|RET|RET|THYROID_MEDSCAPE_ALERT|OVERALL_DOXIMITY_ALERT|1
OVERALL_C|RET|RET|THYROID_MEDSCAPE_ALERT|OVERALL_F2F_CALL|1
OVERALL_C|RET|RET|THYROID_MEDSCAPE_ALERT|OVERALL_HQ_EMAIL|1
OVERALL_C|RET|RET|THYROID_MEDSCAPE_ALERT|OVERALL_MEDSCAPE_ALERT|28
OVERALL_C|RET|RET|THYROID_MEDSCAPE_ALERT|OVERALL_MEDSCAPE_BRANDSPOT|14
OVERALL_L|RET|RET|OVERALL_MEDSCAPE_ALERT|LUNG_MEDSCAPE_BRANDSPOT|14
OVERALL_L|RET|RET|OVERALL_MEDSCAPE_ALERT|LUNG_MEDSCAPE_EMAIL|7
OVERALL_L|RET|RET|OVERALL_MEDSCAPE_ALERT|LUNG_VEEVA_EMAIL|1
OVERALL_L|RET|RET|OVERALL_MEDSCAPE_ALERT|OVERALL_VEEVA_EMAIL|1
OVERALL_L|RET|RET|OVERALL_MEDSCAPE_ALERT|THYROID_HQ_EMAIL|1
OVERALL_L|RET|RET|OVERALL_MEDSCAPE_ALERT|THYROID_MEDSCAPE_BRANDSPOT|14
OVERALL_L|RET|RET|OVERALL_MEDSCAPE_ALERT|THYROID_MEDSCAPE_POC|14
OVERALL_L|RET|RET|OVERALL_MEDSCAPE_BRANDSPOT|LUNG_F2F_CALL|1
OVERALL_L|RET|RET|OVERALL_MEDSCAPE_BRANDSPOT|LUNG_HQ_EMAIL|1
OVERALL_L|RET|RET|OVERALL_MEDSCAPE_BRANDSPOT|LUNG_MEDSCAPE_ALERT|14
OVERALL_L|RET|RET|OVERALL_MEDSCAPE_BRANDSPOT|LUNG_MEDSCAPE_BRANDSPOT|14
OVERALL_L|RET|RET|OVERALL_MEDSCAPE_BRANDSPOT|LUNG_MEDSCAPE_POC|14
OVERALL_L|RET|RET|OVERALL_MEDSCAPE_BRANDSPOT|OVERALL_DOXIMITY_ALERT|1
OVERALL_L|RET|RET|OVERALL_MEDSCAPE_BRANDSPOT|OVERALL_HQ_EMAIL|1
OVERALL_L|RET|RET|OVERALL_MEDSCAPE_BRANDSPOT|OVERALL_MEDSCAPE_ALERT|14
OVERALL_L|RET|RET|OVERALL_MEDSCAPE_BRANDSPOT|OVERALL_MEDSCAPE_EMAIL|7
OVERALL_L|RET|RET|OVERALL_MEDSCAPE_BRANDSPOT|OVERALL_P2P|1
OVERALL_L|RET|RET|OVERALL_MEDSCAPE_BRANDSPOT|THYROID_MEDSCAPE_ALERT|14
OVERALL_L|RET|RET|OVERALL_MEDSCAPE_BRANDSPOT|THYROID_MEDSCAPE_EMAIL|7
OVERALL_L|RET|RET|OVERALL_MEDSCAPE_BRANDSPOT|THYROID_MEDSCAPE_POC|14
OVERALL_L|RET|RET|OVERALL_MEDSCAPE_EMAIL|LUNG_DOXIMITY_ALERT|1
OVERALL_L|RET|RET|OVERALL_MEDSCAPE_EMAIL|LUNG_F2F_CALL|1
OVERALL_L|RET|RET|OVERALL_MEDSCAPE_EMAIL|LUNG_MEDSCAPE_ALERT|7
OVERALL_L|RET|RET|OVERALL_MEDSCAPE_EMAIL|LUNG_MEDSCAPE_BRANDSPOT|7
OVERALL_L|RET|RET|OVERALL_MEDSCAPE_EMAIL|LUNG_MEDSCAPE_EMAIL|28
OVERALL_L|RET|RET|OVERALL_MEDSCAPE_EMAIL|OVERALL_DOXIMITY_ALERT|1
OVERALL_L|RET|RET|OVERALL_MEDSCAPE_EMAIL|OVERALL_HQ_EMAIL|1
OVERALL_L|RET|RET|OVERALL_MEDSCAPE_EMAIL|OVERALL_MEDSCAPE_ALERT|7
OVERALL_L|RET|RET|OVERALL_MEDSCAPE_EMAIL|OVERALL_MEDSCAPE_POC|7
OVERALL_L|RET|RET|OVERALL_MEDSCAPE_EMAIL|OVERALL_P2P|1
OVERALL_L|RET|RET|OVERALL_MEDSCAPE_EMAIL|OVERALL_VEEVA_EMAIL|1
OVERALL_L|RET|RET|OVERALL_MEDSCAPE_EMAIL|THYROID_DOXIMITY_ALERT|1
OVERALL_L|RET|RET|OVERALL_MEDSCAPE_EMAIL|THYROID_F2F_CALL|1
OVERALL_L|RET|RET|OVERALL_MEDSCAPE_EMAIL|THYROID_MEDSCAPE_ALERT|7
OVERALL_L|RET|RET|OVERALL_MEDSCAPE_EMAIL|THYROID_MEDSCAPE_BRANDSPOT|7
OVERALL_L|RET|RET|OVERALL_MEDSCAPE_EMAIL|THYROID_MEDSCAPE_EMAIL|28
OVERALL_L|RET|RET|OVERALL_MEDSCAPE_EMAIL|THYROID_MEDSCAPE_POC|7
OVERALL_L|RET|RET|OVERALL_MEDSCAPE_EMAIL|THYROID_VEEVA_EMAIL|1
OVERALL_L|RET|RET|OVERALL_MEDSCAPE_POC|LUNG_DOXIMITY_ALERT|1
OVERALL_L|RET|RET|OVERALL_MEDSCAPE_POC|LUNG_HQ_EMAIL|1
OVERALL_L|RET|RET|OVERALL_MEDSCAPE_POC|LUNG_MEDSCAPE_EMAIL|7
OVERALL_L|RET|RET|OVERALL_MEDSCAPE_POC|LUNG_VEEVA_EMAIL|1
OVERALL_L|RET|RET|OVERALL_MEDSCAPE_POC|OVERALL_MEDSCAPE_BRANDSPOT|14
OVERALL_L|RET|RET|OVERALL_MEDSCAPE_POC|OVERALL_MEDSCAPE_EMAIL|7
OVERALL_L|RET|RET|OVERALL_MEDSCAPE_POC|OVERALL_P2P|1
OVERALL_L|RET|RET|OVERALL_MEDSCAPE_POC|OVERALL_VEEVA_EMAIL|1
OVERALL_L|RET|RET|OVERALL_MEDSCAPE_POC|THYROID_HQ_EMAIL|1
OVERALL_L|RET|RET|OVERALL_MEDSCAPE_POC|THYROID_MEDSCAPE_BRANDSPOT|14
OVERALL_L|RET|RET|OVERALL_MEDSCAPE_POC|THYROID_MEDSCAPE_POC|14
OVERALL_L|RET|RET|OVERALL_P2P|LUNG_F2F_CALL|1
OVERALL_L|RET|RET|OVERALL_P2P|LUNG_MEDSCAPE_ALERT|1
OVERALL_L|RET|RET|OVERALL_P2P|LUNG_MEDSCAPE_BRANDSPOT|1
OVERALL_L|RET|RET|OVERALL_P2P|LUNG_MEDSCAPE_EMAIL|1
OVERALL_L|RET|RET|OVERALL_P2P|LUNG_MEDSCAPE_POC|1
OVERALL_L|RET|RET|OVERALL_P2P|LUNG_VEEVA_EMAIL|1
OVERALL_L|RET|RET|OVERALL_P2P|OVERALL_DOXIMITY_ALERT|1
OVERALL_L|RET|RET|OVERALL_P2P|OVERALL_F2F_CALL|1
OVERALL_L|RET|RET|OVERALL_P2P|OVERALL_HQ_EMAIL|1
OVERALL_L|RET|RET|OVERALL_P2P|OVERALL_MEDSCAPE_ALERT|1
OVERALL_L|RET|RET|OVERALL_P2P|OVERALL_MEDSCAPE_POC|1
OVERALL_L|RET|RET|OVERALL_P2P|THYROID_HQ_EMAIL|1
OVERALL_L|RET|RET|OVERALL_P2P|THYROID_MEDSCAPE_POC|1
OVERALL_L|RET|RET|OVERALL_P2P|THYROID_VEEVA_EMAIL|1
OVERALL_L|RET|RET|OVERALL_VEEVA_EMAIL|LUNG_F2F_CALL|14
OVERALL_L|RET|RET|OVERALL_VEEVA_EMAIL|LUNG_HQ_EMAIL|1
OVERALL_L|RET|RET|OVERALL_VEEVA_EMAIL|LUNG_MEDSCAPE_ALERT|1
OVERALL_L|RET|RET|OVERALL_VEEVA_EMAIL|LUNG_MEDSCAPE_BRANDSPOT|1
OVERALL_L|RET|RET|OVERALL_VEEVA_EMAIL|LUNG_MEDSCAPE_POC|1
OVERALL_L|RET|RET|OVERALL_VEEVA_EMAIL|OVERALL_HQ_EMAIL|1
OVERALL_L|RET|RET|OVERALL_VEEVA_EMAIL|OVERALL_MEDSCAPE_EMAIL|1
OVERALL_L|RET|RET|OVERALL_VEEVA_EMAIL|OVERALL_VEEVA_EMAIL|14
OVERALL_L|RET|RET|OVERALL_VEEVA_EMAIL|THYROID_DOXIMITY_ALERT|1
OVERALL_L|RET|RET|OVERALL_VEEVA_EMAIL|THYROID_F2F_CALL|14
OVERALL_L|RET|RET|OVERALL_VEEVA_EMAIL|THYROID_HQ_EMAIL|1
THYROID_L|RET|RET|OVERALL_HQ_EMAIL|THYROID_HQ_EMAIL|7
THYROID_L|RET|RET|OVERALL_HQ_EMAIL|THYROID_MEDSCAPE_EMAIL|1
THYROID_L|RET|RET|OVERALL_HQ_EMAIL|THYROID_MEDSCAPE_POC|1
THYROID_L|RET|RET|OVERALL_MEDSCAPE_ALERT|LUNG_MEDSCAPE_BRANDSPOT|14
THYROID_L|RET|RET|OVERALL_MEDSCAPE_ALERT|OVERALL_F2F_CALL|1
THYROID_L|RET|RET|OVERALL_MEDSCAPE_ALERT|OVERALL_HQ_EMAIL|1
THYROID_L|RET|RET|OVERALL_MEDSCAPE_ALERT|OVERALL_MEDSCAPE_ALERT|28
THYROID_L|RET|RET|OVERALL_MEDSCAPE_ALERT|OVERALL_MEDSCAPE_EMAIL|7
THYROID_L|RET|RET|OVERALL_MEDSCAPE_ALERT|OVERALL_MEDSCAPE_POC|14
THYROID_L|RET|RET|OVERALL_MEDSCAPE_ALERT|THYROID_DOXIMITY_ALERT|1
THYROID_L|RET|RET|OVERALL_MEDSCAPE_ALERT|THYROID_MEDSCAPE_BRANDSPOT|14
THYROID_L|RET|RET|OVERALL_MEDSCAPE_ALERT|THYROID_VEEVA_EMAIL|1
THYROID_L|RET|RET|OVERALL_MEDSCAPE_BRANDSPOT|LUNG_F2F_CALL|1
THYROID_L|RET|RET|OVERALL_MEDSCAPE_BRANDSPOT|LUNG_HQ_EMAIL|1
THYROID_L|RET|RET|OVERALL_MEDSCAPE_BRANDSPOT|LUNG_MEDSCAPE_ALERT|14
THYROID_L|RET|RET|OVERALL_MEDSCAPE_BRANDSPOT|LUNG_MEDSCAPE_POC|14
THYROID_L|RET|RET|OVERALL_MEDSCAPE_BRANDSPOT|OVERALL_DOXIMITY_ALERT|1
THYROID_L|RET|RET|OVERALL_MEDSCAPE_BRANDSPOT|OVERALL_F2F_CALL|1
THYROID_L|RET|RET|OVERALL_MEDSCAPE_BRANDSPOT|OVERALL_MEDSCAPE_BRANDSPOT|14
THYROID_L|RET|RET|OVERALL_MEDSCAPE_BRANDSPOT|OVERALL_MEDSCAPE_POC|14
THYROID_L|RET|RET|OVERALL_MEDSCAPE_BRANDSPOT|THYROID_HQ_EMAIL|1
THYROID_L|RET|RET|OVERALL_MEDSCAPE_BRANDSPOT|THYROID_MEDSCAPE_ALERT|14
THYROID_L|RET|RET|OVERALL_MEDSCAPE_BRANDSPOT|THYROID_MEDSCAPE_POC|14
THYROID_L|RET|RET|OVERALL_MEDSCAPE_BRANDSPOT|THYROID_VEEVA_EMAIL|1
THYROID_L|RET|RET|OVERALL_MEDSCAPE_EMAIL|LUNG_DOXIMITY_ALERT|1
THYROID_L|RET|RET|OVERALL_MEDSCAPE_EMAIL|LUNG_HQ_EMAIL|1
THYROID_L|RET|RET|OVERALL_MEDSCAPE_EMAIL|LUNG_MEDSCAPE_ALERT|7
THYROID_L|RET|RET|OVERALL_MEDSCAPE_EMAIL|LUNG_VEEVA_EMAIL|1
THYROID_L|RET|RET|OVERALL_MEDSCAPE_EMAIL|OVERALL_DOXIMITY_ALERT|1
THYROID_L|RET|RET|OVERALL_MEDSCAPE_EMAIL|OVERALL_F2F_CALL|1
THYROID_L|RET|RET|OVERALL_MEDSCAPE_EMAIL|OVERALL_HQ_EMAIL|1
THYROID_L|RET|RET|OVERALL_MEDSCAPE_EMAIL|OVERALL_MEDSCAPE_ALERT|7
THYROID_L|RET|RET|OVERALL_MEDSCAPE_EMAIL|OVERALL_MEDSCAPE_BRANDSPOT|7
THYROID_L|RET|RET|OVERALL_MEDSCAPE_EMAIL|OVERALL_MEDSCAPE_EMAIL|28
THYROID_L|RET|RET|OVERALL_MEDSCAPE_EMAIL|OVERALL_MEDSCAPE_POC|7
THYROID_L|RET|RET|OVERALL_MEDSCAPE_EMAIL|THYROID_DOXIMITY_ALERT|1
THYROID_L|RET|RET|OVERALL_MEDSCAPE_EMAIL|THYROID_F2F_CALL|1
THYROID_L|RET|RET|OVERALL_MEDSCAPE_EMAIL|THYROID_MEDSCAPE_EMAIL|28
THYROID_L|RET|RET|OVERALL_MEDSCAPE_EMAIL|THYROID_VEEVA_EMAIL|1
THYROID_L|RET|RET|OVERALL_MEDSCAPE_POC|LUNG_HQ_EMAIL|1
THYROID_L|RET|RET|OVERALL_MEDSCAPE_POC|LUNG_MEDSCAPE_EMAIL|7
THYROID_L|RET|RET|OVERALL_MEDSCAPE_POC|LUNG_VEEVA_EMAIL|1
THYROID_L|RET|RET|OVERALL_MEDSCAPE_POC|OVERALL_F2F_CALL|1
THYROID_L|RET|RET|OVERALL_MEDSCAPE_POC|OVERALL_MEDSCAPE_ALERT|14
THYROID_L|RET|RET|OVERALL_MEDSCAPE_POC|OVERALL_MEDSCAPE_BRANDSPOT|14
THYROID_L|RET|RET|OVERALL_MEDSCAPE_POC|OVERALL_MEDSCAPE_EMAIL|7
THYROID_L|RET|RET|OVERALL_MEDSCAPE_POC|OVERALL_VEEVA_EMAIL|1
THYROID_L|RET|RET|OVERALL_MEDSCAPE_POC|THYROID_DOXIMITY_ALERT|1
THYROID_L|RET|RET|OVERALL_MEDSCAPE_POC|THYROID_MEDSCAPE_POC|14
THYROID_L|RET|RET|OVERALL_MEDSCAPE_POC|THYROID_VEEVA_EMAIL|1
THYROID_L|RET|RET|OVERALL_P2P|LUNG_DOXIMITY_ALERT|1
THYROID_L|RET|RET|OVERALL_P2P|LUNG_F2F_CALL|1
THYROID_L|RET|RET|OVERALL_P2P|LUNG_HQ_EMAIL|1
THYROID_L|RET|RET|OVERALL_P2P|LUNG_MEDSCAPE_BRANDSPOT|1
THYROID_L|RET|RET|OVERALL_P2P|LUNG_MEDSCAPE_EMAIL|1
THYROID_L|RET|RET|OVERALL_P2P|LUNG_VEEVA_EMAIL|1
THYROID_L|RET|RET|OVERALL_P2P|OVERALL_DOXIMITY_ALERT|1
THYROID_L|RET|RET|OVERALL_P2P|OVERALL_F2F_CALL|1
THYROID_L|RET|RET|OVERALL_P2P|OVERALL_HQ_EMAIL|1
THYROID_L|RET|RET|OVERALL_P2P|OVERALL_MEDSCAPE_ALERT|1
THYROID_L|RET|RET|OVERALL_P2P|OVERALL_P2P|21
THYROID_L|RET|RET|OVERALL_P2P|THYROID_DOXIMITY_ALERT|1
THYROID_L|RET|RET|OVERALL_P2P|THYROID_HQ_EMAIL|1
THYROID_L|RET|RET|OVERALL_P2P|THYROID_MEDSCAPE_EMAIL|1
THYROID_L|RET|RET|OVERALL_P2P|THYROID_VEEVA_EMAIL|1
THYROID_L|RET|RET|OVERALL_VEEVA_EMAIL|LUNG_HQ_EMAIL|1
THYROID_L|RET|RET|OVERALL_VEEVA_EMAIL|LUNG_MEDSCAPE_BRANDSPOT|1
THYROID_L|RET|RET|OVERALL_VEEVA_EMAIL|LUNG_VEEVA_EMAIL|14
THYROID_L|RET|RET|OVERALL_VEEVA_EMAIL|OVERALL_F2F_CALL|14
THYROID_L|RET|RET|OVERALL_VEEVA_EMAIL|OVERALL_HQ_EMAIL|1
THYROID_L|RET|RET|OVERALL_VEEVA_EMAIL|OVERALL_MEDSCAPE_ALERT|1
THYROID_L|RET|RET|OVERALL_VEEVA_EMAIL|OVERALL_MEDSCAPE_BRANDSPOT|1
THYROID_L|RET|RET|OVERALL_VEEVA_EMAIL|THYROID_DOXIMITY_ALERT|1
THYROID_L|RET|RET|OVERALL_VEEVA_EMAIL|THYROID_HQ_EMAIL|1
THYROID_L|RET|RET|OVERALL_VEEVA_EMAIL|THYROID_MEDSCAPE_EMAIL|1
LUNG_M|RET|RET|THYROID_VEEVA_EMAIL|OVERALL_MEDSCAPE_ALERT|1
LUNG_M|RET|RET|THYROID_VEEVA_EMAIL|OVERALL_MEDSCAPE_BRANDSPOT|1
LUNG_M|RET|RET|THYROID_VEEVA_EMAIL|OVERALL_MEDSCAPE_POC|1
LUNG_M|RET|RET|THYROID_VEEVA_EMAIL|OVERALL_VEEVA_EMAIL|14
LUNG_M|RET|RET|THYROID_VEEVA_EMAIL|THYROID_DOXIMITY_ALERT|1
LUNG_M|RET|RET|THYROID_VEEVA_EMAIL|THYROID_F2F_CALL|14
LUNG_M|RET|RET|THYROID_VEEVA_EMAIL|THYROID_HQ_EMAIL|1
LUNG_M|RET|RET|THYROID_VEEVA_EMAIL|THYROID_MEDSCAPE_ALERT|1
LUNG_M|RET|RET|THYROID_VEEVA_EMAIL|THYROID_MEDSCAPE_BRANDSPOT|1
MEDIUM|TRU|TRU|F2F_CALL|F2F_CALL|14
MEDIUM|TRU|TRU|MEDSCAPE_ALERT|MEDSCAPE_ALERT|28
MEDIUM|TRU|TRU|MEDSCAPE_EMAIL|MEDSCAPE_ALERT|7
MEDIUM|TRU|TRU|VEEVA_EMAIL|VEEVA_EMAIL|7
MEDIUM|US_304486|US_304486|F2F_CALL|MEDSCAPE_BRANDSPOT|1
MEDIUM|US_304486|US_304486|F2F_CALL|MEDSCAPE_EMAIL|1
MEDIUM|US_304486|US_304486|F2F_CALL|VEEVA_EMAIL|1
MEDIUM|US_304486|US_304486|HQ_EMAIL|MEDSCAPE_ALERT|1
MEDIUM|US_304486|US_304486|HQ_EMAIL|MEDSCAPE_EMAIL|1
MEDIUM|US_304486|US_304486|HQ_EMAIL|MEDSCAPE_POC|1
MEDIUM|US_304486|US_304486|MEDSCAPE_ALERT|MEDSCAPE_ALERT|28
MEDIUM|US_304486|US_304486|MEDSCAPE_ALERT|MEDSCAPE_BRANDSPOT|1
MEDIUM|US_304486|US_304486|MEDSCAPE_ALERT|MEDSCAPE_EMAIL|1
MEDIUM|US_304486|US_304486|MEDSCAPE_ALERT|MEDSCAPE_POC|1
MEDIUM|US_304486|US_304486|MEDSCAPE_BRANDSPOT|F2F_CALL|1
MEDIUM|US_304486|US_304486|MEDSCAPE_BRANDSPOT|HQ_EMAIL|1
MEDIUM|US_304486|US_304486|MEDSCAPE_BRANDSPOT|MEDSCAPE_ALERT|1
MEDIUM|US_304486|US_304486|MEDSCAPE_BRANDSPOT|MEDSCAPE_EMAIL|1
MEDIUM|US_304486|US_304486|MEDSCAPE_BRANDSPOT|MEDSCAPE_POC|1
MEDIUM|US_304486|US_304486|MEDSCAPE_EMAIL|F2F_CALL|1
MEDIUM|US_304486|US_304486|MEDSCAPE_EMAIL|MEDSCAPE_ALERT|1
OVERALL_M|RET|RET|LUNG_DOXIMITY_ALERT|LUNG_MEDSCAPE_ALERT|1
OVERALL_M|RET|RET|LUNG_DOXIMITY_ALERT|LUNG_MEDSCAPE_BRANDSPOT|1
OVERALL_M|RET|RET|LUNG_DOXIMITY_ALERT|LUNG_MEDSCAPE_EMAIL|1
OVERALL_M|RET|RET|LUNG_DOXIMITY_ALERT|OVERALL_DOXIMITY_ALERT|28
OVERALL_M|RET|RET|LUNG_DOXIMITY_ALERT|OVERALL_HQ_EMAIL|1
OVERALL_M|RET|RET|LUNG_DOXIMITY_ALERT|OVERALL_MEDSCAPE_ALERT|1
OVERALL_M|RET|RET|LUNG_DOXIMITY_ALERT|OVERALL_MEDSCAPE_BRANDSPOT|1
OVERALL_M|RET|RET|LUNG_DOXIMITY_ALERT|OVERALL_MEDSCAPE_EMAIL|1
OVERALL_M|RET|RET|LUNG_DOXIMITY_ALERT|OVERALL_MEDSCAPE_POC|1
OVERALL_M|RET|RET|LUNG_DOXIMITY_ALERT|OVERALL_P2P|1
OVERALL_M|RET|RET|LUNG_DOXIMITY_ALERT|THYROID_DOXIMITY_ALERT|28
OVERALL_M|RET|RET|LUNG_DOXIMITY_ALERT|THYROID_MEDSCAPE_ALERT|1
OVERALL_M|RET|RET|LUNG_DOXIMITY_ALERT|THYROID_MEDSCAPE_EMAIL|1
OVERALL_M|RET|RET|LUNG_DOXIMITY_ALERT|THYROID_VEEVA_EMAIL|1
OVERALL_M|RET|RET|LUNG_F2F_CALL|LUNG_HQ_EMAIL|1
OVERALL_M|RET|RET|LUNG_F2F_CALL|LUNG_MEDSCAPE_EMAIL|1
OVERALL_M|RET|RET|LUNG_F2F_CALL|LUNG_VEEVA_EMAIL|14
OVERALL_M|RET|RET|LUNG_F2F_CALL|OVERALL_F2F_CALL|21
OVERALL_M|RET|RET|LUNG_F2F_CALL|OVERALL_P2P|1
OVERALL_M|RET|RET|LUNG_F2F_CALL|OVERALL_VEEVA_EMAIL|14
OVERALL_M|RET|RET|LUNG_F2F_CALL|THYROID_DOXIMITY_ALERT|1
OVERALL_M|RET|RET|LUNG_F2F_CALL|THYROID_HQ_EMAIL|1
OVERALL_M|RET|RET|LUNG_F2F_CALL|THYROID_MEDSCAPE_ALERT|1
OVERALL_M|RET|RET|LUNG_F2F_CALL|THYROID_MEDSCAPE_BRANDSPOT|1
OVERALL_M|RET|RET|LUNG_F2F_CALL|THYROID_MEDSCAPE_EMAIL|1
OVERALL_M|RET|RET|LUNG_F2F_CALL|THYROID_MEDSCAPE_POC|1
OVERALL_M|RET|RET|LUNG_HQ_EMAIL|LUNG_F2F_CALL|1
OVERALL_M|RET|RET|LUNG_HQ_EMAIL|LUNG_MEDSCAPE_BRANDSPOT|1
OVERALL_M|RET|RET|LUNG_HQ_EMAIL|LUNG_MEDSCAPE_POC|1
OVERALL_M|RET|RET|LUNG_HQ_EMAIL|LUNG_VEEVA_EMAIL|1
OVERALL_M|RET|RET|LUNG_HQ_EMAIL|OVERALL_MEDSCAPE_EMAIL|1
OVERALL_M|RET|RET|LUNG_HQ_EMAIL|OVERALL_P2P|1
OVERALL_M|RET|RET|LUNG_HQ_EMAIL|THYROID_DOXIMITY_ALERT|1
OVERALL_M|RET|RET|LUNG_HQ_EMAIL|THYROID_HQ_EMAIL|7
OVERALL_M|RET|RET|LUNG_HQ_EMAIL|THYROID_MEDSCAPE_ALERT|1
OVERALL_M|RET|RET|LUNG_HQ_EMAIL|THYROID_MEDSCAPE_BRANDSPOT|1
OVERALL_M|RET|RET|LUNG_HQ_EMAIL|THYROID_MEDSCAPE_EMAIL|1
OVERALL_M|RET|RET|LUNG_HQ_EMAIL|THYROID_VEEVA_EMAIL|1
OVERALL_M|RET|RET|LUNG_MEDSCAPE_ALERT|LUNG_DOXIMITY_ALERT|1
OVERALL_M|RET|RET|LUNG_MEDSCAPE_ALERT|LUNG_F2F_CALL|1
OVERALL_M|RET|RET|LUNG_MEDSCAPE_ALERT|LUNG_MEDSCAPE_EMAIL|7
OVERALL_M|RET|RET|LUNG_MEDSCAPE_ALERT|LUNG_MEDSCAPE_POC|1
OVERALL_M|RET|RET|LUNG_MEDSCAPE_ALERT|LUNG_VEEVA_EMAIL|1
OVERALL_M|RET|RET|LUNG_MEDSCAPE_ALERT|OVERALL_DOXIMITY_ALERT|1
OVERALL_M|RET|RET|LUNG_MEDSCAPE_ALERT|OVERALL_MEDSCAPE_BRANDSPOT|14
OVERALL_M|RET|RET|LUNG_MEDSCAPE_ALERT|OVERALL_MEDSCAPE_EMAIL|7
OVERALL_M|RET|RET|LUNG_MEDSCAPE_ALERT|THYROID_DOXIMITY_ALERT|1
OVERALL_M|RET|RET|LUNG_MEDSCAPE_ALERT|THYROID_MEDSCAPE_ALERT|28
OVERALL_M|RET|RET|LUNG_MEDSCAPE_ALERT|THYROID_MEDSCAPE_BRANDSPOT|1
OVERALL_M|RET|RET|LUNG_MEDSCAPE_ALERT|THYROID_VEEVA_EMAIL|1
OVERALL_M|RET|RET|LUNG_MEDSCAPE_BRANDSPOT|LUNG_HQ_EMAIL|1
OVERALL_M|RET|RET|LUNG_MEDSCAPE_BRANDSPOT|LUNG_VEEVA_EMAIL|1
OVERALL_M|RET|RET|LUNG_MEDSCAPE_BRANDSPOT|OVERALL_DOXIMITY_ALERT|1
OVERALL_M|RET|RET|LUNG_MEDSCAPE_BRANDSPOT|OVERALL_MEDSCAPE_ALERT|1
OVERALL_M|RET|RET|LUNG_MEDSCAPE_BRANDSPOT|OVERALL_MEDSCAPE_BRANDSPOT|14
OVERALL_M|RET|RET|LUNG_MEDSCAPE_BRANDSPOT|OVERALL_MEDSCAPE_EMAIL|7
OVERALL_M|RET|RET|LUNG_MEDSCAPE_BRANDSPOT|OVERALL_MEDSCAPE_POC|14
OVERALL_M|RET|RET|LUNG_MEDSCAPE_BRANDSPOT|OVERALL_VEEVA_EMAIL|1
OVERALL_M|RET|RET|LUNG_MEDSCAPE_BRANDSPOT|THYROID_MEDSCAPE_ALERT|1
OVERALL_M|RET|RET|LUNG_MEDSCAPE_BRANDSPOT|THYROID_MEDSCAPE_POC|14
OVERALL_M|RET|RET|LUNG_MEDSCAPE_EMAIL|LUNG_MEDSCAPE_ALERT|7
OVERALL_M|RET|RET|LUNG_MEDSCAPE_EMAIL|LUNG_MEDSCAPE_EMAIL|28
OVERALL_M|RET|RET|LUNG_MEDSCAPE_EMAIL|OVERALL_DOXIMITY_ALERT|1
OVERALL_M|RET|RET|LUNG_MEDSCAPE_EMAIL|OVERALL_HQ_EMAIL|1
OVERALL_M|RET|RET|LUNG_MEDSCAPE_EMAIL|OVERALL_P2P|1
OVERALL_M|RET|RET|LUNG_MEDSCAPE_EMAIL|THYROID_DOXIMITY_ALERT|1
OVERALL_M|RET|RET|LUNG_MEDSCAPE_EMAIL|THYROID_MEDSCAPE_ALERT|7
OVERALL_M|RET|RET|LUNG_MEDSCAPE_EMAIL|THYROID_MEDSCAPE_BRANDSPOT|7
OVERALL_M|RET|RET|LUNG_MEDSCAPE_EMAIL|THYROID_MEDSCAPE_POC|7
OVERALL_M|RET|RET|LUNG_MEDSCAPE_POC|LUNG_F2F_CALL|1
OVERALL_M|RET|RET|LUNG_MEDSCAPE_POC|LUNG_MEDSCAPE_BRANDSPOT|14
OVERALL_M|RET|RET|LUNG_MEDSCAPE_POC|LUNG_VEEVA_EMAIL|1
OVERALL_M|RET|RET|LUNG_MEDSCAPE_POC|OVERALL_DOXIMITY_ALERT|1
OVERALL_M|RET|RET|LUNG_MEDSCAPE_POC|OVERALL_F2F_CALL|1
OVERALL_M|RET|RET|LUNG_MEDSCAPE_POC|OVERALL_HQ_EMAIL|1
OVERALL_M|RET|RET|LUNG_MEDSCAPE_POC|OVERALL_MEDSCAPE_BRANDSPOT|14
THYROID_L|RET|RET|LUNG_MEDSCAPE_POC|OVERALL_F2F_CALL|1
THYROID_L|RET|RET|LUNG_MEDSCAPE_POC|OVERALL_HQ_EMAIL|1
THYROID_L|RET|RET|LUNG_MEDSCAPE_POC|OVERALL_MEDSCAPE_ALERT|14
THYROID_L|RET|RET|LUNG_MEDSCAPE_POC|OVERALL_MEDSCAPE_EMAIL|7
THYROID_L|RET|RET|LUNG_MEDSCAPE_POC|OVERALL_MEDSCAPE_POC|14
THYROID_L|RET|RET|LUNG_MEDSCAPE_POC|OVERALL_VEEVA_EMAIL|1
THYROID_L|RET|RET|LUNG_MEDSCAPE_POC|THYROID_DOXIMITY_ALERT|1
THYROID_L|RET|RET|LUNG_MEDSCAPE_POC|THYROID_F2F_CALL|1
THYROID_L|RET|RET|LUNG_MEDSCAPE_POC|THYROID_MEDSCAPE_ALERT|14
THYROID_L|RET|RET|LUNG_MEDSCAPE_POC|THYROID_MEDSCAPE_BRANDSPOT|14
THYROID_L|RET|RET|LUNG_MEDSCAPE_POC|THYROID_VEEVA_EMAIL|1
THYROID_L|RET|RET|LUNG_VEEVA_EMAIL|LUNG_HQ_EMAIL|1
THYROID_L|RET|RET|LUNG_VEEVA_EMAIL|LUNG_MEDSCAPE_ALERT|1
THYROID_L|RET|RET|LUNG_VEEVA_EMAIL|LUNG_MEDSCAPE_EMAIL|1
THYROID_L|RET|RET|LUNG_VEEVA_EMAIL|LUNG_MEDSCAPE_POC|1
THYROID_L|RET|RET|LUNG_VEEVA_EMAIL|OVERALL_MEDSCAPE_ALERT|1
THYROID_L|RET|RET|LUNG_VEEVA_EMAIL|OVERALL_MEDSCAPE_POC|1
THYROID_L|RET|RET|LUNG_VEEVA_EMAIL|OVERALL_P2P|1
THYROID_L|RET|RET|LUNG_VEEVA_EMAIL|THYROID_MEDSCAPE_ALERT|1
THYROID_L|RET|RET|LUNG_VEEVA_EMAIL|THYROID_MEDSCAPE_BRANDSPOT|1
THYROID_L|RET|RET|LUNG_VEEVA_EMAIL|THYROID_MEDSCAPE_EMAIL|1
THYROID_L|RET|RET|LUNG_VEEVA_EMAIL|THYROID_VEEVA_EMAIL|14
THYROID_L|RET|RET|OVERALL_DOXIMITY_ALERT|LUNG_DOXIMITY_ALERT|28
THYROID_L|RET|RET|OVERALL_DOXIMITY_ALERT|LUNG_HQ_EMAIL|1
THYROID_L|RET|RET|OVERALL_DOXIMITY_ALERT|LUNG_MEDSCAPE_EMAIL|1
THYROID_L|RET|RET|OVERALL_DOXIMITY_ALERT|OVERALL_DOXIMITY_ALERT|28
THYROID_L|RET|RET|OVERALL_DOXIMITY_ALERT|OVERALL_F2F_CALL|1
THYROID_L|RET|RET|OVERALL_DOXIMITY_ALERT|OVERALL_MEDSCAPE_ALERT|1
THYROID_L|RET|RET|OVERALL_DOXIMITY_ALERT|OVERALL_MEDSCAPE_EMAIL|1
THYROID_L|RET|RET|OVERALL_DOXIMITY_ALERT|OVERALL_MEDSCAPE_POC|1
THYROID_L|RET|RET|OVERALL_DOXIMITY_ALERT|THYROID_F2F_CALL|1
THYROID_L|RET|RET|OVERALL_DOXIMITY_ALERT|THYROID_MEDSCAPE_POC|1
THYROID_L|RET|RET|OVERALL_F2F_CALL|LUNG_F2F_CALL|21
THYROID_L|RET|RET|OVERALL_F2F_CALL|LUNG_HQ_EMAIL|1
THYROID_L|RET|RET|OVERALL_F2F_CALL|LUNG_MEDSCAPE_BRANDSPOT|1
THYROID_L|RET|RET|OVERALL_F2F_CALL|LUNG_MEDSCAPE_EMAIL|1
THYROID_L|RET|RET|OVERALL_F2F_CALL|LUNG_MEDSCAPE_POC|1
THYROID_L|RET|RET|OVERALL_F2F_CALL|LUNG_VEEVA_EMAIL|14
THYROID_L|RET|RET|OVERALL_F2F_CALL|OVERALL_F2F_CALL|21
THYROID_L|RET|RET|OVERALL_F2F_CALL|OVERALL_HQ_EMAIL|1
THYROID_L|RET|RET|OVERALL_F2F_CALL|OVERALL_MEDSCAPE_EMAIL|1
THYROID_L|RET|RET|OVERALL_F2F_CALL|OVERALL_P2P|1
THYROID_L|RET|RET|OVERALL_F2F_CALL|THYROID_HQ_EMAIL|1
THYROID_L|RET|RET|OVERALL_F2F_CALL|THYROID_MEDSCAPE_ALERT|1
THYROID_L|RET|RET|OVERALL_F2F_CALL|THYROID_MEDSCAPE_BRANDSPOT|1
THYROID_L|RET|RET|OVERALL_HQ_EMAIL|LUNG_HQ_EMAIL|7
THYROID_L|RET|RET|OVERALL_HQ_EMAIL|LUNG_MEDSCAPE_ALERT|1
THYROID_L|RET|RET|OVERALL_HQ_EMAIL|LUNG_MEDSCAPE_BRANDSPOT|1
THYROID_L|RET|RET|OVERALL_HQ_EMAIL|LUNG_MEDSCAPE_EMAIL|1
THYROID_L|RET|RET|OVERALL_HQ_EMAIL|LUNG_MEDSCAPE_POC|1
THYROID_L|RET|RET|OVERALL_HQ_EMAIL|OVERALL_DOXIMITY_ALERT|1
THYROID_L|RET|RET|OVERALL_HQ_EMAIL|OVERALL_F2F_CALL|1
THYROID_L|RET|RET|OVERALL_HQ_EMAIL|OVERALL_HQ_EMAIL|7
THYROID_L|RET|RET|OVERALL_HQ_EMAIL|OVERALL_MEDSCAPE_ALERT|1
THYROID_L|RET|RET|OVERALL_HQ_EMAIL|OVERALL_MEDSCAPE_BRANDSPOT|1
THYROID_L|RET|RET|OVERALL_HQ_EMAIL|OVERALL_MEDSCAPE_POC|1
THYROID_L|RET|RET|OVERALL_HQ_EMAIL|OVERALL_P2P|1
THYROID_L|RET|RET|OVERALL_HQ_EMAIL|OVERALL_VEEVA_EMAIL|1
THYROID_L|RET|RET|OVERALL_HQ_EMAIL|THYROID_DOXIMITY_ALERT|1
THYROID_L|RET|RET|OVERALL_HQ_EMAIL|THYROID_MEDSCAPE_ALERT|1
THYROID_L|RET|RET|OVERALL_HQ_EMAIL|THYROID_MEDSCAPE_BRANDSPOT|1
THYROID_L|RET|RET|OVERALL_HQ_EMAIL|THYROID_VEEVA_EMAIL|1
THYROID_L|RET|RET|OVERALL_MEDSCAPE_ALERT|LUNG_DOXIMITY_ALERT|1
THYROID_L|RET|RET|OVERALL_MEDSCAPE_ALERT|LUNG_F2F_CALL|1
THYROID_L|RET|RET|OVERALL_MEDSCAPE_ALERT|LUNG_HQ_EMAIL|1
THYROID_L|RET|RET|OVERALL_MEDSCAPE_ALERT|LUNG_MEDSCAPE_ALERT|28
THYROID_L|RET|RET|OVERALL_MEDSCAPE_ALERT|LUNG_MEDSCAPE_EMAIL|7
THYROID_L|RET|RET|OVERALL_MEDSCAPE_ALERT|LUNG_MEDSCAPE_POC|1
THYROID_L|RET|RET|OVERALL_MEDSCAPE_ALERT|LUNG_VEEVA_EMAIL|1
THYROID_L|RET|RET|OVERALL_MEDSCAPE_ALERT|OVERALL_DOXIMITY_ALERT|1
THYROID_L|RET|RET|OVERALL_MEDSCAPE_ALERT|OVERALL_MEDSCAPE_BRANDSPOT|14
THYROID_L|RET|RET|OVERALL_MEDSCAPE_ALERT|OVERALL_P2P|1
THYROID_L|RET|RET|OVERALL_MEDSCAPE_ALERT|OVERALL_VEEVA_EMAIL|1
THYROID_L|RET|RET|OVERALL_MEDSCAPE_ALERT|THYROID_F2F_CALL|1
THYROID_L|RET|RET|OVERALL_MEDSCAPE_ALERT|THYROID_HQ_EMAIL|1
THYROID_L|RET|RET|OVERALL_MEDSCAPE_ALERT|THYROID_MEDSCAPE_ALERT|28
THYROID_L|RET|RET|OVERALL_MEDSCAPE_ALERT|THYROID_MEDSCAPE_EMAIL|7
HIGH|US_304528|US_304528|EDH_PROFLOW_WDMU|EDH_PROFLOW_WDMU|7
HIGH|US_304528|US_304528|EDH_PROFLOW_WDMU|EPOCRATES_ALERT|1
HIGH|US_304528|US_304528|EDH_PROFLOW_WDMU|F2F_CALL|1
HIGH|US_304528|US_304528|EDH_PROFLOW_WDMU|MEDSCAPE_ALERT|1
HIGH|US_304528|US_304528|EDH_PROFLOW_WDMU|MEDSCAPE_EMAIL|1
HIGH|US_304528|US_304528|EDH_PROFLOW_WDMU|NUMEDIS_MDMINUTE|1
HIGH|US_304528|US_304528|EPOCRATES_ALERT|DOXIMITY_ALERT|1
HIGH|US_304528|US_304528|EPOCRATES_ALERT|EDH_PROFLOW_EDMU|1
HIGH|US_304528|US_304528|EPOCRATES_ALERT|F2F_CALL|1
HIGH|US_304528|US_304528|EPOCRATES_ALERT|MEDSCAPE_EMAIL|1
HIGH|US_304528|US_304528|F2F_CALL|EDH_PROFLOW_RDMU|1
HIGH|US_304528|US_304528|F2F_CALL|EDH_PROFLOW_WDMU|1
HIGH|US_304528|US_304528|F2F_CALL|EPOCRATES_ALERT|1
HIGH|US_304528|US_304528|F2F_CALL|F2F_CALL|3
HIGH|US_304528|US_304528|F2F_CALL|MEDSCAPE_ALERT|1
HIGH|US_304528|US_304528|F2F_CALL|MEDSCAPE_EMAIL|1
HIGH|US_304528|US_304528|F2F_CALL|MEDSCAPE_POC|1
HIGH|US_304528|US_304528|HQ_EMAIL|DOXIMITY_ALERT|1
HIGH|US_304528|US_304528|HQ_EMAIL|EDH_PROFLOW_EDMU|1
HIGH|US_304528|US_304528|HQ_EMAIL|EDH_PROFLOW_WDMU|1
HIGH|US_304528|US_304528|HQ_EMAIL|HQ_EMAIL|7
HIGH|US_304528|US_304528|HQ_EMAIL|NUMEDIS_MDMINUTE|1
HIGH|US_304528|US_304528|MEDSCAPE_ALERT|DOXIMITY_ALERT|1
HIGH|US_304528|US_304528|MEDSCAPE_ALERT|DOXIMITY_DOCSPOT|1
HIGH|US_304528|US_304528|MEDSCAPE_ALERT|EDH_PROFLOW_EDMU|1
HIGH|US_304528|US_304528|MEDSCAPE_ALERT|EDH_PROFLOW_WDMU|1
HIGH|US_304528|US_304528|MEDSCAPE_ALERT|MEDSCAPE_POC|7
HIGH|US_304528|US_304528|MEDSCAPE_ALERT|P2P|1
HIGH|US_304528|US_304528|MEDSCAPE_EMAIL|EDH_PROFLOW_RDMU|1
HIGH|US_304528|US_304528|MEDSCAPE_EMAIL|EPOCRATES_ALERT|1
HIGH|US_304528|US_304528|MEDSCAPE_EMAIL|F2F_CALL|1
HIGH|US_304528|US_304528|MEDSCAPE_EMAIL|MEDSCAPE_ALERT|7
HIGH|US_304528|US_304528|MEDSCAPE_EMAIL|MEDSCAPE_EMAIL|7
HIGH|US_304528|US_304528|MEDSCAPE_EMAIL|MEDSCAPE_POC|7
HIGH|US_304528|US_304528|MEDSCAPE_EMAIL|VEEVA_EMAIL|1
HIGH|US_304528|US_304528|MEDSCAPE_POC|DOXIMITY_DOCSPOT|1
HIGH|US_304528|US_304528|MEDSCAPE_POC|EDH_PROFLOW_RDMU|1
HIGH|US_304528|US_304528|MEDSCAPE_POC|EDH_PROFLOW_WDMU|1
HIGH|US_304528|US_304528|MEDSCAPE_POC|EPOCRATES_ALERT|1
HIGH|US_304528|US_304528|MEDSCAPE_POC|HQ_EMAIL|1
HIGH|US_304528|US_304528|MEDSCAPE_POC|MEDSCAPE_ALERT|7
HIGH|US_304528|US_304528|MEDSCAPE_POC|MEDSCAPE_POC|7
HIGH|US_304528|US_304528|MEDSCAPE_POC|NUMEDIS_MDMINUTE|1
HIGH|US_304528|US_304528|MEDSCAPE_POC|P2P|1
HIGH|US_304528|US_304528|NUMEDIS_MDMINUTE|DOXIMITY_ALERT|1
HIGH|US_304528|US_304528|NUMEDIS_MDMINUTE|EDH_PROFLOW_EDMU|1
HIGH|US_304528|US_304528|NUMEDIS_MDMINUTE|EDH_PROFLOW_WDMU|1
HIGH|US_304528|US_304528|NUMEDIS_MDMINUTE|EPOCRATES_ALERT|1
HIGH|US_304528|US_304528|NUMEDIS_MDMINUTE|MEDSCAPE_ALERT|1
HIGH|US_304528|US_304528|NUMEDIS_MDMINUTE|MEDSCAPE_EMAIL|1
HIGH|US_304528|US_304528|P2P|EDH_PROFLOW_WDMU|1
HIGH|US_304528|US_304528|P2P|F2F_CALL|1
HIGH|US_304528|US_304528|P2P|MEDSCAPE_ALERT|1
HIGH|US_304528|US_304528|P2P|MEDSCAPE_POC|1
HIGH|US_304528|US_304528|P2P|NUMEDIS_MDMINUTE|1
HIGH|US_304528|US_304528|P2P|VEEVA_EMAIL|1
HIGH|US_304528|US_304528|VEEVA_EMAIL|DOXIMITY_ALERT|1
HIGH|US_304528|US_304528|VEEVA_EMAIL|EDH_PROFLOW_WDMU|1
HIGH|US_304528|US_304528|VEEVA_EMAIL|HQ_EMAIL|7
HIGH|US_304528|US_304528|VEEVA_EMAIL|MEDSCAPE_EMAIL|1
HIGH|US_304528|US_304528|VEEVA_EMAIL|MEDSCAPE_POC|1
HIGH|US_304528|US_304528|VEEVA_EMAIL|NUMEDIS_MDMINUTE|1
HIGH|US_304528|US_304528|VEEVA_EMAIL|P2P|1
HIGH|US_304528|US_304528|VEEVA_EMAIL|VEEVA_EMAIL|7
LUNG_L|RET|RET|OVERALL_MEDSCAPE_POC|THYROID_MEDSCAPE_ALERT|14
LUNG_L|RET|RET|OVERALL_MEDSCAPE_POC|THYROID_MEDSCAPE_BRANDSPOT|14
LUNG_L|RET|RET|OVERALL_MEDSCAPE_POC|THYROID_MEDSCAPE_EMAIL|7
LUNG_L|RET|RET|OVERALL_P2P|LUNG_DOXIMITY_ALERT|1
LUNG_L|RET|RET|OVERALL_P2P|LUNG_MEDSCAPE_EMAIL|1
LUNG_L|RET|RET|OVERALL_P2P|LUNG_MEDSCAPE_POC|1
LUNG_L|RET|RET|OVERALL_P2P|OVERALL_DOXIMITY_ALERT|1
LUNG_L|RET|RET|OVERALL_P2P|OVERALL_F2F_CALL|1
LUNG_L|RET|RET|OVERALL_P2P|OVERALL_MEDSCAPE_BRANDSPOT|1
LUNG_L|RET|RET|OVERALL_P2P|THYROID_HQ_EMAIL|1
LUNG_L|RET|RET|OVERALL_P2P|THYROID_MEDSCAPE_POC|1
LUNG_L|RET|RET|OVERALL_VEEVA_EMAIL|LUNG_DOXIMITY_ALERT|1
LUNG_L|RET|RET|OVERALL_VEEVA_EMAIL|LUNG_F2F_CALL|14
LUNG_L|RET|RET|OVERALL_VEEVA_EMAIL|OVERALL_MEDSCAPE_ALERT|1
LUNG_L|RET|RET|OVERALL_VEEVA_EMAIL|OVERALL_MEDSCAPE_BRANDSPOT|1
LUNG_L|RET|RET|OVERALL_VEEVA_EMAIL|THYROID_HQ_EMAIL|1
LUNG_L|RET|RET|OVERALL_VEEVA_EMAIL|THYROID_MEDSCAPE_BRANDSPOT|1
LUNG_L|RET|RET|OVERALL_VEEVA_EMAIL|THYROID_MEDSCAPE_POC|1
LUNG_L|RET|RET|OVERALL_VEEVA_EMAIL|THYROID_VEEVA_EMAIL|14
LUNG_L|RET|RET|THYROID_DOXIMITY_ALERT|LUNG_F2F_CALL|1
LUNG_L|RET|RET|THYROID_DOXIMITY_ALERT|LUNG_MEDSCAPE_BRANDSPOT|1
LUNG_L|RET|RET|THYROID_DOXIMITY_ALERT|LUNG_MEDSCAPE_POC|1
LUNG_L|RET|RET|THYROID_DOXIMITY_ALERT|LUNG_VEEVA_EMAIL|1
LUNG_L|RET|RET|THYROID_DOXIMITY_ALERT|OVERALL_HQ_EMAIL|1
LUNG_L|RET|RET|THYROID_DOXIMITY_ALERT|OVERALL_MEDSCAPE_ALERT|1
LUNG_L|RET|RET|THYROID_DOXIMITY_ALERT|OVERALL_MEDSCAPE_EMAIL|1
LUNG_L|RET|RET|THYROID_DOXIMITY_ALERT|OVERALL_VEEVA_EMAIL|1
LUNG_L|RET|RET|THYROID_DOXIMITY_ALERT|THYROID_F2F_CALL|1
LUNG_L|RET|RET|THYROID_DOXIMITY_ALERT|THYROID_VEEVA_EMAIL|1
LUNG_L|RET|RET|THYROID_F2F_CALL|LUNG_F2F_CALL|21
LUNG_L|RET|RET|THYROID_F2F_CALL|LUNG_VEEVA_EMAIL|14
LUNG_L|RET|RET|THYROID_F2F_CALL|OVERALL_MEDSCAPE_ALERT|1
LUNG_L|RET|RET|THYROID_F2F_CALL|OVERALL_P2P|1
LUNG_L|RET|RET|THYROID_F2F_CALL|OVERALL_VEEVA_EMAIL|14
LUNG_L|RET|RET|THYROID_F2F_CALL|THYROID_MEDSCAPE_ALERT|1
LUNG_L|RET|RET|THYROID_F2F_CALL|THYROID_MEDSCAPE_BRANDSPOT|1
LUNG_L|RET|RET|THYROID_F2F_CALL|THYROID_MEDSCAPE_POC|1
LUNG_L|RET|RET|THYROID_F2F_CALL|THYROID_VEEVA_EMAIL|14
LUNG_L|RET|RET|THYROID_HQ_EMAIL|LUNG_HQ_EMAIL|7
LUNG_L|RET|RET|THYROID_HQ_EMAIL|LUNG_MEDSCAPE_BRANDSPOT|1
LUNG_L|RET|RET|THYROID_HQ_EMAIL|OVERALL_HQ_EMAIL|7
LUNG_L|RET|RET|THYROID_HQ_EMAIL|OVERALL_MEDSCAPE_ALERT|1
LUNG_L|RET|RET|THYROID_HQ_EMAIL|THYROID_DOXIMITY_ALERT|1
LUNG_L|RET|RET|THYROID_HQ_EMAIL|THYROID_MEDSCAPE_ALERT|1
LUNG_L|RET|RET|THYROID_HQ_EMAIL|THYROID_MEDSCAPE_BRANDSPOT|1
LUNG_L|RET|RET|THYROID_HQ_EMAIL|THYROID_MEDSCAPE_EMAIL|1
LUNG_L|RET|RET|THYROID_HQ_EMAIL|THYROID_VEEVA_EMAIL|1
LUNG_L|RET|RET|THYROID_MEDSCAPE_ALERT|LUNG_DOXIMITY_ALERT|1
LUNG_L|RET|RET|THYROID_MEDSCAPE_ALERT|LUNG_MEDSCAPE_EMAIL|7
LUNG_L|RET|RET|THYROID_MEDSCAPE_ALERT|LUNG_MEDSCAPE_POC|1
LUNG_L|RET|RET|THYROID_MEDSCAPE_ALERT|LUNG_VEEVA_EMAIL|1
LUNG_L|RET|RET|THYROID_MEDSCAPE_ALERT|OVERALL_DOXIMITY_ALERT|1
LUNG_L|RET|RET|THYROID_MEDSCAPE_ALERT|OVERALL_F2F_CALL|1
LUNG_L|RET|RET|THYROID_MEDSCAPE_ALERT|OVERALL_MEDSCAPE_ALERT|28
LUNG_L|RET|RET|THYROID_MEDSCAPE_ALERT|OVERALL_MEDSCAPE_EMAIL|7
LUNG_L|RET|RET|THYROID_MEDSCAPE_ALERT|OVERALL_MEDSCAPE_POC|14
LUNG_L|RET|RET|THYROID_MEDSCAPE_ALERT|OVERALL_P2P|1
LUNG_L|RET|RET|THYROID_MEDSCAPE_ALERT|THYROID_MEDSCAPE_ALERT|28
LUNG_L|RET|RET|THYROID_MEDSCAPE_ALERT|THYROID_MEDSCAPE_BRANDSPOT|14
LUNG_L|RET|RET|THYROID_MEDSCAPE_ALERT|THYROID_MEDSCAPE_POC|14
LUNG_L|RET|RET|THYROID_MEDSCAPE_BRANDSPOT|LUNG_HQ_EMAIL|1
LUNG_L|RET|RET|THYROID_MEDSCAPE_BRANDSPOT|LUNG_MEDSCAPE_ALERT|14
LUNG_L|RET|RET|THYROID_MEDSCAPE_BRANDSPOT|LUNG_MEDSCAPE_BRANDSPOT|14
LUNG_L|RET|RET|THYROID_MEDSCAPE_BRANDSPOT|LUNG_MEDSCAPE_EMAIL|7
LUNG_L|RET|RET|THYROID_MEDSCAPE_BRANDSPOT|LUNG_VEEVA_EMAIL|1
LUNG_L|RET|RET|THYROID_MEDSCAPE_BRANDSPOT|OVERALL_DOXIMITY_ALERT|1
LUNG_L|RET|RET|THYROID_MEDSCAPE_BRANDSPOT|OVERALL_MEDSCAPE_ALERT|14
LUNG_L|RET|RET|THYROID_MEDSCAPE_BRANDSPOT|OVERALL_MEDSCAPE_BRANDSPOT|14
LUNG_L|RET|RET|THYROID_MEDSCAPE_BRANDSPOT|OVERALL_MEDSCAPE_EMAIL|7
LUNG_L|RET|RET|THYROID_MEDSCAPE_BRANDSPOT|OVERALL_MEDSCAPE_POC|14
LUNG_L|RET|RET|THYROID_MEDSCAPE_BRANDSPOT|OVERALL_P2P|1
LUNG_L|RET|RET|THYROID_MEDSCAPE_BRANDSPOT|THYROID_F2F_CALL|1
LUNG_L|RET|RET|THYROID_MEDSCAPE_BRANDSPOT|THYROID_HQ_EMAIL|1
LUNG_L|RET|RET|THYROID_MEDSCAPE_BRANDSPOT|THYROID_MEDSCAPE_POC|14
LUNG_L|RET|RET|THYROID_MEDSCAPE_BRANDSPOT|THYROID_VEEVA_EMAIL|1
LUNG_L|RET|RET|THYROID_MEDSCAPE_EMAIL|LUNG_HQ_EMAIL|1
LUNG_L|RET|RET|THYROID_MEDSCAPE_EMAIL|LUNG_MEDSCAPE_ALERT|7
LUNG_L|RET|RET|THYROID_MEDSCAPE_EMAIL|LUNG_MEDSCAPE_BRANDSPOT|7
THYROID_H|RET|RET|OVERALL_HQ_EMAIL|LUNG_VEEVA_EMAIL|1
THYROID_H|RET|RET|OVERALL_HQ_EMAIL|OVERALL_F2F_CALL|1
THYROID_H|RET|RET|OVERALL_HQ_EMAIL|OVERALL_MEDSCAPE_BRANDSPOT|1
THYROID_H|RET|RET|OVERALL_HQ_EMAIL|OVERALL_MEDSCAPE_POC|1
THYROID_H|RET|RET|OVERALL_HQ_EMAIL|THYROID_DOXIMITY_ALERT|1
THYROID_H|RET|RET|OVERALL_HQ_EMAIL|THYROID_F2F_CALL|1
THYROID_H|RET|RET|OVERALL_HQ_EMAIL|THYROID_MEDSCAPE_BRANDSPOT|1
THYROID_H|RET|RET|OVERALL_HQ_EMAIL|THYROID_MEDSCAPE_POC|1
THYROID_H|RET|RET|OVERALL_MEDSCAPE_ALERT|LUNG_DOXIMITY_ALERT|1
THYROID_H|RET|RET|OVERALL_MEDSCAPE_ALERT|LUNG_F2F_CALL|1
THYROID_H|RET|RET|OVERALL_MEDSCAPE_ALERT|LUNG_HQ_EMAIL|1
THYROID_H|RET|RET|OVERALL_MEDSCAPE_ALERT|LUNG_MEDSCAPE_ALERT|28
THYROID_H|RET|RET|OVERALL_MEDSCAPE_ALERT|LUNG_MEDSCAPE_BRANDSPOT|14
THYROID_H|RET|RET|OVERALL_MEDSCAPE_ALERT|OVERALL_DOXIMITY_ALERT|1
THYROID_H|RET|RET|OVERALL_MEDSCAPE_ALERT|OVERALL_MEDSCAPE_POC|14
THYROID_H|RET|RET|OVERALL_MEDSCAPE_ALERT|OVERALL_P2P|1
THYROID_H|RET|RET|OVERALL_MEDSCAPE_ALERT|THYROID_DOXIMITY_ALERT|1
THYROID_H|RET|RET|OVERALL_MEDSCAPE_ALERT|THYROID_F2F_CALL|1
THYROID_H|RET|RET|OVERALL_MEDSCAPE_ALERT|THYROID_MEDSCAPE_ALERT|28
THYROID_H|RET|RET|OVERALL_MEDSCAPE_ALERT|THYROID_MEDSCAPE_BRANDSPOT|14
THYROID_H|RET|RET|OVERALL_MEDSCAPE_ALERT|THYROID_MEDSCAPE_EMAIL|7
THYROID_H|RET|RET|OVERALL_MEDSCAPE_ALERT|THYROID_VEEVA_EMAIL|1
THYROID_H|RET|RET|OVERALL_MEDSCAPE_BRANDSPOT|LUNG_DOXIMITY_ALERT|1
THYROID_H|RET|RET|OVERALL_MEDSCAPE_BRANDSPOT|LUNG_F2F_CALL|1
THYROID_H|RET|RET|OVERALL_MEDSCAPE_BRANDSPOT|LUNG_HQ_EMAIL|1
THYROID_H|RET|RET|OVERALL_MEDSCAPE_BRANDSPOT|LUNG_MEDSCAPE_ALERT|14
THYROID_H|RET|RET|OVERALL_MEDSCAPE_BRANDSPOT|LUNG_MEDSCAPE_EMAIL|7
THYROID_H|RET|RET|OVERALL_MEDSCAPE_BRANDSPOT|OVERALL_DOXIMITY_ALERT|1
THYROID_H|RET|RET|OVERALL_MEDSCAPE_BRANDSPOT|OVERALL_F2F_CALL|1
THYROID_H|RET|RET|OVERALL_MEDSCAPE_BRANDSPOT|OVERALL_HQ_EMAIL|1
THYROID_H|RET|RET|OVERALL_MEDSCAPE_BRANDSPOT|OVERALL_MEDSCAPE_ALERT|14
THYROID_H|RET|RET|OVERALL_MEDSCAPE_BRANDSPOT|OVERALL_MEDSCAPE_POC|14
THYROID_H|RET|RET|OVERALL_MEDSCAPE_BRANDSPOT|OVERALL_P2P|1
THYROID_H|RET|RET|OVERALL_MEDSCAPE_BRANDSPOT|OVERALL_VEEVA_EMAIL|1
THYROID_H|RET|RET|OVERALL_MEDSCAPE_BRANDSPOT|THYROID_MEDSCAPE_ALERT|14
THYROID_H|RET|RET|OVERALL_MEDSCAPE_BRANDSPOT|THYROID_MEDSCAPE_POC|14
THYROID_H|RET|RET|OVERALL_MEDSCAPE_EMAIL|LUNG_MEDSCAPE_BRANDSPOT|7
THYROID_H|RET|RET|OVERALL_MEDSCAPE_EMAIL|LUNG_VEEVA_EMAIL|1
THYROID_H|RET|RET|OVERALL_MEDSCAPE_EMAIL|OVERALL_MEDSCAPE_BRANDSPOT|7
THYROID_H|RET|RET|OVERALL_MEDSCAPE_EMAIL|OVERALL_MEDSCAPE_EMAIL|28
THYROID_H|RET|RET|OVERALL_MEDSCAPE_EMAIL|THYROID_HQ_EMAIL|1
THYROID_H|RET|RET|OVERALL_MEDSCAPE_EMAIL|THYROID_MEDSCAPE_EMAIL|28
THYROID_H|RET|RET|OVERALL_MEDSCAPE_EMAIL|THYROID_MEDSCAPE_POC|7
THYROID_H|RET|RET|OVERALL_MEDSCAPE_POC|LUNG_MEDSCAPE_BRANDSPOT|14
THYROID_H|RET|RET|OVERALL_MEDSCAPE_POC|LUNG_MEDSCAPE_EMAIL|7
THYROID_H|RET|RET|OVERALL_MEDSCAPE_POC|LUNG_MEDSCAPE_POC|14
THYROID_H|RET|RET|OVERALL_MEDSCAPE_POC|OVERALL_HQ_EMAIL|1
THYROID_H|RET|RET|OVERALL_MEDSCAPE_POC|OVERALL_MEDSCAPE_ALERT|14
THYROID_H|RET|RET|OVERALL_MEDSCAPE_POC|OVERALL_MEDSCAPE_EMAIL|7
THYROID_H|RET|RET|OVERALL_MEDSCAPE_POC|OVERALL_VEEVA_EMAIL|1
THYROID_H|RET|RET|OVERALL_MEDSCAPE_POC|THYROID_DOXIMITY_ALERT|1
THYROID_H|RET|RET|OVERALL_MEDSCAPE_POC|THYROID_MEDSCAPE_BRANDSPOT|14
THYROID_H|RET|RET|OVERALL_MEDSCAPE_POC|THYROID_MEDSCAPE_EMAIL|7
THYROID_H|RET|RET|OVERALL_MEDSCAPE_POC|THYROID_MEDSCAPE_POC|14
THYROID_H|RET|RET|OVERALL_P2P|LUNG_DOXIMITY_ALERT|1
THYROID_H|RET|RET|OVERALL_P2P|LUNG_MEDSCAPE_BRANDSPOT|1
THYROID_H|RET|RET|OVERALL_P2P|OVERALL_HQ_EMAIL|1
THYROID_H|RET|RET|OVERALL_P2P|OVERALL_MEDSCAPE_ALERT|1
THYROID_H|RET|RET|OVERALL_P2P|OVERALL_MEDSCAPE_BRANDSPOT|1
THYROID_H|RET|RET|OVERALL_P2P|OVERALL_MEDSCAPE_EMAIL|1
THYROID_H|RET|RET|OVERALL_P2P|OVERALL_P2P|21
THYROID_H|RET|RET|OVERALL_P2P|OVERALL_VEEVA_EMAIL|1
THYROID_H|RET|RET|OVERALL_P2P|THYROID_DOXIMITY_ALERT|1
THYROID_H|RET|RET|OVERALL_P2P|THYROID_F2F_CALL|1
THYROID_H|RET|RET|OVERALL_P2P|THYROID_HQ_EMAIL|1
THYROID_H|RET|RET|OVERALL_P2P|THYROID_MEDSCAPE_BRANDSPOT|1
THYROID_H|RET|RET|OVERALL_P2P|THYROID_MEDSCAPE_POC|1
THYROID_H|RET|RET|OVERALL_P2P|THYROID_VEEVA_EMAIL|1
THYROID_H|RET|RET|OVERALL_VEEVA_EMAIL|LUNG_MEDSCAPE_ALERT|1
THYROID_H|RET|RET|OVERALL_VEEVA_EMAIL|LUNG_MEDSCAPE_BRANDSPOT|1
THYROID_H|RET|RET|OVERALL_VEEVA_EMAIL|LUNG_MEDSCAPE_POC|1
THYROID_H|RET|RET|OVERALL_VEEVA_EMAIL|LUNG_VEEVA_EMAIL|14
THYROID_H|RET|RET|OVERALL_VEEVA_EMAIL|OVERALL_F2F_CALL|14
THYROID_H|RET|RET|OVERALL_VEEVA_EMAIL|OVERALL_MEDSCAPE_ALERT|1
LUNG_H|RET|RET|THYROID_DOXIMITY_ALERT|OVERALL_F2F_CALL|1
LUNG_H|RET|RET|THYROID_DOXIMITY_ALERT|OVERALL_MEDSCAPE_ALERT|1
LUNG_H|RET|RET|THYROID_DOXIMITY_ALERT|OVERALL_P2P|1
LUNG_H|RET|RET|THYROID_DOXIMITY_ALERT|OVERALL_VEEVA_EMAIL|1
LUNG_H|RET|RET|THYROID_DOXIMITY_ALERT|THYROID_DOXIMITY_ALERT|14
LUNG_H|RET|RET|THYROID_DOXIMITY_ALERT|THYROID_HQ_EMAIL|1
LUNG_H|RET|RET|THYROID_DOXIMITY_ALERT|THYROID_MEDSCAPE_ALERT|1
LUNG_H|RET|RET|THYROID_DOXIMITY_ALERT|THYROID_MEDSCAPE_BRANDSPOT|1
LUNG_H|RET|RET|THYROID_DOXIMITY_ALERT|THYROID_MEDSCAPE_EMAIL|1
LUNG_H|RET|RET|THYROID_DOXIMITY_ALERT|THYROID_MEDSCAPE_POC|1
LUNG_H|RET|RET|THYROID_DOXIMITY_ALERT|THYROID_VEEVA_EMAIL|1
LUNG_H|RET|RET|THYROID_F2F_CALL|LUNG_DOXIMITY_ALERT|1
LUNG_H|RET|RET|THYROID_F2F_CALL|LUNG_VEEVA_EMAIL|14
LUNG_H|RET|RET|THYROID_F2F_CALL|OVERALL_F2F_CALL|21
LUNG_H|RET|RET|THYROID_F2F_CALL|OVERALL_HQ_EMAIL|1
LUNG_H|RET|RET|THYROID_F2F_CALL|OVERALL_MEDSCAPE_ALERT|1
LUNG_H|RET|RET|THYROID_F2F_CALL|OVERALL_MEDSCAPE_BRANDSPOT|1
LUNG_H|RET|RET|THYROID_F2F_CALL|OVERALL_MEDSCAPE_EMAIL|1
LUNG_H|RET|RET|THYROID_F2F_CALL|OVERALL_MEDSCAPE_POC|1
LUNG_H|RET|RET|THYROID_F2F_CALL|OVERALL_VEEVA_EMAIL|14
LUNG_H|RET|RET|THYROID_F2F_CALL|THYROID_DOXIMITY_ALERT|1
LUNG_H|RET|RET|THYROID_F2F_CALL|THYROID_F2F_CALL|21
LUNG_H|RET|RET|THYROID_F2F_CALL|THYROID_MEDSCAPE_ALERT|1
LUNG_H|RET|RET|THYROID_F2F_CALL|THYROID_MEDSCAPE_BRANDSPOT|1
LUNG_H|RET|RET|THYROID_F2F_CALL|THYROID_MEDSCAPE_POC|1
LUNG_H|RET|RET|THYROID_F2F_CALL|THYROID_VEEVA_EMAIL|14
LUNG_H|RET|RET|THYROID_HQ_EMAIL|LUNG_F2F_CALL|1
LUNG_H|RET|RET|THYROID_HQ_EMAIL|LUNG_MEDSCAPE_BRANDSPOT|1
LUNG_H|RET|RET|THYROID_HQ_EMAIL|LUNG_MEDSCAPE_EMAIL|1
LUNG_H|RET|RET|THYROID_HQ_EMAIL|OVERALL_DOXIMITY_ALERT|1
LUNG_H|RET|RET|THYROID_HQ_EMAIL|OVERALL_F2F_CALL|1
LUNG_H|RET|RET|THYROID_HQ_EMAIL|OVERALL_HQ_EMAIL|7
LUNG_H|RET|RET|THYROID_HQ_EMAIL|OVERALL_MEDSCAPE_ALERT|1
LUNG_H|RET|RET|THYROID_HQ_EMAIL|OVERALL_MEDSCAPE_BRANDSPOT|1
LUNG_H|RET|RET|THYROID_HQ_EMAIL|OVERALL_MEDSCAPE_POC|1
LUNG_H|RET|RET|THYROID_HQ_EMAIL|OVERALL_VEEVA_EMAIL|1
LUNG_H|RET|RET|THYROID_HQ_EMAIL|THYROID_MEDSCAPE_BRANDSPOT|1
LUNG_H|RET|RET|THYROID_HQ_EMAIL|THYROID_MEDSCAPE_EMAIL|1
LUNG_H|RET|RET|THYROID_HQ_EMAIL|THYROID_MEDSCAPE_POC|1
LUNG_H|RET|RET|THYROID_MEDSCAPE_ALERT|LUNG_DOXIMITY_ALERT|1
LUNG_H|RET|RET|THYROID_MEDSCAPE_ALERT|LUNG_F2F_CALL|1
LUNG_H|RET|RET|THYROID_MEDSCAPE_ALERT|LUNG_HQ_EMAIL|1
LUNG_H|RET|RET|THYROID_MEDSCAPE_ALERT|LUNG_MEDSCAPE_ALERT|28
LUNG_H|RET|RET|THYROID_MEDSCAPE_ALERT|OVERALL_DOXIMITY_ALERT|1
LUNG_H|RET|RET|THYROID_MEDSCAPE_ALERT|OVERALL_MEDSCAPE_ALERT|28
LUNG_H|RET|RET|THYROID_MEDSCAPE_ALERT|OVERALL_MEDSCAPE_BRANDSPOT|14
LUNG_H|RET|RET|THYROID_MEDSCAPE_ALERT|OVERALL_MEDSCAPE_EMAIL|7
LUNG_H|RET|RET|THYROID_MEDSCAPE_ALERT|THYROID_DOXIMITY_ALERT|1
LUNG_H|RET|RET|THYROID_MEDSCAPE_ALERT|THYROID_F2F_CALL|1
LUNG_H|RET|RET|THYROID_MEDSCAPE_ALERT|THYROID_MEDSCAPE_BRANDSPOT|14
LUNG_H|RET|RET|THYROID_MEDSCAPE_ALERT|THYROID_VEEVA_EMAIL|1
LUNG_H|RET|RET|THYROID_MEDSCAPE_BRANDSPOT|LUNG_MEDSCAPE_ALERT|14
LUNG_H|RET|RET|THYROID_MEDSCAPE_BRANDSPOT|LUNG_MEDSCAPE_BRANDSPOT|14
LUNG_H|RET|RET|THYROID_MEDSCAPE_BRANDSPOT|LUNG_MEDSCAPE_EMAIL|7
LUNG_H|RET|RET|THYROID_MEDSCAPE_BRANDSPOT|LUNG_MEDSCAPE_POC|14
LUNG_H|RET|RET|THYROID_MEDSCAPE_BRANDSPOT|LUNG_VEEVA_EMAIL|1
LUNG_H|RET|RET|THYROID_MEDSCAPE_BRANDSPOT|OVERALL_DOXIMITY_ALERT|1
LUNG_H|RET|RET|THYROID_MEDSCAPE_BRANDSPOT|OVERALL_HQ_EMAIL|1
LUNG_H|RET|RET|THYROID_MEDSCAPE_BRANDSPOT|OVERALL_MEDSCAPE_ALERT|14
LUNG_H|RET|RET|THYROID_MEDSCAPE_BRANDSPOT|OVERALL_MEDSCAPE_EMAIL|7
LUNG_H|RET|RET|THYROID_MEDSCAPE_BRANDSPOT|THYROID_DOXIMITY_ALERT|1
LUNG_H|RET|RET|THYROID_MEDSCAPE_BRANDSPOT|THYROID_F2F_CALL|1
LUNG_H|RET|RET|THYROID_MEDSCAPE_BRANDSPOT|THYROID_HQ_EMAIL|1
LUNG_H|RET|RET|THYROID_MEDSCAPE_BRANDSPOT|THYROID_MEDSCAPE_EMAIL|7
LUNG_H|RET|RET|THYROID_MEDSCAPE_BRANDSPOT|THYROID_VEEVA_EMAIL|1
LUNG_H|RET|RET|THYROID_MEDSCAPE_EMAIL|LUNG_DOXIMITY_ALERT|1
LUNG_H|RET|RET|THYROID_MEDSCAPE_EMAIL|LUNG_HQ_EMAIL|1
LUNG_H|RET|RET|THYROID_MEDSCAPE_EMAIL|LUNG_MEDSCAPE_ALERT|7
LUNG_H|RET|RET|THYROID_MEDSCAPE_EMAIL|LUNG_MEDSCAPE_BRANDSPOT|7
LUNG_H|RET|RET|THYROID_MEDSCAPE_EMAIL|LUNG_MEDSCAPE_EMAIL|14
LUNG_H|RET|RET|THYROID_MEDSCAPE_EMAIL|LUNG_MEDSCAPE_POC|1
LUNG_H|RET|RET|THYROID_MEDSCAPE_EMAIL|OVERALL_MEDSCAPE_ALERT|7
LUNG_H|RET|RET|THYROID_MEDSCAPE_EMAIL|OVERALL_MEDSCAPE_POC|7
LUNG_H|RET|RET|THYROID_MEDSCAPE_EMAIL|THYROID_F2F_CALL|1
LUNG_H|RET|RET|THYROID_MEDSCAPE_EMAIL|THYROID_MEDSCAPE_ALERT|7
LUNG_H|RET|RET|THYROID_MEDSCAPE_EMAIL|THYROID_MEDSCAPE_BRANDSPOT|7
LUNG_H|RET|RET|THYROID_MEDSCAPE_EMAIL|THYROID_MEDSCAPE_EMAIL|14
LUNG_C|RET|RET|OVERALL_HQ_EMAIL|THYROID_MEDSCAPE_POC|1
LUNG_C|RET|RET|OVERALL_HQ_EMAIL|THYROID_VEEVA_EMAIL|1
LUNG_C|RET|RET|OVERALL_MEDSCAPE_ALERT|LUNG_DOXIMITY_ALERT|1
LUNG_C|RET|RET|OVERALL_MEDSCAPE_ALERT|LUNG_HQ_EMAIL|1
LUNG_C|RET|RET|OVERALL_MEDSCAPE_ALERT|LUNG_MEDSCAPE_BRANDSPOT|14
LUNG_C|RET|RET|OVERALL_MEDSCAPE_ALERT|LUNG_MEDSCAPE_EMAIL|7
LUNG_C|RET|RET|OVERALL_MEDSCAPE_ALERT|OVERALL_DOXIMITY_ALERT|1
LUNG_C|RET|RET|OVERALL_MEDSCAPE_ALERT|OVERALL_F2F_CALL|1
LUNG_C|RET|RET|OVERALL_MEDSCAPE_ALERT|OVERALL_HQ_EMAIL|1
LUNG_C|RET|RET|OVERALL_MEDSCAPE_ALERT|OVERALL_MEDSCAPE_ALERT|28
LUNG_C|RET|RET|OVERALL_MEDSCAPE_ALERT|OVERALL_MEDSCAPE_EMAIL|7
LUNG_C|RET|RET|OVERALL_MEDSCAPE_ALERT|OVERALL_VEEVA_EMAIL|1
LUNG_C|RET|RET|OVERALL_MEDSCAPE_ALERT|THYROID_MEDSCAPE_BRANDSPOT|14
LUNG_C|RET|RET|OVERALL_MEDSCAPE_ALERT|THYROID_MEDSCAPE_EMAIL|7
LUNG_C|RET|RET|OVERALL_MEDSCAPE_ALERT|THYROID_MEDSCAPE_POC|14
LUNG_C|RET|RET|OVERALL_MEDSCAPE_BRANDSPOT|LUNG_MEDSCAPE_POC|14
LUNG_C|RET|RET|OVERALL_MEDSCAPE_BRANDSPOT|LUNG_VEEVA_EMAIL|1
LUNG_C|RET|RET|OVERALL_MEDSCAPE_BRANDSPOT|OVERALL_F2F_CALL|1
LUNG_C|RET|RET|OVERALL_MEDSCAPE_BRANDSPOT|OVERALL_HQ_EMAIL|1
LUNG_C|RET|RET|OVERALL_MEDSCAPE_BRANDSPOT|OVERALL_MEDSCAPE_ALERT|14
LUNG_C|RET|RET|OVERALL_MEDSCAPE_BRANDSPOT|OVERALL_MEDSCAPE_EMAIL|7
LUNG_C|RET|RET|OVERALL_MEDSCAPE_BRANDSPOT|OVERALL_MEDSCAPE_POC|14
LUNG_C|RET|RET|OVERALL_MEDSCAPE_BRANDSPOT|THYROID_DOXIMITY_ALERT|1
LUNG_C|RET|RET|OVERALL_MEDSCAPE_BRANDSPOT|THYROID_HQ_EMAIL|1
LUNG_C|RET|RET|OVERALL_MEDSCAPE_BRANDSPOT|THYROID_MEDSCAPE_ALERT|14
LUNG_C|RET|RET|OVERALL_MEDSCAPE_BRANDSPOT|THYROID_MEDSCAPE_EMAIL|7
LUNG_C|RET|RET|OVERALL_MEDSCAPE_BRANDSPOT|THYROID_VEEVA_EMAIL|1
LUNG_C|RET|RET|OVERALL_MEDSCAPE_EMAIL|LUNG_HQ_EMAIL|1
LUNG_C|RET|RET|OVERALL_MEDSCAPE_EMAIL|LUNG_MEDSCAPE_EMAIL|14
LUNG_C|RET|RET|OVERALL_MEDSCAPE_EMAIL|LUNG_MEDSCAPE_POC|1
LUNG_C|RET|RET|OVERALL_MEDSCAPE_EMAIL|OVERALL_HQ_EMAIL|1
LUNG_C|RET|RET|OVERALL_MEDSCAPE_EMAIL|OVERALL_MEDSCAPE_EMAIL|14
LUNG_C|RET|RET|OVERALL_MEDSCAPE_EMAIL|OVERALL_VEEVA_EMAIL|1
LUNG_C|RET|RET|OVERALL_MEDSCAPE_EMAIL|THYROID_DOXIMITY_ALERT|1
LUNG_C|RET|RET|OVERALL_MEDSCAPE_EMAIL|THYROID_MEDSCAPE_POC|7
LUNG_C|RET|RET|OVERALL_MEDSCAPE_EMAIL|THYROID_VEEVA_EMAIL|1
LUNG_C|RET|RET|OVERALL_MEDSCAPE_POC|LUNG_MEDSCAPE_ALERT|14
LUNG_C|RET|RET|OVERALL_MEDSCAPE_POC|LUNG_MEDSCAPE_BRANDSPOT|14
LUNG_C|RET|RET|OVERALL_MEDSCAPE_POC|LUNG_MEDSCAPE_POC|14
LUNG_C|RET|RET|OVERALL_MEDSCAPE_POC|LUNG_VEEVA_EMAIL|1
LUNG_C|RET|RET|OVERALL_MEDSCAPE_POC|OVERALL_DOXIMITY_ALERT|1
LUNG_C|RET|RET|OVERALL_MEDSCAPE_POC|OVERALL_MEDSCAPE_POC|14
LUNG_C|RET|RET|OVERALL_MEDSCAPE_POC|THYROID_DOXIMITY_ALERT|1
LUNG_C|RET|RET|OVERALL_MEDSCAPE_POC|THYROID_F2F_CALL|1
LUNG_C|RET|RET|OVERALL_MEDSCAPE_POC|THYROID_MEDSCAPE_EMAIL|7
LUNG_C|RET|RET|OVERALL_MEDSCAPE_POC|THYROID_MEDSCAPE_POC|14
LUNG_C|RET|RET|OVERALL_MEDSCAPE_POC|THYROID_VEEVA_EMAIL|1
LUNG_C|RET|RET|OVERALL_P2P|LUNG_DOXIMITY_ALERT|1
LUNG_C|RET|RET|OVERALL_P2P|LUNG_MEDSCAPE_BRANDSPOT|1
LUNG_C|RET|RET|OVERALL_P2P|LUNG_VEEVA_EMAIL|1
LUNG_C|RET|RET|OVERALL_P2P|OVERALL_DOXIMITY_ALERT|1
LUNG_C|RET|RET|OVERALL_P2P|THYROID_DOXIMITY_ALERT|1
LUNG_C|RET|RET|OVERALL_P2P|THYROID_F2F_CALL|1
LUNG_C|RET|RET|OVERALL_P2P|THYROID_HQ_EMAIL|1
LUNG_C|RET|RET|OVERALL_P2P|THYROID_MEDSCAPE_ALERT|1
LUNG_C|RET|RET|OVERALL_P2P|THYROID_MEDSCAPE_BRANDSPOT|1
LUNG_C|RET|RET|OVERALL_P2P|THYROID_MEDSCAPE_EMAIL|1
LUNG_C|RET|RET|OVERALL_P2P|THYROID_MEDSCAPE_POC|1
LUNG_C|RET|RET|OVERALL_P2P|THYROID_VEEVA_EMAIL|1
LUNG_C|RET|RET|OVERALL_VEEVA_EMAIL|LUNG_DOXIMITY_ALERT|1
LUNG_C|RET|RET|OVERALL_VEEVA_EMAIL|LUNG_MEDSCAPE_EMAIL|1
LUNG_C|RET|RET|OVERALL_VEEVA_EMAIL|LUNG_VEEVA_EMAIL|14
LUNG_C|RET|RET|OVERALL_VEEVA_EMAIL|OVERALL_F2F_CALL|14
LUNG_C|RET|RET|OVERALL_VEEVA_EMAIL|OVERALL_MEDSCAPE_ALERT|1
LUNG_C|RET|RET|OVERALL_VEEVA_EMAIL|OVERALL_MEDSCAPE_BRANDSPOT|1
LUNG_C|RET|RET|OVERALL_VEEVA_EMAIL|OVERALL_P2P|1
LUNG_C|RET|RET|OVERALL_VEEVA_EMAIL|OVERALL_VEEVA_EMAIL|14
LUNG_C|RET|RET|OVERALL_VEEVA_EMAIL|THYROID_MEDSCAPE_ALERT|1
LUNG_C|RET|RET|OVERALL_VEEVA_EMAIL|THYROID_MEDSCAPE_EMAIL|1
LUNG_C|RET|RET|OVERALL_VEEVA_EMAIL|THYROID_MEDSCAPE_POC|1
LUNG_C|RET|RET|OVERALL_VEEVA_EMAIL|THYROID_VEEVA_EMAIL|14
LUNG_C|RET|RET|THYROID_DOXIMITY_ALERT|LUNG_HQ_EMAIL|1
LUNG_C|RET|RET|THYROID_DOXIMITY_ALERT|LUNG_MEDSCAPE_ALERT|1
LUNG_C|RET|RET|THYROID_DOXIMITY_ALERT|LUNG_MEDSCAPE_EMAIL|1
LUNG_C|RET|RET|THYROID_DOXIMITY_ALERT|LUNG_VEEVA_EMAIL|1
LUNG_C|RET|RET|THYROID_DOXIMITY_ALERT|OVERALL_DOXIMITY_ALERT|14
LUNG_C|RET|RET|THYROID_DOXIMITY_ALERT|OVERALL_F2F_CALL|1
OVERALL_M|RET|RET|LUNG_MEDSCAPE_POC|OVERALL_MEDSCAPE_POC|14
OVERALL_M|RET|RET|LUNG_MEDSCAPE_POC|OVERALL_VEEVA_EMAIL|1
OVERALL_M|RET|RET|LUNG_MEDSCAPE_POC|THYROID_F2F_CALL|1
OVERALL_M|RET|RET|LUNG_MEDSCAPE_POC|THYROID_HQ_EMAIL|1
OVERALL_M|RET|RET|LUNG_MEDSCAPE_POC|THYROID_MEDSCAPE_ALERT|14
OVERALL_M|RET|RET|LUNG_MEDSCAPE_POC|THYROID_MEDSCAPE_EMAIL|7
OVERALL_M|RET|RET|LUNG_VEEVA_EMAIL|LUNG_F2F_CALL|14
OVERALL_M|RET|RET|LUNG_VEEVA_EMAIL|LUNG_MEDSCAPE_ALERT|1
OVERALL_M|RET|RET|LUNG_VEEVA_EMAIL|LUNG_MEDSCAPE_BRANDSPOT|1
OVERALL_M|RET|RET|LUNG_VEEVA_EMAIL|LUNG_MEDSCAPE_EMAIL|1
OVERALL_M|RET|RET|LUNG_VEEVA_EMAIL|OVERALL_DOXIMITY_ALERT|1
OVERALL_M|RET|RET|LUNG_VEEVA_EMAIL|OVERALL_F2F_CALL|14
OVERALL_M|RET|RET|LUNG_VEEVA_EMAIL|OVERALL_HQ_EMAIL|1
OVERALL_M|RET|RET|LUNG_VEEVA_EMAIL|OVERALL_MEDSCAPE_POC|1
OVERALL_M|RET|RET|LUNG_VEEVA_EMAIL|OVERALL_P2P|1
OVERALL_M|RET|RET|LUNG_VEEVA_EMAIL|THYROID_DOXIMITY_ALERT|1
OVERALL_M|RET|RET|LUNG_VEEVA_EMAIL|THYROID_MEDSCAPE_ALERT|1
OVERALL_M|RET|RET|LUNG_VEEVA_EMAIL|THYROID_MEDSCAPE_BRANDSPOT|1
OVERALL_M|RET|RET|LUNG_VEEVA_EMAIL|THYROID_MEDSCAPE_POC|1
OVERALL_M|RET|RET|OVERALL_DOXIMITY_ALERT|LUNG_F2F_CALL|1
OVERALL_M|RET|RET|OVERALL_DOXIMITY_ALERT|LUNG_MEDSCAPE_BRANDSPOT|1
OVERALL_M|RET|RET|OVERALL_DOXIMITY_ALERT|LUNG_MEDSCAPE_EMAIL|1
OVERALL_M|RET|RET|OVERALL_DOXIMITY_ALERT|LUNG_MEDSCAPE_POC|1
OVERALL_M|RET|RET|OVERALL_DOXIMITY_ALERT|LUNG_VEEVA_EMAIL|1
OVERALL_M|RET|RET|OVERALL_DOXIMITY_ALERT|OVERALL_F2F_CALL|1
OVERALL_M|RET|RET|OVERALL_DOXIMITY_ALERT|OVERALL_MEDSCAPE_BRANDSPOT|1
OVERALL_M|RET|RET|OVERALL_DOXIMITY_ALERT|OVERALL_MEDSCAPE_POC|1
OVERALL_M|RET|RET|OVERALL_DOXIMITY_ALERT|OVERALL_VEEVA_EMAIL|1
OVERALL_M|RET|RET|OVERALL_DOXIMITY_ALERT|THYROID_MEDSCAPE_BRANDSPOT|1
OVERALL_M|RET|RET|OVERALL_DOXIMITY_ALERT|THYROID_MEDSCAPE_EMAIL|1
OVERALL_M|RET|RET|OVERALL_DOXIMITY_ALERT|THYROID_VEEVA_EMAIL|1
OVERALL_M|RET|RET|OVERALL_F2F_CALL|LUNG_DOXIMITY_ALERT|1
OVERALL_M|RET|RET|OVERALL_F2F_CALL|LUNG_MEDSCAPE_BRANDSPOT|1
OVERALL_M|RET|RET|OVERALL_F2F_CALL|LUNG_MEDSCAPE_POC|1
OVERALL_M|RET|RET|OVERALL_F2F_CALL|LUNG_VEEVA_EMAIL|14
OVERALL_M|RET|RET|OVERALL_F2F_CALL|OVERALL_DOXIMITY_ALERT|1
OVERALL_M|RET|RET|OVERALL_F2F_CALL|OVERALL_HQ_EMAIL|1
OVERALL_M|RET|RET|OVERALL_F2F_CALL|OVERALL_MEDSCAPE_ALERT|1
OVERALL_M|RET|RET|OVERALL_F2F_CALL|OVERALL_MEDSCAPE_EMAIL|1
OVERALL_M|RET|RET|OVERALL_F2F_CALL|OVERALL_P2P|1
OVERALL_M|RET|RET|OVERALL_F2F_CALL|OVERALL_VEEVA_EMAIL|14
OVERALL_M|RET|RET|OVERALL_F2F_CALL|THYROID_DOXIMITY_ALERT|1
OVERALL_M|RET|RET|OVERALL_F2F_CALL|THYROID_F2F_CALL|21
OVERALL_M|RET|RET|OVERALL_F2F_CALL|THYROID_HQ_EMAIL|1
OVERALL_M|RET|RET|OVERALL_F2F_CALL|THYROID_MEDSCAPE_EMAIL|1
OVERALL_M|RET|RET|OVERALL_F2F_CALL|THYROID_VEEVA_EMAIL|14
OVERALL_M|RET|RET|OVERALL_HQ_EMAIL|LUNG_DOXIMITY_ALERT|1
OVERALL_M|RET|RET|OVERALL_HQ_EMAIL|LUNG_F2F_CALL|1
OVERALL_M|RET|RET|OVERALL_HQ_EMAIL|LUNG_MEDSCAPE_EMAIL|1
OVERALL_M|RET|RET|OVERALL_HQ_EMAIL|LUNG_MEDSCAPE_POC|1
OVERALL_M|RET|RET|OVERALL_HQ_EMAIL|OVERALL_HQ_EMAIL|7
OVERALL_M|RET|RET|OVERALL_HQ_EMAIL|OVERALL_MEDSCAPE_ALERT|1
OVERALL_M|RET|RET|OVERALL_HQ_EMAIL|OVERALL_MEDSCAPE_BRANDSPOT|1
OVERALL_M|RET|RET|OVERALL_HQ_EMAIL|THYROID_DOXIMITY_ALERT|1
OVERALL_M|RET|RET|OVERALL_HQ_EMAIL|THYROID_HQ_EMAIL|7
OVERALL_M|RET|RET|OVERALL_HQ_EMAIL|THYROID_MEDSCAPE_BRANDSPOT|1
OVERALL_M|RET|RET|OVERALL_MEDSCAPE_ALERT|LUNG_HQ_EMAIL|1
OVERALL_M|RET|RET|OVERALL_MEDSCAPE_ALERT|LUNG_MEDSCAPE_ALERT|28
OVERALL_M|RET|RET|OVERALL_MEDSCAPE_ALERT|LUNG_MEDSCAPE_BRANDSPOT|14
OVERALL_M|RET|RET|OVERALL_MEDSCAPE_ALERT|LUNG_MEDSCAPE_POC|1
OVERALL_M|RET|RET|OVERALL_MEDSCAPE_ALERT|LUNG_VEEVA_EMAIL|1
OVERALL_M|RET|RET|OVERALL_MEDSCAPE_ALERT|OVERALL_F2F_CALL|1
OVERALL_M|RET|RET|OVERALL_MEDSCAPE_ALERT|OVERALL_MEDSCAPE_BRANDSPOT|14
OVERALL_M|RET|RET|OVERALL_MEDSCAPE_ALERT|OVERALL_MEDSCAPE_EMAIL|7
OVERALL_M|RET|RET|OVERALL_MEDSCAPE_ALERT|OVERALL_P2P|1
OVERALL_M|RET|RET|OVERALL_MEDSCAPE_ALERT|OVERALL_VEEVA_EMAIL|1
OVERALL_M|RET|RET|OVERALL_MEDSCAPE_ALERT|THYROID_HQ_EMAIL|1
OVERALL_M|RET|RET|OVERALL_MEDSCAPE_ALERT|THYROID_MEDSCAPE_EMAIL|7
OVERALL_M|RET|RET|OVERALL_MEDSCAPE_ALERT|THYROID_MEDSCAPE_POC|14
OVERALL_M|RET|RET|OVERALL_MEDSCAPE_ALERT|THYROID_VEEVA_EMAIL|1
OVERALL_M|RET|RET|OVERALL_MEDSCAPE_BRANDSPOT|LUNG_F2F_CALL|1
OVERALL_M|RET|RET|OVERALL_MEDSCAPE_BRANDSPOT|LUNG_MEDSCAPE_POC|14
OVERALL_M|RET|RET|OVERALL_MEDSCAPE_BRANDSPOT|LUNG_VEEVA_EMAIL|1
OVERALL_M|RET|RET|OVERALL_MEDSCAPE_BRANDSPOT|OVERALL_DOXIMITY_ALERT|1
OVERALL_M|RET|RET|OVERALL_MEDSCAPE_BRANDSPOT|OVERALL_F2F_CALL|1
OVERALL_M|RET|RET|OVERALL_MEDSCAPE_BRANDSPOT|OVERALL_HQ_EMAIL|1
THYROID_L|RET|RET|LUNG_DOXIMITY_ALERT|THYROID_MEDSCAPE_POC|1
THYROID_L|RET|RET|LUNG_DOXIMITY_ALERT|THYROID_VEEVA_EMAIL|1
THYROID_L|RET|RET|LUNG_F2F_CALL|LUNG_F2F_CALL|21
THYROID_L|RET|RET|LUNG_F2F_CALL|LUNG_HQ_EMAIL|1
THYROID_L|RET|RET|LUNG_F2F_CALL|LUNG_MEDSCAPE_ALERT|1
THYROID_L|RET|RET|LUNG_F2F_CALL|LUNG_MEDSCAPE_BRANDSPOT|1
THYROID_L|RET|RET|LUNG_F2F_CALL|LUNG_MEDSCAPE_EMAIL|1
THYROID_L|RET|RET|LUNG_F2F_CALL|LUNG_MEDSCAPE_POC|1
THYROID_L|RET|RET|LUNG_F2F_CALL|OVERALL_HQ_EMAIL|1
THYROID_L|RET|RET|LUNG_F2F_CALL|OVERALL_MEDSCAPE_ALERT|1
THYROID_L|RET|RET|LUNG_F2F_CALL|OVERALL_MEDSCAPE_BRANDSPOT|1
THYROID_L|RET|RET|LUNG_F2F_CALL|OVERALL_MEDSCAPE_POC|1
THYROID_L|RET|RET|LUNG_F2F_CALL|OVERALL_P2P|1
THYROID_L|RET|RET|LUNG_F2F_CALL|THYROID_MEDSCAPE_BRANDSPOT|1
THYROID_L|RET|RET|LUNG_F2F_CALL|THYROID_VEEVA_EMAIL|14
THYROID_L|RET|RET|LUNG_HQ_EMAIL|LUNG_DOXIMITY_ALERT|1
THYROID_L|RET|RET|LUNG_HQ_EMAIL|LUNG_MEDSCAPE_POC|1
THYROID_L|RET|RET|LUNG_HQ_EMAIL|OVERALL_F2F_CALL|1
THYROID_L|RET|RET|LUNG_HQ_EMAIL|OVERALL_HQ_EMAIL|7
THYROID_L|RET|RET|LUNG_HQ_EMAIL|OVERALL_MEDSCAPE_BRANDSPOT|1
THYROID_L|RET|RET|LUNG_HQ_EMAIL|OVERALL_MEDSCAPE_EMAIL|1
THYROID_L|RET|RET|LUNG_HQ_EMAIL|OVERALL_MEDSCAPE_POC|1
THYROID_L|RET|RET|LUNG_HQ_EMAIL|OVERALL_P2P|1
THYROID_L|RET|RET|LUNG_HQ_EMAIL|OVERALL_VEEVA_EMAIL|1
THYROID_L|RET|RET|LUNG_HQ_EMAIL|THYROID_HQ_EMAIL|7
THYROID_L|RET|RET|LUNG_HQ_EMAIL|THYROID_MEDSCAPE_ALERT|1
THYROID_L|RET|RET|LUNG_HQ_EMAIL|THYROID_MEDSCAPE_BRANDSPOT|1
THYROID_L|RET|RET|LUNG_HQ_EMAIL|THYROID_MEDSCAPE_EMAIL|1
THYROID_L|RET|RET|LUNG_HQ_EMAIL|THYROID_MEDSCAPE_POC|1
THYROID_L|RET|RET|LUNG_HQ_EMAIL|THYROID_VEEVA_EMAIL|1
THYROID_L|RET|RET|LUNG_MEDSCAPE_ALERT|LUNG_HQ_EMAIL|1
THYROID_L|RET|RET|LUNG_MEDSCAPE_ALERT|LUNG_MEDSCAPE_BRANDSPOT|14
THYROID_L|RET|RET|LUNG_MEDSCAPE_ALERT|LUNG_MEDSCAPE_EMAIL|7
THYROID_L|RET|RET|LUNG_MEDSCAPE_ALERT|LUNG_MEDSCAPE_POC|1
THYROID_L|RET|RET|LUNG_MEDSCAPE_ALERT|LUNG_VEEVA_EMAIL|1
THYROID_L|RET|RET|LUNG_MEDSCAPE_ALERT|OVERALL_F2F_CALL|1
THYROID_L|RET|RET|LUNG_MEDSCAPE_ALERT|OVERALL_HQ_EMAIL|1
THYROID_L|RET|RET|LUNG_MEDSCAPE_ALERT|OVERALL_MEDSCAPE_BRANDSPOT|14
THYROID_L|RET|RET|LUNG_MEDSCAPE_ALERT|OVERALL_MEDSCAPE_POC|14
THYROID_L|RET|RET|LUNG_MEDSCAPE_ALERT|OVERALL_P2P|1
THYROID_L|RET|RET|LUNG_MEDSCAPE_ALERT|THYROID_DOXIMITY_ALERT|1
THYROID_L|RET|RET|LUNG_MEDSCAPE_ALERT|THYROID_F2F_CALL|1
THYROID_L|RET|RET|LUNG_MEDSCAPE_ALERT|THYROID_HQ_EMAIL|1
THYROID_L|RET|RET|LUNG_MEDSCAPE_ALERT|THYROID_MEDSCAPE_ALERT|28
THYROID_L|RET|RET|LUNG_MEDSCAPE_ALERT|THYROID_MEDSCAPE_BRANDSPOT|1
THYROID_L|RET|RET|LUNG_MEDSCAPE_ALERT|THYROID_MEDSCAPE_EMAIL|7
THYROID_L|RET|RET|LUNG_MEDSCAPE_BRANDSPOT|LUNG_DOXIMITY_ALERT|1
THYROID_L|RET|RET|LUNG_MEDSCAPE_BRANDSPOT|LUNG_MEDSCAPE_ALERT|1
THYROID_L|RET|RET|LUNG_MEDSCAPE_BRANDSPOT|LUNG_MEDSCAPE_BRANDSPOT|14
THYROID_L|RET|RET|LUNG_MEDSCAPE_BRANDSPOT|LUNG_MEDSCAPE_EMAIL|7
THYROID_L|RET|RET|LUNG_MEDSCAPE_BRANDSPOT|OVERALL_DOXIMITY_ALERT|1
THYROID_L|RET|RET|LUNG_MEDSCAPE_BRANDSPOT|OVERALL_F2F_CALL|1
THYROID_L|RET|RET|LUNG_MEDSCAPE_BRANDSPOT|OVERALL_MEDSCAPE_EMAIL|7
THYROID_L|RET|RET|LUNG_MEDSCAPE_BRANDSPOT|OVERALL_P2P|1
THYROID_L|RET|RET|LUNG_MEDSCAPE_BRANDSPOT|THYROID_DOXIMITY_ALERT|1
THYROID_L|RET|RET|LUNG_MEDSCAPE_BRANDSPOT|THYROID_HQ_EMAIL|1
THYROID_L|RET|RET|LUNG_MEDSCAPE_BRANDSPOT|THYROID_MEDSCAPE_POC|14
THYROID_L|RET|RET|LUNG_MEDSCAPE_BRANDSPOT|THYROID_VEEVA_EMAIL|1
THYROID_L|RET|RET|LUNG_MEDSCAPE_EMAIL|LUNG_F2F_CALL|1
THYROID_L|RET|RET|LUNG_MEDSCAPE_EMAIL|LUNG_HQ_EMAIL|1
THYROID_L|RET|RET|LUNG_MEDSCAPE_EMAIL|LUNG_MEDSCAPE_ALERT|7
THYROID_L|RET|RET|LUNG_MEDSCAPE_EMAIL|LUNG_MEDSCAPE_POC|1
THYROID_L|RET|RET|LUNG_MEDSCAPE_EMAIL|OVERALL_DOXIMITY_ALERT|1
THYROID_L|RET|RET|LUNG_MEDSCAPE_EMAIL|OVERALL_F2F_CALL|1
THYROID_L|RET|RET|LUNG_MEDSCAPE_EMAIL|OVERALL_MEDSCAPE_ALERT|7
THYROID_L|RET|RET|LUNG_MEDSCAPE_EMAIL|OVERALL_MEDSCAPE_POC|7
THYROID_L|RET|RET|LUNG_MEDSCAPE_EMAIL|OVERALL_P2P|1
THYROID_L|RET|RET|LUNG_MEDSCAPE_EMAIL|OVERALL_VEEVA_EMAIL|1
THYROID_L|RET|RET|LUNG_MEDSCAPE_EMAIL|THYROID_F2F_CALL|1
THYROID_L|RET|RET|LUNG_MEDSCAPE_EMAIL|THYROID_HQ_EMAIL|1
THYROID_L|RET|RET|LUNG_MEDSCAPE_EMAIL|THYROID_MEDSCAPE_ALERT|7
THYROID_L|RET|RET|LUNG_MEDSCAPE_EMAIL|THYROID_MEDSCAPE_BRANDSPOT|7
THYROID_L|RET|RET|LUNG_MEDSCAPE_EMAIL|THYROID_VEEVA_EMAIL|1
THYROID_L|RET|RET|LUNG_MEDSCAPE_POC|LUNG_DOXIMITY_ALERT|1
THYROID_L|RET|RET|LUNG_MEDSCAPE_POC|LUNG_HQ_EMAIL|1
THYROID_L|RET|RET|LUNG_MEDSCAPE_POC|LUNG_MEDSCAPE_ALERT|14
THYROID_L|RET|RET|LUNG_MEDSCAPE_POC|LUNG_MEDSCAPE_BRANDSPOT|14
THYROID_L|RET|RET|LUNG_MEDSCAPE_POC|OVERALL_DOXIMITY_ALERT|1
LOW|US_304528|US_304528|EDH_PROFLOW_RDMU|MEDSCAPE_EMAIL|1
LOW|US_304528|US_304528|EDH_PROFLOW_RDMU|VEEVA_EMAIL|1
LOW|US_304528|US_304528|EDH_PROFLOW_WDMU|DOXIMITY_ALERT|1
LOW|US_304528|US_304528|EDH_PROFLOW_WDMU|DOXIMITY_DOCSPOT|1
LOW|US_304528|US_304528|EDH_PROFLOW_WDMU|EDH_PROFLOW_EDMU|7
LOW|US_304528|US_304528|EDH_PROFLOW_WDMU|EDH_PROFLOW_WDMU|7
LOW|US_304528|US_304528|EDH_PROFLOW_WDMU|MEDSCAPE_EMAIL|1
LOW|US_304528|US_304528|EDH_PROFLOW_WDMU|MEDSCAPE_POC|1
LOW|US_304528|US_304528|EDH_PROFLOW_WDMU|P2P|1
LOW|US_304528|US_304528|EDH_PROFLOW_WDMU|VEEVA_EMAIL|1
LOW|US_304528|US_304528|EPOCRATES_ALERT|DOXIMITY_ALERT|1
LOW|US_304528|US_304528|EPOCRATES_ALERT|DOXIMITY_DOCSPOT|1
LOW|US_304528|US_304528|EPOCRATES_ALERT|EDH_PROFLOW_EDMU|1
LOW|US_304528|US_304528|EPOCRATES_ALERT|F2F_CALL|1
LOW|US_304528|US_304528|EPOCRATES_ALERT|MEDSCAPE_ALERT|1
LOW|US_304528|US_304528|EPOCRATES_ALERT|P2P|1
LOW|US_304528|US_304528|EPOCRATES_ALERT|VEEVA_EMAIL|1
LOW|US_304528|US_304528|F2F_CALL|DOXIMITY_ALERT|1
LOW|US_304528|US_304528|F2F_CALL|DOXIMITY_DOCSPOT|1
LOW|US_304528|US_304528|F2F_CALL|EDH_PROFLOW_EDMU|1
LOW|US_304528|US_304528|F2F_CALL|EPOCRATES_ALERT|1
LOW|US_304528|US_304528|F2F_CALL|MEDSCAPE_ALERT|1
LOW|US_304528|US_304528|F2F_CALL|P2P|1
LOW|US_304528|US_304528|HQ_EMAIL|DOXIMITY_DOCSPOT|1
LOW|US_304528|US_304528|HQ_EMAIL|EDH_PROFLOW_RDMU|1
LOW|US_304528|US_304528|HQ_EMAIL|EDH_PROFLOW_WDMU|1
LOW|US_304528|US_304528|HQ_EMAIL|EPOCRATES_ALERT|1
LOW|US_304528|US_304528|HQ_EMAIL|HQ_EMAIL|7
LOW|US_304528|US_304528|HQ_EMAIL|MEDSCAPE_EMAIL|1
LOW|US_304528|US_304528|HQ_EMAIL|NUMEDIS_MDMINUTE|1
LOW|US_304528|US_304528|MEDSCAPE_ALERT|DOXIMITY_ALERT|1
LOW|US_304528|US_304528|MEDSCAPE_ALERT|EDH_PROFLOW_RDMU|1
LOW|US_304528|US_304528|MEDSCAPE_ALERT|EDH_PROFLOW_WDMU|1
LOW|US_304528|US_304528|MEDSCAPE_ALERT|EPOCRATES_ALERT|1
LOW|US_304528|US_304528|MEDSCAPE_ALERT|F2F_CALL|1
LOW|US_304528|US_304528|MEDSCAPE_ALERT|MEDSCAPE_ALERT|28
LOW|US_304528|US_304528|MEDSCAPE_ALERT|MEDSCAPE_EMAIL|7
LOW|US_304528|US_304528|MEDSCAPE_ALERT|MEDSCAPE_POC|7
LOW|US_304528|US_304528|MEDSCAPE_ALERT|NUMEDIS_MDMINUTE|1
LOW|US_304528|US_304528|MEDSCAPE_ALERT|VEEVA_EMAIL|1
LOW|US_304528|US_304528|MEDSCAPE_EMAIL|EDH_PROFLOW_EDMU|1
LOW|US_304528|US_304528|MEDSCAPE_EMAIL|EDH_PROFLOW_RDMU|1
LOW|US_304528|US_304528|MEDSCAPE_EMAIL|EDH_PROFLOW_WDMU|1
LOW|US_304528|US_304528|MEDSCAPE_EMAIL|EPOCRATES_ALERT|1
LOW|US_304528|US_304528|MEDSCAPE_EMAIL|F2F_CALL|1
LOW|US_304528|US_304528|MEDSCAPE_EMAIL|MEDSCAPE_POC|7
LOW|US_304528|US_304528|MEDSCAPE_POC|DOXIMITY_ALERT|1
LOW|US_304528|US_304528|MEDSCAPE_POC|DOXIMITY_DOCSPOT|1
LOW|US_304528|US_304528|MEDSCAPE_POC|EDH_PROFLOW_EDMU|1
LOW|US_304528|US_304528|MEDSCAPE_POC|EDH_PROFLOW_WDMU|1
LOW|US_304528|US_304528|MEDSCAPE_POC|MEDSCAPE_EMAIL|7
LOW|US_304528|US_304528|MEDSCAPE_POC|MEDSCAPE_POC|7
LOW|US_304528|US_304528|MEDSCAPE_POC|P2P|1
LOW|US_304528|US_304528|MEDSCAPE_POC|VEEVA_EMAIL|1
LOW|US_304528|US_304528|NUMEDIS_MDMINUTE|DOXIMITY_ALERT|1
LOW|US_304528|US_304528|NUMEDIS_MDMINUTE|EDH_PROFLOW_EDMU|1
LOW|US_304528|US_304528|NUMEDIS_MDMINUTE|EDH_PROFLOW_RDMU|1
LOW|US_304528|US_304528|NUMEDIS_MDMINUTE|EPOCRATES_ALERT|1
LOW|US_304528|US_304528|NUMEDIS_MDMINUTE|F2F_CALL|1
LOW|US_304528|US_304528|NUMEDIS_MDMINUTE|P2P|1
LOW|US_304528|US_304528|P2P|DOXIMITY_DOCSPOT|1
LOW|US_304528|US_304528|P2P|EDH_PROFLOW_EDMU|1
LOW|US_304528|US_304528|P2P|EDH_PROFLOW_WDMU|1
LOW|US_304528|US_304528|P2P|EPOCRATES_ALERT|1
LOW|US_304528|US_304528|P2P|MEDSCAPE_ALERT|1
LOW|US_304528|US_304528|P2P|MEDSCAPE_EMAIL|1
LOW|US_304528|US_304528|P2P|MEDSCAPE_POC|1
LOW|US_304528|US_304528|P2P|VEEVA_EMAIL|1
LOW|US_304528|US_304528|VEEVA_EMAIL|DOXIMITY_ALERT|1
LOW|US_304528|US_304528|VEEVA_EMAIL|DOXIMITY_DOCSPOT|1
LOW|US_304528|US_304528|VEEVA_EMAIL|EDH_PROFLOW_RDMU|1
LOW|US_304528|US_304528|VEEVA_EMAIL|EDH_PROFLOW_WDMU|1
LOW|US_304528|US_304528|VEEVA_EMAIL|HQ_EMAIL|7
LUNG_C|RET|RET|LUNG_DOXIMITY_ALERT|LUNG_DOXIMITY_ALERT|14
LUNG_C|RET|RET|LUNG_DOXIMITY_ALERT|LUNG_F2F_CALL|1
LUNG_C|RET|RET|LUNG_DOXIMITY_ALERT|LUNG_MEDSCAPE_ALERT|1
LUNG_C|RET|RET|LUNG_DOXIMITY_ALERT|OVERALL_DOXIMITY_ALERT|14
LUNG_C|RET|RET|LUNG_DOXIMITY_ALERT|OVERALL_MEDSCAPE_ALERT|1
LUNG_C|RET|RET|LUNG_DOXIMITY_ALERT|OVERALL_MEDSCAPE_BRANDSPOT|1
LUNG_C|RET|RET|LUNG_DOXIMITY_ALERT|OVERALL_MEDSCAPE_EMAIL|1
LUNG_C|RET|RET|LUNG_DOXIMITY_ALERT|OVERALL_P2P|1
LUNG_C|RET|RET|LUNG_DOXIMITY_ALERT|THYROID_DOXIMITY_ALERT|14
LUNG_C|RET|RET|LUNG_DOXIMITY_ALERT|THYROID_HQ_EMAIL|1
LUNG_C|RET|RET|LUNG_DOXIMITY_ALERT|THYROID_MEDSCAPE_ALERT|1
LUNG_C|RET|RET|LUNG_F2F_CALL|LUNG_DOXIMITY_ALERT|1
MEDIUM|US_304528|US_304528|EDH_PROFLOW_WDMU|MEDSCAPE_POC|1
MEDIUM|US_304528|US_304528|EDH_PROFLOW_WDMU|P2P|1
MEDIUM|US_304528|US_304528|EDH_PROFLOW_WDMU|VEEVA_EMAIL|1
MEDIUM|US_304528|US_304528|EPOCRATES_ALERT|DOXIMITY_DOCSPOT|1
MEDIUM|US_304528|US_304528|EPOCRATES_ALERT|F2F_CALL|1
MEDIUM|US_304528|US_304528|EPOCRATES_ALERT|HQ_EMAIL|1
MEDIUM|US_304528|US_304528|EPOCRATES_ALERT|MEDSCAPE_EMAIL|1
MEDIUM|US_304528|US_304528|EPOCRATES_ALERT|MEDSCAPE_POC|1
MEDIUM|US_304528|US_304528|EPOCRATES_ALERT|P2P|1
MEDIUM|US_304528|US_304528|F2F_CALL|DOXIMITY_ALERT|1
MEDIUM|US_304528|US_304528|F2F_CALL|DOXIMITY_DOCSPOT|1
MEDIUM|US_304528|US_304528|F2F_CALL|EDH_PROFLOW_EDMU|1
MEDIUM|US_304528|US_304528|F2F_CALL|EPOCRATES_ALERT|1
MEDIUM|US_304528|US_304528|F2F_CALL|F2F_CALL|9
MEDIUM|US_304528|US_304528|F2F_CALL|HQ_EMAIL|1
MEDIUM|US_304528|US_304528|F2F_CALL|MEDSCAPE_EMAIL|1
MEDIUM|US_304528|US_304528|F2F_CALL|MEDSCAPE_POC|1
MEDIUM|US_304528|US_304528|F2F_CALL|NUMEDIS_MDMINUTE|1
MEDIUM|US_304528|US_304528|F2F_CALL|P2P|1
MEDIUM|US_304528|US_304528|HQ_EMAIL|DOXIMITY_DOCSPOT|1
MEDIUM|US_304528|US_304528|HQ_EMAIL|MEDSCAPE_ALERT|1
MEDIUM|US_304528|US_304528|HQ_EMAIL|MEDSCAPE_POC|1
MEDIUM|US_304528|US_304528|HQ_EMAIL|NUMEDIS_MDMINUTE|1
MEDIUM|US_304528|US_304528|MEDSCAPE_ALERT|DOXIMITY_DOCSPOT|1
MEDIUM|US_304528|US_304528|MEDSCAPE_ALERT|EDH_PROFLOW_RDMU|1
MEDIUM|US_304528|US_304528|MEDSCAPE_ALERT|EDH_PROFLOW_WDMU|1
MEDIUM|US_304528|US_304528|MEDSCAPE_ALERT|F2F_CALL|1
MEDIUM|US_304528|US_304528|MEDSCAPE_ALERT|MEDSCAPE_ALERT|28
MEDIUM|US_304528|US_304528|MEDSCAPE_ALERT|P2P|1
MEDIUM|US_304528|US_304528|MEDSCAPE_EMAIL|DOXIMITY_ALERT|1
MEDIUM|US_304528|US_304528|MEDSCAPE_EMAIL|EPOCRATES_ALERT|1
MEDIUM|US_304528|US_304528|MEDSCAPE_EMAIL|F2F_CALL|1
MEDIUM|US_304528|US_304528|MEDSCAPE_EMAIL|MEDSCAPE_ALERT|7
MEDIUM|US_304528|US_304528|MEDSCAPE_EMAIL|P2P|1
MEDIUM|US_304528|US_304528|MEDSCAPE_EMAIL|VEEVA_EMAIL|1
MEDIUM|US_304528|US_304528|MEDSCAPE_POC|EDH_PROFLOW_EDMU|1
MEDIUM|US_304528|US_304528|MEDSCAPE_POC|EDH_PROFLOW_RDMU|1
MEDIUM|US_304528|US_304528|MEDSCAPE_POC|EDH_PROFLOW_WDMU|1
MEDIUM|US_304528|US_304528|MEDSCAPE_POC|F2F_CALL|1
MEDIUM|US_304528|US_304528|MEDSCAPE_POC|MEDSCAPE_EMAIL|7
MEDIUM|US_304528|US_304528|MEDSCAPE_POC|MEDSCAPE_POC|7
MEDIUM|US_304528|US_304528|MEDSCAPE_POC|NUMEDIS_MDMINUTE|1
MEDIUM|US_304528|US_304528|MEDSCAPE_POC|VEEVA_EMAIL|1
MEDIUM|US_304528|US_304528|NUMEDIS_MDMINUTE|DOXIMITY_ALERT|1
MEDIUM|US_304528|US_304528|NUMEDIS_MDMINUTE|EDH_PROFLOW_RDMU|1
MEDIUM|US_304528|US_304528|NUMEDIS_MDMINUTE|F2F_CALL|1
MEDIUM|US_304528|US_304528|NUMEDIS_MDMINUTE|HQ_EMAIL|1
MEDIUM|US_304528|US_304528|NUMEDIS_MDMINUTE|MEDSCAPE_EMAIL|1
MEDIUM|US_304528|US_304528|NUMEDIS_MDMINUTE|MEDSCAPE_POC|1
MEDIUM|US_304528|US_304528|NUMEDIS_MDMINUTE|P2P|1
MEDIUM|US_304528|US_304528|P2P|DOXIMITY_ALERT|1
MEDIUM|US_304528|US_304528|P2P|EDH_PROFLOW_EDMU|1
MEDIUM|US_304528|US_304528|P2P|EPOCRATES_ALERT|1
MEDIUM|US_304528|US_304528|P2P|HQ_EMAIL|1
MEDIUM|US_304528|US_304528|P2P|MEDSCAPE_ALERT|1
MEDIUM|US_304528|US_304528|P2P|MEDSCAPE_POC|1
MEDIUM|US_304528|US_304528|P2P|NUMEDIS_MDMINUTE|1
MEDIUM|US_304528|US_304528|P2P|P2P|1
MEDIUM|US_304528|US_304528|VEEVA_EMAIL|EDH_PROFLOW_EDMU|1
MEDIUM|US_304528|US_304528|VEEVA_EMAIL|F2F_CALL|1
MEDIUM|US_304528|US_304528|VEEVA_EMAIL|HQ_EMAIL|7
MEDIUM|US_304528|US_304528|VEEVA_EMAIL|MEDSCAPE_EMAIL|1
MEDIUM|US_304528|US_304528|VEEVA_EMAIL|MEDSCAPE_POC|1
MEDIUM|US_304528|US_304528|VEEVA_EMAIL|P2P|1
MEDIUM|US_304528|US_304528|VEEVA_EMAIL|VEEVA_EMAIL|7
NON-TARGETS|US_304486|US_304486|F2F_CALL|F2F_CALL|21
NON-TARGETS|US_304486|US_304486|F2F_CALL|MEDSCAPE_EMAIL|1
NON-TARGETS|US_304486|US_304486|F2F_CALL|VEEVA_EMAIL|1
NON-TARGETS|US_304486|US_304486|HQ_EMAIL|HQ_EMAIL|7
NON-TARGETS|US_304486|US_304486|HQ_EMAIL|MEDSCAPE_ALERT|1
NON-TARGETS|US_304486|US_304486|HQ_EMAIL|MEDSCAPE_BRANDSPOT|1
NON-TARGETS|US_304486|US_304486|HQ_EMAIL|MEDSCAPE_EMAIL|1
NON-TARGETS|US_304486|US_304486|MEDSCAPE_ALERT|F2F_CALL|1
NON-TARGETS|US_304486|US_304486|MEDSCAPE_ALERT|MEDSCAPE_BRANDSPOT|1
NON-TARGETS|US_304486|US_304486|MEDSCAPE_ALERT|VEEVA_EMAIL|1
NON-TARGETS|US_304486|US_304486|MEDSCAPE_BRANDSPOT|HQ_EMAIL|1
NON-TARGETS|US_304486|US_304486|MEDSCAPE_BRANDSPOT|MEDSCAPE_EMAIL|1
NON-TARGETS|US_304486|US_304486|MEDSCAPE_BRANDSPOT|MEDSCAPE_POC|1
NON-TARGETS|US_304486|US_304486|MEDSCAPE_BRANDSPOT|VEEVA_EMAIL|1
NON-TARGETS|US_304486|US_304486|MEDSCAPE_EMAIL|HQ_EMAIL|1
NON-TARGETS|US_304486|US_304486|MEDSCAPE_EMAIL|MEDSCAPE_ALERT|1
NON-TARGETS|US_304486|US_304486|MEDSCAPE_EMAIL|MEDSCAPE_BRANDSPOT|1
OVERALL_L|RET|RET|OVERALL_VEEVA_EMAIL|THYROID_MEDSCAPE_ALERT|1
OVERALL_L|RET|RET|OVERALL_VEEVA_EMAIL|THYROID_MEDSCAPE_EMAIL|1
OVERALL_L|RET|RET|OVERALL_VEEVA_EMAIL|THYROID_MEDSCAPE_POC|1
OVERALL_L|RET|RET|THYROID_DOXIMITY_ALERT|LUNG_HQ_EMAIL|1
OVERALL_L|RET|RET|THYROID_DOXIMITY_ALERT|LUNG_MEDSCAPE_POC|1
OVERALL_L|RET|RET|THYROID_DOXIMITY_ALERT|LUNG_VEEVA_EMAIL|1
OVERALL_L|RET|RET|THYROID_DOXIMITY_ALERT|OVERALL_MEDSCAPE_EMAIL|1
OVERALL_L|RET|RET|THYROID_DOXIMITY_ALERT|OVERALL_VEEVA_EMAIL|1
OVERALL_L|RET|RET|THYROID_DOXIMITY_ALERT|THYROID_DOXIMITY_ALERT|28
OVERALL_L|RET|RET|THYROID_DOXIMITY_ALERT|THYROID_F2F_CALL|1
OVERALL_L|RET|RET|THYROID_DOXIMITY_ALERT|THYROID_MEDSCAPE_POC|1
OVERALL_L|RET|RET|THYROID_DOXIMITY_ALERT|THYROID_VEEVA_EMAIL|1
OVERALL_L|RET|RET|THYROID_F2F_CALL|LUNG_DOXIMITY_ALERT|1
OVERALL_L|RET|RET|THYROID_F2F_CALL|LUNG_F2F_CALL|21
OVERALL_L|RET|RET|THYROID_F2F_CALL|LUNG_MEDSCAPE_EMAIL|1
OVERALL_L|RET|RET|THYROID_F2F_CALL|LUNG_MEDSCAPE_POC|1
OVERALL_L|RET|RET|THYROID_F2F_CALL|OVERALL_MEDSCAPE_BRANDSPOT|1
OVERALL_L|RET|RET|THYROID_F2F_CALL|OVERALL_MEDSCAPE_EMAIL|1
OVERALL_L|RET|RET|THYROID_F2F_CALL|OVERALL_MEDSCAPE_POC|1
OVERALL_L|RET|RET|THYROID_F2F_CALL|OVERALL_P2P|1
OVERALL_L|RET|RET|THYROID_F2F_CALL|THYROID_F2F_CALL|21
OVERALL_L|RET|RET|THYROID_F2F_CALL|THYROID_HQ_EMAIL|1
OVERALL_L|RET|RET|THYROID_F2F_CALL|THYROID_MEDSCAPE_BRANDSPOT|1
OVERALL_L|RET|RET|THYROID_F2F_CALL|THYROID_MEDSCAPE_EMAIL|1
OVERALL_L|RET|RET|THYROID_F2F_CALL|THYROID_MEDSCAPE_POC|1
OVERALL_L|RET|RET|THYROID_HQ_EMAIL|LUNG_DOXIMITY_ALERT|1
OVERALL_L|RET|RET|THYROID_HQ_EMAIL|LUNG_F2F_CALL|1
OVERALL_L|RET|RET|THYROID_HQ_EMAIL|LUNG_MEDSCAPE_EMAIL|1
OVERALL_L|RET|RET|THYROID_HQ_EMAIL|OVERALL_DOXIMITY_ALERT|1
OVERALL_L|RET|RET|THYROID_HQ_EMAIL|OVERALL_F2F_CALL|1
OVERALL_L|RET|RET|THYROID_HQ_EMAIL|OVERALL_HQ_EMAIL|7
OVERALL_L|RET|RET|THYROID_HQ_EMAIL|OVERALL_MEDSCAPE_ALERT|1
OVERALL_L|RET|RET|THYROID_HQ_EMAIL|OVERALL_MEDSCAPE_POC|1
OVERALL_L|RET|RET|THYROID_HQ_EMAIL|THYROID_F2F_CALL|1
OVERALL_L|RET|RET|THYROID_HQ_EMAIL|THYROID_MEDSCAPE_BRANDSPOT|1
OVERALL_L|RET|RET|THYROID_HQ_EMAIL|THYROID_MEDSCAPE_POC|1
OVERALL_L|RET|RET|THYROID_HQ_EMAIL|THYROID_VEEVA_EMAIL|1
OVERALL_L|RET|RET|THYROID_MEDSCAPE_ALERT|LUNG_DOXIMITY_ALERT|1
OVERALL_L|RET|RET|THYROID_MEDSCAPE_ALERT|LUNG_F2F_CALL|1
OVERALL_L|RET|RET|THYROID_MEDSCAPE_ALERT|LUNG_MEDSCAPE_ALERT|28
OVERALL_L|RET|RET|THYROID_MEDSCAPE_ALERT|LUNG_MEDSCAPE_EMAIL|7
OVERALL_L|RET|RET|THYROID_MEDSCAPE_ALERT|LUNG_VEEVA_EMAIL|1
OVERALL_L|RET|RET|THYROID_MEDSCAPE_ALERT|OVERALL_DOXIMITY_ALERT|1
OVERALL_L|RET|RET|THYROID_MEDSCAPE_ALERT|OVERALL_HQ_EMAIL|1
OVERALL_L|RET|RET|THYROID_MEDSCAPE_ALERT|OVERALL_MEDSCAPE_EMAIL|7
OVERALL_L|RET|RET|THYROID_MEDSCAPE_ALERT|THYROID_DOXIMITY_ALERT|1
OVERALL_L|RET|RET|THYROID_MEDSCAPE_ALERT|THYROID_F2F_CALL|1
OVERALL_L|RET|RET|THYROID_MEDSCAPE_ALERT|THYROID_HQ_EMAIL|1
OVERALL_L|RET|RET|THYROID_MEDSCAPE_ALERT|THYROID_MEDSCAPE_BRANDSPOT|14
OVERALL_L|RET|RET|THYROID_MEDSCAPE_ALERT|THYROID_VEEVA_EMAIL|1
OVERALL_L|RET|RET|THYROID_MEDSCAPE_BRANDSPOT|LUNG_F2F_CALL|1
OVERALL_L|RET|RET|THYROID_MEDSCAPE_BRANDSPOT|LUNG_HQ_EMAIL|1
OVERALL_L|RET|RET|THYROID_MEDSCAPE_BRANDSPOT|LUNG_MEDSCAPE_BRANDSPOT|14
OVERALL_L|RET|RET|THYROID_MEDSCAPE_BRANDSPOT|LUNG_MEDSCAPE_POC|14
OVERALL_L|RET|RET|THYROID_MEDSCAPE_BRANDSPOT|LUNG_VEEVA_EMAIL|1
OVERALL_L|RET|RET|THYROID_MEDSCAPE_BRANDSPOT|OVERALL_F2F_CALL|1
OVERALL_L|RET|RET|THYROID_MEDSCAPE_BRANDSPOT|OVERALL_MEDSCAPE_BRANDSPOT|14
OVERALL_L|RET|RET|THYROID_MEDSCAPE_BRANDSPOT|OVERALL_MEDSCAPE_EMAIL|7
OVERALL_L|RET|RET|THYROID_MEDSCAPE_BRANDSPOT|OVERALL_MEDSCAPE_POC|14
OVERALL_L|RET|RET|THYROID_MEDSCAPE_BRANDSPOT|OVERALL_P2P|1
OVERALL_L|RET|RET|THYROID_MEDSCAPE_BRANDSPOT|OVERALL_VEEVA_EMAIL|1
OVERALL_L|RET|RET|THYROID_MEDSCAPE_BRANDSPOT|THYROID_DOXIMITY_ALERT|1
OVERALL_L|RET|RET|THYROID_MEDSCAPE_BRANDSPOT|THYROID_F2F_CALL|1
OVERALL_L|RET|RET|THYROID_MEDSCAPE_BRANDSPOT|THYROID_MEDSCAPE_ALERT|14
OVERALL_L|RET|RET|THYROID_MEDSCAPE_BRANDSPOT|THYROID_MEDSCAPE_EMAIL|7
OVERALL_L|RET|RET|THYROID_MEDSCAPE_EMAIL|LUNG_F2F_CALL|1
OVERALL_L|RET|RET|THYROID_MEDSCAPE_EMAIL|LUNG_VEEVA_EMAIL|1
OVERALL_L|RET|RET|THYROID_MEDSCAPE_EMAIL|OVERALL_DOXIMITY_ALERT|1
OVERALL_L|RET|RET|THYROID_MEDSCAPE_EMAIL|OVERALL_F2F_CALL|1
OVERALL_L|RET|RET|THYROID_MEDSCAPE_EMAIL|OVERALL_HQ_EMAIL|1
OVERALL_L|RET|RET|THYROID_MEDSCAPE_EMAIL|OVERALL_MEDSCAPE_ALERT|7
OVERALL_L|RET|RET|THYROID_MEDSCAPE_EMAIL|OVERALL_MEDSCAPE_BRANDSPOT|7
OVERALL_L|RET|RET|THYROID_MEDSCAPE_EMAIL|OVERALL_MEDSCAPE_POC|7
OVERALL_L|RET|RET|THYROID_MEDSCAPE_EMAIL|THYROID_DOXIMITY_ALERT|1
MEDIUM|US_304528|US_304528|MEDSCAPE_POC|DOXIMITY_ALERT|1
MEDIUM|US_304528|US_304528|MEDSCAPE_POC|DOXIMITY_DOCSPOT|1
MEDIUM|US_304528|US_304528|MEDSCAPE_POC|EPOCRATES_ALERT|1
MEDIUM|US_304528|US_304528|MEDSCAPE_POC|HQ_EMAIL|1
MEDIUM|US_304528|US_304528|MEDSCAPE_POC|MEDSCAPE_ALERT|7
MEDIUM|US_304528|US_304528|MEDSCAPE_POC|P2P|1
MEDIUM|US_304528|US_304528|NUMEDIS_MDMINUTE|DOXIMITY_DOCSPOT|1
MEDIUM|US_304528|US_304528|NUMEDIS_MDMINUTE|EDH_PROFLOW_EDMU|1
MEDIUM|US_304528|US_304528|NUMEDIS_MDMINUTE|EDH_PROFLOW_WDMU|1
MEDIUM|US_304528|US_304528|NUMEDIS_MDMINUTE|EPOCRATES_ALERT|1
MEDIUM|US_304528|US_304528|NUMEDIS_MDMINUTE|MEDSCAPE_ALERT|1
MEDIUM|US_304528|US_304528|NUMEDIS_MDMINUTE|NUMEDIS_MDMINUTE|7
MEDIUM|US_304528|US_304528|NUMEDIS_MDMINUTE|VEEVA_EMAIL|1
MEDIUM|US_304528|US_304528|P2P|DOXIMITY_DOCSPOT|1
MEDIUM|US_304528|US_304528|P2P|EDH_PROFLOW_RDMU|1
MEDIUM|US_304528|US_304528|P2P|EDH_PROFLOW_WDMU|1
MEDIUM|US_304528|US_304528|P2P|F2F_CALL|1
MEDIUM|US_304528|US_304528|P2P|MEDSCAPE_EMAIL|1
MEDIUM|US_304528|US_304528|P2P|VEEVA_EMAIL|1
MEDIUM|US_304528|US_304528|VEEVA_EMAIL|DOXIMITY_ALERT|1
MEDIUM|US_304528|US_304528|VEEVA_EMAIL|DOXIMITY_DOCSPOT|1
MEDIUM|US_304528|US_304528|VEEVA_EMAIL|EDH_PROFLOW_RDMU|1
MEDIUM|US_304528|US_304528|VEEVA_EMAIL|EDH_PROFLOW_WDMU|1
MEDIUM|US_304528|US_304528|VEEVA_EMAIL|EPOCRATES_ALERT|1
MEDIUM|US_304528|US_304528|VEEVA_EMAIL|MEDSCAPE_ALERT|1
MEDIUM|US_304528|US_304528|VEEVA_EMAIL|NUMEDIS_MDMINUTE|1
NON-TARGETS|US_304486|US_304486|F2F_CALL|HQ_EMAIL|1
NON-TARGETS|US_304486|US_304486|F2F_CALL|MEDSCAPE_ALERT|1
NON-TARGETS|US_304486|US_304486|F2F_CALL|MEDSCAPE_BRANDSPOT|1
NON-TARGETS|US_304486|US_304486|F2F_CALL|MEDSCAPE_POC|1
NON-TARGETS|US_304486|US_304486|HQ_EMAIL|F2F_CALL|1
NON-TARGETS|US_304486|US_304486|HQ_EMAIL|MEDSCAPE_POC|1
NON-TARGETS|US_304486|US_304486|HQ_EMAIL|VEEVA_EMAIL|1
NON-TARGETS|US_304486|US_304486|MEDSCAPE_ALERT|HQ_EMAIL|1
NON-TARGETS|US_304486|US_304486|MEDSCAPE_ALERT|MEDSCAPE_ALERT|28
NON-TARGETS|US_304486|US_304486|MEDSCAPE_ALERT|MEDSCAPE_EMAIL|1
NON-TARGETS|US_304486|US_304486|MEDSCAPE_ALERT|MEDSCAPE_POC|1
NON-TARGETS|US_304486|US_304486|MEDSCAPE_BRANDSPOT|F2F_CALL|1
NON-TARGETS|US_304486|US_304486|MEDSCAPE_BRANDSPOT|MEDSCAPE_ALERT|1
NON-TARGETS|US_304486|US_304486|MEDSCAPE_BRANDSPOT|MEDSCAPE_BRANDSPOT|14
NON-TARGETS|US_304486|US_304486|MEDSCAPE_EMAIL|F2F_CALL|1
NON-TARGETS|US_304486|US_304486|MEDSCAPE_EMAIL|MEDSCAPE_POC|1
NON-TARGETS|US_304486|US_304486|MEDSCAPE_POC|F2F_CALL|1
NON-TARGETS|US_304486|US_304486|MEDSCAPE_POC|MEDSCAPE_ALERT|1
NON-TARGETS|US_304486|US_304486|MEDSCAPE_POC|MEDSCAPE_EMAIL|1
NON-TARGETS|US_304486|US_304486|MEDSCAPE_POC|VEEVA_EMAIL|1
NON-TARGETS|US_304486|US_304486|P2P|MEDSCAPE_ALERT|1
NON-TARGETS|US_304486|US_304486|P2P|VEEVA_EMAIL|7
NON-TARGETS|US_304486|US_304486|VEEVA_EMAIL|F2F_CALL|1
NON-TARGETS|US_304486|US_304486|VEEVA_EMAIL|MEDSCAPE_BRANDSPOT|1
NON-TARGETS|US_304486|US_304486|VEEVA_EMAIL|MEDSCAPE_POC|1
NON_TARGET|US_304528|US_304528|DOXIMITY_ALERT|DOXIMITY_ALERT|14
NON_TARGET|US_304528|US_304528|DOXIMITY_ALERT|DOXIMITY_DOCSPOT|1
NON_TARGET|US_304528|US_304528|DOXIMITY_ALERT|EDH_PROFLOW_RDMU|1
NON_TARGET|US_304528|US_304528|DOXIMITY_ALERT|F2F_CALL|1
NON_TARGET|US_304528|US_304528|DOXIMITY_ALERT|MEDSCAPE_EMAIL|1
NON_TARGET|US_304528|US_304528|DOXIMITY_ALERT|MEDSCAPE_POC|1
NON_TARGET|US_304528|US_304528|DOXIMITY_ALERT|VEEVA_EMAIL|1
NON_TARGET|US_304528|US_304528|DOXIMITY_DOCSPOT|DOXIMITY_ALERT|1
NON_TARGET|US_304528|US_304528|DOXIMITY_DOCSPOT|EDH_PROFLOW_EDMU|1
NON_TARGET|US_304528|US_304528|DOXIMITY_DOCSPOT|F2F_CALL|1
NON_TARGET|US_304528|US_304528|DOXIMITY_DOCSPOT|MEDSCAPE_ALERT|1
NON_TARGET|US_304528|US_304528|DOXIMITY_DOCSPOT|P2P|1
NON_TARGET|US_304528|US_304528|EDH_PROFLOW_EDMU|DOXIMITY_ALERT|1
NON_TARGET|US_304528|US_304528|EDH_PROFLOW_EDMU|DOXIMITY_DOCSPOT|1
NON_TARGET|US_304528|US_304528|EDH_PROFLOW_EDMU|EDH_PROFLOW_RDMU|7
NON_TARGET|US_304528|US_304528|EDH_PROFLOW_EDMU|EPOCRATES_ALERT|1
NON_TARGET|US_304528|US_304528|EDH_PROFLOW_EDMU|NUMEDIS_MDMINUTE|1
NON_TARGET|US_304528|US_304528|EDH_PROFLOW_EDMU|P2P|1
NON_TARGET|US_304528|US_304528|EDH_PROFLOW_RDMU|DOXIMITY_ALERT|1
NON_TARGET|US_304528|US_304528|EDH_PROFLOW_RDMU|DOXIMITY_DOCSPOT|1
NON_TARGET|US_304528|US_304528|EDH_PROFLOW_RDMU|EDH_PROFLOW_RDMU|7
NON_TARGET|US_304528|US_304528|EDH_PROFLOW_RDMU|EPOCRATES_ALERT|1
NON_TARGET|US_304528|US_304528|EDH_PROFLOW_RDMU|MEDSCAPE_ALERT|1
NON_TARGET|US_304528|US_304528|EDH_PROFLOW_RDMU|MEDSCAPE_EMAIL|1
NON_TARGET|US_304528|US_304528|EDH_PROFLOW_RDMU|MEDSCAPE_POC|1
OVERALL_C|RET|RET|LUNG_MEDSCAPE_POC|THYROID_MEDSCAPE_EMAIL|7
OVERALL_C|RET|RET|LUNG_MEDSCAPE_POC|THYROID_MEDSCAPE_POC|14
OVERALL_C|RET|RET|LUNG_VEEVA_EMAIL|LUNG_HQ_EMAIL|1
OVERALL_C|RET|RET|LUNG_VEEVA_EMAIL|LUNG_MEDSCAPE_ALERT|1
OVERALL_C|RET|RET|LUNG_VEEVA_EMAIL|LUNG_VEEVA_EMAIL|14
OVERALL_C|RET|RET|LUNG_VEEVA_EMAIL|OVERALL_DOXIMITY_ALERT|1
OVERALL_C|RET|RET|LUNG_VEEVA_EMAIL|OVERALL_HQ_EMAIL|1
OVERALL_C|RET|RET|LUNG_VEEVA_EMAIL|OVERALL_MEDSCAPE_ALERT|1
OVERALL_C|RET|RET|LUNG_VEEVA_EMAIL|OVERALL_MEDSCAPE_BRANDSPOT|1
OVERALL_C|RET|RET|LUNG_VEEVA_EMAIL|OVERALL_MEDSCAPE_EMAIL|1
OVERALL_C|RET|RET|LUNG_VEEVA_EMAIL|OVERALL_VEEVA_EMAIL|14
OVERALL_C|RET|RET|LUNG_VEEVA_EMAIL|THYROID_DOXIMITY_ALERT|1
OVERALL_C|RET|RET|LUNG_VEEVA_EMAIL|THYROID_VEEVA_EMAIL|14
OVERALL_C|RET|RET|OVERALL_DOXIMITY_ALERT|LUNG_DOXIMITY_ALERT|28
OVERALL_C|RET|RET|OVERALL_DOXIMITY_ALERT|LUNG_F2F_CALL|1
OVERALL_C|RET|RET|OVERALL_DOXIMITY_ALERT|LUNG_MEDSCAPE_BRANDSPOT|1
OVERALL_C|RET|RET|OVERALL_DOXIMITY_ALERT|OVERALL_F2F_CALL|1
OVERALL_C|RET|RET|OVERALL_DOXIMITY_ALERT|OVERALL_HQ_EMAIL|1
OVERALL_C|RET|RET|OVERALL_DOXIMITY_ALERT|OVERALL_MEDSCAPE_ALERT|1
OVERALL_C|RET|RET|OVERALL_DOXIMITY_ALERT|OVERALL_MEDSCAPE_EMAIL|1
OVERALL_C|RET|RET|OVERALL_DOXIMITY_ALERT|OVERALL_MEDSCAPE_POC|1
OVERALL_C|RET|RET|OVERALL_DOXIMITY_ALERT|THYROID_HQ_EMAIL|1
OVERALL_C|RET|RET|OVERALL_DOXIMITY_ALERT|THYROID_MEDSCAPE_EMAIL|1
OVERALL_C|RET|RET|OVERALL_F2F_CALL|LUNG_F2F_CALL|21
OVERALL_C|RET|RET|OVERALL_F2F_CALL|LUNG_HQ_EMAIL|1
OVERALL_C|RET|RET|OVERALL_F2F_CALL|LUNG_MEDSCAPE_POC|1
OVERALL_C|RET|RET|OVERALL_F2F_CALL|OVERALL_F2F_CALL|21
OVERALL_C|RET|RET|OVERALL_F2F_CALL|OVERALL_MEDSCAPE_ALERT|1
OVERALL_C|RET|RET|OVERALL_F2F_CALL|OVERALL_MEDSCAPE_BRANDSPOT|1
OVERALL_C|RET|RET|OVERALL_F2F_CALL|OVERALL_P2P|1
OVERALL_C|RET|RET|OVERALL_F2F_CALL|OVERALL_VEEVA_EMAIL|14
OVERALL_C|RET|RET|OVERALL_F2F_CALL|THYROID_F2F_CALL|21
OVERALL_C|RET|RET|OVERALL_F2F_CALL|THYROID_HQ_EMAIL|1
OVERALL_C|RET|RET|OVERALL_F2F_CALL|THYROID_MEDSCAPE_ALERT|1
OVERALL_C|RET|RET|OVERALL_F2F_CALL|THYROID_MEDSCAPE_POC|1
OVERALL_C|RET|RET|OVERALL_F2F_CALL|THYROID_VEEVA_EMAIL|14
OVERALL_C|RET|RET|OVERALL_HQ_EMAIL|LUNG_F2F_CALL|1
OVERALL_C|RET|RET|OVERALL_HQ_EMAIL|LUNG_MEDSCAPE_BRANDSPOT|1
OVERALL_C|RET|RET|OVERALL_HQ_EMAIL|LUNG_MEDSCAPE_POC|1
OVERALL_C|RET|RET|OVERALL_HQ_EMAIL|LUNG_VEEVA_EMAIL|1
OVERALL_C|RET|RET|OVERALL_HQ_EMAIL|OVERALL_MEDSCAPE_BRANDSPOT|1
OVERALL_C|RET|RET|OVERALL_HQ_EMAIL|OVERALL_P2P|1
OVERALL_C|RET|RET|OVERALL_HQ_EMAIL|THYROID_DOXIMITY_ALERT|1
OVERALL_C|RET|RET|OVERALL_HQ_EMAIL|THYROID_MEDSCAPE_BRANDSPOT|1
OVERALL_C|RET|RET|OVERALL_HQ_EMAIL|THYROID_MEDSCAPE_POC|1
OVERALL_C|RET|RET|OVERALL_MEDSCAPE_ALERT|LUNG_HQ_EMAIL|1
OVERALL_C|RET|RET|OVERALL_MEDSCAPE_ALERT|LUNG_MEDSCAPE_BRANDSPOT|14
OVERALL_C|RET|RET|OVERALL_MEDSCAPE_ALERT|LUNG_MEDSCAPE_EMAIL|7
OVERALL_C|RET|RET|OVERALL_MEDSCAPE_ALERT|LUNG_VEEVA_EMAIL|1
OVERALL_C|RET|RET|OVERALL_MEDSCAPE_ALERT|OVERALL_DOXIMITY_ALERT|1
OVERALL_C|RET|RET|OVERALL_MEDSCAPE_ALERT|OVERALL_F2F_CALL|1
OVERALL_C|RET|RET|OVERALL_MEDSCAPE_ALERT|OVERALL_MEDSCAPE_ALERT|28
OVERALL_C|RET|RET|OVERALL_MEDSCAPE_ALERT|OVERALL_MEDSCAPE_POC|14
OVERALL_C|RET|RET|OVERALL_MEDSCAPE_ALERT|OVERALL_P2P|1
OVERALL_C|RET|RET|OVERALL_MEDSCAPE_ALERT|THYROID_F2F_CALL|1
OVERALL_C|RET|RET|OVERALL_MEDSCAPE_ALERT|THYROID_HQ_EMAIL|1
OVERALL_C|RET|RET|OVERALL_MEDSCAPE_BRANDSPOT|LUNG_DOXIMITY_ALERT|1
OVERALL_C|RET|RET|OVERALL_MEDSCAPE_BRANDSPOT|LUNG_MEDSCAPE_ALERT|14
OVERALL_C|RET|RET|OVERALL_MEDSCAPE_BRANDSPOT|LUNG_MEDSCAPE_EMAIL|7
OVERALL_C|RET|RET|OVERALL_MEDSCAPE_BRANDSPOT|LUNG_MEDSCAPE_POC|14
OVERALL_C|RET|RET|OVERALL_MEDSCAPE_BRANDSPOT|LUNG_VEEVA_EMAIL|1
OVERALL_C|RET|RET|OVERALL_MEDSCAPE_BRANDSPOT|OVERALL_DOXIMITY_ALERT|1
OVERALL_C|RET|RET|OVERALL_MEDSCAPE_BRANDSPOT|OVERALL_F2F_CALL|1
OVERALL_C|RET|RET|OVERALL_MEDSCAPE_BRANDSPOT|OVERALL_MEDSCAPE_EMAIL|7
OVERALL_C|RET|RET|OVERALL_MEDSCAPE_BRANDSPOT|OVERALL_MEDSCAPE_POC|14
OVERALL_C|RET|RET|OVERALL_MEDSCAPE_BRANDSPOT|OVERALL_P2P|1
OVERALL_C|RET|RET|OVERALL_MEDSCAPE_BRANDSPOT|OVERALL_VEEVA_EMAIL|1
OVERALL_C|RET|RET|OVERALL_MEDSCAPE_BRANDSPOT|THYROID_DOXIMITY_ALERT|1
OVERALL_C|RET|RET|OVERALL_MEDSCAPE_BRANDSPOT|THYROID_F2F_CALL|1
OVERALL_C|RET|RET|OVERALL_MEDSCAPE_BRANDSPOT|THYROID_HQ_EMAIL|1
OVERALL_C|RET|RET|OVERALL_MEDSCAPE_BRANDSPOT|THYROID_MEDSCAPE_ALERT|14
OVERALL_C|RET|RET|OVERALL_MEDSCAPE_BRANDSPOT|THYROID_MEDSCAPE_BRANDSPOT|14
OVERALL_C|RET|RET|OVERALL_MEDSCAPE_BRANDSPOT|THYROID_MEDSCAPE_EMAIL|7
OVERALL_C|RET|RET|OVERALL_MEDSCAPE_BRANDSPOT|THYROID_MEDSCAPE_POC|14
OVERALL_H|RET|RET|OVERALL_MEDSCAPE_EMAIL|THYROID_HQ_EMAIL|1
OVERALL_H|RET|RET|OVERALL_MEDSCAPE_EMAIL|THYROID_MEDSCAPE_ALERT|7
OVERALL_H|RET|RET|OVERALL_MEDSCAPE_EMAIL|THYROID_MEDSCAPE_BRANDSPOT|7
OVERALL_H|RET|RET|OVERALL_MEDSCAPE_POC|LUNG_F2F_CALL|1
OVERALL_H|RET|RET|OVERALL_MEDSCAPE_POC|LUNG_HQ_EMAIL|1
OVERALL_H|RET|RET|OVERALL_MEDSCAPE_POC|LUNG_MEDSCAPE_ALERT|14
OVERALL_H|RET|RET|OVERALL_MEDSCAPE_POC|OVERALL_MEDSCAPE_BRANDSPOT|14
OVERALL_H|RET|RET|OVERALL_MEDSCAPE_POC|OVERALL_MEDSCAPE_EMAIL|7
OVERALL_H|RET|RET|OVERALL_MEDSCAPE_POC|THYROID_DOXIMITY_ALERT|1
OVERALL_H|RET|RET|OVERALL_MEDSCAPE_POC|THYROID_MEDSCAPE_ALERT|14
OVERALL_H|RET|RET|OVERALL_MEDSCAPE_POC|THYROID_MEDSCAPE_BRANDSPOT|14
OVERALL_H|RET|RET|OVERALL_MEDSCAPE_POC|THYROID_MEDSCAPE_EMAIL|7
OVERALL_H|RET|RET|OVERALL_P2P|LUNG_DOXIMITY_ALERT|1
OVERALL_H|RET|RET|OVERALL_P2P|OVERALL_F2F_CALL|1
OVERALL_H|RET|RET|OVERALL_P2P|OVERALL_HQ_EMAIL|1
OVERALL_H|RET|RET|OVERALL_P2P|OVERALL_MEDSCAPE_POC|1
OVERALL_H|RET|RET|OVERALL_P2P|OVERALL_P2P|21
OVERALL_H|RET|RET|OVERALL_P2P|THYROID_MEDSCAPE_ALERT|1
OVERALL_H|RET|RET|OVERALL_P2P|THYROID_MEDSCAPE_BRANDSPOT|1
OVERALL_H|RET|RET|OVERALL_P2P|THYROID_MEDSCAPE_EMAIL|1
OVERALL_H|RET|RET|OVERALL_P2P|THYROID_MEDSCAPE_POC|1
OVERALL_H|RET|RET|OVERALL_VEEVA_EMAIL|LUNG_DOXIMITY_ALERT|1
OVERALL_H|RET|RET|OVERALL_VEEVA_EMAIL|LUNG_F2F_CALL|14
OVERALL_H|RET|RET|OVERALL_VEEVA_EMAIL|LUNG_HQ_EMAIL|1
OVERALL_H|RET|RET|OVERALL_VEEVA_EMAIL|LUNG_MEDSCAPE_BRANDSPOT|1
OVERALL_H|RET|RET|OVERALL_VEEVA_EMAIL|OVERALL_DOXIMITY_ALERT|1
OVERALL_H|RET|RET|OVERALL_VEEVA_EMAIL|OVERALL_MEDSCAPE_ALERT|1
OVERALL_H|RET|RET|OVERALL_VEEVA_EMAIL|OVERALL_MEDSCAPE_BRANDSPOT|1
OVERALL_H|RET|RET|OVERALL_VEEVA_EMAIL|OVERALL_VEEVA_EMAIL|14
OVERALL_H|RET|RET|OVERALL_VEEVA_EMAIL|THYROID_DOXIMITY_ALERT|1
OVERALL_H|RET|RET|OVERALL_VEEVA_EMAIL|THYROID_HQ_EMAIL|1
OVERALL_H|RET|RET|OVERALL_VEEVA_EMAIL|THYROID_MEDSCAPE_ALERT|1
OVERALL_H|RET|RET|OVERALL_VEEVA_EMAIL|THYROID_MEDSCAPE_BRANDSPOT|1
OVERALL_H|RET|RET|OVERALL_VEEVA_EMAIL|THYROID_MEDSCAPE_EMAIL|1
OVERALL_H|RET|RET|THYROID_DOXIMITY_ALERT|LUNG_F2F_CALL|1
OVERALL_H|RET|RET|THYROID_DOXIMITY_ALERT|LUNG_HQ_EMAIL|1
OVERALL_H|RET|RET|THYROID_DOXIMITY_ALERT|LUNG_MEDSCAPE_BRANDSPOT|1
OVERALL_H|RET|RET|THYROID_DOXIMITY_ALERT|LUNG_MEDSCAPE_POC|1
OVERALL_H|RET|RET|THYROID_DOXIMITY_ALERT|OVERALL_HQ_EMAIL|1
OVERALL_H|RET|RET|THYROID_DOXIMITY_ALERT|OVERALL_MEDSCAPE_ALERT|1
OVERALL_H|RET|RET|THYROID_DOXIMITY_ALERT|OVERALL_MEDSCAPE_BRANDSPOT|1
OVERALL_H|RET|RET|THYROID_DOXIMITY_ALERT|OVERALL_MEDSCAPE_EMAIL|1
OVERALL_H|RET|RET|THYROID_DOXIMITY_ALERT|THYROID_F2F_CALL|1
OVERALL_H|RET|RET|THYROID_DOXIMITY_ALERT|THYROID_MEDSCAPE_ALERT|1
OVERALL_H|RET|RET|THYROID_DOXIMITY_ALERT|THYROID_MEDSCAPE_EMAIL|1
OVERALL_H|RET|RET|THYROID_DOXIMITY_ALERT|THYROID_VEEVA_EMAIL|1
OVERALL_H|RET|RET|THYROID_F2F_CALL|LUNG_DOXIMITY_ALERT|1
OVERALL_H|RET|RET|THYROID_F2F_CALL|LUNG_HQ_EMAIL|1
OVERALL_H|RET|RET|THYROID_F2F_CALL|LUNG_MEDSCAPE_BRANDSPOT|1
OVERALL_H|RET|RET|THYROID_F2F_CALL|LUNG_MEDSCAPE_EMAIL|1
OVERALL_H|RET|RET|THYROID_F2F_CALL|OVERALL_HQ_EMAIL|1
OVERALL_H|RET|RET|THYROID_F2F_CALL|OVERALL_MEDSCAPE_ALERT|1
OVERALL_H|RET|RET|THYROID_F2F_CALL|OVERALL_MEDSCAPE_BRANDSPOT|1
OVERALL_H|RET|RET|THYROID_F2F_CALL|OVERALL_MEDSCAPE_EMAIL|1
OVERALL_H|RET|RET|THYROID_F2F_CALL|OVERALL_MEDSCAPE_POC|1
OVERALL_H|RET|RET|THYROID_F2F_CALL|OVERALL_VEEVA_EMAIL|14
OVERALL_H|RET|RET|THYROID_F2F_CALL|THYROID_DOXIMITY_ALERT|1
OVERALL_H|RET|RET|THYROID_F2F_CALL|THYROID_F2F_CALL|21
OVERALL_H|RET|RET|THYROID_F2F_CALL|THYROID_HQ_EMAIL|1
OVERALL_H|RET|RET|THYROID_F2F_CALL|THYROID_MEDSCAPE_ALERT|1
OVERALL_H|RET|RET|THYROID_F2F_CALL|THYROID_MEDSCAPE_BRANDSPOT|1
OVERALL_H|RET|RET|THYROID_F2F_CALL|THYROID_MEDSCAPE_EMAIL|1
OVERALL_H|RET|RET|THYROID_F2F_CALL|THYROID_VEEVA_EMAIL|14
OVERALL_H|RET|RET|THYROID_HQ_EMAIL|LUNG_F2F_CALL|1
OVERALL_H|RET|RET|THYROID_HQ_EMAIL|LUNG_HQ_EMAIL|7
OVERALL_H|RET|RET|THYROID_HQ_EMAIL|LUNG_MEDSCAPE_ALERT|1
OVERALL_H|RET|RET|THYROID_HQ_EMAIL|LUNG_MEDSCAPE_BRANDSPOT|1
OVERALL_H|RET|RET|THYROID_HQ_EMAIL|LUNG_MEDSCAPE_POC|1
OVERALL_H|RET|RET|THYROID_HQ_EMAIL|LUNG_VEEVA_EMAIL|1
OVERALL_H|RET|RET|THYROID_HQ_EMAIL|OVERALL_DOXIMITY_ALERT|1
OVERALL_H|RET|RET|THYROID_HQ_EMAIL|OVERALL_MEDSCAPE_BRANDSPOT|1
OVERALL_H|RET|RET|THYROID_HQ_EMAIL|OVERALL_MEDSCAPE_EMAIL|1
OVERALL_H|RET|RET|THYROID_HQ_EMAIL|THYROID_F2F_CALL|1
OVERALL_H|RET|RET|THYROID_HQ_EMAIL|THYROID_MEDSCAPE_EMAIL|1
OVERALL_H|RET|RET|THYROID_MEDSCAPE_ALERT|LUNG_DOXIMITY_ALERT|1
OVERALL_H|RET|RET|THYROID_MEDSCAPE_ALERT|LUNG_F2F_CALL|1
THYROID_H|RET|RET|LUNG_HQ_EMAIL|THYROID_MEDSCAPE_POC|1
THYROID_H|RET|RET|LUNG_HQ_EMAIL|THYROID_VEEVA_EMAIL|1
THYROID_H|RET|RET|LUNG_MEDSCAPE_ALERT|LUNG_DOXIMITY_ALERT|1
THYROID_H|RET|RET|LUNG_MEDSCAPE_ALERT|LUNG_MEDSCAPE_BRANDSPOT|14
THYROID_H|RET|RET|LUNG_MEDSCAPE_ALERT|LUNG_MEDSCAPE_EMAIL|7
THYROID_H|RET|RET|LUNG_MEDSCAPE_ALERT|OVERALL_F2F_CALL|1
THYROID_H|RET|RET|LUNG_MEDSCAPE_ALERT|OVERALL_HQ_EMAIL|1
THYROID_H|RET|RET|LUNG_MEDSCAPE_ALERT|OVERALL_MEDSCAPE_ALERT|28
THYROID_H|RET|RET|LUNG_MEDSCAPE_ALERT|OVERALL_MEDSCAPE_BRANDSPOT|14
THYROID_H|RET|RET|LUNG_MEDSCAPE_ALERT|OVERALL_MEDSCAPE_EMAIL|7
THYROID_H|RET|RET|LUNG_MEDSCAPE_ALERT|OVERALL_VEEVA_EMAIL|1
THYROID_H|RET|RET|LUNG_MEDSCAPE_ALERT|THYROID_HQ_EMAIL|1
THYROID_H|RET|RET|LUNG_MEDSCAPE_ALERT|THYROID_MEDSCAPE_ALERT|28
THYROID_H|RET|RET|LUNG_MEDSCAPE_ALERT|THYROID_MEDSCAPE_EMAIL|7
THYROID_H|RET|RET|LUNG_MEDSCAPE_ALERT|THYROID_MEDSCAPE_POC|14
THYROID_H|RET|RET|LUNG_MEDSCAPE_ALERT|THYROID_VEEVA_EMAIL|1
THYROID_H|RET|RET|LUNG_MEDSCAPE_BRANDSPOT|LUNG_HQ_EMAIL|1
THYROID_H|RET|RET|LUNG_MEDSCAPE_BRANDSPOT|LUNG_MEDSCAPE_ALERT|1
THYROID_H|RET|RET|LUNG_MEDSCAPE_BRANDSPOT|LUNG_MEDSCAPE_EMAIL|7
THYROID_H|RET|RET|LUNG_MEDSCAPE_BRANDSPOT|LUNG_MEDSCAPE_POC|14
THYROID_H|RET|RET|LUNG_MEDSCAPE_BRANDSPOT|LUNG_VEEVA_EMAIL|1
THYROID_H|RET|RET|LUNG_MEDSCAPE_BRANDSPOT|OVERALL_HQ_EMAIL|1
THYROID_H|RET|RET|LUNG_MEDSCAPE_BRANDSPOT|OVERALL_MEDSCAPE_BRANDSPOT|14
THYROID_H|RET|RET|LUNG_MEDSCAPE_BRANDSPOT|THYROID_F2F_CALL|1
THYROID_H|RET|RET|LUNG_MEDSCAPE_BRANDSPOT|THYROID_HQ_EMAIL|1
THYROID_H|RET|RET|LUNG_MEDSCAPE_BRANDSPOT|THYROID_MEDSCAPE_EMAIL|7
THYROID_H|RET|RET|LUNG_MEDSCAPE_EMAIL|LUNG_DOXIMITY_ALERT|1
THYROID_H|RET|RET|LUNG_MEDSCAPE_EMAIL|LUNG_MEDSCAPE_BRANDSPOT|7
THYROID_H|RET|RET|LUNG_MEDSCAPE_EMAIL|LUNG_MEDSCAPE_EMAIL|28
THYROID_H|RET|RET|LUNG_MEDSCAPE_EMAIL|LUNG_VEEVA_EMAIL|1
THYROID_H|RET|RET|LUNG_MEDSCAPE_EMAIL|OVERALL_DOXIMITY_ALERT|1
THYROID_H|RET|RET|LUNG_MEDSCAPE_EMAIL|OVERALL_F2F_CALL|1
THYROID_H|RET|RET|LUNG_MEDSCAPE_EMAIL|OVERALL_MEDSCAPE_ALERT|7
THYROID_H|RET|RET|LUNG_MEDSCAPE_EMAIL|OVERALL_MEDSCAPE_EMAIL|28
THYROID_H|RET|RET|LUNG_MEDSCAPE_EMAIL|THYROID_F2F_CALL|1
THYROID_H|RET|RET|LUNG_MEDSCAPE_EMAIL|THYROID_MEDSCAPE_EMAIL|28
THYROID_H|RET|RET|LUNG_MEDSCAPE_EMAIL|THYROID_VEEVA_EMAIL|1
THYROID_H|RET|RET|LUNG_MEDSCAPE_POC|LUNG_F2F_CALL|1
THYROID_H|RET|RET|LUNG_MEDSCAPE_POC|LUNG_MEDSCAPE_ALERT|14
THYROID_H|RET|RET|LUNG_MEDSCAPE_POC|OVERALL_F2F_CALL|1
THYROID_H|RET|RET|LUNG_MEDSCAPE_POC|OVERALL_MEDSCAPE_ALERT|14
THYROID_H|RET|RET|LUNG_MEDSCAPE_POC|OVERALL_MEDSCAPE_BRANDSPOT|14
THYROID_H|RET|RET|LUNG_MEDSCAPE_POC|OVERALL_MEDSCAPE_POC|14
THYROID_H|RET|RET|LUNG_MEDSCAPE_POC|OVERALL_VEEVA_EMAIL|1
THYROID_H|RET|RET|LUNG_MEDSCAPE_POC|THYROID_DOXIMITY_ALERT|1
THYROID_H|RET|RET|LUNG_MEDSCAPE_POC|THYROID_F2F_CALL|1
THYROID_H|RET|RET|LUNG_MEDSCAPE_POC|THYROID_HQ_EMAIL|1
THYROID_H|RET|RET|LUNG_MEDSCAPE_POC|THYROID_MEDSCAPE_ALERT|14
THYROID_H|RET|RET|LUNG_MEDSCAPE_POC|THYROID_MEDSCAPE_POC|14
THYROID_H|RET|RET|LUNG_MEDSCAPE_POC|THYROID_VEEVA_EMAIL|1
THYROID_H|RET|RET|LUNG_VEEVA_EMAIL|LUNG_MEDSCAPE_POC|1
THYROID_H|RET|RET|LUNG_VEEVA_EMAIL|LUNG_VEEVA_EMAIL|14
THYROID_H|RET|RET|LUNG_VEEVA_EMAIL|OVERALL_DOXIMITY_ALERT|1
THYROID_H|RET|RET|LUNG_VEEVA_EMAIL|OVERALL_MEDSCAPE_ALERT|1
THYROID_H|RET|RET|LUNG_VEEVA_EMAIL|OVERALL_MEDSCAPE_BRANDSPOT|1
THYROID_H|RET|RET|LUNG_VEEVA_EMAIL|OVERALL_MEDSCAPE_EMAIL|1
THYROID_H|RET|RET|LUNG_VEEVA_EMAIL|OVERALL_P2P|1
THYROID_H|RET|RET|LUNG_VEEVA_EMAIL|OVERALL_VEEVA_EMAIL|14
THYROID_H|RET|RET|LUNG_VEEVA_EMAIL|THYROID_DOXIMITY_ALERT|1
THYROID_H|RET|RET|LUNG_VEEVA_EMAIL|THYROID_F2F_CALL|14
THYROID_H|RET|RET|LUNG_VEEVA_EMAIL|THYROID_MEDSCAPE_ALERT|1
THYROID_H|RET|RET|LUNG_VEEVA_EMAIL|THYROID_MEDSCAPE_BRANDSPOT|1
THYROID_H|RET|RET|OVERALL_DOXIMITY_ALERT|LUNG_DOXIMITY_ALERT|28
THYROID_H|RET|RET|OVERALL_DOXIMITY_ALERT|LUNG_F2F_CALL|1
THYROID_H|RET|RET|OVERALL_DOXIMITY_ALERT|LUNG_HQ_EMAIL|1
THYROID_H|RET|RET|OVERALL_DOXIMITY_ALERT|LUNG_MEDSCAPE_ALERT|1
THYROID_H|RET|RET|OVERALL_DOXIMITY_ALERT|LUNG_MEDSCAPE_BRANDSPOT|1
THYROID_H|RET|RET|OVERALL_DOXIMITY_ALERT|LUNG_MEDSCAPE_EMAIL|1
THYROID_H|RET|RET|OVERALL_DOXIMITY_ALERT|OVERALL_MEDSCAPE_BRANDSPOT|1
THYROID_H|RET|RET|OVERALL_DOXIMITY_ALERT|OVERALL_MEDSCAPE_EMAIL|1
THYROID_H|RET|RET|OVERALL_DOXIMITY_ALERT|OVERALL_P2P|1
THYROID_H|RET|RET|OVERALL_DOXIMITY_ALERT|OVERALL_VEEVA_EMAIL|1
THYROID_H|RET|RET|OVERALL_DOXIMITY_ALERT|THYROID_DOXIMITY_ALERT|28
THYROID_H|RET|RET|OVERALL_DOXIMITY_ALERT|THYROID_F2F_CALL|1
THYROID_H|RET|RET|OVERALL_DOXIMITY_ALERT|THYROID_HQ_EMAIL|1
UNKNOWN|RET|RET|THYROID_F2F_CALL|THYROID_MEDSCAPE_ALERT|1
UNKNOWN|RET|RET|THYROID_F2F_CALL|THYROID_MEDSCAPE_BRANDSPOT|1
UNKNOWN|RET|RET|THYROID_F2F_CALL|THYROID_MEDSCAPE_POC|1
UNKNOWN|RET|RET|THYROID_HQ_EMAIL|LUNG_HQ_EMAIL|7
UNKNOWN|RET|RET|THYROID_HQ_EMAIL|LUNG_MEDSCAPE_ALERT|1
UNKNOWN|RET|RET|THYROID_HQ_EMAIL|LUNG_MEDSCAPE_BRANDSPOT|1
UNKNOWN|RET|RET|THYROID_HQ_EMAIL|OVERALL_DOXIMITY_ALERT|1
UNKNOWN|RET|RET|THYROID_HQ_EMAIL|OVERALL_F2F_CALL|1
UNKNOWN|RET|RET|THYROID_HQ_EMAIL|OVERALL_HQ_EMAIL|7
UNKNOWN|RET|RET|THYROID_HQ_EMAIL|OVERALL_MEDSCAPE_BRANDSPOT|1
UNKNOWN|RET|RET|THYROID_HQ_EMAIL|OVERALL_MEDSCAPE_EMAIL|1
UNKNOWN|RET|RET|THYROID_HQ_EMAIL|OVERALL_VEEVA_EMAIL|1
UNKNOWN|RET|RET|THYROID_HQ_EMAIL|THYROID_HQ_EMAIL|7
UNKNOWN|RET|RET|THYROID_HQ_EMAIL|THYROID_MEDSCAPE_ALERT|1
UNKNOWN|RET|RET|THYROID_HQ_EMAIL|THYROID_MEDSCAPE_BRANDSPOT|1
UNKNOWN|RET|RET|THYROID_MEDSCAPE_ALERT|LUNG_MEDSCAPE_BRANDSPOT|14
UNKNOWN|RET|RET|THYROID_MEDSCAPE_ALERT|LUNG_MEDSCAPE_EMAIL|7
UNKNOWN|RET|RET|THYROID_MEDSCAPE_ALERT|LUNG_MEDSCAPE_POC|1
UNKNOWN|RET|RET|THYROID_MEDSCAPE_ALERT|OVERALL_DOXIMITY_ALERT|1
UNKNOWN|RET|RET|THYROID_MEDSCAPE_ALERT|OVERALL_MEDSCAPE_ALERT|28
UNKNOWN|RET|RET|THYROID_MEDSCAPE_ALERT|OVERALL_MEDSCAPE_BRANDSPOT|14
UNKNOWN|RET|RET|THYROID_MEDSCAPE_ALERT|OVERALL_MEDSCAPE_EMAIL|7
UNKNOWN|RET|RET|THYROID_MEDSCAPE_ALERT|OVERALL_MEDSCAPE_POC|14
UNKNOWN|RET|RET|THYROID_MEDSCAPE_ALERT|OVERALL_P2P|1
UNKNOWN|RET|RET|THYROID_MEDSCAPE_ALERT|THYROID_F2F_CALL|1
UNKNOWN|RET|RET|THYROID_MEDSCAPE_ALERT|THYROID_HQ_EMAIL|1
UNKNOWN|RET|RET|THYROID_MEDSCAPE_ALERT|THYROID_MEDSCAPE_ALERT|28
UNKNOWN|RET|RET|THYROID_MEDSCAPE_ALERT|THYROID_MEDSCAPE_BRANDSPOT|14
UNKNOWN|RET|RET|THYROID_MEDSCAPE_BRANDSPOT|LUNG_DOXIMITY_ALERT|1
UNKNOWN|RET|RET|THYROID_MEDSCAPE_BRANDSPOT|LUNG_HQ_EMAIL|1
UNKNOWN|RET|RET|THYROID_MEDSCAPE_BRANDSPOT|LUNG_MEDSCAPE_POC|14
UNKNOWN|RET|RET|THYROID_MEDSCAPE_BRANDSPOT|OVERALL_F2F_CALL|1
UNKNOWN|RET|RET|THYROID_MEDSCAPE_BRANDSPOT|OVERALL_HQ_EMAIL|1
UNKNOWN|RET|RET|THYROID_MEDSCAPE_BRANDSPOT|OVERALL_MEDSCAPE_POC|14
UNKNOWN|RET|RET|THYROID_MEDSCAPE_BRANDSPOT|OVERALL_VEEVA_EMAIL|1
UNKNOWN|RET|RET|THYROID_MEDSCAPE_BRANDSPOT|THYROID_HQ_EMAIL|1
UNKNOWN|RET|RET|THYROID_MEDSCAPE_BRANDSPOT|THYROID_MEDSCAPE_ALERT|14
UNKNOWN|RET|RET|THYROID_MEDSCAPE_BRANDSPOT|THYROID_MEDSCAPE_POC|14
UNKNOWN|RET|RET|THYROID_MEDSCAPE_BRANDSPOT|THYROID_VEEVA_EMAIL|1
UNKNOWN|RET|RET|THYROID_MEDSCAPE_EMAIL|LUNG_DOXIMITY_ALERT|1
UNKNOWN|RET|RET|THYROID_MEDSCAPE_EMAIL|LUNG_MEDSCAPE_BRANDSPOT|7
UNKNOWN|RET|RET|THYROID_MEDSCAPE_EMAIL|OVERALL_HQ_EMAIL|1
UNKNOWN|RET|RET|THYROID_MEDSCAPE_EMAIL|OVERALL_MEDSCAPE_ALERT|7
UNKNOWN|RET|RET|THYROID_MEDSCAPE_EMAIL|OVERALL_MEDSCAPE_EMAIL|28
UNKNOWN|RET|RET|THYROID_MEDSCAPE_EMAIL|OVERALL_MEDSCAPE_POC|7
UNKNOWN|RET|RET|THYROID_MEDSCAPE_EMAIL|THYROID_HQ_EMAIL|1
UNKNOWN|RET|RET|THYROID_MEDSCAPE_EMAIL|THYROID_MEDSCAPE_ALERT|7
UNKNOWN|RET|RET|THYROID_MEDSCAPE_EMAIL|THYROID_MEDSCAPE_BRANDSPOT|7
UNKNOWN|RET|RET|THYROID_MEDSCAPE_EMAIL|THYROID_MEDSCAPE_POC|7
UNKNOWN|RET|RET|THYROID_MEDSCAPE_POC|LUNG_DOXIMITY_ALERT|1
UNKNOWN|RET|RET|THYROID_MEDSCAPE_POC|LUNG_HQ_EMAIL|1
UNKNOWN|RET|RET|THYROID_MEDSCAPE_POC|LUNG_VEEVA_EMAIL|1
UNKNOWN|RET|RET|THYROID_MEDSCAPE_POC|OVERALL_HQ_EMAIL|1
UNKNOWN|RET|RET|THYROID_MEDSCAPE_POC|OVERALL_MEDSCAPE_EMAIL|7
UNKNOWN|RET|RET|THYROID_MEDSCAPE_POC|OVERALL_MEDSCAPE_POC|14
UNKNOWN|RET|RET|THYROID_MEDSCAPE_POC|OVERALL_P2P|1
UNKNOWN|RET|RET|THYROID_MEDSCAPE_POC|OVERALL_VEEVA_EMAIL|1
UNKNOWN|RET|RET|THYROID_MEDSCAPE_POC|THYROID_HQ_EMAIL|1
UNKNOWN|RET|RET|THYROID_MEDSCAPE_POC|THYROID_MEDSCAPE_ALERT|14
UNKNOWN|RET|RET|THYROID_MEDSCAPE_POC|THYROID_MEDSCAPE_EMAIL|7
UNKNOWN|RET|RET|THYROID_MEDSCAPE_POC|THYROID_VEEVA_EMAIL|1
UNKNOWN|RET|RET|THYROID_VEEVA_EMAIL|LUNG_F2F_CALL|21
UNKNOWN|RET|RET|THYROID_VEEVA_EMAIL|LUNG_MEDSCAPE_ALERT|1
UNKNOWN|RET|RET|THYROID_VEEVA_EMAIL|LUNG_VEEVA_EMAIL|21
UNKNOWN|RET|RET|THYROID_VEEVA_EMAIL|OVERALL_F2F_CALL|21
UNKNOWN|RET|RET|THYROID_VEEVA_EMAIL|OVERALL_HQ_EMAIL|1
UNKNOWN|RET|RET|THYROID_VEEVA_EMAIL|OVERALL_MEDSCAPE_ALERT|1
UNKNOWN|RET|RET|THYROID_VEEVA_EMAIL|OVERALL_MEDSCAPE_BRANDSPOT|1
UNKNOWN|RET|RET|THYROID_VEEVA_EMAIL|OVERALL_MEDSCAPE_EMAIL|1
UNKNOWN|RET|RET|THYROID_VEEVA_EMAIL|THYROID_MEDSCAPE_EMAIL|1
UNKNOWN|TRU|TRU|DOXIMITY_ALERT|DOXIMITY_ALERT|14
UNKNOWN|TRU|TRU|F2F_CALL|F2F_CALL|14
UNKNOWN|TRU|TRU|MEDSCAPE_ALERT|MEDSCAPE_ALERT|28
UNKNOWN|TRU|TRU|MEDSCAPE_EMAIL|MEDSCAPE_ALERT|7
UNKNOWN|TRU|TRU|VEEVA_EMAIL|VEEVA_EMAIL|7
LUNG_C|RET|RET|THYROID_MEDSCAPE_ALERT|LUNG_MEDSCAPE_ALERT|28
LUNG_C|RET|RET|THYROID_MEDSCAPE_ALERT|LUNG_MEDSCAPE_EMAIL|7
LUNG_C|RET|RET|THYROID_MEDSCAPE_ALERT|LUNG_MEDSCAPE_POC|1
LUNG_C|RET|RET|THYROID_MEDSCAPE_ALERT|OVERALL_DOXIMITY_ALERT|1
LUNG_C|RET|RET|THYROID_MEDSCAPE_ALERT|OVERALL_F2F_CALL|1
LUNG_C|RET|RET|THYROID_MEDSCAPE_ALERT|OVERALL_HQ_EMAIL|1
LUNG_C|RET|RET|THYROID_MEDSCAPE_ALERT|OVERALL_MEDSCAPE_ALERT|28
LUNG_C|RET|RET|THYROID_MEDSCAPE_ALERT|OVERALL_MEDSCAPE_EMAIL|7
LUNG_C|RET|RET|THYROID_MEDSCAPE_ALERT|OVERALL_MEDSCAPE_POC|14
LUNG_C|RET|RET|THYROID_MEDSCAPE_ALERT|OVERALL_P2P|1
LUNG_C|RET|RET|THYROID_MEDSCAPE_ALERT|THYROID_HQ_EMAIL|1
LUNG_C|RET|RET|THYROID_MEDSCAPE_ALERT|THYROID_MEDSCAPE_ALERT|28
LUNG_C|RET|RET|THYROID_MEDSCAPE_ALERT|THYROID_MEDSCAPE_BRANDSPOT|14
LUNG_C|RET|RET|THYROID_MEDSCAPE_ALERT|THYROID_VEEVA_EMAIL|1
LUNG_C|RET|RET|THYROID_MEDSCAPE_BRANDSPOT|LUNG_F2F_CALL|1
LUNG_C|RET|RET|THYROID_MEDSCAPE_BRANDSPOT|LUNG_HQ_EMAIL|1
LUNG_C|RET|RET|THYROID_MEDSCAPE_BRANDSPOT|LUNG_MEDSCAPE_BRANDSPOT|14
LUNG_C|RET|RET|THYROID_MEDSCAPE_BRANDSPOT|LUNG_MEDSCAPE_EMAIL|7
LUNG_C|RET|RET|THYROID_MEDSCAPE_BRANDSPOT|LUNG_MEDSCAPE_POC|14
LUNG_C|RET|RET|THYROID_MEDSCAPE_BRANDSPOT|LUNG_VEEVA_EMAIL|1
LUNG_C|RET|RET|THYROID_MEDSCAPE_BRANDSPOT|OVERALL_MEDSCAPE_ALERT|14
LUNG_C|RET|RET|THYROID_MEDSCAPE_BRANDSPOT|OVERALL_MEDSCAPE_BRANDSPOT|14
LUNG_C|RET|RET|THYROID_MEDSCAPE_BRANDSPOT|OVERALL_MEDSCAPE_EMAIL|7
LUNG_C|RET|RET|THYROID_MEDSCAPE_BRANDSPOT|OVERALL_MEDSCAPE_POC|14
LUNG_C|RET|RET|THYROID_MEDSCAPE_BRANDSPOT|OVERALL_P2P|1
LUNG_C|RET|RET|THYROID_MEDSCAPE_BRANDSPOT|OVERALL_VEEVA_EMAIL|1
LUNG_C|RET|RET|THYROID_MEDSCAPE_BRANDSPOT|THYROID_DOXIMITY_ALERT|1
LUNG_C|RET|RET|THYROID_MEDSCAPE_BRANDSPOT|THYROID_F2F_CALL|1
LUNG_C|RET|RET|THYROID_MEDSCAPE_BRANDSPOT|THYROID_MEDSCAPE_EMAIL|7
LUNG_C|RET|RET|THYROID_MEDSCAPE_BRANDSPOT|THYROID_VEEVA_EMAIL|1
LUNG_C|RET|RET|THYROID_MEDSCAPE_EMAIL|LUNG_HQ_EMAIL|1
LUNG_C|RET|RET|THYROID_MEDSCAPE_EMAIL|LUNG_MEDSCAPE_ALERT|7
LUNG_C|RET|RET|THYROID_MEDSCAPE_EMAIL|LUNG_MEDSCAPE_BRANDSPOT|7
LUNG_C|RET|RET|THYROID_MEDSCAPE_EMAIL|LUNG_MEDSCAPE_EMAIL|14
LUNG_C|RET|RET|THYROID_MEDSCAPE_EMAIL|LUNG_MEDSCAPE_POC|1
LUNG_C|RET|RET|THYROID_MEDSCAPE_EMAIL|OVERALL_HQ_EMAIL|1
LUNG_C|RET|RET|THYROID_MEDSCAPE_EMAIL|OVERALL_MEDSCAPE_ALERT|7
LUNG_C|RET|RET|THYROID_MEDSCAPE_EMAIL|OVERALL_VEEVA_EMAIL|1
LUNG_C|RET|RET|THYROID_MEDSCAPE_EMAIL|THYROID_F2F_CALL|1
LUNG_C|RET|RET|THYROID_MEDSCAPE_EMAIL|THYROID_HQ_EMAIL|1
LUNG_C|RET|RET|THYROID_MEDSCAPE_EMAIL|THYROID_MEDSCAPE_BRANDSPOT|7
LUNG_C|RET|RET|THYROID_MEDSCAPE_EMAIL|THYROID_MEDSCAPE_EMAIL|14
LUNG_C|RET|RET|THYROID_MEDSCAPE_EMAIL|THYROID_MEDSCAPE_POC|7
LUNG_C|RET|RET|THYROID_MEDSCAPE_EMAIL|THYROID_VEEVA_EMAIL|1
LUNG_C|RET|RET|THYROID_MEDSCAPE_POC|LUNG_HQ_EMAIL|1
LUNG_C|RET|RET|THYROID_MEDSCAPE_POC|LUNG_VEEVA_EMAIL|1
LUNG_C|RET|RET|THYROID_MEDSCAPE_POC|OVERALL_HQ_EMAIL|1
LUNG_C|RET|RET|THYROID_MEDSCAPE_POC|OVERALL_MEDSCAPE_EMAIL|7
LUNG_C|RET|RET|THYROID_MEDSCAPE_POC|OVERALL_P2P|1
LUNG_C|RET|RET|THYROID_MEDSCAPE_POC|OVERALL_VEEVA_EMAIL|1
LUNG_C|RET|RET|THYROID_MEDSCAPE_POC|THYROID_HQ_EMAIL|1
LUNG_C|RET|RET|THYROID_MEDSCAPE_POC|THYROID_MEDSCAPE_POC|14
LUNG_C|RET|RET|THYROID_MEDSCAPE_POC|THYROID_VEEVA_EMAIL|1
LUNG_C|RET|RET|THYROID_VEEVA_EMAIL|LUNG_HQ_EMAIL|1
LUNG_C|RET|RET|THYROID_VEEVA_EMAIL|LUNG_MEDSCAPE_ALERT|1
LUNG_C|RET|RET|THYROID_VEEVA_EMAIL|LUNG_MEDSCAPE_BRANDSPOT|1
LUNG_C|RET|RET|THYROID_VEEVA_EMAIL|LUNG_MEDSCAPE_EMAIL|1
LUNG_C|RET|RET|THYROID_VEEVA_EMAIL|OVERALL_HQ_EMAIL|1
LUNG_C|RET|RET|THYROID_VEEVA_EMAIL|OVERALL_MEDSCAPE_POC|1
LUNG_C|RET|RET|THYROID_VEEVA_EMAIL|OVERALL_VEEVA_EMAIL|14
LUNG_C|RET|RET|THYROID_VEEVA_EMAIL|THYROID_DOXIMITY_ALERT|1
LUNG_C|RET|RET|THYROID_VEEVA_EMAIL|THYROID_F2F_CALL|14
LUNG_C|RET|RET|THYROID_VEEVA_EMAIL|THYROID_MEDSCAPE_ALERT|1
LUNG_C|RET|RET|THYROID_VEEVA_EMAIL|THYROID_MEDSCAPE_BRANDSPOT|1
LUNG_C|RET|RET|THYROID_VEEVA_EMAIL|THYROID_MEDSCAPE_EMAIL|1
LUNG_H|RET|RET|LUNG_DOXIMITY_ALERT|LUNG_DOXIMITY_ALERT|14
LUNG_H|RET|RET|LUNG_DOXIMITY_ALERT|LUNG_F2F_CALL|1
LUNG_H|RET|RET|LUNG_DOXIMITY_ALERT|LUNG_HQ_EMAIL|1
LUNG_H|RET|RET|LUNG_DOXIMITY_ALERT|LUNG_MEDSCAPE_POC|1
LUNG_H|RET|RET|LUNG_DOXIMITY_ALERT|OVERALL_F2F_CALL|1
LUNG_H|RET|RET|LUNG_DOXIMITY_ALERT|OVERALL_MEDSCAPE_ALERT|1
LUNG_H|RET|RET|LUNG_DOXIMITY_ALERT|OVERALL_MEDSCAPE_EMAIL|1
LUNG_H|RET|RET|LUNG_DOXIMITY_ALERT|OVERALL_P2P|1
LUNG_H|RET|RET|LUNG_DOXIMITY_ALERT|THYROID_DOXIMITY_ALERT|14
LUNG_H|RET|RET|LUNG_DOXIMITY_ALERT|THYROID_F2F_CALL|1
LUNG_H|RET|RET|LUNG_DOXIMITY_ALERT|THYROID_MEDSCAPE_ALERT|1
LUNG_M|RET|RET|OVERALL_DOXIMITY_ALERT|THYROID_MEDSCAPE_EMAIL|1
LUNG_M|RET|RET|OVERALL_DOXIMITY_ALERT|THYROID_MEDSCAPE_POC|1
LUNG_M|RET|RET|OVERALL_F2F_CALL|LUNG_HQ_EMAIL|1
LUNG_M|RET|RET|OVERALL_F2F_CALL|LUNG_MEDSCAPE_ALERT|1
LUNG_M|RET|RET|OVERALL_F2F_CALL|LUNG_MEDSCAPE_BRANDSPOT|1
LUNG_M|RET|RET|OVERALL_F2F_CALL|LUNG_MEDSCAPE_EMAIL|1
LUNG_M|RET|RET|OVERALL_F2F_CALL|LUNG_MEDSCAPE_POC|1
LUNG_M|RET|RET|OVERALL_F2F_CALL|OVERALL_HQ_EMAIL|1
LUNG_M|RET|RET|OVERALL_F2F_CALL|OVERALL_MEDSCAPE_EMAIL|1
LUNG_M|RET|RET|OVERALL_F2F_CALL|OVERALL_P2P|1
LUNG_M|RET|RET|OVERALL_F2F_CALL|OVERALL_VEEVA_EMAIL|14
LUNG_M|RET|RET|OVERALL_F2F_CALL|THYROID_DOXIMITY_ALERT|1
LUNG_M|RET|RET|OVERALL_F2F_CALL|THYROID_HQ_EMAIL|1
LUNG_M|RET|RET|OVERALL_F2F_CALL|THYROID_MEDSCAPE_BRANDSPOT|1
LUNG_M|RET|RET|OVERALL_F2F_CALL|THYROID_MEDSCAPE_POC|1
LUNG_M|RET|RET|OVERALL_HQ_EMAIL|LUNG_HQ_EMAIL|7
LUNG_M|RET|RET|OVERALL_HQ_EMAIL|LUNG_VEEVA_EMAIL|1
LUNG_M|RET|RET|OVERALL_HQ_EMAIL|OVERALL_VEEVA_EMAIL|1
LUNG_M|RET|RET|OVERALL_HQ_EMAIL|THYROID_HQ_EMAIL|7
LUNG_M|RET|RET|OVERALL_HQ_EMAIL|THYROID_MEDSCAPE_ALERT|1
LUNG_M|RET|RET|OVERALL_HQ_EMAIL|THYROID_MEDSCAPE_EMAIL|1
LUNG_M|RET|RET|OVERALL_MEDSCAPE_ALERT|LUNG_DOXIMITY_ALERT|1
LUNG_M|RET|RET|OVERALL_MEDSCAPE_ALERT|LUNG_MEDSCAPE_ALERT|28
LUNG_M|RET|RET|OVERALL_MEDSCAPE_ALERT|LUNG_MEDSCAPE_EMAIL|7
LUNG_M|RET|RET|OVERALL_MEDSCAPE_ALERT|LUNG_VEEVA_EMAIL|1
LUNG_M|RET|RET|OVERALL_MEDSCAPE_ALERT|OVERALL_MEDSCAPE_EMAIL|7
LUNG_M|RET|RET|OVERALL_MEDSCAPE_ALERT|OVERALL_MEDSCAPE_POC|14
LUNG_M|RET|RET|OVERALL_MEDSCAPE_ALERT|OVERALL_P2P|1
LUNG_M|RET|RET|OVERALL_MEDSCAPE_ALERT|THYROID_F2F_CALL|1
LUNG_M|RET|RET|OVERALL_MEDSCAPE_ALERT|THYROID_MEDSCAPE_ALERT|28
LUNG_M|RET|RET|OVERALL_MEDSCAPE_ALERT|THYROID_MEDSCAPE_BRANDSPOT|14
LUNG_M|RET|RET|OVERALL_MEDSCAPE_BRANDSPOT|LUNG_F2F_CALL|1
LUNG_M|RET|RET|OVERALL_MEDSCAPE_BRANDSPOT|LUNG_MEDSCAPE_POC|14
LUNG_M|RET|RET|OVERALL_MEDSCAPE_BRANDSPOT|OVERALL_DOXIMITY_ALERT|1
LUNG_M|RET|RET|OVERALL_MEDSCAPE_BRANDSPOT|OVERALL_F2F_CALL|1
LUNG_M|RET|RET|OVERALL_MEDSCAPE_BRANDSPOT|OVERALL_MEDSCAPE_BRANDSPOT|14
LUNG_M|RET|RET|OVERALL_MEDSCAPE_BRANDSPOT|OVERALL_MEDSCAPE_POC|14
LUNG_M|RET|RET|OVERALL_MEDSCAPE_BRANDSPOT|OVERALL_P2P|1
LUNG_M|RET|RET|OVERALL_MEDSCAPE_BRANDSPOT|THYROID_DOXIMITY_ALERT|1
LUNG_M|RET|RET|OVERALL_MEDSCAPE_BRANDSPOT|THYROID_MEDSCAPE_BRANDSPOT|14
LUNG_M|RET|RET|OVERALL_MEDSCAPE_BRANDSPOT|THYROID_MEDSCAPE_EMAIL|7
LUNG_M|RET|RET|OVERALL_MEDSCAPE_BRANDSPOT|THYROID_VEEVA_EMAIL|1
LUNG_M|RET|RET|OVERALL_MEDSCAPE_EMAIL|LUNG_DOXIMITY_ALERT|1
LUNG_M|RET|RET|OVERALL_MEDSCAPE_EMAIL|LUNG_F2F_CALL|1
LUNG_M|RET|RET|OVERALL_MEDSCAPE_EMAIL|LUNG_MEDSCAPE_ALERT|7
LUNG_M|RET|RET|OVERALL_MEDSCAPE_EMAIL|LUNG_MEDSCAPE_BRANDSPOT|7
LUNG_M|RET|RET|OVERALL_MEDSCAPE_EMAIL|LUNG_MEDSCAPE_EMAIL|14
LUNG_M|RET|RET|OVERALL_MEDSCAPE_EMAIL|OVERALL_F2F_CALL|1
LUNG_M|RET|RET|OVERALL_MEDSCAPE_EMAIL|OVERALL_HQ_EMAIL|1
LUNG_M|RET|RET|OVERALL_MEDSCAPE_EMAIL|OVERALL_MEDSCAPE_POC|7
LUNG_M|RET|RET|OVERALL_MEDSCAPE_EMAIL|OVERALL_P2P|1
LUNG_M|RET|RET|OVERALL_MEDSCAPE_EMAIL|THYROID_DOXIMITY_ALERT|1
LUNG_M|RET|RET|OVERALL_MEDSCAPE_EMAIL|THYROID_F2F_CALL|1
LUNG_M|RET|RET|OVERALL_MEDSCAPE_EMAIL|THYROID_MEDSCAPE_EMAIL|14
LUNG_M|RET|RET|OVERALL_MEDSCAPE_EMAIL|THYROID_MEDSCAPE_POC|7
LUNG_M|RET|RET|OVERALL_MEDSCAPE_POC|LUNG_DOXIMITY_ALERT|1
LUNG_M|RET|RET|OVERALL_MEDSCAPE_POC|LUNG_HQ_EMAIL|1
LUNG_M|RET|RET|OVERALL_MEDSCAPE_POC|LUNG_MEDSCAPE_ALERT|14
LUNG_M|RET|RET|OVERALL_MEDSCAPE_POC|LUNG_MEDSCAPE_EMAIL|7
LUNG_M|RET|RET|OVERALL_MEDSCAPE_POC|LUNG_MEDSCAPE_POC|14
LUNG_M|RET|RET|OVERALL_MEDSCAPE_POC|LUNG_VEEVA_EMAIL|1
LUNG_M|RET|RET|OVERALL_MEDSCAPE_POC|OVERALL_HQ_EMAIL|1
LUNG_M|RET|RET|OVERALL_MEDSCAPE_POC|OVERALL_MEDSCAPE_BRANDSPOT|14
LUNG_M|RET|RET|OVERALL_MEDSCAPE_POC|OVERALL_P2P|1
LUNG_M|RET|RET|OVERALL_MEDSCAPE_POC|OVERALL_VEEVA_EMAIL|1
LUNG_M|RET|RET|OVERALL_MEDSCAPE_POC|THYROID_DOXIMITY_ALERT|1
LUNG_M|RET|RET|OVERALL_MEDSCAPE_POC|THYROID_F2F_CALL|1
LUNG_M|RET|RET|OVERALL_MEDSCAPE_POC|THYROID_HQ_EMAIL|1
LUNG_M|RET|RET|OVERALL_MEDSCAPE_POC|THYROID_MEDSCAPE_ALERT|14
LUNG_M|RET|RET|OVERALL_MEDSCAPE_POC|THYROID_MEDSCAPE_POC|14
LUNG_M|RET|RET|OVERALL_MEDSCAPE_POC|THYROID_VEEVA_EMAIL|1
LUNG_M|RET|RET|OVERALL_P2P|LUNG_DOXIMITY_ALERT|1
LUNG_M|RET|RET|OVERALL_P2P|LUNG_HQ_EMAIL|1
LUNG_M|RET|RET|OVERALL_P2P|LUNG_MEDSCAPE_ALERT|1
LUNG_M|RET|RET|OVERALL_P2P|LUNG_MEDSCAPE_BRANDSPOT|1
LUNG_M|RET|RET|OVERALL_P2P|LUNG_MEDSCAPE_EMAIL|1
LUNG_M|RET|RET|OVERALL_P2P|LUNG_MEDSCAPE_POC|1
LUNG_M|RET|RET|OVERALL_P2P|LUNG_VEEVA_EMAIL|1
LUNG_M|RET|RET|OVERALL_P2P|OVERALL_F2F_CALL|1
OVERALL_H|RET|RET|THYROID_DOXIMITY_ALERT|THYROID_DOXIMITY_ALERT|28
OVERALL_H|RET|RET|THYROID_DOXIMITY_ALERT|THYROID_HQ_EMAIL|1
OVERALL_H|RET|RET|THYROID_DOXIMITY_ALERT|THYROID_MEDSCAPE_BRANDSPOT|1
OVERALL_H|RET|RET|THYROID_DOXIMITY_ALERT|THYROID_MEDSCAPE_POC|1
OVERALL_H|RET|RET|THYROID_F2F_CALL|LUNG_F2F_CALL|21
OVERALL_H|RET|RET|THYROID_F2F_CALL|LUNG_MEDSCAPE_ALERT|1
OVERALL_H|RET|RET|THYROID_F2F_CALL|LUNG_MEDSCAPE_POC|1
OVERALL_H|RET|RET|THYROID_F2F_CALL|LUNG_VEEVA_EMAIL|14
OVERALL_H|RET|RET|THYROID_F2F_CALL|OVERALL_DOXIMITY_ALERT|1
OVERALL_H|RET|RET|THYROID_F2F_CALL|OVERALL_F2F_CALL|21
OVERALL_H|RET|RET|THYROID_F2F_CALL|OVERALL_P2P|1
OVERALL_H|RET|RET|THYROID_F2F_CALL|THYROID_MEDSCAPE_POC|1
OVERALL_H|RET|RET|THYROID_HQ_EMAIL|LUNG_DOXIMITY_ALERT|1
OVERALL_H|RET|RET|THYROID_HQ_EMAIL|LUNG_MEDSCAPE_EMAIL|1
OVERALL_H|RET|RET|THYROID_HQ_EMAIL|OVERALL_F2F_CALL|1
OVERALL_H|RET|RET|THYROID_HQ_EMAIL|OVERALL_HQ_EMAIL|7
OVERALL_H|RET|RET|THYROID_HQ_EMAIL|OVERALL_MEDSCAPE_ALERT|1
OVERALL_H|RET|RET|THYROID_HQ_EMAIL|OVERALL_MEDSCAPE_POC|1
OVERALL_H|RET|RET|THYROID_HQ_EMAIL|OVERALL_P2P|1
OVERALL_H|RET|RET|THYROID_HQ_EMAIL|OVERALL_VEEVA_EMAIL|1
OVERALL_H|RET|RET|THYROID_HQ_EMAIL|THYROID_DOXIMITY_ALERT|1
OVERALL_H|RET|RET|THYROID_HQ_EMAIL|THYROID_HQ_EMAIL|7
OVERALL_H|RET|RET|THYROID_HQ_EMAIL|THYROID_MEDSCAPE_ALERT|1
OVERALL_H|RET|RET|THYROID_HQ_EMAIL|THYROID_MEDSCAPE_BRANDSPOT|1
OVERALL_H|RET|RET|THYROID_HQ_EMAIL|THYROID_MEDSCAPE_POC|1
OVERALL_H|RET|RET|THYROID_HQ_EMAIL|THYROID_VEEVA_EMAIL|1
OVERALL_H|RET|RET|THYROID_MEDSCAPE_ALERT|LUNG_MEDSCAPE_ALERT|28
OVERALL_H|RET|RET|THYROID_MEDSCAPE_ALERT|LUNG_MEDSCAPE_POC|1
OVERALL_H|RET|RET|THYROID_MEDSCAPE_ALERT|OVERALL_F2F_CALL|1
OVERALL_H|RET|RET|THYROID_MEDSCAPE_ALERT|OVERALL_MEDSCAPE_BRANDSPOT|14
OVERALL_H|RET|RET|THYROID_MEDSCAPE_ALERT|OVERALL_MEDSCAPE_EMAIL|7
OVERALL_H|RET|RET|THYROID_MEDSCAPE_ALERT|OVERALL_VEEVA_EMAIL|1
OVERALL_H|RET|RET|THYROID_MEDSCAPE_ALERT|THYROID_DOXIMITY_ALERT|1
OVERALL_H|RET|RET|THYROID_MEDSCAPE_BRANDSPOT|LUNG_HQ_EMAIL|1
OVERALL_H|RET|RET|THYROID_MEDSCAPE_BRANDSPOT|LUNG_MEDSCAPE_EMAIL|7
OVERALL_H|RET|RET|THYROID_MEDSCAPE_BRANDSPOT|LUNG_MEDSCAPE_POC|14
OVERALL_H|RET|RET|THYROID_MEDSCAPE_BRANDSPOT|OVERALL_DOXIMITY_ALERT|1
OVERALL_H|RET|RET|THYROID_MEDSCAPE_BRANDSPOT|OVERALL_HQ_EMAIL|1
OVERALL_H|RET|RET|THYROID_MEDSCAPE_BRANDSPOT|OVERALL_MEDSCAPE_ALERT|14
OVERALL_H|RET|RET|THYROID_MEDSCAPE_BRANDSPOT|OVERALL_MEDSCAPE_BRANDSPOT|14
OVERALL_H|RET|RET|THYROID_MEDSCAPE_BRANDSPOT|OVERALL_MEDSCAPE_EMAIL|7
OVERALL_H|RET|RET|THYROID_MEDSCAPE_BRANDSPOT|THYROID_DOXIMITY_ALERT|1
OVERALL_H|RET|RET|THYROID_MEDSCAPE_BRANDSPOT|THYROID_MEDSCAPE_BRANDSPOT|14
OVERALL_H|RET|RET|THYROID_MEDSCAPE_BRANDSPOT|THYROID_MEDSCAPE_EMAIL|7
OVERALL_H|RET|RET|THYROID_MEDSCAPE_BRANDSPOT|THYROID_MEDSCAPE_POC|14
OVERALL_H|RET|RET|THYROID_MEDSCAPE_EMAIL|LUNG_DOXIMITY_ALERT|1
OVERALL_H|RET|RET|THYROID_MEDSCAPE_EMAIL|LUNG_MEDSCAPE_BRANDSPOT|7
OVERALL_H|RET|RET|THYROID_MEDSCAPE_EMAIL|LUNG_MEDSCAPE_EMAIL|28
OVERALL_H|RET|RET|THYROID_MEDSCAPE_EMAIL|LUNG_MEDSCAPE_POC|1
OVERALL_H|RET|RET|THYROID_MEDSCAPE_EMAIL|OVERALL_MEDSCAPE_ALERT|7
OVERALL_H|RET|RET|THYROID_MEDSCAPE_EMAIL|OVERALL_MEDSCAPE_POC|7
OVERALL_H|RET|RET|THYROID_MEDSCAPE_EMAIL|OVERALL_P2P|1
OVERALL_H|RET|RET|THYROID_MEDSCAPE_EMAIL|THYROID_HQ_EMAIL|1
OVERALL_H|RET|RET|THYROID_MEDSCAPE_EMAIL|THYROID_MEDSCAPE_BRANDSPOT|7
OVERALL_H|RET|RET|THYROID_MEDSCAPE_EMAIL|THYROID_MEDSCAPE_EMAIL|28
OVERALL_H|RET|RET|THYROID_MEDSCAPE_EMAIL|THYROID_MEDSCAPE_POC|7
OVERALL_H|RET|RET|THYROID_MEDSCAPE_POC|LUNG_DOXIMITY_ALERT|1
OVERALL_H|RET|RET|THYROID_MEDSCAPE_POC|LUNG_HQ_EMAIL|1
OVERALL_H|RET|RET|THYROID_MEDSCAPE_POC|LUNG_MEDSCAPE_EMAIL|7
OVERALL_H|RET|RET|THYROID_MEDSCAPE_POC|LUNG_MEDSCAPE_POC|14
OVERALL_H|RET|RET|THYROID_MEDSCAPE_POC|OVERALL_DOXIMITY_ALERT|1
OVERALL_H|RET|RET|THYROID_MEDSCAPE_POC|OVERALL_MEDSCAPE_ALERT|14
OVERALL_H|RET|RET|THYROID_MEDSCAPE_POC|OVERALL_MEDSCAPE_BRANDSPOT|14
OVERALL_H|RET|RET|THYROID_MEDSCAPE_POC|OVERALL_MEDSCAPE_EMAIL|7
OVERALL_H|RET|RET|THYROID_MEDSCAPE_POC|OVERALL_MEDSCAPE_POC|14
OVERALL_H|RET|RET|THYROID_MEDSCAPE_POC|THYROID_F2F_CALL|1
OVERALL_H|RET|RET|THYROID_VEEVA_EMAIL|LUNG_HQ_EMAIL|1
OVERALL_H|RET|RET|THYROID_VEEVA_EMAIL|LUNG_MEDSCAPE_ALERT|1
OVERALL_H|RET|RET|THYROID_VEEVA_EMAIL|LUNG_MEDSCAPE_BRANDSPOT|1
OVERALL_H|RET|RET|THYROID_VEEVA_EMAIL|OVERALL_MEDSCAPE_BRANDSPOT|1
OVERALL_H|RET|RET|THYROID_VEEVA_EMAIL|OVERALL_MEDSCAPE_EMAIL|1
OVERALL_H|RET|RET|THYROID_VEEVA_EMAIL|OVERALL_P2P|1
OVERALL_H|RET|RET|THYROID_VEEVA_EMAIL|THYROID_F2F_CALL|14
THYROID_L|RET|RET|LUNG_MEDSCAPE_BRANDSPOT|LUNG_VEEVA_EMAIL|1
THYROID_L|RET|RET|LUNG_MEDSCAPE_BRANDSPOT|OVERALL_HQ_EMAIL|1
THYROID_L|RET|RET|LUNG_MEDSCAPE_BRANDSPOT|OVERALL_MEDSCAPE_ALERT|1
THYROID_L|RET|RET|LUNG_MEDSCAPE_BRANDSPOT|OVERALL_MEDSCAPE_BRANDSPOT|14
THYROID_L|RET|RET|LUNG_MEDSCAPE_BRANDSPOT|OVERALL_MEDSCAPE_POC|14
THYROID_L|RET|RET|LUNG_MEDSCAPE_BRANDSPOT|OVERALL_VEEVA_EMAIL|1
THYROID_L|RET|RET|LUNG_MEDSCAPE_BRANDSPOT|THYROID_F2F_CALL|1
THYROID_L|RET|RET|LUNG_MEDSCAPE_BRANDSPOT|THYROID_MEDSCAPE_ALERT|1
THYROID_L|RET|RET|LUNG_MEDSCAPE_BRANDSPOT|THYROID_MEDSCAPE_BRANDSPOT|14
THYROID_L|RET|RET|LUNG_MEDSCAPE_BRANDSPOT|THYROID_MEDSCAPE_EMAIL|7
THYROID_L|RET|RET|LUNG_MEDSCAPE_EMAIL|LUNG_DOXIMITY_ALERT|1
THYROID_L|RET|RET|LUNG_MEDSCAPE_EMAIL|LUNG_MEDSCAPE_BRANDSPOT|7
THYROID_L|RET|RET|LUNG_MEDSCAPE_EMAIL|LUNG_MEDSCAPE_EMAIL|28
THYROID_L|RET|RET|LUNG_MEDSCAPE_EMAIL|LUNG_VEEVA_EMAIL|1
THYROID_L|RET|RET|LUNG_MEDSCAPE_EMAIL|OVERALL_HQ_EMAIL|1
THYROID_L|RET|RET|LUNG_MEDSCAPE_EMAIL|OVERALL_MEDSCAPE_BRANDSPOT|7
THYROID_L|RET|RET|LUNG_MEDSCAPE_EMAIL|OVERALL_MEDSCAPE_EMAIL|28
THYROID_L|RET|RET|LUNG_MEDSCAPE_EMAIL|THYROID_DOXIMITY_ALERT|1
THYROID_L|RET|RET|LUNG_MEDSCAPE_EMAIL|THYROID_MEDSCAPE_EMAIL|28
THYROID_L|RET|RET|LUNG_MEDSCAPE_EMAIL|THYROID_MEDSCAPE_POC|7
THYROID_L|RET|RET|LUNG_MEDSCAPE_POC|LUNG_F2F_CALL|1
THYROID_L|RET|RET|LUNG_MEDSCAPE_POC|LUNG_MEDSCAPE_EMAIL|7
THYROID_L|RET|RET|LUNG_MEDSCAPE_POC|LUNG_MEDSCAPE_POC|14
THYROID_L|RET|RET|LUNG_MEDSCAPE_POC|LUNG_VEEVA_EMAIL|1
THYROID_L|RET|RET|LUNG_MEDSCAPE_POC|OVERALL_MEDSCAPE_BRANDSPOT|14
THYROID_L|RET|RET|LUNG_MEDSCAPE_POC|OVERALL_P2P|1
THYROID_L|RET|RET|LUNG_MEDSCAPE_POC|THYROID_HQ_EMAIL|1
THYROID_L|RET|RET|LUNG_MEDSCAPE_POC|THYROID_MEDSCAPE_EMAIL|7
THYROID_L|RET|RET|LUNG_MEDSCAPE_POC|THYROID_MEDSCAPE_POC|14
THYROID_L|RET|RET|LUNG_VEEVA_EMAIL|LUNG_DOXIMITY_ALERT|1
THYROID_L|RET|RET|LUNG_VEEVA_EMAIL|LUNG_F2F_CALL|14
THYROID_L|RET|RET|LUNG_VEEVA_EMAIL|LUNG_MEDSCAPE_BRANDSPOT|1
THYROID_L|RET|RET|LUNG_VEEVA_EMAIL|LUNG_VEEVA_EMAIL|14
THYROID_L|RET|RET|LUNG_VEEVA_EMAIL|OVERALL_DOXIMITY_ALERT|1
THYROID_L|RET|RET|LUNG_VEEVA_EMAIL|OVERALL_F2F_CALL|14
THYROID_L|RET|RET|LUNG_VEEVA_EMAIL|OVERALL_HQ_EMAIL|1
THYROID_L|RET|RET|LUNG_VEEVA_EMAIL|OVERALL_MEDSCAPE_BRANDSPOT|1
THYROID_L|RET|RET|LUNG_VEEVA_EMAIL|OVERALL_MEDSCAPE_EMAIL|1
THYROID_L|RET|RET|LUNG_VEEVA_EMAIL|OVERALL_VEEVA_EMAIL|14
THYROID_L|RET|RET|LUNG_VEEVA_EMAIL|THYROID_DOXIMITY_ALERT|1
THYROID_L|RET|RET|LUNG_VEEVA_EMAIL|THYROID_F2F_CALL|14
THYROID_L|RET|RET|LUNG_VEEVA_EMAIL|THYROID_HQ_EMAIL|1
THYROID_L|RET|RET|LUNG_VEEVA_EMAIL|THYROID_MEDSCAPE_POC|1
THYROID_L|RET|RET|OVERALL_DOXIMITY_ALERT|LUNG_F2F_CALL|1
THYROID_L|RET|RET|OVERALL_DOXIMITY_ALERT|LUNG_MEDSCAPE_ALERT|1
THYROID_L|RET|RET|OVERALL_DOXIMITY_ALERT|LUNG_MEDSCAPE_BRANDSPOT|1
THYROID_L|RET|RET|OVERALL_DOXIMITY_ALERT|LUNG_MEDSCAPE_POC|1
THYROID_L|RET|RET|OVERALL_DOXIMITY_ALERT|LUNG_VEEVA_EMAIL|1
THYROID_L|RET|RET|OVERALL_DOXIMITY_ALERT|OVERALL_HQ_EMAIL|1
THYROID_L|RET|RET|OVERALL_DOXIMITY_ALERT|OVERALL_MEDSCAPE_BRANDSPOT|1
THYROID_L|RET|RET|OVERALL_DOXIMITY_ALERT|OVERALL_P2P|1
THYROID_L|RET|RET|OVERALL_DOXIMITY_ALERT|OVERALL_VEEVA_EMAIL|1
THYROID_L|RET|RET|OVERALL_DOXIMITY_ALERT|THYROID_DOXIMITY_ALERT|28
THYROID_L|RET|RET|OVERALL_DOXIMITY_ALERT|THYROID_HQ_EMAIL|1
THYROID_L|RET|RET|OVERALL_DOXIMITY_ALERT|THYROID_MEDSCAPE_ALERT|1
THYROID_L|RET|RET|OVERALL_DOXIMITY_ALERT|THYROID_MEDSCAPE_BRANDSPOT|1
THYROID_L|RET|RET|OVERALL_DOXIMITY_ALERT|THYROID_MEDSCAPE_EMAIL|1
THYROID_L|RET|RET|OVERALL_DOXIMITY_ALERT|THYROID_VEEVA_EMAIL|1
THYROID_L|RET|RET|OVERALL_F2F_CALL|LUNG_DOXIMITY_ALERT|1
THYROID_L|RET|RET|OVERALL_F2F_CALL|LUNG_MEDSCAPE_ALERT|1
THYROID_L|RET|RET|OVERALL_F2F_CALL|OVERALL_DOXIMITY_ALERT|1
THYROID_L|RET|RET|OVERALL_F2F_CALL|OVERALL_MEDSCAPE_ALERT|1
THYROID_L|RET|RET|OVERALL_F2F_CALL|OVERALL_MEDSCAPE_BRANDSPOT|1
THYROID_L|RET|RET|OVERALL_F2F_CALL|OVERALL_MEDSCAPE_POC|1
THYROID_L|RET|RET|OVERALL_F2F_CALL|OVERALL_VEEVA_EMAIL|14
THYROID_L|RET|RET|OVERALL_F2F_CALL|THYROID_DOXIMITY_ALERT|1
THYROID_L|RET|RET|OVERALL_F2F_CALL|THYROID_F2F_CALL|21
THYROID_L|RET|RET|OVERALL_F2F_CALL|THYROID_MEDSCAPE_EMAIL|1
THYROID_L|RET|RET|OVERALL_F2F_CALL|THYROID_MEDSCAPE_POC|1
THYROID_L|RET|RET|OVERALL_F2F_CALL|THYROID_VEEVA_EMAIL|14
THYROID_L|RET|RET|OVERALL_HQ_EMAIL|LUNG_DOXIMITY_ALERT|1
THYROID_L|RET|RET|OVERALL_HQ_EMAIL|LUNG_F2F_CALL|1
THYROID_L|RET|RET|OVERALL_HQ_EMAIL|LUNG_VEEVA_EMAIL|1
THYROID_L|RET|RET|OVERALL_HQ_EMAIL|OVERALL_MEDSCAPE_EMAIL|1
THYROID_L|RET|RET|OVERALL_HQ_EMAIL|THYROID_F2F_CALL|1
MEDIUM|US_304486|US_304486|MEDSCAPE_EMAIL|MEDSCAPE_EMAIL|14
MEDIUM|US_304486|US_304486|MEDSCAPE_EMAIL|VEEVA_EMAIL|1
MEDIUM|US_304486|US_304486|MEDSCAPE_POC|HQ_EMAIL|1
MEDIUM|US_304486|US_304486|MEDSCAPE_POC|MEDSCAPE_ALERT|1
MEDIUM|US_304486|US_304486|MEDSCAPE_POC|MEDSCAPE_BRANDSPOT|1
MEDIUM|US_304486|US_304486|MEDSCAPE_POC|VEEVA_EMAIL|1
MEDIUM|US_304486|US_304486|P2P|F2F_CALL|7
MEDIUM|US_304486|US_304486|P2P|MEDSCAPE_EMAIL|1
MEDIUM|US_304486|US_304486|VEEVA_EMAIL|HQ_EMAIL|1
MEDIUM|US_304486|US_304486|VEEVA_EMAIL|MEDSCAPE_BRANDSPOT|1
MEDIUM|US_304528|US_304528|DOXIMITY_ALERT|DOXIMITY_ALERT|14
MEDIUM|US_304528|US_304528|DOXIMITY_ALERT|DOXIMITY_DOCSPOT|1
MEDIUM|US_304528|US_304528|DOXIMITY_ALERT|EDH_PROFLOW_RDMU|1
MEDIUM|US_304528|US_304528|DOXIMITY_ALERT|EDH_PROFLOW_WDMU|1
MEDIUM|US_304528|US_304528|DOXIMITY_ALERT|EPOCRATES_ALERT|1
MEDIUM|US_304528|US_304528|DOXIMITY_ALERT|F2F_CALL|1
MEDIUM|US_304528|US_304528|DOXIMITY_ALERT|HQ_EMAIL|1
MEDIUM|US_304528|US_304528|DOXIMITY_ALERT|MEDSCAPE_POC|1
MEDIUM|US_304528|US_304528|DOXIMITY_ALERT|VEEVA_EMAIL|1
MEDIUM|US_304528|US_304528|DOXIMITY_DOCSPOT|DOXIMITY_DOCSPOT|7
MEDIUM|US_304528|US_304528|DOXIMITY_DOCSPOT|EDH_PROFLOW_RDMU|1
MEDIUM|US_304528|US_304528|DOXIMITY_DOCSPOT|EPOCRATES_ALERT|1
MEDIUM|US_304528|US_304528|DOXIMITY_DOCSPOT|HQ_EMAIL|1
MEDIUM|US_304528|US_304528|DOXIMITY_DOCSPOT|MEDSCAPE_EMAIL|1
MEDIUM|US_304528|US_304528|DOXIMITY_DOCSPOT|NUMEDIS_MDMINUTE|1
MEDIUM|US_304528|US_304528|EDH_PROFLOW_EDMU|DOXIMITY_DOCSPOT|1
MEDIUM|US_304528|US_304528|EDH_PROFLOW_EDMU|EDH_PROFLOW_WDMU|7
MEDIUM|US_304528|US_304528|EDH_PROFLOW_EDMU|MEDSCAPE_POC|1
MEDIUM|US_304528|US_304528|EDH_PROFLOW_EDMU|P2P|1
MEDIUM|US_304528|US_304528|EDH_PROFLOW_RDMU|DOXIMITY_DOCSPOT|1
MEDIUM|US_304528|US_304528|EDH_PROFLOW_RDMU|EDH_PROFLOW_WDMU|7
MEDIUM|US_304528|US_304528|EDH_PROFLOW_RDMU|EPOCRATES_ALERT|1
MEDIUM|US_304528|US_304528|EDH_PROFLOW_RDMU|MEDSCAPE_ALERT|1
MEDIUM|US_304528|US_304528|EDH_PROFLOW_RDMU|MEDSCAPE_EMAIL|1
MEDIUM|US_304528|US_304528|EDH_PROFLOW_RDMU|MEDSCAPE_POC|1
MEDIUM|US_304528|US_304528|EDH_PROFLOW_RDMU|NUMEDIS_MDMINUTE|1
MEDIUM|US_304528|US_304528|EDH_PROFLOW_WDMU|EDH_PROFLOW_EDMU|7
MEDIUM|US_304528|US_304528|EDH_PROFLOW_WDMU|EDH_PROFLOW_RDMU|7
MEDIUM|US_304528|US_304528|EDH_PROFLOW_WDMU|F2F_CALL|1
MEDIUM|US_304528|US_304528|EDH_PROFLOW_WDMU|HQ_EMAIL|1
MEDIUM|US_304528|US_304528|EDH_PROFLOW_WDMU|NUMEDIS_MDMINUTE|1
MEDIUM|US_304528|US_304528|EPOCRATES_ALERT|DOXIMITY_ALERT|1
MEDIUM|US_304528|US_304528|EPOCRATES_ALERT|EDH_PROFLOW_EDMU|1
MEDIUM|US_304528|US_304528|EPOCRATES_ALERT|EDH_PROFLOW_RDMU|1
MEDIUM|US_304528|US_304528|EPOCRATES_ALERT|EDH_PROFLOW_WDMU|1
MEDIUM|US_304528|US_304528|EPOCRATES_ALERT|EPOCRATES_ALERT|7
MEDIUM|US_304528|US_304528|EPOCRATES_ALERT|MEDSCAPE_ALERT|1
MEDIUM|US_304528|US_304528|EPOCRATES_ALERT|NUMEDIS_MDMINUTE|1
MEDIUM|US_304528|US_304528|EPOCRATES_ALERT|VEEVA_EMAIL|1
MEDIUM|US_304528|US_304528|F2F_CALL|EDH_PROFLOW_RDMU|1
MEDIUM|US_304528|US_304528|F2F_CALL|EDH_PROFLOW_WDMU|1
MEDIUM|US_304528|US_304528|F2F_CALL|MEDSCAPE_ALERT|1
MEDIUM|US_304528|US_304528|F2F_CALL|VEEVA_EMAIL|1
MEDIUM|US_304528|US_304528|HQ_EMAIL|DOXIMITY_ALERT|1
MEDIUM|US_304528|US_304528|HQ_EMAIL|EDH_PROFLOW_EDMU|1
MEDIUM|US_304528|US_304528|HQ_EMAIL|EDH_PROFLOW_RDMU|1
MEDIUM|US_304528|US_304528|HQ_EMAIL|EDH_PROFLOW_WDMU|1
MEDIUM|US_304528|US_304528|HQ_EMAIL|EPOCRATES_ALERT|1
MEDIUM|US_304528|US_304528|HQ_EMAIL|F2F_CALL|1
MEDIUM|US_304528|US_304528|HQ_EMAIL|HQ_EMAIL|7
MEDIUM|US_304528|US_304528|HQ_EMAIL|MEDSCAPE_EMAIL|1
MEDIUM|US_304528|US_304528|HQ_EMAIL|P2P|1
MEDIUM|US_304528|US_304528|HQ_EMAIL|VEEVA_EMAIL|7
MEDIUM|US_304528|US_304528|MEDSCAPE_ALERT|DOXIMITY_ALERT|1
MEDIUM|US_304528|US_304528|MEDSCAPE_ALERT|EDH_PROFLOW_EDMU|1
MEDIUM|US_304528|US_304528|MEDSCAPE_ALERT|EPOCRATES_ALERT|1
MEDIUM|US_304528|US_304528|MEDSCAPE_ALERT|HQ_EMAIL|1
MEDIUM|US_304528|US_304528|MEDSCAPE_ALERT|MEDSCAPE_EMAIL|7
MEDIUM|US_304528|US_304528|MEDSCAPE_ALERT|MEDSCAPE_POC|7
MEDIUM|US_304528|US_304528|MEDSCAPE_ALERT|NUMEDIS_MDMINUTE|1
MEDIUM|US_304528|US_304528|MEDSCAPE_ALERT|VEEVA_EMAIL|1
MEDIUM|US_304528|US_304528|MEDSCAPE_EMAIL|DOXIMITY_DOCSPOT|1
MEDIUM|US_304528|US_304528|MEDSCAPE_EMAIL|EDH_PROFLOW_EDMU|1
MEDIUM|US_304528|US_304528|MEDSCAPE_EMAIL|EDH_PROFLOW_RDMU|1
MEDIUM|US_304528|US_304528|MEDSCAPE_EMAIL|EDH_PROFLOW_WDMU|1
MEDIUM|US_304528|US_304528|MEDSCAPE_EMAIL|HQ_EMAIL|1
MEDIUM|US_304528|US_304528|MEDSCAPE_EMAIL|MEDSCAPE_EMAIL|7
MEDIUM|US_304528|US_304528|MEDSCAPE_EMAIL|MEDSCAPE_POC|7
MEDIUM|US_304528|US_304528|MEDSCAPE_EMAIL|NUMEDIS_MDMINUTE|1
LUNG_C|RET|RET|THYROID_DOXIMITY_ALERT|OVERALL_MEDSCAPE_BRANDSPOT|1
LUNG_C|RET|RET|THYROID_DOXIMITY_ALERT|OVERALL_MEDSCAPE_POC|1
LUNG_C|RET|RET|THYROID_DOXIMITY_ALERT|OVERALL_VEEVA_EMAIL|1
LUNG_C|RET|RET|THYROID_DOXIMITY_ALERT|THYROID_MEDSCAPE_ALERT|1
LUNG_C|RET|RET|THYROID_DOXIMITY_ALERT|THYROID_MEDSCAPE_BRANDSPOT|1
LUNG_C|RET|RET|THYROID_DOXIMITY_ALERT|THYROID_MEDSCAPE_POC|1
LUNG_C|RET|RET|THYROID_F2F_CALL|LUNG_DOXIMITY_ALERT|1
LUNG_C|RET|RET|THYROID_F2F_CALL|LUNG_F2F_CALL|21
LUNG_C|RET|RET|THYROID_F2F_CALL|LUNG_MEDSCAPE_ALERT|1
LUNG_C|RET|RET|THYROID_F2F_CALL|LUNG_MEDSCAPE_BRANDSPOT|1
LUNG_C|RET|RET|THYROID_F2F_CALL|LUNG_MEDSCAPE_POC|1
LUNG_C|RET|RET|THYROID_F2F_CALL|LUNG_VEEVA_EMAIL|14
LUNG_C|RET|RET|THYROID_F2F_CALL|OVERALL_DOXIMITY_ALERT|1
LUNG_C|RET|RET|THYROID_F2F_CALL|OVERALL_F2F_CALL|21
LUNG_C|RET|RET|THYROID_F2F_CALL|OVERALL_MEDSCAPE_ALERT|1
LUNG_C|RET|RET|THYROID_F2F_CALL|OVERALL_VEEVA_EMAIL|14
LUNG_C|RET|RET|THYROID_F2F_CALL|THYROID_F2F_CALL|21
LUNG_C|RET|RET|THYROID_F2F_CALL|THYROID_MEDSCAPE_EMAIL|1
LUNG_C|RET|RET|THYROID_F2F_CALL|THYROID_MEDSCAPE_POC|1
LUNG_C|RET|RET|THYROID_F2F_CALL|THYROID_VEEVA_EMAIL|14
LUNG_C|RET|RET|THYROID_HQ_EMAIL|LUNG_DOXIMITY_ALERT|1
LUNG_C|RET|RET|THYROID_HQ_EMAIL|LUNG_HQ_EMAIL|7
LUNG_C|RET|RET|THYROID_HQ_EMAIL|LUNG_MEDSCAPE_ALERT|1
LUNG_C|RET|RET|THYROID_HQ_EMAIL|LUNG_MEDSCAPE_BRANDSPOT|1
LUNG_C|RET|RET|THYROID_HQ_EMAIL|LUNG_MEDSCAPE_POC|1
LUNG_C|RET|RET|THYROID_HQ_EMAIL|OVERALL_HQ_EMAIL|7
LUNG_C|RET|RET|THYROID_HQ_EMAIL|OVERALL_MEDSCAPE_BRANDSPOT|1
LUNG_C|RET|RET|THYROID_HQ_EMAIL|OVERALL_MEDSCAPE_EMAIL|1
LUNG_C|RET|RET|THYROID_HQ_EMAIL|OVERALL_P2P|1
LUNG_C|RET|RET|THYROID_HQ_EMAIL|THYROID_DOXIMITY_ALERT|1
LUNG_C|RET|RET|THYROID_HQ_EMAIL|THYROID_MEDSCAPE_ALERT|1
LUNG_C|RET|RET|THYROID_HQ_EMAIL|THYROID_MEDSCAPE_EMAIL|1
LUNG_C|RET|RET|THYROID_HQ_EMAIL|THYROID_VEEVA_EMAIL|1
LUNG_C|RET|RET|THYROID_MEDSCAPE_ALERT|LUNG_HQ_EMAIL|1
LUNG_C|RET|RET|THYROID_MEDSCAPE_ALERT|LUNG_MEDSCAPE_BRANDSPOT|14
LUNG_C|RET|RET|THYROID_MEDSCAPE_ALERT|LUNG_VEEVA_EMAIL|1
LUNG_C|RET|RET|THYROID_MEDSCAPE_ALERT|OVERALL_MEDSCAPE_BRANDSPOT|14
LUNG_C|RET|RET|THYROID_MEDSCAPE_ALERT|OVERALL_VEEVA_EMAIL|1
LUNG_C|RET|RET|THYROID_MEDSCAPE_ALERT|THYROID_DOXIMITY_ALERT|1
LUNG_C|RET|RET|THYROID_MEDSCAPE_ALERT|THYROID_F2F_CALL|1
LUNG_C|RET|RET|THYROID_MEDSCAPE_ALERT|THYROID_MEDSCAPE_EMAIL|7
LUNG_C|RET|RET|THYROID_MEDSCAPE_ALERT|THYROID_MEDSCAPE_POC|14
LUNG_C|RET|RET|THYROID_MEDSCAPE_BRANDSPOT|LUNG_DOXIMITY_ALERT|1
LUNG_C|RET|RET|THYROID_MEDSCAPE_BRANDSPOT|LUNG_MEDSCAPE_ALERT|14
LUNG_C|RET|RET|THYROID_MEDSCAPE_BRANDSPOT|OVERALL_DOXIMITY_ALERT|1
LUNG_C|RET|RET|THYROID_MEDSCAPE_BRANDSPOT|OVERALL_F2F_CALL|1
LUNG_C|RET|RET|THYROID_MEDSCAPE_BRANDSPOT|OVERALL_HQ_EMAIL|1
LUNG_C|RET|RET|THYROID_MEDSCAPE_BRANDSPOT|THYROID_HQ_EMAIL|1
LUNG_C|RET|RET|THYROID_MEDSCAPE_BRANDSPOT|THYROID_MEDSCAPE_ALERT|14
LUNG_C|RET|RET|THYROID_MEDSCAPE_BRANDSPOT|THYROID_MEDSCAPE_BRANDSPOT|14
LUNG_C|RET|RET|THYROID_MEDSCAPE_BRANDSPOT|THYROID_MEDSCAPE_POC|14
LUNG_C|RET|RET|THYROID_MEDSCAPE_EMAIL|LUNG_DOXIMITY_ALERT|1
LUNG_C|RET|RET|THYROID_MEDSCAPE_EMAIL|LUNG_F2F_CALL|1
LUNG_C|RET|RET|THYROID_MEDSCAPE_EMAIL|LUNG_VEEVA_EMAIL|1
LUNG_C|RET|RET|THYROID_MEDSCAPE_EMAIL|OVERALL_DOXIMITY_ALERT|1
LUNG_C|RET|RET|THYROID_MEDSCAPE_EMAIL|OVERALL_F2F_CALL|1
LUNG_C|RET|RET|THYROID_MEDSCAPE_EMAIL|OVERALL_MEDSCAPE_BRANDSPOT|7
LUNG_C|RET|RET|THYROID_MEDSCAPE_EMAIL|OVERALL_MEDSCAPE_EMAIL|14
LUNG_C|RET|RET|THYROID_MEDSCAPE_EMAIL|OVERALL_MEDSCAPE_POC|7
LUNG_C|RET|RET|THYROID_MEDSCAPE_EMAIL|OVERALL_P2P|1
LUNG_C|RET|RET|THYROID_MEDSCAPE_EMAIL|THYROID_DOXIMITY_ALERT|1
LUNG_C|RET|RET|THYROID_MEDSCAPE_EMAIL|THYROID_MEDSCAPE_ALERT|7
LUNG_C|RET|RET|THYROID_MEDSCAPE_POC|LUNG_DOXIMITY_ALERT|1
LUNG_C|RET|RET|THYROID_MEDSCAPE_POC|LUNG_F2F_CALL|1
LUNG_C|RET|RET|THYROID_MEDSCAPE_POC|LUNG_MEDSCAPE_ALERT|14
LUNG_C|RET|RET|THYROID_MEDSCAPE_POC|LUNG_MEDSCAPE_BRANDSPOT|14
LUNG_C|RET|RET|THYROID_MEDSCAPE_POC|LUNG_MEDSCAPE_EMAIL|7
LUNG_C|RET|RET|THYROID_MEDSCAPE_POC|LUNG_MEDSCAPE_POC|14
LUNG_C|RET|RET|THYROID_MEDSCAPE_POC|OVERALL_DOXIMITY_ALERT|1
LUNG_C|RET|RET|THYROID_MEDSCAPE_POC|OVERALL_F2F_CALL|1
LUNG_C|RET|RET|THYROID_MEDSCAPE_POC|OVERALL_MEDSCAPE_ALERT|14
LUNG_C|RET|RET|THYROID_MEDSCAPE_POC|OVERALL_MEDSCAPE_BRANDSPOT|14
LUNG_C|RET|RET|THYROID_MEDSCAPE_POC|OVERALL_MEDSCAPE_POC|14
LUNG_C|RET|RET|THYROID_MEDSCAPE_POC|THYROID_DOXIMITY_ALERT|1
LUNG_C|RET|RET|THYROID_MEDSCAPE_POC|THYROID_F2F_CALL|1
LUNG_C|RET|RET|THYROID_MEDSCAPE_POC|THYROID_MEDSCAPE_ALERT|14
LUNG_C|RET|RET|THYROID_MEDSCAPE_POC|THYROID_MEDSCAPE_BRANDSPOT|14
LOW|US_304486|US_304486|MEDSCAPE_EMAIL|MEDSCAPE_EMAIL|14
LOW|US_304486|US_304486|MEDSCAPE_EMAIL|VEEVA_EMAIL|1
LOW|US_304486|US_304486|MEDSCAPE_POC|F2F_CALL|1
LOW|US_304486|US_304486|MEDSCAPE_POC|MEDSCAPE_ALERT|1
LOW|US_304486|US_304486|MEDSCAPE_POC|MEDSCAPE_EMAIL|1
LOW|US_304486|US_304486|MEDSCAPE_POC|MEDSCAPE_POC|14
LOW|US_304486|US_304486|MEDSCAPE_POC|VEEVA_EMAIL|1
LOW|US_304486|US_304486|P2P|F2F_CALL|7
LOW|US_304486|US_304486|P2P|HQ_EMAIL|1
LOW|US_304486|US_304486|P2P|MEDSCAPE_ALERT|1
LOW|US_304486|US_304486|P2P|MEDSCAPE_EMAIL|1
LOW|US_304486|US_304486|P2P|MEDSCAPE_POC|1
LOW|US_304486|US_304486|P2P|VEEVA_EMAIL|7
LOW|US_304486|US_304486|VEEVA_EMAIL|F2F_CALL|1
LOW|US_304486|US_304486|VEEVA_EMAIL|HQ_EMAIL|1
LOW|US_304486|US_304486|VEEVA_EMAIL|MEDSCAPE_BRANDSPOT|1
LOW|US_304486|US_304486|VEEVA_EMAIL|MEDSCAPE_POC|1
LOW|US_304528|US_304528|DOXIMITY_ALERT|DOXIMITY_ALERT|14
LOW|US_304528|US_304528|DOXIMITY_ALERT|EDH_PROFLOW_WDMU|1
LOW|US_304528|US_304528|DOXIMITY_ALERT|EPOCRATES_ALERT|1
LOW|US_304528|US_304528|DOXIMITY_ALERT|F2F_CALL|1
LOW|US_304528|US_304528|DOXIMITY_ALERT|MEDSCAPE_EMAIL|1
LOW|US_304528|US_304528|DOXIMITY_ALERT|MEDSCAPE_POC|1
LOW|US_304528|US_304528|DOXIMITY_ALERT|NUMEDIS_MDMINUTE|1
LOW|US_304528|US_304528|DOXIMITY_ALERT|VEEVA_EMAIL|1
LOW|US_304528|US_304528|DOXIMITY_DOCSPOT|EDH_PROFLOW_EDMU|1
LOW|US_304528|US_304528|DOXIMITY_DOCSPOT|MEDSCAPE_ALERT|1
LOW|US_304528|US_304528|DOXIMITY_DOCSPOT|NUMEDIS_MDMINUTE|1
LOW|US_304528|US_304528|EDH_PROFLOW_EDMU|DOXIMITY_ALERT|1
LOW|US_304528|US_304528|EDH_PROFLOW_EDMU|DOXIMITY_DOCSPOT|1
LOW|US_304528|US_304528|EDH_PROFLOW_EDMU|EDH_PROFLOW_WDMU|7
LOW|US_304528|US_304528|EDH_PROFLOW_EDMU|HQ_EMAIL|1
LOW|US_304528|US_304528|EDH_PROFLOW_EDMU|MEDSCAPE_ALERT|1
LOW|US_304528|US_304528|EDH_PROFLOW_EDMU|P2P|1
LOW|US_304528|US_304528|EDH_PROFLOW_EDMU|VEEVA_EMAIL|1
LOW|US_304528|US_304528|EDH_PROFLOW_RDMU|DOXIMITY_ALERT|1
LOW|US_304528|US_304528|EDH_PROFLOW_RDMU|DOXIMITY_DOCSPOT|1
LOW|US_304528|US_304528|EDH_PROFLOW_RDMU|EDH_PROFLOW_RDMU|7
LOW|US_304528|US_304528|EDH_PROFLOW_RDMU|HQ_EMAIL|1
LOW|US_304528|US_304528|EDH_PROFLOW_RDMU|MEDSCAPE_ALERT|1
LOW|US_304528|US_304528|EDH_PROFLOW_RDMU|MEDSCAPE_POC|1
LOW|US_304528|US_304528|EDH_PROFLOW_RDMU|NUMEDIS_MDMINUTE|1
LOW|US_304528|US_304528|EDH_PROFLOW_RDMU|P2P|1
LOW|US_304528|US_304528|EDH_PROFLOW_WDMU|EDH_PROFLOW_RDMU|7
LOW|US_304528|US_304528|EDH_PROFLOW_WDMU|EPOCRATES_ALERT|1
LOW|US_304528|US_304528|EDH_PROFLOW_WDMU|F2F_CALL|1
LOW|US_304528|US_304528|EDH_PROFLOW_WDMU|HQ_EMAIL|1
LOW|US_304528|US_304528|EDH_PROFLOW_WDMU|MEDSCAPE_ALERT|1
LOW|US_304528|US_304528|EDH_PROFLOW_WDMU|NUMEDIS_MDMINUTE|1
LOW|US_304528|US_304528|EPOCRATES_ALERT|EDH_PROFLOW_RDMU|1
LOW|US_304528|US_304528|EPOCRATES_ALERT|EDH_PROFLOW_WDMU|1
LOW|US_304528|US_304528|EPOCRATES_ALERT|EPOCRATES_ALERT|7
LOW|US_304528|US_304528|EPOCRATES_ALERT|HQ_EMAIL|1
LOW|US_304528|US_304528|EPOCRATES_ALERT|MEDSCAPE_EMAIL|1
LOW|US_304528|US_304528|EPOCRATES_ALERT|MEDSCAPE_POC|1
LOW|US_304528|US_304528|EPOCRATES_ALERT|NUMEDIS_MDMINUTE|1
LOW|US_304528|US_304528|F2F_CALL|EDH_PROFLOW_RDMU|1
LOW|US_304528|US_304528|F2F_CALL|EDH_PROFLOW_WDMU|1
LOW|US_304528|US_304528|F2F_CALL|F2F_CALL|16
LOW|US_304528|US_304528|F2F_CALL|HQ_EMAIL|1
LOW|US_304528|US_304528|F2F_CALL|MEDSCAPE_EMAIL|1
LOW|US_304528|US_304528|F2F_CALL|MEDSCAPE_POC|1
LOW|US_304528|US_304528|F2F_CALL|NUMEDIS_MDMINUTE|1
LOW|US_304528|US_304528|F2F_CALL|VEEVA_EMAIL|1
LOW|US_304528|US_304528|HQ_EMAIL|DOXIMITY_ALERT|1
LOW|US_304528|US_304528|HQ_EMAIL|EDH_PROFLOW_EDMU|1
LOW|US_304528|US_304528|HQ_EMAIL|F2F_CALL|1
LOW|US_304528|US_304528|HQ_EMAIL|MEDSCAPE_ALERT|1
LOW|US_304528|US_304528|HQ_EMAIL|MEDSCAPE_POC|1
LOW|US_304528|US_304528|HQ_EMAIL|P2P|1
LOW|US_304528|US_304528|HQ_EMAIL|VEEVA_EMAIL|7
LOW|US_304528|US_304528|MEDSCAPE_ALERT|DOXIMITY_DOCSPOT|1
LOW|US_304528|US_304528|MEDSCAPE_ALERT|EDH_PROFLOW_EDMU|1
LOW|US_304528|US_304528|MEDSCAPE_ALERT|HQ_EMAIL|1
LOW|US_304528|US_304528|MEDSCAPE_ALERT|P2P|1
LOW|US_304528|US_304528|MEDSCAPE_EMAIL|DOXIMITY_ALERT|1
LOW|US_304528|US_304528|MEDSCAPE_EMAIL|DOXIMITY_DOCSPOT|1
LOW|US_304528|US_304528|MEDSCAPE_EMAIL|HQ_EMAIL|1
LOW|US_304528|US_304528|MEDSCAPE_EMAIL|MEDSCAPE_ALERT|7
LOW|US_304528|US_304528|MEDSCAPE_EMAIL|MEDSCAPE_EMAIL|7
LOW|US_304528|US_304528|MEDSCAPE_EMAIL|NUMEDIS_MDMINUTE|1
LOW|US_304528|US_304528|MEDSCAPE_EMAIL|P2P|1
LOW|US_304528|US_304528|MEDSCAPE_EMAIL|VEEVA_EMAIL|1
LOW|US_304528|US_304528|MEDSCAPE_POC|EDH_PROFLOW_RDMU|1
LOW|US_304528|US_304528|MEDSCAPE_POC|EPOCRATES_ALERT|1
LOW|US_304528|US_304528|MEDSCAPE_POC|F2F_CALL|1
THYROID_C|RET|RET|THYROID_MEDSCAPE_EMAIL|LUNG_VEEVA_EMAIL|1
THYROID_C|RET|RET|THYROID_MEDSCAPE_EMAIL|OVERALL_DOXIMITY_ALERT|1
THYROID_C|RET|RET|THYROID_MEDSCAPE_EMAIL|OVERALL_F2F_CALL|1
THYROID_C|RET|RET|THYROID_MEDSCAPE_EMAIL|OVERALL_MEDSCAPE_EMAIL|28
THYROID_C|RET|RET|THYROID_MEDSCAPE_EMAIL|OVERALL_P2P|1
THYROID_C|RET|RET|THYROID_MEDSCAPE_EMAIL|OVERALL_VEEVA_EMAIL|1
THYROID_C|RET|RET|THYROID_MEDSCAPE_EMAIL|THYROID_DOXIMITY_ALERT|1
THYROID_C|RET|RET|THYROID_MEDSCAPE_EMAIL|THYROID_F2F_CALL|1
THYROID_C|RET|RET|THYROID_MEDSCAPE_EMAIL|THYROID_HQ_EMAIL|1
THYROID_C|RET|RET|THYROID_MEDSCAPE_EMAIL|THYROID_MEDSCAPE_BRANDSPOT|7
THYROID_C|RET|RET|THYROID_MEDSCAPE_EMAIL|THYROID_VEEVA_EMAIL|1
THYROID_C|RET|RET|THYROID_MEDSCAPE_POC|LUNG_HQ_EMAIL|1
THYROID_C|RET|RET|THYROID_MEDSCAPE_POC|LUNG_MEDSCAPE_ALERT|14
THYROID_C|RET|RET|THYROID_MEDSCAPE_POC|LUNG_MEDSCAPE_BRANDSPOT|14
THYROID_C|RET|RET|THYROID_MEDSCAPE_POC|LUNG_MEDSCAPE_EMAIL|7
THYROID_C|RET|RET|THYROID_MEDSCAPE_POC|LUNG_MEDSCAPE_POC|14
THYROID_C|RET|RET|THYROID_MEDSCAPE_POC|OVERALL_DOXIMITY_ALERT|1
THYROID_C|RET|RET|THYROID_MEDSCAPE_POC|OVERALL_HQ_EMAIL|1
THYROID_C|RET|RET|THYROID_MEDSCAPE_POC|OVERALL_MEDSCAPE_ALERT|14
THYROID_C|RET|RET|THYROID_MEDSCAPE_POC|OVERALL_MEDSCAPE_BRANDSPOT|14
THYROID_C|RET|RET|THYROID_MEDSCAPE_POC|OVERALL_MEDSCAPE_EMAIL|7
THYROID_C|RET|RET|THYROID_MEDSCAPE_POC|OVERALL_VEEVA_EMAIL|1
THYROID_C|RET|RET|THYROID_MEDSCAPE_POC|THYROID_DOXIMITY_ALERT|1
THYROID_C|RET|RET|THYROID_MEDSCAPE_POC|THYROID_HQ_EMAIL|1
THYROID_C|RET|RET|THYROID_MEDSCAPE_POC|THYROID_MEDSCAPE_ALERT|14
THYROID_C|RET|RET|THYROID_MEDSCAPE_POC|THYROID_MEDSCAPE_BRANDSPOT|14
THYROID_C|RET|RET|THYROID_MEDSCAPE_POC|THYROID_MEDSCAPE_POC|14
THYROID_C|RET|RET|THYROID_MEDSCAPE_POC|THYROID_VEEVA_EMAIL|1
THYROID_C|RET|RET|THYROID_VEEVA_EMAIL|LUNG_DOXIMITY_ALERT|1
THYROID_C|RET|RET|THYROID_VEEVA_EMAIL|LUNG_F2F_CALL|14
THYROID_C|RET|RET|THYROID_VEEVA_EMAIL|LUNG_MEDSCAPE_ALERT|1
THYROID_C|RET|RET|THYROID_VEEVA_EMAIL|OVERALL_DOXIMITY_ALERT|1
THYROID_C|RET|RET|THYROID_VEEVA_EMAIL|OVERALL_HQ_EMAIL|1
THYROID_C|RET|RET|THYROID_VEEVA_EMAIL|OVERALL_MEDSCAPE_BRANDSPOT|1
THYROID_C|RET|RET|THYROID_VEEVA_EMAIL|OVERALL_MEDSCAPE_EMAIL|1
THYROID_C|RET|RET|THYROID_VEEVA_EMAIL|OVERALL_MEDSCAPE_POC|1
THYROID_C|RET|RET|THYROID_VEEVA_EMAIL|OVERALL_P2P|1
THYROID_C|RET|RET|THYROID_VEEVA_EMAIL|OVERALL_VEEVA_EMAIL|14
THYROID_C|RET|RET|THYROID_VEEVA_EMAIL|THYROID_F2F_CALL|14
THYROID_C|RET|RET|THYROID_VEEVA_EMAIL|THYROID_MEDSCAPE_POC|1
THYROID_H|RET|RET|LUNG_DOXIMITY_ALERT|LUNG_F2F_CALL|1
THYROID_H|RET|RET|LUNG_DOXIMITY_ALERT|LUNG_MEDSCAPE_ALERT|1
THYROID_H|RET|RET|LUNG_DOXIMITY_ALERT|LUNG_VEEVA_EMAIL|1
THYROID_H|RET|RET|LUNG_DOXIMITY_ALERT|OVERALL_HQ_EMAIL|1
THYROID_H|RET|RET|LUNG_DOXIMITY_ALERT|OVERALL_MEDSCAPE_POC|1
THYROID_H|RET|RET|LUNG_DOXIMITY_ALERT|OVERALL_P2P|1
THYROID_H|RET|RET|LUNG_DOXIMITY_ALERT|THYROID_F2F_CALL|1
THYROID_H|RET|RET|LUNG_DOXIMITY_ALERT|THYROID_HQ_EMAIL|1
THYROID_H|RET|RET|LUNG_DOXIMITY_ALERT|THYROID_MEDSCAPE_BRANDSPOT|1
THYROID_H|RET|RET|LUNG_DOXIMITY_ALERT|THYROID_MEDSCAPE_EMAIL|1
THYROID_H|RET|RET|LUNG_DOXIMITY_ALERT|THYROID_MEDSCAPE_POC|1
THYROID_H|RET|RET|LUNG_DOXIMITY_ALERT|THYROID_VEEVA_EMAIL|1
THYROID_H|RET|RET|LUNG_F2F_CALL|LUNG_DOXIMITY_ALERT|1
THYROID_H|RET|RET|LUNG_F2F_CALL|LUNG_MEDSCAPE_ALERT|1
THYROID_H|RET|RET|LUNG_F2F_CALL|LUNG_MEDSCAPE_EMAIL|1
THYROID_H|RET|RET|LUNG_F2F_CALL|OVERALL_DOXIMITY_ALERT|1
THYROID_H|RET|RET|LUNG_F2F_CALL|OVERALL_F2F_CALL|21
THYROID_H|RET|RET|LUNG_F2F_CALL|OVERALL_HQ_EMAIL|1
THYROID_H|RET|RET|LUNG_F2F_CALL|OVERALL_MEDSCAPE_EMAIL|1
THYROID_H|RET|RET|LUNG_F2F_CALL|OVERALL_MEDSCAPE_POC|1
THYROID_H|RET|RET|LUNG_F2F_CALL|OVERALL_P2P|1
THYROID_H|RET|RET|LUNG_F2F_CALL|OVERALL_VEEVA_EMAIL|14
THYROID_H|RET|RET|LUNG_F2F_CALL|THYROID_DOXIMITY_ALERT|1
THYROID_H|RET|RET|LUNG_F2F_CALL|THYROID_F2F_CALL|21
THYROID_H|RET|RET|LUNG_F2F_CALL|THYROID_MEDSCAPE_ALERT|1
THYROID_H|RET|RET|LUNG_F2F_CALL|THYROID_MEDSCAPE_BRANDSPOT|1
THYROID_H|RET|RET|LUNG_F2F_CALL|THYROID_VEEVA_EMAIL|14
THYROID_H|RET|RET|LUNG_HQ_EMAIL|LUNG_DOXIMITY_ALERT|1
THYROID_H|RET|RET|LUNG_HQ_EMAIL|LUNG_F2F_CALL|1
THYROID_H|RET|RET|LUNG_HQ_EMAIL|LUNG_MEDSCAPE_ALERT|1
THYROID_H|RET|RET|LUNG_HQ_EMAIL|LUNG_MEDSCAPE_BRANDSPOT|1
THYROID_H|RET|RET|LUNG_HQ_EMAIL|OVERALL_DOXIMITY_ALERT|1
THYROID_H|RET|RET|LUNG_HQ_EMAIL|OVERALL_HQ_EMAIL|7
THYROID_H|RET|RET|LUNG_HQ_EMAIL|OVERALL_MEDSCAPE_BRANDSPOT|1
THYROID_H|RET|RET|LUNG_HQ_EMAIL|THYROID_MEDSCAPE_ALERT|1
THYROID_H|RET|RET|LUNG_HQ_EMAIL|THYROID_MEDSCAPE_EMAIL|1
UNKNOWN|RET|RET|OVERALL_MEDSCAPE_BRANDSPOT|OVERALL_HQ_EMAIL|1
UNKNOWN|RET|RET|OVERALL_MEDSCAPE_BRANDSPOT|OVERALL_MEDSCAPE_BRANDSPOT|14
UNKNOWN|RET|RET|OVERALL_MEDSCAPE_BRANDSPOT|OVERALL_MEDSCAPE_EMAIL|7
UNKNOWN|RET|RET|OVERALL_MEDSCAPE_BRANDSPOT|OVERALL_MEDSCAPE_POC|14
UNKNOWN|RET|RET|OVERALL_MEDSCAPE_BRANDSPOT|OVERALL_VEEVA_EMAIL|1
UNKNOWN|RET|RET|OVERALL_MEDSCAPE_BRANDSPOT|THYROID_MEDSCAPE_ALERT|14
UNKNOWN|RET|RET|OVERALL_MEDSCAPE_BRANDSPOT|THYROID_MEDSCAPE_BRANDSPOT|14
UNKNOWN|RET|RET|OVERALL_MEDSCAPE_BRANDSPOT|THYROID_MEDSCAPE_POC|14
UNKNOWN|RET|RET|OVERALL_MEDSCAPE_EMAIL|LUNG_F2F_CALL|1
UNKNOWN|RET|RET|OVERALL_MEDSCAPE_EMAIL|LUNG_HQ_EMAIL|1
UNKNOWN|RET|RET|OVERALL_MEDSCAPE_EMAIL|LUNG_MEDSCAPE_BRANDSPOT|7
UNKNOWN|RET|RET|OVERALL_MEDSCAPE_EMAIL|LUNG_VEEVA_EMAIL|1
UNKNOWN|RET|RET|OVERALL_MEDSCAPE_EMAIL|OVERALL_DOXIMITY_ALERT|1
UNKNOWN|RET|RET|OVERALL_MEDSCAPE_EMAIL|OVERALL_MEDSCAPE_ALERT|7
UNKNOWN|RET|RET|OVERALL_MEDSCAPE_EMAIL|OVERALL_MEDSCAPE_EMAIL|28
UNKNOWN|RET|RET|OVERALL_MEDSCAPE_EMAIL|OVERALL_MEDSCAPE_POC|7
UNKNOWN|RET|RET|OVERALL_MEDSCAPE_EMAIL|OVERALL_VEEVA_EMAIL|1
UNKNOWN|RET|RET|OVERALL_MEDSCAPE_EMAIL|THYROID_F2F_CALL|1
UNKNOWN|RET|RET|OVERALL_MEDSCAPE_EMAIL|THYROID_MEDSCAPE_EMAIL|28
UNKNOWN|RET|RET|OVERALL_MEDSCAPE_EMAIL|THYROID_VEEVA_EMAIL|1
UNKNOWN|RET|RET|OVERALL_MEDSCAPE_POC|LUNG_MEDSCAPE_ALERT|14
UNKNOWN|RET|RET|OVERALL_MEDSCAPE_POC|LUNG_MEDSCAPE_EMAIL|7
UNKNOWN|RET|RET|OVERALL_MEDSCAPE_POC|LUNG_VEEVA_EMAIL|1
UNKNOWN|RET|RET|OVERALL_MEDSCAPE_POC|OVERALL_DOXIMITY_ALERT|1
UNKNOWN|RET|RET|OVERALL_MEDSCAPE_POC|OVERALL_HQ_EMAIL|1
UNKNOWN|RET|RET|OVERALL_MEDSCAPE_POC|OVERALL_MEDSCAPE_ALERT|14
UNKNOWN|RET|RET|OVERALL_MEDSCAPE_POC|OVERALL_P2P|1
UNKNOWN|RET|RET|OVERALL_MEDSCAPE_POC|THYROID_DOXIMITY_ALERT|1
UNKNOWN|RET|RET|OVERALL_MEDSCAPE_POC|THYROID_F2F_CALL|1
UNKNOWN|RET|RET|OVERALL_MEDSCAPE_POC|THYROID_MEDSCAPE_ALERT|14
UNKNOWN|RET|RET|OVERALL_MEDSCAPE_POC|THYROID_MEDSCAPE_POC|14
UNKNOWN|RET|RET|OVERALL_MEDSCAPE_POC|THYROID_VEEVA_EMAIL|1
UNKNOWN|RET|RET|OVERALL_P2P|LUNG_HQ_EMAIL|1
UNKNOWN|RET|RET|OVERALL_P2P|LUNG_MEDSCAPE_ALERT|1
UNKNOWN|RET|RET|OVERALL_P2P|LUNG_MEDSCAPE_EMAIL|1
UNKNOWN|RET|RET|OVERALL_P2P|LUNG_MEDSCAPE_POC|1
UNKNOWN|RET|RET|OVERALL_P2P|OVERALL_F2F_CALL|1
UNKNOWN|RET|RET|OVERALL_P2P|OVERALL_MEDSCAPE_BRANDSPOT|1
UNKNOWN|RET|RET|OVERALL_P2P|OVERALL_MEDSCAPE_POC|1
UNKNOWN|RET|RET|OVERALL_P2P|OVERALL_P2P|21
UNKNOWN|RET|RET|OVERALL_P2P|OVERALL_VEEVA_EMAIL|1
UNKNOWN|RET|RET|OVERALL_P2P|THYROID_HQ_EMAIL|1
UNKNOWN|RET|RET|OVERALL_P2P|THYROID_MEDSCAPE_ALERT|1
UNKNOWN|RET|RET|OVERALL_P2P|THYROID_MEDSCAPE_BRANDSPOT|1
UNKNOWN|RET|RET|OVERALL_VEEVA_EMAIL|LUNG_DOXIMITY_ALERT|1
UNKNOWN|RET|RET|OVERALL_VEEVA_EMAIL|LUNG_HQ_EMAIL|1
UNKNOWN|RET|RET|OVERALL_VEEVA_EMAIL|LUNG_MEDSCAPE_ALERT|1
UNKNOWN|RET|RET|OVERALL_VEEVA_EMAIL|LUNG_MEDSCAPE_EMAIL|1
UNKNOWN|RET|RET|OVERALL_VEEVA_EMAIL|LUNG_MEDSCAPE_POC|1
UNKNOWN|RET|RET|OVERALL_VEEVA_EMAIL|LUNG_VEEVA_EMAIL|21
UNKNOWN|RET|RET|OVERALL_VEEVA_EMAIL|OVERALL_VEEVA_EMAIL|21
UNKNOWN|RET|RET|OVERALL_VEEVA_EMAIL|THYROID_DOXIMITY_ALERT|1
UNKNOWN|RET|RET|OVERALL_VEEVA_EMAIL|THYROID_F2F_CALL|21
UNKNOWN|RET|RET|OVERALL_VEEVA_EMAIL|THYROID_MEDSCAPE_ALERT|1
UNKNOWN|RET|RET|OVERALL_VEEVA_EMAIL|THYROID_MEDSCAPE_BRANDSPOT|1
UNKNOWN|RET|RET|OVERALL_VEEVA_EMAIL|THYROID_MEDSCAPE_EMAIL|1
UNKNOWN|RET|RET|OVERALL_VEEVA_EMAIL|THYROID_MEDSCAPE_POC|1
UNKNOWN|RET|RET|THYROID_DOXIMITY_ALERT|LUNG_DOXIMITY_ALERT|28
UNKNOWN|RET|RET|THYROID_DOXIMITY_ALERT|LUNG_MEDSCAPE_ALERT|1
UNKNOWN|RET|RET|THYROID_DOXIMITY_ALERT|LUNG_MEDSCAPE_EMAIL|1
UNKNOWN|RET|RET|THYROID_DOXIMITY_ALERT|LUNG_MEDSCAPE_POC|1
UNKNOWN|RET|RET|THYROID_DOXIMITY_ALERT|LUNG_VEEVA_EMAIL|1
UNKNOWN|RET|RET|THYROID_DOXIMITY_ALERT|OVERALL_F2F_CALL|1
UNKNOWN|RET|RET|THYROID_DOXIMITY_ALERT|OVERALL_MEDSCAPE_POC|1
UNKNOWN|RET|RET|THYROID_DOXIMITY_ALERT|THYROID_MEDSCAPE_EMAIL|1
UNKNOWN|RET|RET|THYROID_DOXIMITY_ALERT|THYROID_MEDSCAPE_POC|1
UNKNOWN|RET|RET|THYROID_F2F_CALL|LUNG_DOXIMITY_ALERT|1
UNKNOWN|RET|RET|THYROID_F2F_CALL|LUNG_MEDSCAPE_EMAIL|1
UNKNOWN|RET|RET|THYROID_F2F_CALL|LUNG_MEDSCAPE_POC|1
UNKNOWN|RET|RET|THYROID_F2F_CALL|LUNG_VEEVA_EMAIL|21
UNKNOWN|RET|RET|THYROID_F2F_CALL|OVERALL_DOXIMITY_ALERT|1
UNKNOWN|RET|RET|THYROID_F2F_CALL|OVERALL_F2F_CALL|28
UNKNOWN|RET|RET|THYROID_F2F_CALL|OVERALL_MEDSCAPE_POC|1
UNKNOWN|RET|RET|THYROID_F2F_CALL|OVERALL_P2P|1
UNKNOWN|RET|RET|THYROID_F2F_CALL|OVERALL_VEEVA_EMAIL|21
UNKNOWN|RET|RET|THYROID_F2F_CALL|THYROID_DOXIMITY_ALERT|1
UNKNOWN|RET|RET|THYROID_F2F_CALL|THYROID_F2F_CALL|28
UNKNOWN|RET|RET|THYROID_F2F_CALL|THYROID_HQ_EMAIL|1
OVERALL_C|RET|RET|THYROID_MEDSCAPE_ALERT|OVERALL_P2P|1
OVERALL_C|RET|RET|THYROID_MEDSCAPE_ALERT|OVERALL_VEEVA_EMAIL|1
OVERALL_C|RET|RET|THYROID_MEDSCAPE_ALERT|THYROID_DOXIMITY_ALERT|1
OVERALL_C|RET|RET|THYROID_MEDSCAPE_ALERT|THYROID_F2F_CALL|1
OVERALL_C|RET|RET|THYROID_MEDSCAPE_ALERT|THYROID_HQ_EMAIL|1
OVERALL_C|RET|RET|THYROID_MEDSCAPE_ALERT|THYROID_MEDSCAPE_EMAIL|7
OVERALL_C|RET|RET|THYROID_MEDSCAPE_ALERT|THYROID_VEEVA_EMAIL|1
OVERALL_C|RET|RET|THYROID_MEDSCAPE_BRANDSPOT|LUNG_F2F_CALL|1
OVERALL_C|RET|RET|THYROID_MEDSCAPE_BRANDSPOT|LUNG_MEDSCAPE_BRANDSPOT|14
OVERALL_C|RET|RET|THYROID_MEDSCAPE_BRANDSPOT|LUNG_MEDSCAPE_EMAIL|7
OVERALL_C|RET|RET|THYROID_MEDSCAPE_BRANDSPOT|LUNG_MEDSCAPE_POC|14
OVERALL_C|RET|RET|THYROID_MEDSCAPE_BRANDSPOT|OVERALL_HQ_EMAIL|1
OVERALL_C|RET|RET|THYROID_MEDSCAPE_BRANDSPOT|OVERALL_MEDSCAPE_ALERT|14
OVERALL_C|RET|RET|THYROID_MEDSCAPE_BRANDSPOT|OVERALL_P2P|1
OVERALL_C|RET|RET|THYROID_MEDSCAPE_BRANDSPOT|OVERALL_VEEVA_EMAIL|1
OVERALL_C|RET|RET|THYROID_MEDSCAPE_BRANDSPOT|THYROID_DOXIMITY_ALERT|1
OVERALL_C|RET|RET|THYROID_MEDSCAPE_BRANDSPOT|THYROID_F2F_CALL|1
OVERALL_C|RET|RET|THYROID_MEDSCAPE_BRANDSPOT|THYROID_HQ_EMAIL|1
OVERALL_C|RET|RET|THYROID_MEDSCAPE_BRANDSPOT|THYROID_MEDSCAPE_EMAIL|7
OVERALL_C|RET|RET|THYROID_MEDSCAPE_BRANDSPOT|THYROID_MEDSCAPE_POC|14
OVERALL_C|RET|RET|THYROID_MEDSCAPE_BRANDSPOT|THYROID_VEEVA_EMAIL|1
OVERALL_C|RET|RET|THYROID_MEDSCAPE_EMAIL|LUNG_F2F_CALL|1
OVERALL_C|RET|RET|THYROID_MEDSCAPE_EMAIL|LUNG_MEDSCAPE_ALERT|7
OVERALL_C|RET|RET|THYROID_MEDSCAPE_EMAIL|LUNG_MEDSCAPE_EMAIL|28
OVERALL_C|RET|RET|THYROID_MEDSCAPE_EMAIL|LUNG_MEDSCAPE_POC|1
OVERALL_C|RET|RET|THYROID_MEDSCAPE_EMAIL|LUNG_VEEVA_EMAIL|1
OVERALL_C|RET|RET|THYROID_MEDSCAPE_EMAIL|OVERALL_MEDSCAPE_ALERT|7
OVERALL_C|RET|RET|THYROID_MEDSCAPE_EMAIL|OVERALL_MEDSCAPE_EMAIL|28
OVERALL_C|RET|RET|THYROID_MEDSCAPE_EMAIL|OVERALL_MEDSCAPE_POC|7
OVERALL_C|RET|RET|THYROID_MEDSCAPE_EMAIL|OVERALL_VEEVA_EMAIL|1
OVERALL_C|RET|RET|THYROID_MEDSCAPE_EMAIL|THYROID_F2F_CALL|1
OVERALL_C|RET|RET|THYROID_MEDSCAPE_EMAIL|THYROID_HQ_EMAIL|1
OVERALL_C|RET|RET|THYROID_MEDSCAPE_EMAIL|THYROID_MEDSCAPE_POC|7
OVERALL_C|RET|RET|THYROID_MEDSCAPE_POC|LUNG_F2F_CALL|1
OVERALL_C|RET|RET|THYROID_MEDSCAPE_POC|LUNG_MEDSCAPE_BRANDSPOT|14
OVERALL_C|RET|RET|THYROID_MEDSCAPE_POC|LUNG_VEEVA_EMAIL|1
OVERALL_C|RET|RET|THYROID_MEDSCAPE_POC|OVERALL_DOXIMITY_ALERT|1
OVERALL_C|RET|RET|THYROID_MEDSCAPE_POC|OVERALL_F2F_CALL|1
OVERALL_C|RET|RET|THYROID_MEDSCAPE_POC|OVERALL_HQ_EMAIL|1
OVERALL_C|RET|RET|THYROID_MEDSCAPE_POC|OVERALL_MEDSCAPE_BRANDSPOT|14
OVERALL_C|RET|RET|THYROID_MEDSCAPE_POC|OVERALL_MEDSCAPE_EMAIL|7
OVERALL_C|RET|RET|THYROID_MEDSCAPE_POC|OVERALL_MEDSCAPE_POC|14
OVERALL_C|RET|RET|THYROID_MEDSCAPE_POC|THYROID_DOXIMITY_ALERT|1
OVERALL_C|RET|RET|THYROID_MEDSCAPE_POC|THYROID_F2F_CALL|1
OVERALL_C|RET|RET|THYROID_MEDSCAPE_POC|THYROID_HQ_EMAIL|1
OVERALL_C|RET|RET|THYROID_MEDSCAPE_POC|THYROID_MEDSCAPE_ALERT|14
OVERALL_C|RET|RET|THYROID_MEDSCAPE_POC|THYROID_VEEVA_EMAIL|1
OVERALL_C|RET|RET|THYROID_VEEVA_EMAIL|LUNG_DOXIMITY_ALERT|1
OVERALL_C|RET|RET|THYROID_VEEVA_EMAIL|LUNG_HQ_EMAIL|1
OVERALL_C|RET|RET|THYROID_VEEVA_EMAIL|LUNG_MEDSCAPE_ALERT|1
OVERALL_C|RET|RET|THYROID_VEEVA_EMAIL|LUNG_MEDSCAPE_BRANDSPOT|1
OVERALL_C|RET|RET|THYROID_VEEVA_EMAIL|LUNG_MEDSCAPE_EMAIL|1
OVERALL_C|RET|RET|THYROID_VEEVA_EMAIL|OVERALL_DOXIMITY_ALERT|1
OVERALL_C|RET|RET|THYROID_VEEVA_EMAIL|OVERALL_MEDSCAPE_BRANDSPOT|1
OVERALL_C|RET|RET|THYROID_VEEVA_EMAIL|OVERALL_P2P|1
OVERALL_C|RET|RET|THYROID_VEEVA_EMAIL|OVERALL_VEEVA_EMAIL|14
OVERALL_C|RET|RET|THYROID_VEEVA_EMAIL|THYROID_DOXIMITY_ALERT|1
OVERALL_C|RET|RET|THYROID_VEEVA_EMAIL|THYROID_F2F_CALL|14
OVERALL_C|RET|RET|THYROID_VEEVA_EMAIL|THYROID_MEDSCAPE_ALERT|1
OVERALL_C|RET|RET|THYROID_VEEVA_EMAIL|THYROID_MEDSCAPE_BRANDSPOT|1
OVERALL_C|RET|RET|THYROID_VEEVA_EMAIL|THYROID_MEDSCAPE_EMAIL|1
OVERALL_H|RET|RET|LUNG_DOXIMITY_ALERT|LUNG_DOXIMITY_ALERT|28
OVERALL_H|RET|RET|LUNG_DOXIMITY_ALERT|LUNG_F2F_CALL|1
OVERALL_H|RET|RET|LUNG_DOXIMITY_ALERT|LUNG_HQ_EMAIL|1
OVERALL_H|RET|RET|LUNG_DOXIMITY_ALERT|LUNG_MEDSCAPE_BRANDSPOT|1
OVERALL_H|RET|RET|LUNG_DOXIMITY_ALERT|LUNG_MEDSCAPE_POC|1
OVERALL_H|RET|RET|LUNG_DOXIMITY_ALERT|LUNG_VEEVA_EMAIL|1
OVERALL_H|RET|RET|LUNG_DOXIMITY_ALERT|OVERALL_DOXIMITY_ALERT|28
OVERALL_H|RET|RET|LUNG_DOXIMITY_ALERT|OVERALL_HQ_EMAIL|1
OVERALL_H|RET|RET|LUNG_DOXIMITY_ALERT|OVERALL_MEDSCAPE_EMAIL|1
OVERALL_H|RET|RET|LUNG_DOXIMITY_ALERT|OVERALL_MEDSCAPE_POC|1
OVERALL_H|RET|RET|LUNG_DOXIMITY_ALERT|THYROID_F2F_CALL|1
OVERALL_H|RET|RET|LUNG_DOXIMITY_ALERT|THYROID_HQ_EMAIL|1
THYROID_H|RET|RET|OVERALL_VEEVA_EMAIL|OVERALL_MEDSCAPE_BRANDSPOT|1
THYROID_H|RET|RET|OVERALL_VEEVA_EMAIL|OVERALL_MEDSCAPE_EMAIL|1
THYROID_H|RET|RET|OVERALL_VEEVA_EMAIL|OVERALL_MEDSCAPE_POC|1
THYROID_H|RET|RET|OVERALL_VEEVA_EMAIL|OVERALL_VEEVA_EMAIL|14
THYROID_H|RET|RET|THYROID_DOXIMITY_ALERT|LUNG_DOXIMITY_ALERT|28
THYROID_H|RET|RET|THYROID_DOXIMITY_ALERT|LUNG_F2F_CALL|1
THYROID_H|RET|RET|THYROID_DOXIMITY_ALERT|LUNG_HQ_EMAIL|1
THYROID_H|RET|RET|THYROID_DOXIMITY_ALERT|LUNG_MEDSCAPE_EMAIL|1
THYROID_H|RET|RET|THYROID_DOXIMITY_ALERT|LUNG_MEDSCAPE_POC|1
THYROID_H|RET|RET|THYROID_DOXIMITY_ALERT|LUNG_VEEVA_EMAIL|1
THYROID_H|RET|RET|THYROID_DOXIMITY_ALERT|OVERALL_F2F_CALL|1
THYROID_H|RET|RET|THYROID_DOXIMITY_ALERT|OVERALL_MEDSCAPE_ALERT|1
THYROID_H|RET|RET|THYROID_DOXIMITY_ALERT|OVERALL_MEDSCAPE_EMAIL|1
THYROID_H|RET|RET|THYROID_DOXIMITY_ALERT|THYROID_F2F_CALL|1
THYROID_H|RET|RET|THYROID_DOXIMITY_ALERT|THYROID_HQ_EMAIL|1
THYROID_H|RET|RET|THYROID_DOXIMITY_ALERT|THYROID_MEDSCAPE_BRANDSPOT|1
THYROID_H|RET|RET|THYROID_DOXIMITY_ALERT|THYROID_MEDSCAPE_POC|1
THYROID_H|RET|RET|THYROID_DOXIMITY_ALERT|THYROID_VEEVA_EMAIL|1
THYROID_H|RET|RET|THYROID_F2F_CALL|LUNG_DOXIMITY_ALERT|1
THYROID_H|RET|RET|THYROID_F2F_CALL|LUNG_F2F_CALL|21
THYROID_H|RET|RET|THYROID_F2F_CALL|LUNG_MEDSCAPE_BRANDSPOT|1
THYROID_H|RET|RET|THYROID_F2F_CALL|LUNG_MEDSCAPE_EMAIL|1
THYROID_H|RET|RET|THYROID_F2F_CALL|LUNG_MEDSCAPE_POC|1
THYROID_H|RET|RET|THYROID_F2F_CALL|OVERALL_DOXIMITY_ALERT|1
THYROID_H|RET|RET|THYROID_F2F_CALL|OVERALL_MEDSCAPE_ALERT|1
THYROID_H|RET|RET|THYROID_F2F_CALL|OVERALL_MEDSCAPE_EMAIL|1
THYROID_H|RET|RET|THYROID_F2F_CALL|OVERALL_MEDSCAPE_POC|1
THYROID_H|RET|RET|THYROID_F2F_CALL|OVERALL_P2P|1
THYROID_H|RET|RET|THYROID_F2F_CALL|OVERALL_VEEVA_EMAIL|14
THYROID_H|RET|RET|THYROID_F2F_CALL|THYROID_DOXIMITY_ALERT|1
THYROID_H|RET|RET|THYROID_F2F_CALL|THYROID_F2F_CALL|21
THYROID_H|RET|RET|THYROID_F2F_CALL|THYROID_HQ_EMAIL|1
THYROID_H|RET|RET|THYROID_F2F_CALL|THYROID_MEDSCAPE_EMAIL|1
THYROID_H|RET|RET|THYROID_F2F_CALL|THYROID_VEEVA_EMAIL|14
THYROID_H|RET|RET|THYROID_HQ_EMAIL|LUNG_HQ_EMAIL|7
THYROID_H|RET|RET|THYROID_HQ_EMAIL|LUNG_MEDSCAPE_ALERT|1
THYROID_H|RET|RET|THYROID_HQ_EMAIL|LUNG_MEDSCAPE_BRANDSPOT|1
THYROID_H|RET|RET|THYROID_HQ_EMAIL|LUNG_VEEVA_EMAIL|1
THYROID_H|RET|RET|THYROID_HQ_EMAIL|OVERALL_DOXIMITY_ALERT|1
THYROID_H|RET|RET|THYROID_HQ_EMAIL|OVERALL_F2F_CALL|1
THYROID_H|RET|RET|THYROID_HQ_EMAIL|OVERALL_HQ_EMAIL|7
THYROID_H|RET|RET|THYROID_HQ_EMAIL|OVERALL_VEEVA_EMAIL|1
THYROID_H|RET|RET|THYROID_HQ_EMAIL|THYROID_F2F_CALL|1
THYROID_H|RET|RET|THYROID_HQ_EMAIL|THYROID_HQ_EMAIL|7
THYROID_H|RET|RET|THYROID_HQ_EMAIL|THYROID_MEDSCAPE_ALERT|1
THYROID_H|RET|RET|THYROID_HQ_EMAIL|THYROID_MEDSCAPE_EMAIL|1
THYROID_H|RET|RET|THYROID_HQ_EMAIL|THYROID_MEDSCAPE_POC|1
THYROID_H|RET|RET|THYROID_MEDSCAPE_ALERT|LUNG_DOXIMITY_ALERT|1
THYROID_H|RET|RET|THYROID_MEDSCAPE_ALERT|LUNG_F2F_CALL|1
THYROID_H|RET|RET|THYROID_MEDSCAPE_ALERT|LUNG_MEDSCAPE_ALERT|28
THYROID_H|RET|RET|THYROID_MEDSCAPE_ALERT|LUNG_MEDSCAPE_BRANDSPOT|14
THYROID_H|RET|RET|THYROID_MEDSCAPE_ALERT|LUNG_MEDSCAPE_EMAIL|7
THYROID_H|RET|RET|THYROID_MEDSCAPE_ALERT|LUNG_VEEVA_EMAIL|1
THYROID_H|RET|RET|THYROID_MEDSCAPE_ALERT|OVERALL_DOXIMITY_ALERT|1
THYROID_H|RET|RET|THYROID_MEDSCAPE_ALERT|OVERALL_F2F_CALL|1
THYROID_H|RET|RET|THYROID_MEDSCAPE_ALERT|OVERALL_MEDSCAPE_BRANDSPOT|14
THYROID_H|RET|RET|THYROID_MEDSCAPE_ALERT|THYROID_DOXIMITY_ALERT|1
THYROID_H|RET|RET|THYROID_MEDSCAPE_ALERT|THYROID_F2F_CALL|1
THYROID_H|RET|RET|THYROID_MEDSCAPE_ALERT|THYROID_HQ_EMAIL|1
THYROID_H|RET|RET|THYROID_MEDSCAPE_ALERT|THYROID_VEEVA_EMAIL|1
THYROID_H|RET|RET|THYROID_MEDSCAPE_BRANDSPOT|LUNG_MEDSCAPE_BRANDSPOT|14
THYROID_H|RET|RET|THYROID_MEDSCAPE_BRANDSPOT|LUNG_MEDSCAPE_POC|14
THYROID_H|RET|RET|THYROID_MEDSCAPE_BRANDSPOT|OVERALL_F2F_CALL|1
THYROID_H|RET|RET|THYROID_MEDSCAPE_BRANDSPOT|OVERALL_MEDSCAPE_ALERT|14
THYROID_H|RET|RET|THYROID_MEDSCAPE_BRANDSPOT|OVERALL_MEDSCAPE_POC|14
THYROID_H|RET|RET|THYROID_MEDSCAPE_BRANDSPOT|OVERALL_P2P|1
THYROID_H|RET|RET|THYROID_MEDSCAPE_BRANDSPOT|OVERALL_VEEVA_EMAIL|1
THYROID_H|RET|RET|THYROID_MEDSCAPE_BRANDSPOT|THYROID_DOXIMITY_ALERT|1
THYROID_H|RET|RET|THYROID_MEDSCAPE_BRANDSPOT|THYROID_MEDSCAPE_EMAIL|7
THYROID_H|RET|RET|THYROID_MEDSCAPE_BRANDSPOT|THYROID_MEDSCAPE_POC|14
THYROID_H|RET|RET|THYROID_MEDSCAPE_BRANDSPOT|THYROID_VEEVA_EMAIL|1
THYROID_H|RET|RET|THYROID_MEDSCAPE_EMAIL|LUNG_F2F_CALL|1
THYROID_H|RET|RET|THYROID_MEDSCAPE_EMAIL|LUNG_MEDSCAPE_EMAIL|28
THYROID_H|RET|RET|THYROID_MEDSCAPE_EMAIL|LUNG_MEDSCAPE_POC|1
UNKNOWN|RET|RET|THYROID_HQ_EMAIL|THYROID_F2F_CALL|1
UNKNOWN|RET|RET|THYROID_HQ_EMAIL|THYROID_MEDSCAPE_EMAIL|1
UNKNOWN|RET|RET|THYROID_HQ_EMAIL|THYROID_MEDSCAPE_POC|1
UNKNOWN|RET|RET|THYROID_HQ_EMAIL|THYROID_VEEVA_EMAIL|1
UNKNOWN|RET|RET|THYROID_MEDSCAPE_ALERT|LUNG_DOXIMITY_ALERT|1
UNKNOWN|RET|RET|THYROID_MEDSCAPE_ALERT|LUNG_F2F_CALL|1
UNKNOWN|RET|RET|THYROID_MEDSCAPE_ALERT|LUNG_HQ_EMAIL|1
UNKNOWN|RET|RET|THYROID_MEDSCAPE_ALERT|LUNG_MEDSCAPE_ALERT|28
UNKNOWN|RET|RET|THYROID_MEDSCAPE_ALERT|LUNG_VEEVA_EMAIL|1
UNKNOWN|RET|RET|THYROID_MEDSCAPE_ALERT|OVERALL_F2F_CALL|1
UNKNOWN|RET|RET|THYROID_MEDSCAPE_ALERT|OVERALL_HQ_EMAIL|1
UNKNOWN|RET|RET|THYROID_MEDSCAPE_ALERT|OVERALL_VEEVA_EMAIL|1
UNKNOWN|RET|RET|THYROID_MEDSCAPE_ALERT|THYROID_DOXIMITY_ALERT|1
UNKNOWN|RET|RET|THYROID_MEDSCAPE_ALERT|THYROID_MEDSCAPE_EMAIL|7
UNKNOWN|RET|RET|THYROID_MEDSCAPE_ALERT|THYROID_MEDSCAPE_POC|14
UNKNOWN|RET|RET|THYROID_MEDSCAPE_ALERT|THYROID_VEEVA_EMAIL|1
UNKNOWN|RET|RET|THYROID_MEDSCAPE_BRANDSPOT|LUNG_F2F_CALL|1
UNKNOWN|RET|RET|THYROID_MEDSCAPE_BRANDSPOT|LUNG_MEDSCAPE_ALERT|14
UNKNOWN|RET|RET|THYROID_MEDSCAPE_BRANDSPOT|LUNG_MEDSCAPE_BRANDSPOT|14
UNKNOWN|RET|RET|THYROID_MEDSCAPE_BRANDSPOT|LUNG_MEDSCAPE_EMAIL|7
UNKNOWN|RET|RET|THYROID_MEDSCAPE_BRANDSPOT|LUNG_VEEVA_EMAIL|1
UNKNOWN|RET|RET|THYROID_MEDSCAPE_BRANDSPOT|OVERALL_DOXIMITY_ALERT|1
UNKNOWN|RET|RET|THYROID_MEDSCAPE_BRANDSPOT|OVERALL_MEDSCAPE_ALERT|14
UNKNOWN|RET|RET|THYROID_MEDSCAPE_BRANDSPOT|OVERALL_MEDSCAPE_BRANDSPOT|14
UNKNOWN|RET|RET|THYROID_MEDSCAPE_BRANDSPOT|OVERALL_MEDSCAPE_EMAIL|7
UNKNOWN|RET|RET|THYROID_MEDSCAPE_BRANDSPOT|OVERALL_P2P|1
UNKNOWN|RET|RET|THYROID_MEDSCAPE_BRANDSPOT|THYROID_DOXIMITY_ALERT|1
UNKNOWN|RET|RET|THYROID_MEDSCAPE_BRANDSPOT|THYROID_F2F_CALL|1
UNKNOWN|RET|RET|THYROID_MEDSCAPE_BRANDSPOT|THYROID_MEDSCAPE_BRANDSPOT|14
UNKNOWN|RET|RET|THYROID_MEDSCAPE_BRANDSPOT|THYROID_MEDSCAPE_EMAIL|7
UNKNOWN|RET|RET|THYROID_MEDSCAPE_EMAIL|LUNG_F2F_CALL|1
UNKNOWN|RET|RET|THYROID_MEDSCAPE_EMAIL|LUNG_HQ_EMAIL|1
UNKNOWN|RET|RET|THYROID_MEDSCAPE_EMAIL|LUNG_MEDSCAPE_ALERT|7
UNKNOWN|RET|RET|THYROID_MEDSCAPE_EMAIL|LUNG_MEDSCAPE_EMAIL|28
UNKNOWN|RET|RET|THYROID_MEDSCAPE_EMAIL|LUNG_MEDSCAPE_POC|1
UNKNOWN|RET|RET|THYROID_MEDSCAPE_EMAIL|LUNG_VEEVA_EMAIL|1
UNKNOWN|RET|RET|THYROID_MEDSCAPE_EMAIL|OVERALL_DOXIMITY_ALERT|1
UNKNOWN|RET|RET|THYROID_MEDSCAPE_EMAIL|OVERALL_F2F_CALL|1
UNKNOWN|RET|RET|THYROID_MEDSCAPE_EMAIL|OVERALL_MEDSCAPE_BRANDSPOT|7
UNKNOWN|RET|RET|THYROID_MEDSCAPE_EMAIL|OVERALL_P2P|1
UNKNOWN|RET|RET|THYROID_MEDSCAPE_EMAIL|OVERALL_VEEVA_EMAIL|1
UNKNOWN|RET|RET|THYROID_MEDSCAPE_EMAIL|THYROID_DOXIMITY_ALERT|1
UNKNOWN|RET|RET|THYROID_MEDSCAPE_EMAIL|THYROID_F2F_CALL|1
UNKNOWN|RET|RET|THYROID_MEDSCAPE_EMAIL|THYROID_MEDSCAPE_EMAIL|28
UNKNOWN|RET|RET|THYROID_MEDSCAPE_EMAIL|THYROID_VEEVA_EMAIL|1
UNKNOWN|RET|RET|THYROID_MEDSCAPE_POC|LUNG_F2F_CALL|1
UNKNOWN|RET|RET|THYROID_MEDSCAPE_POC|LUNG_MEDSCAPE_ALERT|14
UNKNOWN|RET|RET|THYROID_MEDSCAPE_POC|LUNG_MEDSCAPE_BRANDSPOT|14
UNKNOWN|RET|RET|THYROID_MEDSCAPE_POC|LUNG_MEDSCAPE_EMAIL|7
UNKNOWN|RET|RET|THYROID_MEDSCAPE_POC|LUNG_MEDSCAPE_POC|14
UNKNOWN|RET|RET|THYROID_MEDSCAPE_POC|OVERALL_DOXIMITY_ALERT|1
UNKNOWN|RET|RET|THYROID_MEDSCAPE_POC|OVERALL_F2F_CALL|1
UNKNOWN|RET|RET|THYROID_MEDSCAPE_POC|OVERALL_MEDSCAPE_ALERT|14
UNKNOWN|RET|RET|THYROID_MEDSCAPE_POC|OVERALL_MEDSCAPE_BRANDSPOT|14
UNKNOWN|RET|RET|THYROID_MEDSCAPE_POC|THYROID_DOXIMITY_ALERT|1
UNKNOWN|RET|RET|THYROID_MEDSCAPE_POC|THYROID_F2F_CALL|1
UNKNOWN|RET|RET|THYROID_MEDSCAPE_POC|THYROID_MEDSCAPE_BRANDSPOT|14
UNKNOWN|RET|RET|THYROID_MEDSCAPE_POC|THYROID_MEDSCAPE_POC|14
UNKNOWN|RET|RET|THYROID_VEEVA_EMAIL|LUNG_DOXIMITY_ALERT|1
UNKNOWN|RET|RET|THYROID_VEEVA_EMAIL|LUNG_HQ_EMAIL|1
UNKNOWN|RET|RET|THYROID_VEEVA_EMAIL|LUNG_MEDSCAPE_BRANDSPOT|1
UNKNOWN|RET|RET|THYROID_VEEVA_EMAIL|LUNG_MEDSCAPE_EMAIL|1
UNKNOWN|RET|RET|THYROID_VEEVA_EMAIL|LUNG_MEDSCAPE_POC|1
UNKNOWN|RET|RET|THYROID_VEEVA_EMAIL|OVERALL_DOXIMITY_ALERT|1
UNKNOWN|RET|RET|THYROID_VEEVA_EMAIL|OVERALL_MEDSCAPE_POC|1
UNKNOWN|RET|RET|THYROID_VEEVA_EMAIL|OVERALL_P2P|1
UNKNOWN|RET|RET|THYROID_VEEVA_EMAIL|OVERALL_VEEVA_EMAIL|21
UNKNOWN|RET|RET|THYROID_VEEVA_EMAIL|THYROID_DOXIMITY_ALERT|1
UNKNOWN|RET|RET|THYROID_VEEVA_EMAIL|THYROID_F2F_CALL|21
UNKNOWN|RET|RET|THYROID_VEEVA_EMAIL|THYROID_HQ_EMAIL|1
UNKNOWN|RET|RET|THYROID_VEEVA_EMAIL|THYROID_MEDSCAPE_ALERT|1
UNKNOWN|RET|RET|THYROID_VEEVA_EMAIL|THYROID_MEDSCAPE_BRANDSPOT|1
UNKNOWN|RET|RET|THYROID_VEEVA_EMAIL|THYROID_MEDSCAPE_POC|1
UNKNOWN|RET|RET|THYROID_VEEVA_EMAIL|THYROID_VEEVA_EMAIL|21
UNKNOWN|TRU|TRU|DOXIMITY_DOCSPOT|DOXIMITY_DOCSPOT|14
UNKNOWN|TRU|TRU|HQ_EMAIL|HQ_EMAIL|7
UNKNOWN|TRU|TRU|MEDSCAPE_EMAIL|MEDSCAPE_EMAIL|30
HIGH|US_304528|US_304528|DOXIMITY_DOCSPOT|EPOCRATES_ALERT|1
HIGH|US_304528|US_304528|DOXIMITY_DOCSPOT|F2F_CALL|1
HIGH|US_304528|US_304528|DOXIMITY_DOCSPOT|HQ_EMAIL|1
HIGH|US_304528|US_304528|DOXIMITY_DOCSPOT|MEDSCAPE_ALERT|1
HIGH|US_304528|US_304528|DOXIMITY_DOCSPOT|MEDSCAPE_EMAIL|1
HIGH|US_304528|US_304528|DOXIMITY_DOCSPOT|P2P|1
HIGH|US_304528|US_304528|EDH_PROFLOW_EDMU|DOXIMITY_ALERT|1
HIGH|US_304528|US_304528|EDH_PROFLOW_EDMU|DOXIMITY_DOCSPOT|1
HIGH|US_304528|US_304528|EDH_PROFLOW_EDMU|EDH_PROFLOW_WDMU|7
HIGH|US_304528|US_304528|EDH_PROFLOW_EDMU|HQ_EMAIL|1
HIGH|US_304528|US_304528|EDH_PROFLOW_EDMU|MEDSCAPE_EMAIL|1
HIGH|US_304528|US_304528|EDH_PROFLOW_EDMU|MEDSCAPE_POC|1
HIGH|US_304528|US_304528|EDH_PROFLOW_EDMU|P2P|1
HIGH|US_304528|US_304528|EDH_PROFLOW_EDMU|VEEVA_EMAIL|1
HIGH|US_304528|US_304528|EDH_PROFLOW_RDMU|DOXIMITY_ALERT|1
HIGH|US_304528|US_304528|EDH_PROFLOW_RDMU|DOXIMITY_DOCSPOT|1
HIGH|US_304528|US_304528|EDH_PROFLOW_RDMU|EDH_PROFLOW_EDMU|7
HIGH|US_304528|US_304528|EDH_PROFLOW_RDMU|EDH_PROFLOW_RDMU|7
HIGH|US_304528|US_304528|EDH_PROFLOW_RDMU|EPOCRATES_ALERT|1
HIGH|US_304528|US_304528|EDH_PROFLOW_RDMU|F2F_CALL|1
HIGH|US_304528|US_304528|EDH_PROFLOW_RDMU|MEDSCAPE_ALERT|1
HIGH|US_304528|US_304528|EDH_PROFLOW_RDMU|MEDSCAPE_EMAIL|1
HIGH|US_304528|US_304528|EDH_PROFLOW_RDMU|MEDSCAPE_POC|1
HIGH|US_304528|US_304528|EDH_PROFLOW_RDMU|P2P|1
HIGH|US_304528|US_304528|EDH_PROFLOW_WDMU|DOXIMITY_ALERT|1
HIGH|US_304528|US_304528|EDH_PROFLOW_WDMU|DOXIMITY_DOCSPOT|1
HIGH|US_304528|US_304528|EDH_PROFLOW_WDMU|EDH_PROFLOW_RDMU|7
HIGH|US_304528|US_304528|EDH_PROFLOW_WDMU|HQ_EMAIL|1
HIGH|US_304528|US_304528|EDH_PROFLOW_WDMU|MEDSCAPE_POC|1
HIGH|US_304528|US_304528|EDH_PROFLOW_WDMU|P2P|1
HIGH|US_304528|US_304528|EDH_PROFLOW_WDMU|VEEVA_EMAIL|1
HIGH|US_304528|US_304528|EPOCRATES_ALERT|DOXIMITY_DOCSPOT|1
HIGH|US_304528|US_304528|EPOCRATES_ALERT|EDH_PROFLOW_RDMU|1
HIGH|US_304528|US_304528|EPOCRATES_ALERT|EDH_PROFLOW_WDMU|1
HIGH|US_304528|US_304528|EPOCRATES_ALERT|EPOCRATES_ALERT|7
HIGH|US_304528|US_304528|EPOCRATES_ALERT|HQ_EMAIL|1
HIGH|US_304528|US_304528|EPOCRATES_ALERT|MEDSCAPE_ALERT|1
HIGH|US_304528|US_304528|EPOCRATES_ALERT|MEDSCAPE_POC|1
HIGH|US_304528|US_304528|EPOCRATES_ALERT|NUMEDIS_MDMINUTE|1
HIGH|US_304528|US_304528|EPOCRATES_ALERT|P2P|1
HIGH|US_304528|US_304528|EPOCRATES_ALERT|VEEVA_EMAIL|1
HIGH|US_304528|US_304528|F2F_CALL|DOXIMITY_ALERT|1
HIGH|US_304528|US_304528|F2F_CALL|DOXIMITY_DOCSPOT|1
HIGH|US_304528|US_304528|F2F_CALL|EDH_PROFLOW_EDMU|1
HIGH|US_304528|US_304528|F2F_CALL|HQ_EMAIL|1
HIGH|US_304528|US_304528|F2F_CALL|NUMEDIS_MDMINUTE|1
HIGH|US_304528|US_304528|F2F_CALL|P2P|1
HIGH|US_304528|US_304528|F2F_CALL|VEEVA_EMAIL|1
HIGH|US_304528|US_304528|HQ_EMAIL|DOXIMITY_DOCSPOT|1
HIGH|US_304528|US_304528|HQ_EMAIL|EDH_PROFLOW_RDMU|1
HIGH|US_304528|US_304528|HQ_EMAIL|EPOCRATES_ALERT|1
HIGH|US_304528|US_304528|HQ_EMAIL|F2F_CALL|1
HIGH|US_304528|US_304528|HQ_EMAIL|MEDSCAPE_ALERT|1
HIGH|US_304528|US_304528|HQ_EMAIL|MEDSCAPE_EMAIL|1
HIGH|US_304528|US_304528|HQ_EMAIL|MEDSCAPE_POC|1
HIGH|US_304528|US_304528|HQ_EMAIL|P2P|1
HIGH|US_304528|US_304528|HQ_EMAIL|VEEVA_EMAIL|7
HIGH|US_304528|US_304528|MEDSCAPE_ALERT|EDH_PROFLOW_RDMU|1
HIGH|US_304528|US_304528|MEDSCAPE_ALERT|EPOCRATES_ALERT|1
HIGH|US_304528|US_304528|MEDSCAPE_ALERT|F2F_CALL|1
HIGH|US_304528|US_304528|MEDSCAPE_ALERT|HQ_EMAIL|1
HIGH|US_304528|US_304528|MEDSCAPE_ALERT|MEDSCAPE_ALERT|28
HIGH|US_304528|US_304528|MEDSCAPE_ALERT|MEDSCAPE_EMAIL|7
HIGH|US_304528|US_304528|MEDSCAPE_ALERT|NUMEDIS_MDMINUTE|1
HIGH|US_304528|US_304528|MEDSCAPE_ALERT|VEEVA_EMAIL|1
HIGH|US_304528|US_304528|MEDSCAPE_EMAIL|DOXIMITY_ALERT|1
HIGH|US_304528|US_304528|MEDSCAPE_EMAIL|DOXIMITY_DOCSPOT|1
HIGH|US_304528|US_304528|MEDSCAPE_EMAIL|EDH_PROFLOW_EDMU|1
HIGH|US_304528|US_304528|MEDSCAPE_EMAIL|EDH_PROFLOW_WDMU|1
HIGH|US_304528|US_304528|MEDSCAPE_EMAIL|HQ_EMAIL|1
HIGH|US_304528|US_304528|MEDSCAPE_EMAIL|NUMEDIS_MDMINUTE|1
HIGH|US_304528|US_304528|MEDSCAPE_EMAIL|P2P|1
HIGH|US_304528|US_304528|MEDSCAPE_POC|DOXIMITY_ALERT|1
HIGH|US_304528|US_304528|MEDSCAPE_POC|EDH_PROFLOW_EDMU|1
HIGH|US_304528|US_304528|MEDSCAPE_POC|F2F_CALL|1
HIGH|US_304528|US_304528|MEDSCAPE_POC|MEDSCAPE_EMAIL|7
HIGH|US_304528|US_304528|MEDSCAPE_POC|VEEVA_EMAIL|1
HIGH|US_304528|US_304528|NUMEDIS_MDMINUTE|DOXIMITY_DOCSPOT|1
HIGH|US_304528|US_304528|NUMEDIS_MDMINUTE|EDH_PROFLOW_RDMU|1
HIGH|US_304528|US_304528|NUMEDIS_MDMINUTE|F2F_CALL|1
HIGH|US_304528|US_304528|NUMEDIS_MDMINUTE|HQ_EMAIL|1
HIGH|US_304528|US_304528|NUMEDIS_MDMINUTE|MEDSCAPE_POC|1
HIGH|US_304528|US_304528|NUMEDIS_MDMINUTE|NUMEDIS_MDMINUTE|7
LUNG_M|RET|RET|OVERALL_MEDSCAPE_ALERT|LUNG_MEDSCAPE_POC|1
LUNG_M|RET|RET|OVERALL_MEDSCAPE_ALERT|OVERALL_DOXIMITY_ALERT|1
LUNG_M|RET|RET|OVERALL_MEDSCAPE_ALERT|OVERALL_F2F_CALL|1
LUNG_M|RET|RET|OVERALL_MEDSCAPE_ALERT|OVERALL_HQ_EMAIL|1
LUNG_M|RET|RET|OVERALL_MEDSCAPE_ALERT|OVERALL_MEDSCAPE_ALERT|28
LUNG_M|RET|RET|OVERALL_MEDSCAPE_ALERT|OVERALL_MEDSCAPE_BRANDSPOT|14
LUNG_M|RET|RET|OVERALL_MEDSCAPE_ALERT|OVERALL_VEEVA_EMAIL|1
LUNG_M|RET|RET|OVERALL_MEDSCAPE_ALERT|THYROID_DOXIMITY_ALERT|1
LUNG_M|RET|RET|OVERALL_MEDSCAPE_ALERT|THYROID_HQ_EMAIL|1
LUNG_M|RET|RET|OVERALL_MEDSCAPE_ALERT|THYROID_MEDSCAPE_EMAIL|7
LUNG_M|RET|RET|OVERALL_MEDSCAPE_ALERT|THYROID_MEDSCAPE_POC|14
LUNG_M|RET|RET|OVERALL_MEDSCAPE_ALERT|THYROID_VEEVA_EMAIL|1
LUNG_M|RET|RET|OVERALL_MEDSCAPE_BRANDSPOT|LUNG_DOXIMITY_ALERT|1
LUNG_M|RET|RET|OVERALL_MEDSCAPE_BRANDSPOT|LUNG_HQ_EMAIL|1
LUNG_M|RET|RET|OVERALL_MEDSCAPE_BRANDSPOT|LUNG_MEDSCAPE_ALERT|14
LUNG_M|RET|RET|OVERALL_MEDSCAPE_BRANDSPOT|LUNG_MEDSCAPE_BRANDSPOT|14
LUNG_M|RET|RET|OVERALL_MEDSCAPE_BRANDSPOT|LUNG_MEDSCAPE_EMAIL|7
LUNG_M|RET|RET|OVERALL_MEDSCAPE_BRANDSPOT|LUNG_VEEVA_EMAIL|1
LUNG_M|RET|RET|OVERALL_MEDSCAPE_BRANDSPOT|OVERALL_HQ_EMAIL|1
LUNG_M|RET|RET|OVERALL_MEDSCAPE_BRANDSPOT|OVERALL_MEDSCAPE_ALERT|14
LUNG_M|RET|RET|OVERALL_MEDSCAPE_BRANDSPOT|OVERALL_MEDSCAPE_EMAIL|7
LUNG_M|RET|RET|OVERALL_MEDSCAPE_BRANDSPOT|OVERALL_VEEVA_EMAIL|1
LUNG_M|RET|RET|OVERALL_MEDSCAPE_BRANDSPOT|THYROID_F2F_CALL|1
LUNG_M|RET|RET|OVERALL_MEDSCAPE_BRANDSPOT|THYROID_HQ_EMAIL|1
LUNG_M|RET|RET|OVERALL_MEDSCAPE_BRANDSPOT|THYROID_MEDSCAPE_ALERT|14
LUNG_M|RET|RET|OVERALL_MEDSCAPE_BRANDSPOT|THYROID_MEDSCAPE_POC|14
LUNG_M|RET|RET|OVERALL_MEDSCAPE_EMAIL|LUNG_HQ_EMAIL|1
LUNG_M|RET|RET|OVERALL_MEDSCAPE_EMAIL|LUNG_MEDSCAPE_POC|1
LUNG_M|RET|RET|OVERALL_MEDSCAPE_EMAIL|LUNG_VEEVA_EMAIL|1
LUNG_M|RET|RET|OVERALL_MEDSCAPE_EMAIL|OVERALL_DOXIMITY_ALERT|1
LUNG_M|RET|RET|OVERALL_MEDSCAPE_EMAIL|OVERALL_MEDSCAPE_ALERT|7
LUNG_M|RET|RET|OVERALL_MEDSCAPE_EMAIL|OVERALL_MEDSCAPE_BRANDSPOT|7
LUNG_M|RET|RET|OVERALL_MEDSCAPE_EMAIL|OVERALL_MEDSCAPE_EMAIL|14
LUNG_M|RET|RET|OVERALL_MEDSCAPE_EMAIL|OVERALL_VEEVA_EMAIL|1
LUNG_M|RET|RET|OVERALL_MEDSCAPE_EMAIL|THYROID_HQ_EMAIL|1
LUNG_M|RET|RET|OVERALL_MEDSCAPE_EMAIL|THYROID_MEDSCAPE_ALERT|7
LUNG_M|RET|RET|OVERALL_MEDSCAPE_EMAIL|THYROID_MEDSCAPE_BRANDSPOT|7
LUNG_M|RET|RET|OVERALL_MEDSCAPE_EMAIL|THYROID_VEEVA_EMAIL|1
LUNG_M|RET|RET|OVERALL_MEDSCAPE_POC|LUNG_F2F_CALL|1
LUNG_M|RET|RET|OVERALL_MEDSCAPE_POC|LUNG_MEDSCAPE_BRANDSPOT|14
LUNG_M|RET|RET|OVERALL_MEDSCAPE_POC|OVERALL_DOXIMITY_ALERT|1
LUNG_M|RET|RET|OVERALL_MEDSCAPE_POC|OVERALL_F2F_CALL|1
LUNG_M|RET|RET|OVERALL_MEDSCAPE_POC|OVERALL_MEDSCAPE_ALERT|14
LUNG_M|RET|RET|OVERALL_MEDSCAPE_POC|OVERALL_MEDSCAPE_EMAIL|7
LUNG_M|RET|RET|OVERALL_MEDSCAPE_POC|OVERALL_MEDSCAPE_POC|14
LUNG_M|RET|RET|OVERALL_MEDSCAPE_POC|THYROID_MEDSCAPE_BRANDSPOT|14
LUNG_M|RET|RET|OVERALL_MEDSCAPE_POC|THYROID_MEDSCAPE_EMAIL|7
LUNG_M|RET|RET|OVERALL_P2P|LUNG_F2F_CALL|1
LUNG_M|RET|RET|OVERALL_P2P|OVERALL_DOXIMITY_ALERT|1
LUNG_M|RET|RET|OVERALL_P2P|OVERALL_MEDSCAPE_BRANDSPOT|1
LUNG_M|RET|RET|OVERALL_P2P|OVERALL_MEDSCAPE_EMAIL|1
LUNG_M|RET|RET|OVERALL_P2P|OVERALL_MEDSCAPE_POC|1
LUNG_M|RET|RET|OVERALL_P2P|OVERALL_VEEVA_EMAIL|1
LUNG_M|RET|RET|OVERALL_P2P|THYROID_DOXIMITY_ALERT|1
LUNG_M|RET|RET|OVERALL_P2P|THYROID_F2F_CALL|1
LUNG_M|RET|RET|OVERALL_P2P|THYROID_HQ_EMAIL|1
LUNG_M|RET|RET|OVERALL_P2P|THYROID_MEDSCAPE_POC|1
LUNG_M|RET|RET|OVERALL_P2P|THYROID_VEEVA_EMAIL|1
LUNG_M|RET|RET|OVERALL_VEEVA_EMAIL|LUNG_DOXIMITY_ALERT|1
LUNG_M|RET|RET|OVERALL_VEEVA_EMAIL|LUNG_MEDSCAPE_EMAIL|1
LUNG_M|RET|RET|OVERALL_VEEVA_EMAIL|LUNG_MEDSCAPE_POC|1
LUNG_M|RET|RET|OVERALL_VEEVA_EMAIL|OVERALL_HQ_EMAIL|1
LUNG_M|RET|RET|OVERALL_VEEVA_EMAIL|OVERALL_MEDSCAPE_ALERT|1
LUNG_M|RET|RET|OVERALL_VEEVA_EMAIL|OVERALL_P2P|1
LUNG_M|RET|RET|OVERALL_VEEVA_EMAIL|OVERALL_VEEVA_EMAIL|14
LUNG_M|RET|RET|OVERALL_VEEVA_EMAIL|THYROID_F2F_CALL|14
LUNG_M|RET|RET|OVERALL_VEEVA_EMAIL|THYROID_MEDSCAPE_ALERT|1
LUNG_M|RET|RET|OVERALL_VEEVA_EMAIL|THYROID_MEDSCAPE_POC|1
LUNG_M|RET|RET|THYROID_DOXIMITY_ALERT|LUNG_DOXIMITY_ALERT|14
LUNG_M|RET|RET|THYROID_DOXIMITY_ALERT|LUNG_F2F_CALL|1
LUNG_M|RET|RET|THYROID_DOXIMITY_ALERT|LUNG_MEDSCAPE_ALERT|1
LUNG_M|RET|RET|THYROID_DOXIMITY_ALERT|LUNG_MEDSCAPE_POC|1
LUNG_M|RET|RET|THYROID_DOXIMITY_ALERT|LUNG_VEEVA_EMAIL|1
LUNG_M|RET|RET|THYROID_DOXIMITY_ALERT|OVERALL_HQ_EMAIL|1
LUNG_M|RET|RET|THYROID_DOXIMITY_ALERT|OVERALL_MEDSCAPE_EMAIL|1
LUNG_M|RET|RET|THYROID_DOXIMITY_ALERT|OVERALL_P2P|1
LUNG_M|RET|RET|THYROID_DOXIMITY_ALERT|OVERALL_VEEVA_EMAIL|1
LUNG_M|RET|RET|THYROID_DOXIMITY_ALERT|THYROID_DOXIMITY_ALERT|14
OVERALL_L|RET|RET|OVERALL_MEDSCAPE_BRANDSPOT|THYROID_MEDSCAPE_BRANDSPOT|14
OVERALL_L|RET|RET|OVERALL_MEDSCAPE_BRANDSPOT|THYROID_VEEVA_EMAIL|1
OVERALL_L|RET|RET|OVERALL_MEDSCAPE_EMAIL|LUNG_HQ_EMAIL|1
OVERALL_L|RET|RET|OVERALL_MEDSCAPE_EMAIL|LUNG_MEDSCAPE_POC|1
OVERALL_L|RET|RET|OVERALL_MEDSCAPE_EMAIL|LUNG_VEEVA_EMAIL|1
OVERALL_L|RET|RET|OVERALL_MEDSCAPE_EMAIL|OVERALL_F2F_CALL|1
OVERALL_L|RET|RET|OVERALL_MEDSCAPE_EMAIL|OVERALL_MEDSCAPE_BRANDSPOT|7
OVERALL_L|RET|RET|OVERALL_MEDSCAPE_EMAIL|OVERALL_MEDSCAPE_EMAIL|28
OVERALL_L|RET|RET|OVERALL_MEDSCAPE_EMAIL|THYROID_HQ_EMAIL|1
OVERALL_L|RET|RET|OVERALL_MEDSCAPE_POC|LUNG_F2F_CALL|1
OVERALL_L|RET|RET|OVERALL_MEDSCAPE_POC|LUNG_MEDSCAPE_ALERT|14
OVERALL_L|RET|RET|OVERALL_MEDSCAPE_POC|LUNG_MEDSCAPE_BRANDSPOT|14
OVERALL_L|RET|RET|OVERALL_MEDSCAPE_POC|LUNG_MEDSCAPE_POC|14
OVERALL_L|RET|RET|OVERALL_MEDSCAPE_POC|OVERALL_DOXIMITY_ALERT|1
OVERALL_L|RET|RET|OVERALL_MEDSCAPE_POC|OVERALL_F2F_CALL|1
OVERALL_L|RET|RET|OVERALL_MEDSCAPE_POC|OVERALL_HQ_EMAIL|1
OVERALL_L|RET|RET|OVERALL_MEDSCAPE_POC|OVERALL_MEDSCAPE_ALERT|14
OVERALL_L|RET|RET|OVERALL_MEDSCAPE_POC|OVERALL_MEDSCAPE_POC|14
OVERALL_L|RET|RET|OVERALL_MEDSCAPE_POC|THYROID_DOXIMITY_ALERT|1
OVERALL_L|RET|RET|OVERALL_MEDSCAPE_POC|THYROID_F2F_CALL|1
OVERALL_L|RET|RET|OVERALL_MEDSCAPE_POC|THYROID_MEDSCAPE_ALERT|14
OVERALL_L|RET|RET|OVERALL_MEDSCAPE_POC|THYROID_MEDSCAPE_EMAIL|7
OVERALL_L|RET|RET|OVERALL_MEDSCAPE_POC|THYROID_VEEVA_EMAIL|1
OVERALL_L|RET|RET|OVERALL_P2P|LUNG_DOXIMITY_ALERT|1
OVERALL_L|RET|RET|OVERALL_P2P|LUNG_HQ_EMAIL|1
OVERALL_L|RET|RET|OVERALL_P2P|OVERALL_MEDSCAPE_BRANDSPOT|1
OVERALL_L|RET|RET|OVERALL_P2P|OVERALL_MEDSCAPE_EMAIL|1
OVERALL_L|RET|RET|OVERALL_P2P|OVERALL_P2P|21
OVERALL_L|RET|RET|OVERALL_P2P|OVERALL_VEEVA_EMAIL|1
OVERALL_L|RET|RET|OVERALL_P2P|THYROID_DOXIMITY_ALERT|1
OVERALL_L|RET|RET|OVERALL_P2P|THYROID_F2F_CALL|1
OVERALL_L|RET|RET|OVERALL_P2P|THYROID_MEDSCAPE_ALERT|1
OVERALL_L|RET|RET|OVERALL_P2P|THYROID_MEDSCAPE_BRANDSPOT|1
OVERALL_L|RET|RET|OVERALL_P2P|THYROID_MEDSCAPE_EMAIL|1
OVERALL_L|RET|RET|OVERALL_VEEVA_EMAIL|LUNG_DOXIMITY_ALERT|1
OVERALL_L|RET|RET|OVERALL_VEEVA_EMAIL|LUNG_MEDSCAPE_EMAIL|1
OVERALL_L|RET|RET|OVERALL_VEEVA_EMAIL|LUNG_VEEVA_EMAIL|14
OVERALL_L|RET|RET|OVERALL_VEEVA_EMAIL|OVERALL_DOXIMITY_ALERT|1
OVERALL_L|RET|RET|OVERALL_VEEVA_EMAIL|OVERALL_F2F_CALL|14
OVERALL_L|RET|RET|OVERALL_VEEVA_EMAIL|OVERALL_MEDSCAPE_ALERT|1
OVERALL_L|RET|RET|OVERALL_VEEVA_EMAIL|OVERALL_MEDSCAPE_BRANDSPOT|1
OVERALL_L|RET|RET|OVERALL_VEEVA_EMAIL|OVERALL_MEDSCAPE_POC|1
OVERALL_L|RET|RET|OVERALL_VEEVA_EMAIL|OVERALL_P2P|1
OVERALL_L|RET|RET|OVERALL_VEEVA_EMAIL|THYROID_MEDSCAPE_BRANDSPOT|1
OVERALL_L|RET|RET|OVERALL_VEEVA_EMAIL|THYROID_VEEVA_EMAIL|14
OVERALL_L|RET|RET|THYROID_DOXIMITY_ALERT|LUNG_DOXIMITY_ALERT|28
OVERALL_L|RET|RET|THYROID_DOXIMITY_ALERT|LUNG_F2F_CALL|1
OVERALL_L|RET|RET|THYROID_DOXIMITY_ALERT|LUNG_MEDSCAPE_ALERT|1
OVERALL_L|RET|RET|THYROID_DOXIMITY_ALERT|LUNG_MEDSCAPE_BRANDSPOT|1
OVERALL_L|RET|RET|THYROID_DOXIMITY_ALERT|LUNG_MEDSCAPE_EMAIL|1
OVERALL_L|RET|RET|THYROID_DOXIMITY_ALERT|OVERALL_DOXIMITY_ALERT|28
OVERALL_L|RET|RET|THYROID_DOXIMITY_ALERT|OVERALL_F2F_CALL|1
OVERALL_L|RET|RET|THYROID_DOXIMITY_ALERT|OVERALL_HQ_EMAIL|1
OVERALL_L|RET|RET|THYROID_DOXIMITY_ALERT|OVERALL_MEDSCAPE_ALERT|1
OVERALL_L|RET|RET|THYROID_DOXIMITY_ALERT|OVERALL_MEDSCAPE_BRANDSPOT|1
OVERALL_L|RET|RET|THYROID_DOXIMITY_ALERT|OVERALL_MEDSCAPE_POC|1
OVERALL_L|RET|RET|THYROID_DOXIMITY_ALERT|OVERALL_P2P|1
OVERALL_L|RET|RET|THYROID_DOXIMITY_ALERT|THYROID_HQ_EMAIL|1
OVERALL_L|RET|RET|THYROID_DOXIMITY_ALERT|THYROID_MEDSCAPE_ALERT|1
OVERALL_L|RET|RET|THYROID_DOXIMITY_ALERT|THYROID_MEDSCAPE_BRANDSPOT|1
OVERALL_L|RET|RET|THYROID_DOXIMITY_ALERT|THYROID_MEDSCAPE_EMAIL|1
OVERALL_L|RET|RET|THYROID_F2F_CALL|LUNG_HQ_EMAIL|1
OVERALL_L|RET|RET|THYROID_F2F_CALL|LUNG_MEDSCAPE_ALERT|1
OVERALL_L|RET|RET|THYROID_F2F_CALL|LUNG_MEDSCAPE_BRANDSPOT|1
OVERALL_L|RET|RET|THYROID_F2F_CALL|LUNG_VEEVA_EMAIL|14
OVERALL_L|RET|RET|THYROID_F2F_CALL|OVERALL_DOXIMITY_ALERT|1
OVERALL_L|RET|RET|THYROID_F2F_CALL|OVERALL_F2F_CALL|21
OVERALL_L|RET|RET|THYROID_F2F_CALL|OVERALL_HQ_EMAIL|1
OVERALL_L|RET|RET|THYROID_F2F_CALL|OVERALL_MEDSCAPE_ALERT|1
OVERALL_L|RET|RET|THYROID_F2F_CALL|OVERALL_VEEVA_EMAIL|14
OVERALL_L|RET|RET|THYROID_F2F_CALL|THYROID_DOXIMITY_ALERT|1
OVERALL_L|RET|RET|THYROID_F2F_CALL|THYROID_MEDSCAPE_ALERT|1
OVERALL_L|RET|RET|THYROID_F2F_CALL|THYROID_VEEVA_EMAIL|14
OVERALL_L|RET|RET|THYROID_HQ_EMAIL|LUNG_HQ_EMAIL|7
OVERALL_L|RET|RET|THYROID_HQ_EMAIL|LUNG_MEDSCAPE_ALERT|1
THYROID_H|RET|RET|OVERALL_DOXIMITY_ALERT|THYROID_MEDSCAPE_ALERT|1
THYROID_H|RET|RET|OVERALL_DOXIMITY_ALERT|THYROID_MEDSCAPE_BRANDSPOT|1
THYROID_H|RET|RET|OVERALL_DOXIMITY_ALERT|THYROID_MEDSCAPE_POC|1
THYROID_H|RET|RET|OVERALL_F2F_CALL|LUNG_DOXIMITY_ALERT|1
THYROID_H|RET|RET|OVERALL_F2F_CALL|LUNG_HQ_EMAIL|1
THYROID_H|RET|RET|OVERALL_F2F_CALL|LUNG_MEDSCAPE_EMAIL|1
THYROID_H|RET|RET|OVERALL_F2F_CALL|LUNG_MEDSCAPE_POC|1
THYROID_H|RET|RET|OVERALL_F2F_CALL|LUNG_VEEVA_EMAIL|14
THYROID_H|RET|RET|OVERALL_F2F_CALL|OVERALL_DOXIMITY_ALERT|1
THYROID_H|RET|RET|OVERALL_F2F_CALL|OVERALL_HQ_EMAIL|1
THYROID_H|RET|RET|OVERALL_F2F_CALL|OVERALL_MEDSCAPE_ALERT|1
THYROID_H|RET|RET|OVERALL_F2F_CALL|OVERALL_MEDSCAPE_BRANDSPOT|1
THYROID_H|RET|RET|OVERALL_F2F_CALL|OVERALL_MEDSCAPE_EMAIL|1
THYROID_H|RET|RET|OVERALL_F2F_CALL|OVERALL_P2P|1
THYROID_H|RET|RET|OVERALL_F2F_CALL|OVERALL_VEEVA_EMAIL|14
THYROID_H|RET|RET|OVERALL_F2F_CALL|THYROID_DOXIMITY_ALERT|1
THYROID_H|RET|RET|OVERALL_F2F_CALL|THYROID_MEDSCAPE_ALERT|1
THYROID_H|RET|RET|OVERALL_F2F_CALL|THYROID_MEDSCAPE_BRANDSPOT|1
THYROID_H|RET|RET|OVERALL_F2F_CALL|THYROID_VEEVA_EMAIL|14
THYROID_H|RET|RET|OVERALL_HQ_EMAIL|LUNG_HQ_EMAIL|7
THYROID_H|RET|RET|OVERALL_HQ_EMAIL|LUNG_MEDSCAPE_BRANDSPOT|1
THYROID_H|RET|RET|OVERALL_HQ_EMAIL|LUNG_MEDSCAPE_EMAIL|1
THYROID_H|RET|RET|OVERALL_HQ_EMAIL|LUNG_MEDSCAPE_POC|1
THYROID_H|RET|RET|OVERALL_HQ_EMAIL|OVERALL_DOXIMITY_ALERT|1
THYROID_H|RET|RET|OVERALL_HQ_EMAIL|OVERALL_HQ_EMAIL|7
THYROID_H|RET|RET|OVERALL_HQ_EMAIL|OVERALL_MEDSCAPE_ALERT|1
THYROID_H|RET|RET|OVERALL_HQ_EMAIL|OVERALL_MEDSCAPE_EMAIL|1
THYROID_H|RET|RET|OVERALL_HQ_EMAIL|OVERALL_P2P|1
THYROID_H|RET|RET|OVERALL_HQ_EMAIL|OVERALL_VEEVA_EMAIL|1
THYROID_H|RET|RET|OVERALL_HQ_EMAIL|THYROID_HQ_EMAIL|7
THYROID_H|RET|RET|OVERALL_HQ_EMAIL|THYROID_MEDSCAPE_ALERT|1
THYROID_H|RET|RET|OVERALL_HQ_EMAIL|THYROID_MEDSCAPE_EMAIL|1
THYROID_H|RET|RET|OVERALL_HQ_EMAIL|THYROID_VEEVA_EMAIL|1
THYROID_H|RET|RET|OVERALL_MEDSCAPE_ALERT|LUNG_MEDSCAPE_EMAIL|7
THYROID_H|RET|RET|OVERALL_MEDSCAPE_ALERT|LUNG_MEDSCAPE_POC|1
THYROID_H|RET|RET|OVERALL_MEDSCAPE_ALERT|LUNG_VEEVA_EMAIL|1
THYROID_H|RET|RET|OVERALL_MEDSCAPE_ALERT|OVERALL_F2F_CALL|1
THYROID_H|RET|RET|OVERALL_MEDSCAPE_ALERT|OVERALL_HQ_EMAIL|1
THYROID_H|RET|RET|OVERALL_MEDSCAPE_ALERT|OVERALL_MEDSCAPE_ALERT|28
THYROID_H|RET|RET|OVERALL_MEDSCAPE_ALERT|OVERALL_MEDSCAPE_BRANDSPOT|14
THYROID_H|RET|RET|OVERALL_MEDSCAPE_ALERT|OVERALL_MEDSCAPE_EMAIL|7
THYROID_H|RET|RET|OVERALL_MEDSCAPE_ALERT|OVERALL_VEEVA_EMAIL|1
THYROID_H|RET|RET|OVERALL_MEDSCAPE_ALERT|THYROID_HQ_EMAIL|1
THYROID_H|RET|RET|OVERALL_MEDSCAPE_ALERT|THYROID_MEDSCAPE_POC|14
THYROID_H|RET|RET|OVERALL_MEDSCAPE_BRANDSPOT|LUNG_MEDSCAPE_BRANDSPOT|14
THYROID_H|RET|RET|OVERALL_MEDSCAPE_BRANDSPOT|LUNG_MEDSCAPE_POC|14
THYROID_H|RET|RET|OVERALL_MEDSCAPE_BRANDSPOT|LUNG_VEEVA_EMAIL|1
THYROID_H|RET|RET|OVERALL_MEDSCAPE_BRANDSPOT|OVERALL_MEDSCAPE_BRANDSPOT|14
THYROID_H|RET|RET|OVERALL_MEDSCAPE_BRANDSPOT|OVERALL_MEDSCAPE_EMAIL|7
THYROID_H|RET|RET|OVERALL_MEDSCAPE_BRANDSPOT|THYROID_DOXIMITY_ALERT|1
THYROID_H|RET|RET|OVERALL_MEDSCAPE_BRANDSPOT|THYROID_F2F_CALL|1
THYROID_H|RET|RET|OVERALL_MEDSCAPE_BRANDSPOT|THYROID_HQ_EMAIL|1
THYROID_H|RET|RET|OVERALL_MEDSCAPE_BRANDSPOT|THYROID_MEDSCAPE_BRANDSPOT|14
THYROID_H|RET|RET|OVERALL_MEDSCAPE_BRANDSPOT|THYROID_MEDSCAPE_EMAIL|7
THYROID_H|RET|RET|OVERALL_MEDSCAPE_BRANDSPOT|THYROID_VEEVA_EMAIL|1
THYROID_H|RET|RET|OVERALL_MEDSCAPE_EMAIL|LUNG_DOXIMITY_ALERT|1
THYROID_H|RET|RET|OVERALL_MEDSCAPE_EMAIL|LUNG_F2F_CALL|1
THYROID_H|RET|RET|OVERALL_MEDSCAPE_EMAIL|LUNG_HQ_EMAIL|1
THYROID_H|RET|RET|OVERALL_MEDSCAPE_EMAIL|LUNG_MEDSCAPE_ALERT|7
THYROID_H|RET|RET|OVERALL_MEDSCAPE_EMAIL|LUNG_MEDSCAPE_EMAIL|28
THYROID_H|RET|RET|OVERALL_MEDSCAPE_EMAIL|LUNG_MEDSCAPE_POC|1
THYROID_H|RET|RET|OVERALL_MEDSCAPE_EMAIL|OVERALL_DOXIMITY_ALERT|1
THYROID_H|RET|RET|OVERALL_MEDSCAPE_EMAIL|OVERALL_F2F_CALL|1
THYROID_H|RET|RET|OVERALL_MEDSCAPE_EMAIL|OVERALL_HQ_EMAIL|1
THYROID_H|RET|RET|OVERALL_MEDSCAPE_EMAIL|OVERALL_MEDSCAPE_ALERT|7
THYROID_H|RET|RET|OVERALL_MEDSCAPE_EMAIL|OVERALL_MEDSCAPE_POC|7
THYROID_H|RET|RET|OVERALL_MEDSCAPE_EMAIL|OVERALL_P2P|1
THYROID_H|RET|RET|OVERALL_MEDSCAPE_EMAIL|OVERALL_VEEVA_EMAIL|1
THYROID_H|RET|RET|OVERALL_MEDSCAPE_EMAIL|THYROID_DOXIMITY_ALERT|1
THYROID_H|RET|RET|OVERALL_MEDSCAPE_EMAIL|THYROID_F2F_CALL|1
THYROID_H|RET|RET|OVERALL_MEDSCAPE_EMAIL|THYROID_MEDSCAPE_ALERT|7
THYROID_H|RET|RET|OVERALL_MEDSCAPE_EMAIL|THYROID_MEDSCAPE_BRANDSPOT|7
THYROID_H|RET|RET|OVERALL_MEDSCAPE_EMAIL|THYROID_VEEVA_EMAIL|1
THYROID_H|RET|RET|OVERALL_MEDSCAPE_POC|LUNG_DOXIMITY_ALERT|1
UNKNOWN|RET|RET|LUNG_MEDSCAPE_POC|LUNG_MEDSCAPE_EMAIL|7
UNKNOWN|RET|RET|LUNG_MEDSCAPE_POC|LUNG_VEEVA_EMAIL|1
UNKNOWN|RET|RET|LUNG_MEDSCAPE_POC|OVERALL_MEDSCAPE_BRANDSPOT|14
UNKNOWN|RET|RET|LUNG_MEDSCAPE_POC|OVERALL_MEDSCAPE_POC|14
UNKNOWN|RET|RET|LUNG_MEDSCAPE_POC|OVERALL_P2P|1
UNKNOWN|RET|RET|LUNG_MEDSCAPE_POC|OVERALL_VEEVA_EMAIL|1
UNKNOWN|RET|RET|LUNG_MEDSCAPE_POC|THYROID_DOXIMITY_ALERT|1
UNKNOWN|RET|RET|LUNG_MEDSCAPE_POC|THYROID_HQ_EMAIL|1
UNKNOWN|RET|RET|LUNG_MEDSCAPE_POC|THYROID_MEDSCAPE_BRANDSPOT|14
UNKNOWN|RET|RET|LUNG_MEDSCAPE_POC|THYROID_MEDSCAPE_POC|14
UNKNOWN|RET|RET|LUNG_VEEVA_EMAIL|LUNG_HQ_EMAIL|1
UNKNOWN|RET|RET|LUNG_VEEVA_EMAIL|LUNG_MEDSCAPE_ALERT|1
UNKNOWN|RET|RET|LUNG_VEEVA_EMAIL|LUNG_MEDSCAPE_BRANDSPOT|1
UNKNOWN|RET|RET|LUNG_VEEVA_EMAIL|LUNG_VEEVA_EMAIL|21
UNKNOWN|RET|RET|LUNG_VEEVA_EMAIL|OVERALL_DOXIMITY_ALERT|1
UNKNOWN|RET|RET|LUNG_VEEVA_EMAIL|OVERALL_HQ_EMAIL|1
UNKNOWN|RET|RET|LUNG_VEEVA_EMAIL|OVERALL_MEDSCAPE_EMAIL|1
UNKNOWN|RET|RET|LUNG_VEEVA_EMAIL|OVERALL_MEDSCAPE_POC|1
UNKNOWN|RET|RET|LUNG_VEEVA_EMAIL|OVERALL_P2P|1
UNKNOWN|RET|RET|LUNG_VEEVA_EMAIL|THYROID_DOXIMITY_ALERT|1
UNKNOWN|RET|RET|LUNG_VEEVA_EMAIL|THYROID_HQ_EMAIL|1
UNKNOWN|RET|RET|LUNG_VEEVA_EMAIL|THYROID_MEDSCAPE_BRANDSPOT|1
UNKNOWN|RET|RET|LUNG_VEEVA_EMAIL|THYROID_MEDSCAPE_POC|1
UNKNOWN|RET|RET|OVERALL_DOXIMITY_ALERT|LUNG_MEDSCAPE_ALERT|1
UNKNOWN|RET|RET|OVERALL_DOXIMITY_ALERT|LUNG_MEDSCAPE_BRANDSPOT|1
UNKNOWN|RET|RET|OVERALL_DOXIMITY_ALERT|OVERALL_DOXIMITY_ALERT|28
UNKNOWN|RET|RET|OVERALL_DOXIMITY_ALERT|OVERALL_MEDSCAPE_ALERT|1
UNKNOWN|RET|RET|OVERALL_DOXIMITY_ALERT|OVERALL_MEDSCAPE_BRANDSPOT|1
UNKNOWN|RET|RET|OVERALL_DOXIMITY_ALERT|OVERALL_VEEVA_EMAIL|1
UNKNOWN|RET|RET|OVERALL_DOXIMITY_ALERT|THYROID_HQ_EMAIL|1
UNKNOWN|RET|RET|OVERALL_DOXIMITY_ALERT|THYROID_MEDSCAPE_ALERT|1
UNKNOWN|RET|RET|OVERALL_DOXIMITY_ALERT|THYROID_MEDSCAPE_POC|1
UNKNOWN|RET|RET|OVERALL_DOXIMITY_ALERT|THYROID_VEEVA_EMAIL|1
UNKNOWN|RET|RET|OVERALL_F2F_CALL|LUNG_DOXIMITY_ALERT|1
UNKNOWN|RET|RET|OVERALL_F2F_CALL|LUNG_F2F_CALL|28
UNKNOWN|RET|RET|OVERALL_F2F_CALL|LUNG_VEEVA_EMAIL|21
UNKNOWN|RET|RET|OVERALL_F2F_CALL|OVERALL_MEDSCAPE_BRANDSPOT|1
UNKNOWN|RET|RET|OVERALL_F2F_CALL|OVERALL_VEEVA_EMAIL|21
UNKNOWN|RET|RET|OVERALL_F2F_CALL|THYROID_DOXIMITY_ALERT|1
UNKNOWN|RET|RET|OVERALL_F2F_CALL|THYROID_HQ_EMAIL|1
UNKNOWN|RET|RET|OVERALL_F2F_CALL|THYROID_MEDSCAPE_BRANDSPOT|1
UNKNOWN|RET|RET|OVERALL_F2F_CALL|THYROID_MEDSCAPE_EMAIL|1
UNKNOWN|RET|RET|OVERALL_F2F_CALL|THYROID_MEDSCAPE_POC|1
UNKNOWN|RET|RET|OVERALL_F2F_CALL|THYROID_VEEVA_EMAIL|21
UNKNOWN|RET|RET|OVERALL_HQ_EMAIL|LUNG_MEDSCAPE_ALERT|1
UNKNOWN|RET|RET|OVERALL_HQ_EMAIL|LUNG_MEDSCAPE_EMAIL|1
UNKNOWN|RET|RET|OVERALL_HQ_EMAIL|LUNG_MEDSCAPE_POC|1
UNKNOWN|RET|RET|OVERALL_HQ_EMAIL|LUNG_VEEVA_EMAIL|1
UNKNOWN|RET|RET|OVERALL_HQ_EMAIL|OVERALL_F2F_CALL|1
UNKNOWN|RET|RET|OVERALL_HQ_EMAIL|OVERALL_MEDSCAPE_ALERT|1
UNKNOWN|RET|RET|OVERALL_HQ_EMAIL|OVERALL_MEDSCAPE_BRANDSPOT|1
UNKNOWN|RET|RET|OVERALL_HQ_EMAIL|OVERALL_P2P|1
UNKNOWN|RET|RET|OVERALL_HQ_EMAIL|THYROID_DOXIMITY_ALERT|1
UNKNOWN|RET|RET|OVERALL_HQ_EMAIL|THYROID_MEDSCAPE_BRANDSPOT|1
UNKNOWN|RET|RET|OVERALL_HQ_EMAIL|THYROID_MEDSCAPE_EMAIL|1
UNKNOWN|RET|RET|OVERALL_HQ_EMAIL|THYROID_MEDSCAPE_POC|1
UNKNOWN|RET|RET|OVERALL_HQ_EMAIL|THYROID_VEEVA_EMAIL|1
UNKNOWN|RET|RET|OVERALL_MEDSCAPE_ALERT|LUNG_DOXIMITY_ALERT|1
UNKNOWN|RET|RET|OVERALL_MEDSCAPE_ALERT|LUNG_HQ_EMAIL|1
UNKNOWN|RET|RET|OVERALL_MEDSCAPE_ALERT|LUNG_MEDSCAPE_EMAIL|7
UNKNOWN|RET|RET|OVERALL_MEDSCAPE_ALERT|LUNG_MEDSCAPE_POC|1
UNKNOWN|RET|RET|OVERALL_MEDSCAPE_ALERT|OVERALL_F2F_CALL|1
UNKNOWN|RET|RET|OVERALL_MEDSCAPE_ALERT|OVERALL_MEDSCAPE_ALERT|28
UNKNOWN|RET|RET|OVERALL_MEDSCAPE_ALERT|OVERALL_MEDSCAPE_POC|14
UNKNOWN|RET|RET|OVERALL_MEDSCAPE_ALERT|OVERALL_P2P|1
UNKNOWN|RET|RET|OVERALL_MEDSCAPE_ALERT|THYROID_DOXIMITY_ALERT|1
UNKNOWN|RET|RET|OVERALL_MEDSCAPE_ALERT|THYROID_F2F_CALL|1
UNKNOWN|RET|RET|OVERALL_MEDSCAPE_ALERT|THYROID_HQ_EMAIL|1
UNKNOWN|RET|RET|OVERALL_MEDSCAPE_ALERT|THYROID_MEDSCAPE_BRANDSPOT|14
UNKNOWN|RET|RET|OVERALL_MEDSCAPE_ALERT|THYROID_MEDSCAPE_EMAIL|7
UNKNOWN|RET|RET|OVERALL_MEDSCAPE_ALERT|THYROID_VEEVA_EMAIL|1
UNKNOWN|RET|RET|OVERALL_MEDSCAPE_BRANDSPOT|LUNG_F2F_CALL|1
UNKNOWN|RET|RET|OVERALL_MEDSCAPE_BRANDSPOT|LUNG_HQ_EMAIL|1
UNKNOWN|RET|RET|OVERALL_MEDSCAPE_BRANDSPOT|LUNG_MEDSCAPE_BRANDSPOT|14
UNKNOWN|RET|RET|OVERALL_MEDSCAPE_BRANDSPOT|LUNG_MEDSCAPE_POC|14
UNKNOWN|RET|RET|OVERALL_MEDSCAPE_BRANDSPOT|LUNG_VEEVA_EMAIL|1
UNKNOWN|RET|RET|OVERALL_MEDSCAPE_BRANDSPOT|OVERALL_DOXIMITY_ALERT|1
LUNG_H|RET|RET|THYROID_MEDSCAPE_BRANDSPOT|OVERALL_F2F_CALL|1
LUNG_H|RET|RET|THYROID_MEDSCAPE_BRANDSPOT|OVERALL_MEDSCAPE_BRANDSPOT|14
LUNG_H|RET|RET|THYROID_MEDSCAPE_BRANDSPOT|OVERALL_MEDSCAPE_POC|14
LUNG_H|RET|RET|THYROID_MEDSCAPE_BRANDSPOT|OVERALL_P2P|1
LUNG_H|RET|RET|THYROID_MEDSCAPE_BRANDSPOT|OVERALL_VEEVA_EMAIL|1
LUNG_H|RET|RET|THYROID_MEDSCAPE_BRANDSPOT|THYROID_MEDSCAPE_ALERT|14
LUNG_H|RET|RET|THYROID_MEDSCAPE_BRANDSPOT|THYROID_MEDSCAPE_BRANDSPOT|14
LUNG_H|RET|RET|THYROID_MEDSCAPE_BRANDSPOT|THYROID_MEDSCAPE_POC|14
LUNG_H|RET|RET|THYROID_MEDSCAPE_EMAIL|LUNG_F2F_CALL|1
LUNG_H|RET|RET|THYROID_MEDSCAPE_EMAIL|LUNG_VEEVA_EMAIL|1
LUNG_H|RET|RET|THYROID_MEDSCAPE_EMAIL|OVERALL_DOXIMITY_ALERT|1
LUNG_H|RET|RET|THYROID_MEDSCAPE_EMAIL|OVERALL_F2F_CALL|1
LUNG_H|RET|RET|THYROID_MEDSCAPE_EMAIL|OVERALL_HQ_EMAIL|1
LUNG_H|RET|RET|THYROID_MEDSCAPE_EMAIL|OVERALL_MEDSCAPE_BRANDSPOT|7
LUNG_H|RET|RET|THYROID_MEDSCAPE_EMAIL|OVERALL_MEDSCAPE_EMAIL|14
LUNG_H|RET|RET|THYROID_MEDSCAPE_EMAIL|OVERALL_P2P|1
LUNG_H|RET|RET|THYROID_MEDSCAPE_EMAIL|OVERALL_VEEVA_EMAIL|1
LUNG_H|RET|RET|THYROID_MEDSCAPE_EMAIL|THYROID_DOXIMITY_ALERT|1
LUNG_H|RET|RET|THYROID_MEDSCAPE_EMAIL|THYROID_HQ_EMAIL|1
LUNG_H|RET|RET|THYROID_MEDSCAPE_POC|LUNG_MEDSCAPE_ALERT|14
LUNG_H|RET|RET|THYROID_MEDSCAPE_POC|LUNG_MEDSCAPE_BRANDSPOT|14
LUNG_H|RET|RET|THYROID_MEDSCAPE_POC|LUNG_MEDSCAPE_EMAIL|7
LUNG_H|RET|RET|THYROID_MEDSCAPE_POC|OVERALL_DOXIMITY_ALERT|1
LUNG_H|RET|RET|THYROID_MEDSCAPE_POC|OVERALL_F2F_CALL|1
LUNG_H|RET|RET|THYROID_MEDSCAPE_POC|OVERALL_HQ_EMAIL|1
LUNG_H|RET|RET|THYROID_MEDSCAPE_POC|OVERALL_MEDSCAPE_ALERT|14
LUNG_H|RET|RET|THYROID_MEDSCAPE_POC|OVERALL_MEDSCAPE_BRANDSPOT|14
LUNG_H|RET|RET|THYROID_MEDSCAPE_POC|OVERALL_MEDSCAPE_POC|14
LUNG_H|RET|RET|THYROID_MEDSCAPE_POC|THYROID_F2F_CALL|1
LUNG_H|RET|RET|THYROID_MEDSCAPE_POC|THYROID_HQ_EMAIL|1
LUNG_H|RET|RET|THYROID_MEDSCAPE_POC|THYROID_MEDSCAPE_ALERT|14
LUNG_H|RET|RET|THYROID_MEDSCAPE_POC|THYROID_MEDSCAPE_BRANDSPOT|14
LUNG_H|RET|RET|THYROID_MEDSCAPE_POC|THYROID_MEDSCAPE_POC|14
LUNG_H|RET|RET|THYROID_MEDSCAPE_POC|THYROID_VEEVA_EMAIL|1
LUNG_H|RET|RET|THYROID_VEEVA_EMAIL|LUNG_HQ_EMAIL|1
LUNG_H|RET|RET|THYROID_VEEVA_EMAIL|LUNG_MEDSCAPE_EMAIL|1
LUNG_H|RET|RET|THYROID_VEEVA_EMAIL|LUNG_VEEVA_EMAIL|14
LUNG_H|RET|RET|THYROID_VEEVA_EMAIL|OVERALL_DOXIMITY_ALERT|1
LUNG_H|RET|RET|THYROID_VEEVA_EMAIL|OVERALL_F2F_CALL|14
LUNG_H|RET|RET|THYROID_VEEVA_EMAIL|OVERALL_MEDSCAPE_ALERT|1
LUNG_H|RET|RET|THYROID_VEEVA_EMAIL|OVERALL_MEDSCAPE_EMAIL|1
LUNG_H|RET|RET|THYROID_VEEVA_EMAIL|OVERALL_P2P|1
LUNG_H|RET|RET|THYROID_VEEVA_EMAIL|THYROID_HQ_EMAIL|1
LUNG_H|RET|RET|THYROID_VEEVA_EMAIL|THYROID_MEDSCAPE_ALERT|1
LUNG_H|RET|RET|THYROID_VEEVA_EMAIL|THYROID_MEDSCAPE_POC|1
LUNG_L|RET|RET|LUNG_DOXIMITY_ALERT|LUNG_DOXIMITY_ALERT|28
LUNG_L|RET|RET|LUNG_DOXIMITY_ALERT|LUNG_F2F_CALL|1
LUNG_L|RET|RET|LUNG_DOXIMITY_ALERT|LUNG_HQ_EMAIL|1
LUNG_L|RET|RET|LUNG_DOXIMITY_ALERT|LUNG_MEDSCAPE_EMAIL|1
LUNG_L|RET|RET|LUNG_DOXIMITY_ALERT|OVERALL_DOXIMITY_ALERT|28
LUNG_L|RET|RET|LUNG_DOXIMITY_ALERT|OVERALL_HQ_EMAIL|1
LUNG_L|RET|RET|LUNG_DOXIMITY_ALERT|OVERALL_MEDSCAPE_BRANDSPOT|1
LUNG_L|RET|RET|LUNG_DOXIMITY_ALERT|OVERALL_P2P|1
LUNG_L|RET|RET|LUNG_DOXIMITY_ALERT|OVERALL_VEEVA_EMAIL|1
LUNG_L|RET|RET|LUNG_DOXIMITY_ALERT|THYROID_F2F_CALL|1
LUNG_L|RET|RET|LUNG_DOXIMITY_ALERT|THYROID_MEDSCAPE_BRANDSPOT|1
LUNG_L|RET|RET|LUNG_DOXIMITY_ALERT|THYROID_VEEVA_EMAIL|1
LUNG_L|RET|RET|LUNG_F2F_CALL|LUNG_HQ_EMAIL|1
LUNG_L|RET|RET|LUNG_F2F_CALL|LUNG_MEDSCAPE_BRANDSPOT|1
LUNG_L|RET|RET|LUNG_F2F_CALL|LUNG_MEDSCAPE_POC|1
LUNG_L|RET|RET|LUNG_F2F_CALL|OVERALL_F2F_CALL|21
LUNG_L|RET|RET|LUNG_F2F_CALL|OVERALL_HQ_EMAIL|1
LUNG_L|RET|RET|LUNG_F2F_CALL|OVERALL_P2P|1
LUNG_L|RET|RET|LUNG_F2F_CALL|OVERALL_VEEVA_EMAIL|14
LUNG_L|RET|RET|LUNG_F2F_CALL|THYROID_HQ_EMAIL|1
LUNG_L|RET|RET|LUNG_F2F_CALL|THYROID_MEDSCAPE_BRANDSPOT|1
LUNG_L|RET|RET|LUNG_HQ_EMAIL|LUNG_MEDSCAPE_ALERT|1
LUNG_L|RET|RET|LUNG_HQ_EMAIL|LUNG_MEDSCAPE_BRANDSPOT|1
LUNG_L|RET|RET|LUNG_HQ_EMAIL|LUNG_MEDSCAPE_POC|1
LUNG_L|RET|RET|LUNG_HQ_EMAIL|LUNG_VEEVA_EMAIL|1
LUNG_L|RET|RET|LUNG_HQ_EMAIL|OVERALL_HQ_EMAIL|7
LUNG_L|RET|RET|LUNG_HQ_EMAIL|OVERALL_MEDSCAPE_EMAIL|1
LUNG_L|RET|RET|LUNG_HQ_EMAIL|OVERALL_VEEVA_EMAIL|1
LUNG_L|RET|RET|LUNG_HQ_EMAIL|THYROID_F2F_CALL|1
LUNG_L|RET|RET|LUNG_HQ_EMAIL|THYROID_HQ_EMAIL|7
LUNG_L|RET|RET|LUNG_HQ_EMAIL|THYROID_MEDSCAPE_EMAIL|1
LUNG_L|RET|RET|LUNG_HQ_EMAIL|THYROID_MEDSCAPE_POC|1
LUNG_L|RET|RET|LUNG_MEDSCAPE_ALERT|LUNG_DOXIMITY_ALERT|1
LUNG_L|RET|RET|LUNG_MEDSCAPE_ALERT|LUNG_F2F_CALL|1
LUNG_L|RET|RET|LUNG_MEDSCAPE_ALERT|LUNG_HQ_EMAIL|1
THYROID_C|RET|RET|THYROID_MEDSCAPE_EMAIL|LUNG_MEDSCAPE_BRANDSPOT|7
THYROID_C|RET|RET|THYROID_MEDSCAPE_EMAIL|LUNG_MEDSCAPE_EMAIL|28
THYROID_C|RET|RET|THYROID_MEDSCAPE_EMAIL|LUNG_MEDSCAPE_POC|1
THYROID_C|RET|RET|THYROID_MEDSCAPE_EMAIL|OVERALL_HQ_EMAIL|1
THYROID_C|RET|RET|THYROID_MEDSCAPE_EMAIL|OVERALL_MEDSCAPE_ALERT|7
THYROID_C|RET|RET|THYROID_MEDSCAPE_EMAIL|OVERALL_MEDSCAPE_BRANDSPOT|7
THYROID_C|RET|RET|THYROID_MEDSCAPE_EMAIL|OVERALL_MEDSCAPE_POC|7
THYROID_C|RET|RET|THYROID_MEDSCAPE_EMAIL|THYROID_MEDSCAPE_ALERT|7
THYROID_C|RET|RET|THYROID_MEDSCAPE_EMAIL|THYROID_MEDSCAPE_EMAIL|28
THYROID_C|RET|RET|THYROID_MEDSCAPE_EMAIL|THYROID_MEDSCAPE_POC|7
THYROID_C|RET|RET|THYROID_MEDSCAPE_POC|LUNG_DOXIMITY_ALERT|1
THYROID_C|RET|RET|THYROID_MEDSCAPE_POC|LUNG_F2F_CALL|1
THYROID_C|RET|RET|THYROID_MEDSCAPE_POC|LUNG_VEEVA_EMAIL|1
THYROID_C|RET|RET|THYROID_MEDSCAPE_POC|OVERALL_F2F_CALL|1
THYROID_C|RET|RET|THYROID_MEDSCAPE_POC|OVERALL_MEDSCAPE_POC|14
THYROID_C|RET|RET|THYROID_MEDSCAPE_POC|OVERALL_P2P|1
THYROID_C|RET|RET|THYROID_MEDSCAPE_POC|THYROID_F2F_CALL|1
THYROID_C|RET|RET|THYROID_MEDSCAPE_POC|THYROID_MEDSCAPE_EMAIL|7
THYROID_C|RET|RET|THYROID_VEEVA_EMAIL|LUNG_HQ_EMAIL|1
THYROID_C|RET|RET|THYROID_VEEVA_EMAIL|LUNG_MEDSCAPE_BRANDSPOT|1
THYROID_C|RET|RET|THYROID_VEEVA_EMAIL|LUNG_MEDSCAPE_EMAIL|1
THYROID_C|RET|RET|THYROID_VEEVA_EMAIL|LUNG_MEDSCAPE_POC|1
THYROID_C|RET|RET|THYROID_VEEVA_EMAIL|LUNG_VEEVA_EMAIL|14
THYROID_C|RET|RET|THYROID_VEEVA_EMAIL|OVERALL_F2F_CALL|14
THYROID_C|RET|RET|THYROID_VEEVA_EMAIL|OVERALL_MEDSCAPE_ALERT|1
THYROID_C|RET|RET|THYROID_VEEVA_EMAIL|THYROID_DOXIMITY_ALERT|1
THYROID_C|RET|RET|THYROID_VEEVA_EMAIL|THYROID_HQ_EMAIL|1
THYROID_C|RET|RET|THYROID_VEEVA_EMAIL|THYROID_MEDSCAPE_ALERT|1
THYROID_C|RET|RET|THYROID_VEEVA_EMAIL|THYROID_MEDSCAPE_BRANDSPOT|1
THYROID_C|RET|RET|THYROID_VEEVA_EMAIL|THYROID_MEDSCAPE_EMAIL|1
THYROID_C|RET|RET|THYROID_VEEVA_EMAIL|THYROID_VEEVA_EMAIL|14
THYROID_H|RET|RET|LUNG_DOXIMITY_ALERT|LUNG_DOXIMITY_ALERT|28
THYROID_H|RET|RET|LUNG_DOXIMITY_ALERT|LUNG_HQ_EMAIL|1
THYROID_H|RET|RET|LUNG_DOXIMITY_ALERT|LUNG_MEDSCAPE_BRANDSPOT|1
THYROID_H|RET|RET|LUNG_DOXIMITY_ALERT|LUNG_MEDSCAPE_EMAIL|1
THYROID_H|RET|RET|LUNG_DOXIMITY_ALERT|LUNG_MEDSCAPE_POC|1
THYROID_H|RET|RET|LUNG_DOXIMITY_ALERT|OVERALL_DOXIMITY_ALERT|28
THYROID_H|RET|RET|LUNG_DOXIMITY_ALERT|OVERALL_F2F_CALL|1
THYROID_H|RET|RET|LUNG_DOXIMITY_ALERT|OVERALL_MEDSCAPE_ALERT|1
THYROID_H|RET|RET|LUNG_DOXIMITY_ALERT|OVERALL_MEDSCAPE_BRANDSPOT|1
THYROID_H|RET|RET|LUNG_DOXIMITY_ALERT|OVERALL_MEDSCAPE_EMAIL|1
THYROID_H|RET|RET|LUNG_DOXIMITY_ALERT|OVERALL_VEEVA_EMAIL|1
THYROID_H|RET|RET|LUNG_DOXIMITY_ALERT|THYROID_DOXIMITY_ALERT|28
THYROID_H|RET|RET|LUNG_DOXIMITY_ALERT|THYROID_MEDSCAPE_ALERT|1
THYROID_H|RET|RET|LUNG_F2F_CALL|LUNG_F2F_CALL|21
THYROID_H|RET|RET|LUNG_F2F_CALL|LUNG_HQ_EMAIL|1
THYROID_H|RET|RET|LUNG_F2F_CALL|LUNG_MEDSCAPE_BRANDSPOT|1
THYROID_H|RET|RET|LUNG_F2F_CALL|LUNG_MEDSCAPE_POC|1
THYROID_H|RET|RET|LUNG_F2F_CALL|LUNG_VEEVA_EMAIL|14
THYROID_H|RET|RET|LUNG_F2F_CALL|OVERALL_MEDSCAPE_ALERT|1
THYROID_H|RET|RET|LUNG_F2F_CALL|OVERALL_MEDSCAPE_BRANDSPOT|1
THYROID_H|RET|RET|LUNG_F2F_CALL|THYROID_HQ_EMAIL|1
THYROID_H|RET|RET|LUNG_F2F_CALL|THYROID_MEDSCAPE_EMAIL|1
THYROID_H|RET|RET|LUNG_F2F_CALL|THYROID_MEDSCAPE_POC|1
THYROID_H|RET|RET|LUNG_HQ_EMAIL|LUNG_HQ_EMAIL|7
THYROID_H|RET|RET|LUNG_HQ_EMAIL|LUNG_MEDSCAPE_EMAIL|1
THYROID_H|RET|RET|LUNG_HQ_EMAIL|LUNG_MEDSCAPE_POC|1
THYROID_H|RET|RET|LUNG_HQ_EMAIL|LUNG_VEEVA_EMAIL|1
THYROID_H|RET|RET|LUNG_HQ_EMAIL|OVERALL_F2F_CALL|1
THYROID_H|RET|RET|LUNG_HQ_EMAIL|OVERALL_MEDSCAPE_ALERT|1
THYROID_H|RET|RET|LUNG_HQ_EMAIL|OVERALL_MEDSCAPE_EMAIL|1
THYROID_H|RET|RET|LUNG_HQ_EMAIL|OVERALL_MEDSCAPE_POC|1
THYROID_H|RET|RET|LUNG_HQ_EMAIL|OVERALL_P2P|1
THYROID_H|RET|RET|LUNG_HQ_EMAIL|OVERALL_VEEVA_EMAIL|1
THYROID_H|RET|RET|LUNG_HQ_EMAIL|THYROID_DOXIMITY_ALERT|1
THYROID_H|RET|RET|LUNG_HQ_EMAIL|THYROID_F2F_CALL|1
THYROID_H|RET|RET|LUNG_HQ_EMAIL|THYROID_HQ_EMAIL|7
THYROID_H|RET|RET|LUNG_HQ_EMAIL|THYROID_MEDSCAPE_BRANDSPOT|1
THYROID_H|RET|RET|LUNG_MEDSCAPE_ALERT|LUNG_F2F_CALL|1
THYROID_H|RET|RET|LUNG_MEDSCAPE_ALERT|LUNG_HQ_EMAIL|1
THYROID_H|RET|RET|LUNG_MEDSCAPE_ALERT|LUNG_MEDSCAPE_ALERT|28
THYROID_H|RET|RET|LUNG_MEDSCAPE_ALERT|LUNG_MEDSCAPE_POC|1
THYROID_H|RET|RET|LUNG_MEDSCAPE_ALERT|LUNG_VEEVA_EMAIL|1
THYROID_H|RET|RET|LUNG_MEDSCAPE_ALERT|OVERALL_DOXIMITY_ALERT|1
THYROID_H|RET|RET|LUNG_MEDSCAPE_ALERT|OVERALL_MEDSCAPE_POC|14
THYROID_H|RET|RET|LUNG_MEDSCAPE_ALERT|OVERALL_P2P|1
THYROID_H|RET|RET|LUNG_MEDSCAPE_ALERT|THYROID_DOXIMITY_ALERT|1
THYROID_H|RET|RET|LUNG_MEDSCAPE_ALERT|THYROID_F2F_CALL|1
THYROID_M|RET|RET|OVERALL_MEDSCAPE_POC|THYROID_MEDSCAPE_BRANDSPOT|14
THYROID_M|RET|RET|OVERALL_MEDSCAPE_POC|THYROID_MEDSCAPE_POC|14
THYROID_M|RET|RET|OVERALL_MEDSCAPE_POC|THYROID_VEEVA_EMAIL|1
THYROID_M|RET|RET|OVERALL_P2P|LUNG_DOXIMITY_ALERT|1
THYROID_M|RET|RET|OVERALL_P2P|LUNG_HQ_EMAIL|1
THYROID_M|RET|RET|OVERALL_P2P|LUNG_MEDSCAPE_ALERT|1
THYROID_M|RET|RET|OVERALL_P2P|LUNG_MEDSCAPE_BRANDSPOT|1
THYROID_M|RET|RET|OVERALL_P2P|LUNG_MEDSCAPE_EMAIL|1
THYROID_M|RET|RET|OVERALL_P2P|OVERALL_DOXIMITY_ALERT|1
THYROID_M|RET|RET|OVERALL_P2P|OVERALL_HQ_EMAIL|1
THYROID_M|RET|RET|OVERALL_P2P|OVERALL_MEDSCAPE_ALERT|1
THYROID_M|RET|RET|OVERALL_P2P|OVERALL_MEDSCAPE_EMAIL|1
THYROID_M|RET|RET|OVERALL_P2P|OVERALL_VEEVA_EMAIL|1
THYROID_M|RET|RET|OVERALL_P2P|THYROID_HQ_EMAIL|1
THYROID_M|RET|RET|OVERALL_P2P|THYROID_MEDSCAPE_EMAIL|1
THYROID_M|RET|RET|OVERALL_P2P|THYROID_MEDSCAPE_POC|1
THYROID_M|RET|RET|OVERALL_P2P|THYROID_VEEVA_EMAIL|1
THYROID_M|RET|RET|OVERALL_VEEVA_EMAIL|LUNG_DOXIMITY_ALERT|1
THYROID_M|RET|RET|OVERALL_VEEVA_EMAIL|LUNG_MEDSCAPE_BRANDSPOT|1
THYROID_M|RET|RET|OVERALL_VEEVA_EMAIL|LUNG_MEDSCAPE_POC|1
THYROID_M|RET|RET|OVERALL_VEEVA_EMAIL|OVERALL_DOXIMITY_ALERT|1
THYROID_M|RET|RET|OVERALL_VEEVA_EMAIL|OVERALL_F2F_CALL|14
THYROID_M|RET|RET|OVERALL_VEEVA_EMAIL|OVERALL_HQ_EMAIL|1
THYROID_M|RET|RET|OVERALL_VEEVA_EMAIL|OVERALL_MEDSCAPE_ALERT|1
THYROID_M|RET|RET|OVERALL_VEEVA_EMAIL|OVERALL_MEDSCAPE_EMAIL|1
THYROID_M|RET|RET|OVERALL_VEEVA_EMAIL|OVERALL_MEDSCAPE_POC|1
THYROID_M|RET|RET|OVERALL_VEEVA_EMAIL|OVERALL_VEEVA_EMAIL|14
THYROID_M|RET|RET|OVERALL_VEEVA_EMAIL|THYROID_DOXIMITY_ALERT|1
THYROID_M|RET|RET|OVERALL_VEEVA_EMAIL|THYROID_F2F_CALL|14
THYROID_M|RET|RET|OVERALL_VEEVA_EMAIL|THYROID_HQ_EMAIL|1
THYROID_M|RET|RET|OVERALL_VEEVA_EMAIL|THYROID_MEDSCAPE_BRANDSPOT|1
THYROID_M|RET|RET|OVERALL_VEEVA_EMAIL|THYROID_MEDSCAPE_EMAIL|1
THYROID_M|RET|RET|OVERALL_VEEVA_EMAIL|THYROID_VEEVA_EMAIL|14
THYROID_M|RET|RET|THYROID_DOXIMITY_ALERT|LUNG_DOXIMITY_ALERT|28
THYROID_M|RET|RET|THYROID_DOXIMITY_ALERT|LUNG_HQ_EMAIL|1
THYROID_M|RET|RET|THYROID_DOXIMITY_ALERT|LUNG_MEDSCAPE_ALERT|1
THYROID_M|RET|RET|THYROID_DOXIMITY_ALERT|LUNG_MEDSCAPE_BRANDSPOT|1
THYROID_M|RET|RET|THYROID_DOXIMITY_ALERT|LUNG_MEDSCAPE_POC|1
THYROID_M|RET|RET|THYROID_DOXIMITY_ALERT|OVERALL_DOXIMITY_ALERT|28
THYROID_M|RET|RET|THYROID_DOXIMITY_ALERT|OVERALL_MEDSCAPE_ALERT|1
THYROID_M|RET|RET|THYROID_DOXIMITY_ALERT|OVERALL_MEDSCAPE_EMAIL|1
THYROID_M|RET|RET|THYROID_DOXIMITY_ALERT|OVERALL_MEDSCAPE_POC|1
THYROID_M|RET|RET|THYROID_DOXIMITY_ALERT|OVERALL_P2P|1
THYROID_M|RET|RET|THYROID_DOXIMITY_ALERT|OVERALL_VEEVA_EMAIL|1
THYROID_M|RET|RET|THYROID_DOXIMITY_ALERT|THYROID_DOXIMITY_ALERT|28
THYROID_M|RET|RET|THYROID_DOXIMITY_ALERT|THYROID_MEDSCAPE_ALERT|1
THYROID_M|RET|RET|THYROID_DOXIMITY_ALERT|THYROID_MEDSCAPE_BRANDSPOT|1
THYROID_M|RET|RET|THYROID_DOXIMITY_ALERT|THYROID_MEDSCAPE_EMAIL|1
THYROID_M|RET|RET|THYROID_F2F_CALL|LUNG_F2F_CALL|21
THYROID_M|RET|RET|THYROID_F2F_CALL|LUNG_MEDSCAPE_ALERT|1
THYROID_M|RET|RET|THYROID_F2F_CALL|OVERALL_DOXIMITY_ALERT|1
THYROID_M|RET|RET|THYROID_F2F_CALL|OVERALL_HQ_EMAIL|1
THYROID_M|RET|RET|THYROID_F2F_CALL|OVERALL_MEDSCAPE_BRANDSPOT|1
THYROID_M|RET|RET|THYROID_F2F_CALL|OVERALL_MEDSCAPE_POC|1
THYROID_M|RET|RET|THYROID_F2F_CALL|THYROID_DOXIMITY_ALERT|1
THYROID_M|RET|RET|THYROID_F2F_CALL|THYROID_F2F_CALL|21
THYROID_M|RET|RET|THYROID_F2F_CALL|THYROID_MEDSCAPE_BRANDSPOT|1
THYROID_M|RET|RET|THYROID_F2F_CALL|THYROID_MEDSCAPE_EMAIL|1
THYROID_M|RET|RET|THYROID_F2F_CALL|THYROID_VEEVA_EMAIL|14
THYROID_M|RET|RET|THYROID_HQ_EMAIL|LUNG_DOXIMITY_ALERT|1
THYROID_M|RET|RET|THYROID_HQ_EMAIL|LUNG_F2F_CALL|1
THYROID_M|RET|RET|THYROID_HQ_EMAIL|LUNG_MEDSCAPE_EMAIL|1
THYROID_M|RET|RET|THYROID_HQ_EMAIL|LUNG_VEEVA_EMAIL|1
THYROID_M|RET|RET|THYROID_HQ_EMAIL|OVERALL_DOXIMITY_ALERT|1
THYROID_M|RET|RET|THYROID_HQ_EMAIL|OVERALL_F2F_CALL|1
THYROID_M|RET|RET|THYROID_HQ_EMAIL|OVERALL_MEDSCAPE_ALERT|1
THYROID_M|RET|RET|THYROID_HQ_EMAIL|OVERALL_MEDSCAPE_BRANDSPOT|1
THYROID_M|RET|RET|THYROID_HQ_EMAIL|OVERALL_MEDSCAPE_EMAIL|1
THYROID_M|RET|RET|THYROID_HQ_EMAIL|OVERALL_MEDSCAPE_POC|1
THYROID_M|RET|RET|THYROID_HQ_EMAIL|OVERALL_P2P|1
THYROID_M|RET|RET|THYROID_HQ_EMAIL|THYROID_DOXIMITY_ALERT|1
THYROID_M|RET|RET|THYROID_HQ_EMAIL|THYROID_F2F_CALL|1
THYROID_M|RET|RET|THYROID_HQ_EMAIL|THYROID_MEDSCAPE_EMAIL|1
THYROID_M|RET|RET|THYROID_HQ_EMAIL|THYROID_MEDSCAPE_POC|1
THYROID_M|RET|RET|THYROID_MEDSCAPE_ALERT|LUNG_DOXIMITY_ALERT|1
THYROID_M|RET|RET|THYROID_MEDSCAPE_ALERT|LUNG_MEDSCAPE_BRANDSPOT|14
THYROID_M|RET|RET|THYROID_MEDSCAPE_ALERT|OVERALL_DOXIMITY_ALERT|1
CRITICAL|TRU|TRU|MEDSCAPE_EMAIL|MEDSCAPE_ALERT|7
CRITICAL|TRU|TRU|MEDSCAPE_EMAIL|MEDSCAPE_EMAIL|30
CRITICAL|TRU|TRU|VEEVA_EMAIL|VEEVA_EMAIL|5
CRITICAL|US_304486|US_304486|F2F_CALL|F2F_CALL|14
CRITICAL|US_304486|US_304486|F2F_CALL|MEDSCAPE_ALERT|1
CRITICAL|US_304486|US_304486|F2F_CALL|MEDSCAPE_BRANDSPOT|1
CRITICAL|US_304486|US_304486|F2F_CALL|VEEVA_EMAIL|1
CRITICAL|US_304486|US_304486|HQ_EMAIL|F2F_CALL|1
CRITICAL|US_304486|US_304486|HQ_EMAIL|MEDSCAPE_ALERT|1
CRITICAL|US_304486|US_304486|HQ_EMAIL|MEDSCAPE_EMAIL|1
CRITICAL|US_304486|US_304486|HQ_EMAIL|MEDSCAPE_POC|1
CRITICAL|US_304486|US_304486|HQ_EMAIL|VEEVA_EMAIL|1
CRITICAL|US_304486|US_304486|MEDSCAPE_ALERT|F2F_CALL|1
CRITICAL|US_304486|US_304486|MEDSCAPE_ALERT|MEDSCAPE_ALERT|28
CRITICAL|US_304486|US_304486|MEDSCAPE_ALERT|MEDSCAPE_BRANDSPOT|1
CRITICAL|US_304486|US_304486|MEDSCAPE_ALERT|MEDSCAPE_EMAIL|1
CRITICAL|US_304486|US_304486|MEDSCAPE_ALERT|MEDSCAPE_POC|1
CRITICAL|US_304486|US_304486|MEDSCAPE_ALERT|VEEVA_EMAIL|1
CRITICAL|US_304486|US_304486|MEDSCAPE_BRANDSPOT|HQ_EMAIL|1
CRITICAL|US_304486|US_304486|MEDSCAPE_BRANDSPOT|VEEVA_EMAIL|1
CRITICAL|US_304486|US_304486|MEDSCAPE_EMAIL|MEDSCAPE_ALERT|1
CRITICAL|US_304486|US_304486|MEDSCAPE_EMAIL|MEDSCAPE_BRANDSPOT|1
CRITICAL|US_304486|US_304486|MEDSCAPE_POC|MEDSCAPE_ALERT|1
CRITICAL|US_304486|US_304486|MEDSCAPE_POC|MEDSCAPE_EMAIL|1
CRITICAL|US_304486|US_304486|MEDSCAPE_POC|MEDSCAPE_POC|14
CRITICAL|US_304486|US_304486|P2P|F2F_CALL|7
CRITICAL|US_304486|US_304486|P2P|MEDSCAPE_ALERT|1
CRITICAL|US_304486|US_304486|P2P|MEDSCAPE_EMAIL|1
CRITICAL|US_304486|US_304486|VEEVA_EMAIL|MEDSCAPE_ALERT|1
CRITICAL|US_304486|US_304486|VEEVA_EMAIL|MEDSCAPE_BRANDSPOT|1
CRITICAL|US_304528|US_304528|DOXIMITY_ALERT|DOXIMITY_ALERT|14
CRITICAL|US_304528|US_304528|DOXIMITY_ALERT|EDH_PROFLOW_RDMU|1
CRITICAL|US_304528|US_304528|DOXIMITY_ALERT|F2F_CALL|1
CRITICAL|US_304528|US_304528|DOXIMITY_ALERT|HQ_EMAIL|1
CRITICAL|US_304528|US_304528|DOXIMITY_ALERT|MEDSCAPE_EMAIL|1
CRITICAL|US_304528|US_304528|DOXIMITY_DOCSPOT|DOXIMITY_DOCSPOT|7
CRITICAL|US_304528|US_304528|DOXIMITY_DOCSPOT|EDH_PROFLOW_EDMU|1
CRITICAL|US_304528|US_304528|DOXIMITY_DOCSPOT|EDH_PROFLOW_WDMU|1
CRITICAL|US_304528|US_304528|DOXIMITY_DOCSPOT|EPOCRATES_ALERT|1
CRITICAL|US_304528|US_304528|DOXIMITY_DOCSPOT|MEDSCAPE_ALERT|1
CRITICAL|US_304528|US_304528|DOXIMITY_DOCSPOT|MEDSCAPE_POC|1
CRITICAL|US_304528|US_304528|DOXIMITY_DOCSPOT|VEEVA_EMAIL|1
CRITICAL|US_304528|US_304528|EDH_PROFLOW_EDMU|DOXIMITY_ALERT|1
CRITICAL|US_304528|US_304528|EDH_PROFLOW_EDMU|EDH_PROFLOW_WDMU|7
CRITICAL|US_304528|US_304528|EDH_PROFLOW_EDMU|F2F_CALL|1
CRITICAL|US_304528|US_304528|EDH_PROFLOW_EDMU|HQ_EMAIL|1
CRITICAL|US_304528|US_304528|EDH_PROFLOW_EDMU|MEDSCAPE_EMAIL|1
CRITICAL|US_304528|US_304528|EDH_PROFLOW_EDMU|MEDSCAPE_POC|1
CRITICAL|US_304528|US_304528|EDH_PROFLOW_RDMU|DOXIMITY_DOCSPOT|1
CRITICAL|US_304528|US_304528|EDH_PROFLOW_RDMU|EDH_PROFLOW_EDMU|7
CRITICAL|US_304528|US_304528|EDH_PROFLOW_RDMU|EDH_PROFLOW_RDMU|7
CRITICAL|US_304528|US_304528|EDH_PROFLOW_RDMU|EDH_PROFLOW_WDMU|7
CRITICAL|US_304528|US_304528|EDH_PROFLOW_RDMU|MEDSCAPE_ALERT|1
CRITICAL|US_304528|US_304528|EDH_PROFLOW_RDMU|MEDSCAPE_EMAIL|1
CRITICAL|US_304528|US_304528|EDH_PROFLOW_RDMU|P2P|1
CRITICAL|US_304528|US_304528|EDH_PROFLOW_RDMU|VEEVA_EMAIL|1
CRITICAL|US_304528|US_304528|EDH_PROFLOW_WDMU|DOXIMITY_DOCSPOT|1
CRITICAL|US_304528|US_304528|EDH_PROFLOW_WDMU|EDH_PROFLOW_RDMU|7
CRITICAL|US_304528|US_304528|EDH_PROFLOW_WDMU|EPOCRATES_ALERT|1
CRITICAL|US_304528|US_304528|EDH_PROFLOW_WDMU|F2F_CALL|1
CRITICAL|US_304528|US_304528|EDH_PROFLOW_WDMU|HQ_EMAIL|1
CRITICAL|US_304528|US_304528|EDH_PROFLOW_WDMU|MEDSCAPE_ALERT|1
CRITICAL|US_304528|US_304528|EDH_PROFLOW_WDMU|MEDSCAPE_POC|1
CRITICAL|US_304528|US_304528|EDH_PROFLOW_WDMU|VEEVA_EMAIL|1
CRITICAL|US_304528|US_304528|EPOCRATES_ALERT|DOXIMITY_DOCSPOT|1
CRITICAL|US_304528|US_304528|EPOCRATES_ALERT|EDH_PROFLOW_EDMU|1
CRITICAL|US_304528|US_304528|EPOCRATES_ALERT|EDH_PROFLOW_RDMU|1
CRITICAL|US_304528|US_304528|EPOCRATES_ALERT|EDH_PROFLOW_WDMU|1
CRITICAL|US_304528|US_304528|EPOCRATES_ALERT|EPOCRATES_ALERT|7
CRITICAL|US_304528|US_304528|EPOCRATES_ALERT|F2F_CALL|1
CRITICAL|US_304528|US_304528|EPOCRATES_ALERT|MEDSCAPE_POC|1
LUNG_H|RET|RET|OVERALL_MEDSCAPE_ALERT|OVERALL_F2F_CALL|1
LUNG_H|RET|RET|OVERALL_MEDSCAPE_ALERT|OVERALL_MEDSCAPE_EMAIL|7
LUNG_H|RET|RET|OVERALL_MEDSCAPE_ALERT|OVERALL_P2P|1
LUNG_H|RET|RET|OVERALL_MEDSCAPE_ALERT|OVERALL_VEEVA_EMAIL|1
LUNG_H|RET|RET|OVERALL_MEDSCAPE_ALERT|THYROID_DOXIMITY_ALERT|1
LUNG_H|RET|RET|OVERALL_MEDSCAPE_ALERT|THYROID_HQ_EMAIL|1
LUNG_H|RET|RET|OVERALL_MEDSCAPE_ALERT|THYROID_MEDSCAPE_ALERT|28
LUNG_H|RET|RET|OVERALL_MEDSCAPE_ALERT|THYROID_VEEVA_EMAIL|1
LUNG_H|RET|RET|OVERALL_MEDSCAPE_BRANDSPOT|LUNG_HQ_EMAIL|1
LUNG_H|RET|RET|OVERALL_MEDSCAPE_BRANDSPOT|LUNG_MEDSCAPE_ALERT|14
LUNG_H|RET|RET|OVERALL_MEDSCAPE_BRANDSPOT|LUNG_MEDSCAPE_BRANDSPOT|14
LUNG_H|RET|RET|OVERALL_MEDSCAPE_BRANDSPOT|LUNG_MEDSCAPE_POC|14
LUNG_H|RET|RET|OVERALL_MEDSCAPE_BRANDSPOT|LUNG_VEEVA_EMAIL|1
LUNG_H|RET|RET|OVERALL_MEDSCAPE_BRANDSPOT|OVERALL_F2F_CALL|1
LUNG_H|RET|RET|OVERALL_MEDSCAPE_BRANDSPOT|OVERALL_MEDSCAPE_ALERT|14
LUNG_H|RET|RET|OVERALL_MEDSCAPE_BRANDSPOT|OVERALL_MEDSCAPE_BRANDSPOT|14
LUNG_H|RET|RET|OVERALL_MEDSCAPE_BRANDSPOT|OVERALL_MEDSCAPE_EMAIL|7
LUNG_H|RET|RET|OVERALL_MEDSCAPE_BRANDSPOT|OVERALL_VEEVA_EMAIL|1
LUNG_H|RET|RET|OVERALL_MEDSCAPE_BRANDSPOT|THYROID_DOXIMITY_ALERT|1
LUNG_H|RET|RET|OVERALL_MEDSCAPE_BRANDSPOT|THYROID_MEDSCAPE_BRANDSPOT|14
LUNG_H|RET|RET|OVERALL_MEDSCAPE_BRANDSPOT|THYROID_MEDSCAPE_EMAIL|7
LUNG_H|RET|RET|OVERALL_MEDSCAPE_EMAIL|LUNG_HQ_EMAIL|1
LUNG_H|RET|RET|OVERALL_MEDSCAPE_EMAIL|LUNG_MEDSCAPE_ALERT|7
LUNG_H|RET|RET|OVERALL_MEDSCAPE_EMAIL|LUNG_MEDSCAPE_EMAIL|14
LUNG_H|RET|RET|OVERALL_MEDSCAPE_EMAIL|LUNG_VEEVA_EMAIL|1
LUNG_H|RET|RET|OVERALL_MEDSCAPE_EMAIL|OVERALL_DOXIMITY_ALERT|1
LUNG_H|RET|RET|OVERALL_MEDSCAPE_EMAIL|OVERALL_HQ_EMAIL|1
LUNG_H|RET|RET|OVERALL_MEDSCAPE_EMAIL|OVERALL_MEDSCAPE_POC|7
LUNG_H|RET|RET|OVERALL_MEDSCAPE_EMAIL|OVERALL_P2P|1
LUNG_H|RET|RET|OVERALL_MEDSCAPE_EMAIL|OVERALL_VEEVA_EMAIL|1
LUNG_H|RET|RET|OVERALL_MEDSCAPE_EMAIL|THYROID_DOXIMITY_ALERT|1
LUNG_H|RET|RET|OVERALL_MEDSCAPE_EMAIL|THYROID_MEDSCAPE_BRANDSPOT|7
LUNG_H|RET|RET|OVERALL_MEDSCAPE_EMAIL|THYROID_MEDSCAPE_EMAIL|14
LUNG_H|RET|RET|OVERALL_MEDSCAPE_EMAIL|THYROID_VEEVA_EMAIL|1
LUNG_H|RET|RET|OVERALL_MEDSCAPE_POC|LUNG_DOXIMITY_ALERT|1
LUNG_H|RET|RET|OVERALL_MEDSCAPE_POC|LUNG_F2F_CALL|1
LUNG_H|RET|RET|OVERALL_MEDSCAPE_POC|LUNG_MEDSCAPE_ALERT|14
LUNG_H|RET|RET|OVERALL_MEDSCAPE_POC|LUNG_MEDSCAPE_EMAIL|7
LUNG_H|RET|RET|OVERALL_MEDSCAPE_POC|LUNG_VEEVA_EMAIL|1
LUNG_H|RET|RET|OVERALL_MEDSCAPE_POC|OVERALL_DOXIMITY_ALERT|1
LUNG_H|RET|RET|OVERALL_MEDSCAPE_POC|OVERALL_F2F_CALL|1
LUNG_H|RET|RET|OVERALL_MEDSCAPE_POC|OVERALL_MEDSCAPE_EMAIL|7
LUNG_H|RET|RET|OVERALL_MEDSCAPE_POC|THYROID_F2F_CALL|1
LUNG_H|RET|RET|OVERALL_MEDSCAPE_POC|THYROID_HQ_EMAIL|1
LUNG_H|RET|RET|OVERALL_MEDSCAPE_POC|THYROID_MEDSCAPE_ALERT|14
LUNG_H|RET|RET|OVERALL_MEDSCAPE_POC|THYROID_MEDSCAPE_EMAIL|7
LUNG_H|RET|RET|OVERALL_MEDSCAPE_POC|THYROID_MEDSCAPE_POC|14
LUNG_H|RET|RET|OVERALL_MEDSCAPE_POC|THYROID_VEEVA_EMAIL|1
LUNG_H|RET|RET|OVERALL_P2P|LUNG_F2F_CALL|1
LUNG_H|RET|RET|OVERALL_P2P|LUNG_MEDSCAPE_BRANDSPOT|1
LUNG_H|RET|RET|OVERALL_P2P|OVERALL_DOXIMITY_ALERT|1
LUNG_H|RET|RET|OVERALL_P2P|OVERALL_MEDSCAPE_ALERT|1
LUNG_H|RET|RET|OVERALL_P2P|OVERALL_MEDSCAPE_BRANDSPOT|1
LUNG_H|RET|RET|OVERALL_P2P|OVERALL_MEDSCAPE_POC|1
LUNG_H|RET|RET|OVERALL_P2P|OVERALL_P2P|21
LUNG_H|RET|RET|OVERALL_P2P|THYROID_F2F_CALL|1
LUNG_H|RET|RET|OVERALL_P2P|THYROID_HQ_EMAIL|1
LUNG_H|RET|RET|OVERALL_P2P|THYROID_MEDSCAPE_BRANDSPOT|1
LUNG_H|RET|RET|OVERALL_P2P|THYROID_MEDSCAPE_EMAIL|1
LUNG_H|RET|RET|OVERALL_P2P|THYROID_VEEVA_EMAIL|1
LUNG_H|RET|RET|OVERALL_VEEVA_EMAIL|LUNG_DOXIMITY_ALERT|1
LUNG_H|RET|RET|OVERALL_VEEVA_EMAIL|LUNG_F2F_CALL|14
LUNG_H|RET|RET|OVERALL_VEEVA_EMAIL|LUNG_HQ_EMAIL|1
LUNG_H|RET|RET|OVERALL_VEEVA_EMAIL|LUNG_MEDSCAPE_ALERT|1
LUNG_H|RET|RET|OVERALL_VEEVA_EMAIL|LUNG_MEDSCAPE_POC|1
LUNG_H|RET|RET|OVERALL_VEEVA_EMAIL|LUNG_VEEVA_EMAIL|14
LUNG_H|RET|RET|OVERALL_VEEVA_EMAIL|OVERALL_DOXIMITY_ALERT|1
LUNG_H|RET|RET|OVERALL_VEEVA_EMAIL|OVERALL_F2F_CALL|14
LUNG_H|RET|RET|OVERALL_VEEVA_EMAIL|OVERALL_MEDSCAPE_BRANDSPOT|1
LUNG_H|RET|RET|OVERALL_VEEVA_EMAIL|OVERALL_MEDSCAPE_POC|1
LUNG_H|RET|RET|OVERALL_VEEVA_EMAIL|THYROID_MEDSCAPE_EMAIL|1
LUNG_H|RET|RET|OVERALL_VEEVA_EMAIL|THYROID_VEEVA_EMAIL|14
LUNG_H|RET|RET|THYROID_DOXIMITY_ALERT|LUNG_F2F_CALL|1
LUNG_H|RET|RET|THYROID_DOXIMITY_ALERT|LUNG_HQ_EMAIL|1
LUNG_H|RET|RET|THYROID_DOXIMITY_ALERT|LUNG_MEDSCAPE_ALERT|1
LUNG_H|RET|RET|THYROID_DOXIMITY_ALERT|LUNG_MEDSCAPE_BRANDSPOT|1
LUNG_H|RET|RET|THYROID_DOXIMITY_ALERT|LUNG_MEDSCAPE_EMAIL|1
OVERALL_L|RET|RET|THYROID_HQ_EMAIL|LUNG_MEDSCAPE_BRANDSPOT|1
OVERALL_L|RET|RET|THYROID_HQ_EMAIL|LUNG_MEDSCAPE_POC|1
OVERALL_L|RET|RET|THYROID_HQ_EMAIL|LUNG_VEEVA_EMAIL|1
OVERALL_L|RET|RET|THYROID_HQ_EMAIL|OVERALL_MEDSCAPE_BRANDSPOT|1
OVERALL_L|RET|RET|THYROID_HQ_EMAIL|OVERALL_MEDSCAPE_EMAIL|1
OVERALL_L|RET|RET|THYROID_HQ_EMAIL|OVERALL_P2P|1
OVERALL_L|RET|RET|THYROID_HQ_EMAIL|OVERALL_VEEVA_EMAIL|1
OVERALL_L|RET|RET|THYROID_HQ_EMAIL|THYROID_DOXIMITY_ALERT|1
OVERALL_L|RET|RET|THYROID_HQ_EMAIL|THYROID_HQ_EMAIL|7
OVERALL_L|RET|RET|THYROID_HQ_EMAIL|THYROID_MEDSCAPE_ALERT|1
OVERALL_L|RET|RET|THYROID_HQ_EMAIL|THYROID_MEDSCAPE_EMAIL|1
OVERALL_L|RET|RET|THYROID_MEDSCAPE_ALERT|LUNG_HQ_EMAIL|1
OVERALL_L|RET|RET|THYROID_MEDSCAPE_ALERT|LUNG_MEDSCAPE_BRANDSPOT|14
OVERALL_L|RET|RET|THYROID_MEDSCAPE_ALERT|LUNG_MEDSCAPE_POC|1
OVERALL_L|RET|RET|THYROID_MEDSCAPE_ALERT|OVERALL_F2F_CALL|1
OVERALL_L|RET|RET|THYROID_MEDSCAPE_ALERT|OVERALL_MEDSCAPE_ALERT|28
OVERALL_L|RET|RET|THYROID_MEDSCAPE_ALERT|OVERALL_MEDSCAPE_BRANDSPOT|14
OVERALL_L|RET|RET|THYROID_MEDSCAPE_ALERT|OVERALL_MEDSCAPE_POC|14
OVERALL_L|RET|RET|THYROID_MEDSCAPE_ALERT|OVERALL_P2P|1
OVERALL_L|RET|RET|THYROID_MEDSCAPE_ALERT|OVERALL_VEEVA_EMAIL|1
OVERALL_L|RET|RET|THYROID_MEDSCAPE_ALERT|THYROID_MEDSCAPE_ALERT|28
OVERALL_L|RET|RET|THYROID_MEDSCAPE_ALERT|THYROID_MEDSCAPE_EMAIL|7
OVERALL_L|RET|RET|THYROID_MEDSCAPE_ALERT|THYROID_MEDSCAPE_POC|14
OVERALL_L|RET|RET|THYROID_MEDSCAPE_BRANDSPOT|LUNG_DOXIMITY_ALERT|1
OVERALL_L|RET|RET|THYROID_MEDSCAPE_BRANDSPOT|LUNG_MEDSCAPE_ALERT|14
OVERALL_L|RET|RET|THYROID_MEDSCAPE_BRANDSPOT|LUNG_MEDSCAPE_EMAIL|7
OVERALL_L|RET|RET|THYROID_MEDSCAPE_BRANDSPOT|OVERALL_DOXIMITY_ALERT|1
OVERALL_L|RET|RET|THYROID_MEDSCAPE_BRANDSPOT|OVERALL_HQ_EMAIL|1
OVERALL_L|RET|RET|THYROID_MEDSCAPE_BRANDSPOT|OVERALL_MEDSCAPE_ALERT|14
OVERALL_L|RET|RET|THYROID_MEDSCAPE_BRANDSPOT|THYROID_HQ_EMAIL|1
OVERALL_L|RET|RET|THYROID_MEDSCAPE_BRANDSPOT|THYROID_MEDSCAPE_BRANDSPOT|14
OVERALL_L|RET|RET|THYROID_MEDSCAPE_BRANDSPOT|THYROID_MEDSCAPE_POC|14
OVERALL_L|RET|RET|THYROID_MEDSCAPE_BRANDSPOT|THYROID_VEEVA_EMAIL|1
OVERALL_L|RET|RET|THYROID_MEDSCAPE_EMAIL|LUNG_DOXIMITY_ALERT|1
OVERALL_L|RET|RET|THYROID_MEDSCAPE_EMAIL|LUNG_HQ_EMAIL|1
OVERALL_L|RET|RET|THYROID_MEDSCAPE_EMAIL|LUNG_MEDSCAPE_ALERT|7
OVERALL_L|RET|RET|THYROID_MEDSCAPE_EMAIL|LUNG_MEDSCAPE_BRANDSPOT|7
OVERALL_L|RET|RET|THYROID_MEDSCAPE_EMAIL|LUNG_MEDSCAPE_EMAIL|28
OVERALL_L|RET|RET|THYROID_MEDSCAPE_EMAIL|LUNG_MEDSCAPE_POC|1
OVERALL_L|RET|RET|THYROID_MEDSCAPE_EMAIL|OVERALL_MEDSCAPE_EMAIL|28
OVERALL_L|RET|RET|THYROID_MEDSCAPE_EMAIL|OVERALL_P2P|1
OVERALL_L|RET|RET|THYROID_MEDSCAPE_EMAIL|OVERALL_VEEVA_EMAIL|1
OVERALL_L|RET|RET|THYROID_MEDSCAPE_EMAIL|THYROID_F2F_CALL|1
OVERALL_L|RET|RET|THYROID_MEDSCAPE_EMAIL|THYROID_HQ_EMAIL|1
OVERALL_L|RET|RET|THYROID_MEDSCAPE_EMAIL|THYROID_MEDSCAPE_ALERT|7
OVERALL_L|RET|RET|THYROID_MEDSCAPE_EMAIL|THYROID_MEDSCAPE_BRANDSPOT|7
OVERALL_L|RET|RET|THYROID_MEDSCAPE_EMAIL|THYROID_MEDSCAPE_EMAIL|28
OVERALL_L|RET|RET|THYROID_MEDSCAPE_EMAIL|THYROID_MEDSCAPE_POC|7
OVERALL_L|RET|RET|THYROID_MEDSCAPE_POC|LUNG_MEDSCAPE_ALERT|14
OVERALL_L|RET|RET|THYROID_MEDSCAPE_POC|LUNG_MEDSCAPE_BRANDSPOT|14
OVERALL_L|RET|RET|THYROID_MEDSCAPE_POC|LUNG_MEDSCAPE_EMAIL|7
OVERALL_L|RET|RET|THYROID_MEDSCAPE_POC|OVERALL_DOXIMITY_ALERT|1
OVERALL_L|RET|RET|THYROID_MEDSCAPE_POC|OVERALL_F2F_CALL|1
OVERALL_L|RET|RET|THYROID_MEDSCAPE_POC|OVERALL_MEDSCAPE_ALERT|14
OVERALL_L|RET|RET|THYROID_MEDSCAPE_POC|OVERALL_MEDSCAPE_BRANDSPOT|14
OVERALL_L|RET|RET|THYROID_MEDSCAPE_POC|OVERALL_MEDSCAPE_EMAIL|7
OVERALL_L|RET|RET|THYROID_MEDSCAPE_POC|OVERALL_MEDSCAPE_POC|14
OVERALL_L|RET|RET|THYROID_MEDSCAPE_POC|OVERALL_P2P|1
OVERALL_L|RET|RET|THYROID_MEDSCAPE_POC|OVERALL_VEEVA_EMAIL|1
OVERALL_L|RET|RET|THYROID_MEDSCAPE_POC|THYROID_DOXIMITY_ALERT|1
OVERALL_L|RET|RET|THYROID_MEDSCAPE_POC|THYROID_MEDSCAPE_ALERT|14
OVERALL_L|RET|RET|THYROID_MEDSCAPE_POC|THYROID_MEDSCAPE_BRANDSPOT|14
OVERALL_L|RET|RET|THYROID_MEDSCAPE_POC|THYROID_MEDSCAPE_POC|14
OVERALL_L|RET|RET|THYROID_MEDSCAPE_POC|THYROID_VEEVA_EMAIL|1
OVERALL_L|RET|RET|THYROID_VEEVA_EMAIL|LUNG_DOXIMITY_ALERT|1
OVERALL_L|RET|RET|THYROID_VEEVA_EMAIL|LUNG_F2F_CALL|14
OVERALL_L|RET|RET|THYROID_VEEVA_EMAIL|LUNG_MEDSCAPE_POC|1
OVERALL_L|RET|RET|THYROID_VEEVA_EMAIL|OVERALL_MEDSCAPE_ALERT|1
OVERALL_L|RET|RET|THYROID_VEEVA_EMAIL|OVERALL_MEDSCAPE_EMAIL|1
OVERALL_L|RET|RET|THYROID_VEEVA_EMAIL|OVERALL_VEEVA_EMAIL|14
OVERALL_L|RET|RET|THYROID_VEEVA_EMAIL|THYROID_MEDSCAPE_EMAIL|1
OVERALL_M|RET|RET|LUNG_DOXIMITY_ALERT|LUNG_DOXIMITY_ALERT|28
OVERALL_M|RET|RET|LUNG_DOXIMITY_ALERT|LUNG_HQ_EMAIL|1
THYROID_H|RET|RET|OVERALL_MEDSCAPE_POC|LUNG_F2F_CALL|1
THYROID_H|RET|RET|OVERALL_MEDSCAPE_POC|LUNG_HQ_EMAIL|1
THYROID_H|RET|RET|OVERALL_MEDSCAPE_POC|LUNG_MEDSCAPE_ALERT|14
THYROID_H|RET|RET|OVERALL_MEDSCAPE_POC|LUNG_VEEVA_EMAIL|1
THYROID_H|RET|RET|OVERALL_MEDSCAPE_POC|OVERALL_DOXIMITY_ALERT|1
THYROID_H|RET|RET|OVERALL_MEDSCAPE_POC|OVERALL_F2F_CALL|1
THYROID_H|RET|RET|OVERALL_MEDSCAPE_POC|OVERALL_MEDSCAPE_BRANDSPOT|14
THYROID_H|RET|RET|OVERALL_MEDSCAPE_POC|OVERALL_MEDSCAPE_POC|14
THYROID_H|RET|RET|OVERALL_MEDSCAPE_POC|OVERALL_P2P|1
THYROID_H|RET|RET|OVERALL_MEDSCAPE_POC|THYROID_F2F_CALL|1
THYROID_H|RET|RET|OVERALL_MEDSCAPE_POC|THYROID_HQ_EMAIL|1
THYROID_H|RET|RET|OVERALL_MEDSCAPE_POC|THYROID_MEDSCAPE_ALERT|14
THYROID_H|RET|RET|OVERALL_MEDSCAPE_POC|THYROID_VEEVA_EMAIL|1
THYROID_H|RET|RET|OVERALL_P2P|LUNG_F2F_CALL|1
THYROID_H|RET|RET|OVERALL_P2P|LUNG_HQ_EMAIL|1
THYROID_H|RET|RET|OVERALL_P2P|LUNG_MEDSCAPE_ALERT|1
THYROID_H|RET|RET|OVERALL_P2P|LUNG_MEDSCAPE_EMAIL|1
THYROID_H|RET|RET|OVERALL_P2P|LUNG_MEDSCAPE_POC|1
THYROID_H|RET|RET|OVERALL_P2P|LUNG_VEEVA_EMAIL|1
THYROID_H|RET|RET|OVERALL_P2P|OVERALL_DOXIMITY_ALERT|1
THYROID_H|RET|RET|OVERALL_P2P|OVERALL_F2F_CALL|1
THYROID_H|RET|RET|OVERALL_P2P|OVERALL_MEDSCAPE_POC|1
THYROID_H|RET|RET|OVERALL_P2P|THYROID_MEDSCAPE_ALERT|1
THYROID_H|RET|RET|OVERALL_P2P|THYROID_MEDSCAPE_EMAIL|1
THYROID_H|RET|RET|OVERALL_VEEVA_EMAIL|LUNG_DOXIMITY_ALERT|1
THYROID_H|RET|RET|OVERALL_VEEVA_EMAIL|LUNG_F2F_CALL|14
THYROID_H|RET|RET|OVERALL_VEEVA_EMAIL|LUNG_HQ_EMAIL|1
THYROID_H|RET|RET|OVERALL_VEEVA_EMAIL|LUNG_MEDSCAPE_EMAIL|1
THYROID_H|RET|RET|OVERALL_VEEVA_EMAIL|OVERALL_DOXIMITY_ALERT|1
THYROID_H|RET|RET|OVERALL_VEEVA_EMAIL|OVERALL_HQ_EMAIL|1
THYROID_H|RET|RET|OVERALL_VEEVA_EMAIL|OVERALL_P2P|1
THYROID_H|RET|RET|OVERALL_VEEVA_EMAIL|THYROID_DOXIMITY_ALERT|1
THYROID_H|RET|RET|OVERALL_VEEVA_EMAIL|THYROID_F2F_CALL|14
THYROID_H|RET|RET|OVERALL_VEEVA_EMAIL|THYROID_HQ_EMAIL|1
THYROID_H|RET|RET|OVERALL_VEEVA_EMAIL|THYROID_MEDSCAPE_ALERT|1
THYROID_H|RET|RET|OVERALL_VEEVA_EMAIL|THYROID_MEDSCAPE_BRANDSPOT|1
THYROID_H|RET|RET|OVERALL_VEEVA_EMAIL|THYROID_MEDSCAPE_EMAIL|1
THYROID_H|RET|RET|OVERALL_VEEVA_EMAIL|THYROID_MEDSCAPE_POC|1
THYROID_H|RET|RET|OVERALL_VEEVA_EMAIL|THYROID_VEEVA_EMAIL|14
THYROID_H|RET|RET|THYROID_DOXIMITY_ALERT|LUNG_MEDSCAPE_ALERT|1
THYROID_H|RET|RET|THYROID_DOXIMITY_ALERT|LUNG_MEDSCAPE_BRANDSPOT|1
THYROID_H|RET|RET|THYROID_DOXIMITY_ALERT|OVERALL_DOXIMITY_ALERT|28
THYROID_H|RET|RET|THYROID_DOXIMITY_ALERT|OVERALL_HQ_EMAIL|1
THYROID_H|RET|RET|THYROID_DOXIMITY_ALERT|OVERALL_MEDSCAPE_BRANDSPOT|1
THYROID_H|RET|RET|THYROID_DOXIMITY_ALERT|OVERALL_MEDSCAPE_POC|1
THYROID_H|RET|RET|THYROID_DOXIMITY_ALERT|OVERALL_P2P|1
THYROID_H|RET|RET|THYROID_DOXIMITY_ALERT|OVERALL_VEEVA_EMAIL|1
THYROID_H|RET|RET|THYROID_DOXIMITY_ALERT|THYROID_DOXIMITY_ALERT|28
THYROID_H|RET|RET|THYROID_DOXIMITY_ALERT|THYROID_MEDSCAPE_ALERT|1
THYROID_H|RET|RET|THYROID_DOXIMITY_ALERT|THYROID_MEDSCAPE_EMAIL|1
THYROID_H|RET|RET|THYROID_F2F_CALL|LUNG_HQ_EMAIL|1
THYROID_H|RET|RET|THYROID_F2F_CALL|LUNG_MEDSCAPE_ALERT|1
THYROID_H|RET|RET|THYROID_F2F_CALL|LUNG_VEEVA_EMAIL|14
THYROID_H|RET|RET|THYROID_F2F_CALL|OVERALL_F2F_CALL|21
THYROID_H|RET|RET|THYROID_F2F_CALL|OVERALL_HQ_EMAIL|1
THYROID_H|RET|RET|THYROID_F2F_CALL|OVERALL_MEDSCAPE_BRANDSPOT|1
THYROID_H|RET|RET|THYROID_F2F_CALL|THYROID_MEDSCAPE_ALERT|1
THYROID_H|RET|RET|THYROID_F2F_CALL|THYROID_MEDSCAPE_BRANDSPOT|1
THYROID_H|RET|RET|THYROID_F2F_CALL|THYROID_MEDSCAPE_POC|1
THYROID_H|RET|RET|THYROID_HQ_EMAIL|LUNG_DOXIMITY_ALERT|1
THYROID_H|RET|RET|THYROID_HQ_EMAIL|LUNG_F2F_CALL|1
THYROID_H|RET|RET|THYROID_HQ_EMAIL|LUNG_MEDSCAPE_EMAIL|1
THYROID_H|RET|RET|THYROID_HQ_EMAIL|LUNG_MEDSCAPE_POC|1
THYROID_H|RET|RET|THYROID_HQ_EMAIL|OVERALL_MEDSCAPE_ALERT|1
THYROID_H|RET|RET|THYROID_HQ_EMAIL|OVERALL_MEDSCAPE_BRANDSPOT|1
THYROID_H|RET|RET|THYROID_HQ_EMAIL|OVERALL_MEDSCAPE_EMAIL|1
THYROID_H|RET|RET|THYROID_HQ_EMAIL|OVERALL_MEDSCAPE_POC|1
THYROID_H|RET|RET|THYROID_HQ_EMAIL|OVERALL_P2P|1
THYROID_H|RET|RET|THYROID_HQ_EMAIL|THYROID_DOXIMITY_ALERT|1
THYROID_H|RET|RET|THYROID_HQ_EMAIL|THYROID_MEDSCAPE_BRANDSPOT|1
THYROID_H|RET|RET|THYROID_HQ_EMAIL|THYROID_VEEVA_EMAIL|1
THYROID_H|RET|RET|THYROID_MEDSCAPE_ALERT|LUNG_HQ_EMAIL|1
THYROID_H|RET|RET|THYROID_MEDSCAPE_ALERT|LUNG_MEDSCAPE_POC|1
THYROID_H|RET|RET|THYROID_MEDSCAPE_ALERT|OVERALL_HQ_EMAIL|1
THYROID_H|RET|RET|THYROID_MEDSCAPE_ALERT|OVERALL_MEDSCAPE_ALERT|28
THYROID_H|RET|RET|THYROID_MEDSCAPE_ALERT|OVERALL_MEDSCAPE_EMAIL|7
THYROID_H|RET|RET|THYROID_MEDSCAPE_ALERT|OVERALL_MEDSCAPE_POC|14
LUNG_C|RET|RET|OVERALL_MEDSCAPE_EMAIL|THYROID_HQ_EMAIL|1
LUNG_C|RET|RET|OVERALL_MEDSCAPE_EMAIL|THYROID_MEDSCAPE_ALERT|7
LUNG_C|RET|RET|OVERALL_MEDSCAPE_EMAIL|THYROID_MEDSCAPE_BRANDSPOT|7
LUNG_C|RET|RET|OVERALL_MEDSCAPE_EMAIL|THYROID_MEDSCAPE_EMAIL|14
LUNG_C|RET|RET|OVERALL_MEDSCAPE_POC|LUNG_DOXIMITY_ALERT|1
LUNG_C|RET|RET|OVERALL_MEDSCAPE_POC|LUNG_F2F_CALL|1
LUNG_C|RET|RET|OVERALL_MEDSCAPE_POC|LUNG_HQ_EMAIL|1
LUNG_C|RET|RET|OVERALL_MEDSCAPE_POC|LUNG_MEDSCAPE_EMAIL|7
LUNG_C|RET|RET|OVERALL_MEDSCAPE_POC|OVERALL_F2F_CALL|1
LUNG_C|RET|RET|OVERALL_MEDSCAPE_POC|OVERALL_HQ_EMAIL|1
LUNG_C|RET|RET|OVERALL_MEDSCAPE_POC|OVERALL_MEDSCAPE_ALERT|14
LUNG_C|RET|RET|OVERALL_MEDSCAPE_POC|OVERALL_MEDSCAPE_BRANDSPOT|14
LUNG_C|RET|RET|OVERALL_MEDSCAPE_POC|OVERALL_MEDSCAPE_EMAIL|7
LUNG_C|RET|RET|OVERALL_MEDSCAPE_POC|OVERALL_P2P|1
LUNG_C|RET|RET|OVERALL_MEDSCAPE_POC|OVERALL_VEEVA_EMAIL|1
LUNG_C|RET|RET|OVERALL_MEDSCAPE_POC|THYROID_HQ_EMAIL|1
LUNG_C|RET|RET|OVERALL_MEDSCAPE_POC|THYROID_MEDSCAPE_ALERT|14
LUNG_C|RET|RET|OVERALL_MEDSCAPE_POC|THYROID_MEDSCAPE_BRANDSPOT|14
LUNG_C|RET|RET|OVERALL_P2P|LUNG_F2F_CALL|1
LUNG_C|RET|RET|OVERALL_P2P|LUNG_HQ_EMAIL|1
LUNG_C|RET|RET|OVERALL_P2P|LUNG_MEDSCAPE_ALERT|1
LUNG_C|RET|RET|OVERALL_P2P|LUNG_MEDSCAPE_EMAIL|1
LUNG_C|RET|RET|OVERALL_P2P|LUNG_MEDSCAPE_POC|1
LUNG_C|RET|RET|OVERALL_P2P|OVERALL_F2F_CALL|1
LUNG_C|RET|RET|OVERALL_P2P|OVERALL_HQ_EMAIL|1
LUNG_C|RET|RET|OVERALL_P2P|OVERALL_MEDSCAPE_ALERT|1
LUNG_C|RET|RET|OVERALL_P2P|OVERALL_MEDSCAPE_BRANDSPOT|1
LUNG_C|RET|RET|OVERALL_P2P|OVERALL_MEDSCAPE_EMAIL|1
LUNG_C|RET|RET|OVERALL_P2P|OVERALL_MEDSCAPE_POC|1
LUNG_C|RET|RET|OVERALL_P2P|OVERALL_P2P|21
LUNG_C|RET|RET|OVERALL_P2P|OVERALL_VEEVA_EMAIL|1
LUNG_C|RET|RET|OVERALL_VEEVA_EMAIL|LUNG_F2F_CALL|14
LUNG_C|RET|RET|OVERALL_VEEVA_EMAIL|LUNG_HQ_EMAIL|1
LUNG_C|RET|RET|OVERALL_VEEVA_EMAIL|LUNG_MEDSCAPE_ALERT|1
LUNG_C|RET|RET|OVERALL_VEEVA_EMAIL|LUNG_MEDSCAPE_BRANDSPOT|1
LUNG_C|RET|RET|OVERALL_VEEVA_EMAIL|LUNG_MEDSCAPE_POC|1
LUNG_C|RET|RET|OVERALL_VEEVA_EMAIL|OVERALL_DOXIMITY_ALERT|1
LUNG_C|RET|RET|OVERALL_VEEVA_EMAIL|OVERALL_HQ_EMAIL|1
LUNG_C|RET|RET|OVERALL_VEEVA_EMAIL|OVERALL_MEDSCAPE_EMAIL|1
LUNG_C|RET|RET|OVERALL_VEEVA_EMAIL|OVERALL_MEDSCAPE_POC|1
LUNG_C|RET|RET|OVERALL_VEEVA_EMAIL|THYROID_DOXIMITY_ALERT|1
LUNG_C|RET|RET|OVERALL_VEEVA_EMAIL|THYROID_F2F_CALL|14
LUNG_C|RET|RET|OVERALL_VEEVA_EMAIL|THYROID_HQ_EMAIL|1
LUNG_C|RET|RET|OVERALL_VEEVA_EMAIL|THYROID_MEDSCAPE_BRANDSPOT|1
LUNG_C|RET|RET|THYROID_DOXIMITY_ALERT|LUNG_DOXIMITY_ALERT|14
LUNG_C|RET|RET|THYROID_DOXIMITY_ALERT|LUNG_F2F_CALL|1
LUNG_C|RET|RET|THYROID_DOXIMITY_ALERT|LUNG_MEDSCAPE_BRANDSPOT|1
LUNG_C|RET|RET|THYROID_DOXIMITY_ALERT|LUNG_MEDSCAPE_POC|1
LUNG_C|RET|RET|THYROID_DOXIMITY_ALERT|OVERALL_HQ_EMAIL|1
LUNG_C|RET|RET|THYROID_DOXIMITY_ALERT|OVERALL_MEDSCAPE_ALERT|1
LUNG_C|RET|RET|THYROID_DOXIMITY_ALERT|OVERALL_MEDSCAPE_EMAIL|1
LUNG_C|RET|RET|THYROID_DOXIMITY_ALERT|OVERALL_P2P|1
LUNG_C|RET|RET|THYROID_DOXIMITY_ALERT|THYROID_DOXIMITY_ALERT|14
LUNG_C|RET|RET|THYROID_DOXIMITY_ALERT|THYROID_F2F_CALL|1
LUNG_C|RET|RET|THYROID_DOXIMITY_ALERT|THYROID_HQ_EMAIL|1
LUNG_C|RET|RET|THYROID_DOXIMITY_ALERT|THYROID_MEDSCAPE_EMAIL|1
LUNG_C|RET|RET|THYROID_DOXIMITY_ALERT|THYROID_VEEVA_EMAIL|1
LUNG_C|RET|RET|THYROID_F2F_CALL|LUNG_HQ_EMAIL|1
LUNG_C|RET|RET|THYROID_F2F_CALL|LUNG_MEDSCAPE_EMAIL|1
LUNG_C|RET|RET|THYROID_F2F_CALL|OVERALL_HQ_EMAIL|1
LUNG_C|RET|RET|THYROID_F2F_CALL|OVERALL_MEDSCAPE_BRANDSPOT|1
LUNG_C|RET|RET|THYROID_F2F_CALL|OVERALL_MEDSCAPE_EMAIL|1
LUNG_C|RET|RET|THYROID_F2F_CALL|OVERALL_MEDSCAPE_POC|1
LUNG_C|RET|RET|THYROID_F2F_CALL|OVERALL_P2P|1
LUNG_C|RET|RET|THYROID_F2F_CALL|THYROID_DOXIMITY_ALERT|1
LUNG_C|RET|RET|THYROID_F2F_CALL|THYROID_HQ_EMAIL|1
LUNG_C|RET|RET|THYROID_F2F_CALL|THYROID_MEDSCAPE_ALERT|1
LUNG_C|RET|RET|THYROID_F2F_CALL|THYROID_MEDSCAPE_BRANDSPOT|1
LUNG_C|RET|RET|THYROID_HQ_EMAIL|LUNG_F2F_CALL|1
LUNG_C|RET|RET|THYROID_HQ_EMAIL|LUNG_MEDSCAPE_EMAIL|1
LUNG_C|RET|RET|THYROID_HQ_EMAIL|LUNG_VEEVA_EMAIL|1
LUNG_C|RET|RET|THYROID_HQ_EMAIL|OVERALL_DOXIMITY_ALERT|1
LUNG_C|RET|RET|THYROID_HQ_EMAIL|OVERALL_F2F_CALL|1
LUNG_C|RET|RET|THYROID_HQ_EMAIL|OVERALL_MEDSCAPE_ALERT|1
LUNG_C|RET|RET|THYROID_HQ_EMAIL|OVERALL_MEDSCAPE_POC|1
LUNG_C|RET|RET|THYROID_HQ_EMAIL|OVERALL_VEEVA_EMAIL|1
LUNG_C|RET|RET|THYROID_HQ_EMAIL|THYROID_F2F_CALL|1
LUNG_C|RET|RET|THYROID_HQ_EMAIL|THYROID_HQ_EMAIL|7
LUNG_C|RET|RET|THYROID_HQ_EMAIL|THYROID_MEDSCAPE_BRANDSPOT|1
LUNG_C|RET|RET|THYROID_HQ_EMAIL|THYROID_MEDSCAPE_POC|1
LUNG_C|RET|RET|THYROID_MEDSCAPE_ALERT|LUNG_DOXIMITY_ALERT|1
LUNG_C|RET|RET|THYROID_MEDSCAPE_ALERT|LUNG_F2F_CALL|1
THYROID_H|RET|RET|LUNG_MEDSCAPE_ALERT|THYROID_MEDSCAPE_BRANDSPOT|1
THYROID_H|RET|RET|LUNG_MEDSCAPE_BRANDSPOT|LUNG_DOXIMITY_ALERT|1
THYROID_H|RET|RET|LUNG_MEDSCAPE_BRANDSPOT|LUNG_F2F_CALL|1
THYROID_H|RET|RET|LUNG_MEDSCAPE_BRANDSPOT|LUNG_MEDSCAPE_BRANDSPOT|14
THYROID_H|RET|RET|LUNG_MEDSCAPE_BRANDSPOT|OVERALL_DOXIMITY_ALERT|1
THYROID_H|RET|RET|LUNG_MEDSCAPE_BRANDSPOT|OVERALL_F2F_CALL|1
THYROID_H|RET|RET|LUNG_MEDSCAPE_BRANDSPOT|OVERALL_MEDSCAPE_ALERT|1
THYROID_H|RET|RET|LUNG_MEDSCAPE_BRANDSPOT|OVERALL_MEDSCAPE_EMAIL|7
THYROID_H|RET|RET|LUNG_MEDSCAPE_BRANDSPOT|OVERALL_MEDSCAPE_POC|14
THYROID_H|RET|RET|LUNG_MEDSCAPE_BRANDSPOT|OVERALL_P2P|1
THYROID_H|RET|RET|LUNG_MEDSCAPE_BRANDSPOT|OVERALL_VEEVA_EMAIL|1
THYROID_H|RET|RET|LUNG_MEDSCAPE_BRANDSPOT|THYROID_DOXIMITY_ALERT|1
THYROID_H|RET|RET|LUNG_MEDSCAPE_BRANDSPOT|THYROID_MEDSCAPE_ALERT|1
THYROID_H|RET|RET|LUNG_MEDSCAPE_BRANDSPOT|THYROID_MEDSCAPE_BRANDSPOT|14
THYROID_H|RET|RET|LUNG_MEDSCAPE_BRANDSPOT|THYROID_MEDSCAPE_POC|14
THYROID_H|RET|RET|LUNG_MEDSCAPE_BRANDSPOT|THYROID_VEEVA_EMAIL|1
THYROID_H|RET|RET|LUNG_MEDSCAPE_EMAIL|LUNG_F2F_CALL|1
THYROID_H|RET|RET|LUNG_MEDSCAPE_EMAIL|LUNG_HQ_EMAIL|1
THYROID_H|RET|RET|LUNG_MEDSCAPE_EMAIL|LUNG_MEDSCAPE_ALERT|7
THYROID_H|RET|RET|LUNG_MEDSCAPE_EMAIL|LUNG_MEDSCAPE_POC|1
THYROID_H|RET|RET|LUNG_MEDSCAPE_EMAIL|OVERALL_HQ_EMAIL|1
THYROID_H|RET|RET|LUNG_MEDSCAPE_EMAIL|OVERALL_MEDSCAPE_BRANDSPOT|7
THYROID_H|RET|RET|LUNG_MEDSCAPE_EMAIL|OVERALL_MEDSCAPE_POC|7
THYROID_H|RET|RET|LUNG_MEDSCAPE_EMAIL|OVERALL_P2P|1
THYROID_H|RET|RET|LUNG_MEDSCAPE_EMAIL|OVERALL_VEEVA_EMAIL|1
THYROID_H|RET|RET|LUNG_MEDSCAPE_EMAIL|THYROID_DOXIMITY_ALERT|1
THYROID_H|RET|RET|LUNG_MEDSCAPE_EMAIL|THYROID_HQ_EMAIL|1
THYROID_H|RET|RET|LUNG_MEDSCAPE_EMAIL|THYROID_MEDSCAPE_ALERT|7
THYROID_H|RET|RET|LUNG_MEDSCAPE_EMAIL|THYROID_MEDSCAPE_BRANDSPOT|7
THYROID_H|RET|RET|LUNG_MEDSCAPE_EMAIL|THYROID_MEDSCAPE_POC|7
THYROID_H|RET|RET|LUNG_MEDSCAPE_POC|LUNG_DOXIMITY_ALERT|1
THYROID_H|RET|RET|LUNG_MEDSCAPE_POC|LUNG_HQ_EMAIL|1
THYROID_H|RET|RET|LUNG_MEDSCAPE_POC|LUNG_MEDSCAPE_BRANDSPOT|14
THYROID_H|RET|RET|LUNG_MEDSCAPE_POC|LUNG_MEDSCAPE_EMAIL|7
THYROID_H|RET|RET|LUNG_MEDSCAPE_POC|LUNG_MEDSCAPE_POC|14
THYROID_H|RET|RET|LUNG_MEDSCAPE_POC|LUNG_VEEVA_EMAIL|1
THYROID_H|RET|RET|LUNG_MEDSCAPE_POC|OVERALL_DOXIMITY_ALERT|1
THYROID_H|RET|RET|LUNG_MEDSCAPE_POC|OVERALL_HQ_EMAIL|1
THYROID_H|RET|RET|LUNG_MEDSCAPE_POC|OVERALL_MEDSCAPE_EMAIL|7
THYROID_H|RET|RET|LUNG_MEDSCAPE_POC|OVERALL_P2P|1
THYROID_H|RET|RET|LUNG_MEDSCAPE_POC|THYROID_MEDSCAPE_BRANDSPOT|14
THYROID_H|RET|RET|LUNG_MEDSCAPE_POC|THYROID_MEDSCAPE_EMAIL|7
THYROID_H|RET|RET|LUNG_VEEVA_EMAIL|LUNG_DOXIMITY_ALERT|1
THYROID_H|RET|RET|LUNG_VEEVA_EMAIL|LUNG_F2F_CALL|14
THYROID_H|RET|RET|LUNG_VEEVA_EMAIL|LUNG_HQ_EMAIL|1
THYROID_H|RET|RET|LUNG_VEEVA_EMAIL|LUNG_MEDSCAPE_ALERT|1
THYROID_H|RET|RET|LUNG_VEEVA_EMAIL|LUNG_MEDSCAPE_BRANDSPOT|1
THYROID_H|RET|RET|LUNG_VEEVA_EMAIL|LUNG_MEDSCAPE_EMAIL|1
THYROID_H|RET|RET|LUNG_VEEVA_EMAIL|OVERALL_F2F_CALL|14
THYROID_H|RET|RET|LUNG_VEEVA_EMAIL|OVERALL_HQ_EMAIL|1
THYROID_H|RET|RET|LUNG_VEEVA_EMAIL|OVERALL_MEDSCAPE_POC|1
THYROID_H|RET|RET|LUNG_VEEVA_EMAIL|THYROID_HQ_EMAIL|1
THYROID_H|RET|RET|LUNG_VEEVA_EMAIL|THYROID_MEDSCAPE_EMAIL|1
THYROID_H|RET|RET|LUNG_VEEVA_EMAIL|THYROID_MEDSCAPE_POC|1
THYROID_H|RET|RET|LUNG_VEEVA_EMAIL|THYROID_VEEVA_EMAIL|14
THYROID_H|RET|RET|OVERALL_DOXIMITY_ALERT|LUNG_MEDSCAPE_POC|1
THYROID_H|RET|RET|OVERALL_DOXIMITY_ALERT|LUNG_VEEVA_EMAIL|1
THYROID_H|RET|RET|OVERALL_DOXIMITY_ALERT|OVERALL_DOXIMITY_ALERT|28
THYROID_H|RET|RET|OVERALL_DOXIMITY_ALERT|OVERALL_F2F_CALL|1
THYROID_H|RET|RET|OVERALL_DOXIMITY_ALERT|OVERALL_HQ_EMAIL|1
THYROID_H|RET|RET|OVERALL_DOXIMITY_ALERT|OVERALL_MEDSCAPE_ALERT|1
THYROID_H|RET|RET|OVERALL_DOXIMITY_ALERT|OVERALL_MEDSCAPE_POC|1
THYROID_H|RET|RET|OVERALL_DOXIMITY_ALERT|THYROID_MEDSCAPE_EMAIL|1
THYROID_H|RET|RET|OVERALL_DOXIMITY_ALERT|THYROID_VEEVA_EMAIL|1
THYROID_H|RET|RET|OVERALL_F2F_CALL|LUNG_F2F_CALL|21
THYROID_H|RET|RET|OVERALL_F2F_CALL|LUNG_MEDSCAPE_ALERT|1
THYROID_H|RET|RET|OVERALL_F2F_CALL|LUNG_MEDSCAPE_BRANDSPOT|1
THYROID_H|RET|RET|OVERALL_F2F_CALL|OVERALL_F2F_CALL|21
THYROID_H|RET|RET|OVERALL_F2F_CALL|OVERALL_MEDSCAPE_POC|1
THYROID_H|RET|RET|OVERALL_F2F_CALL|THYROID_F2F_CALL|21
THYROID_H|RET|RET|OVERALL_F2F_CALL|THYROID_HQ_EMAIL|1
THYROID_H|RET|RET|OVERALL_F2F_CALL|THYROID_MEDSCAPE_EMAIL|1
THYROID_H|RET|RET|OVERALL_F2F_CALL|THYROID_MEDSCAPE_POC|1
THYROID_H|RET|RET|OVERALL_HQ_EMAIL|LUNG_DOXIMITY_ALERT|1
THYROID_H|RET|RET|OVERALL_HQ_EMAIL|LUNG_F2F_CALL|1
THYROID_H|RET|RET|OVERALL_HQ_EMAIL|LUNG_MEDSCAPE_ALERT|1
THYROID_M|RET|RET|THYROID_MEDSCAPE_ALERT|OVERALL_HQ_EMAIL|1
THYROID_M|RET|RET|THYROID_MEDSCAPE_ALERT|OVERALL_MEDSCAPE_BRANDSPOT|14
THYROID_M|RET|RET|THYROID_MEDSCAPE_ALERT|OVERALL_MEDSCAPE_POC|14
THYROID_M|RET|RET|THYROID_MEDSCAPE_ALERT|OVERALL_P2P|1
THYROID_M|RET|RET|THYROID_MEDSCAPE_ALERT|THYROID_MEDSCAPE_BRANDSPOT|14
THYROID_M|RET|RET|THYROID_MEDSCAPE_ALERT|THYROID_MEDSCAPE_POC|14
THYROID_M|RET|RET|THYROID_MEDSCAPE_ALERT|THYROID_VEEVA_EMAIL|1
THYROID_M|RET|RET|THYROID_MEDSCAPE_BRANDSPOT|LUNG_DOXIMITY_ALERT|1
THYROID_M|RET|RET|THYROID_MEDSCAPE_BRANDSPOT|LUNG_F2F_CALL|1
THYROID_M|RET|RET|THYROID_MEDSCAPE_BRANDSPOT|LUNG_MEDSCAPE_BRANDSPOT|14
THYROID_M|RET|RET|THYROID_MEDSCAPE_BRANDSPOT|LUNG_MEDSCAPE_EMAIL|7
THYROID_M|RET|RET|THYROID_MEDSCAPE_BRANDSPOT|LUNG_MEDSCAPE_POC|14
THYROID_M|RET|RET|THYROID_MEDSCAPE_BRANDSPOT|OVERALL_MEDSCAPE_ALERT|14
THYROID_M|RET|RET|THYROID_MEDSCAPE_BRANDSPOT|OVERALL_MEDSCAPE_BRANDSPOT|14
THYROID_M|RET|RET|THYROID_MEDSCAPE_BRANDSPOT|OVERALL_MEDSCAPE_EMAIL|7
THYROID_M|RET|RET|THYROID_MEDSCAPE_BRANDSPOT|OVERALL_MEDSCAPE_POC|14
THYROID_M|RET|RET|THYROID_MEDSCAPE_BRANDSPOT|THYROID_F2F_CALL|1
THYROID_M|RET|RET|THYROID_MEDSCAPE_BRANDSPOT|THYROID_MEDSCAPE_BRANDSPOT|14
THYROID_M|RET|RET|THYROID_MEDSCAPE_EMAIL|LUNG_HQ_EMAIL|1
THYROID_M|RET|RET|THYROID_MEDSCAPE_EMAIL|LUNG_MEDSCAPE_EMAIL|28
THYROID_M|RET|RET|THYROID_MEDSCAPE_EMAIL|LUNG_MEDSCAPE_POC|1
THYROID_M|RET|RET|THYROID_MEDSCAPE_EMAIL|OVERALL_DOXIMITY_ALERT|1
THYROID_M|RET|RET|THYROID_MEDSCAPE_EMAIL|OVERALL_HQ_EMAIL|1
THYROID_M|RET|RET|THYROID_MEDSCAPE_EMAIL|OVERALL_MEDSCAPE_BRANDSPOT|7
THYROID_M|RET|RET|THYROID_MEDSCAPE_EMAIL|OVERALL_P2P|1
THYROID_M|RET|RET|THYROID_MEDSCAPE_EMAIL|THYROID_MEDSCAPE_BRANDSPOT|7
THYROID_M|RET|RET|THYROID_MEDSCAPE_EMAIL|THYROID_MEDSCAPE_POC|7
THYROID_M|RET|RET|THYROID_MEDSCAPE_EMAIL|THYROID_VEEVA_EMAIL|1
THYROID_M|RET|RET|THYROID_MEDSCAPE_POC|LUNG_DOXIMITY_ALERT|1
THYROID_M|RET|RET|THYROID_MEDSCAPE_POC|LUNG_MEDSCAPE_ALERT|14
THYROID_M|RET|RET|THYROID_MEDSCAPE_POC|LUNG_MEDSCAPE_BRANDSPOT|14
THYROID_M|RET|RET|THYROID_MEDSCAPE_POC|LUNG_MEDSCAPE_EMAIL|7
THYROID_M|RET|RET|THYROID_MEDSCAPE_POC|LUNG_VEEVA_EMAIL|1
THYROID_M|RET|RET|THYROID_MEDSCAPE_POC|OVERALL_DOXIMITY_ALERT|1
THYROID_M|RET|RET|THYROID_MEDSCAPE_POC|OVERALL_F2F_CALL|1
THYROID_M|RET|RET|THYROID_MEDSCAPE_POC|OVERALL_HQ_EMAIL|1
THYROID_M|RET|RET|THYROID_MEDSCAPE_POC|OVERALL_MEDSCAPE_ALERT|14
THYROID_M|RET|RET|THYROID_MEDSCAPE_POC|OVERALL_MEDSCAPE_EMAIL|7
THYROID_M|RET|RET|THYROID_MEDSCAPE_POC|OVERALL_VEEVA_EMAIL|1
THYROID_M|RET|RET|THYROID_MEDSCAPE_POC|THYROID_MEDSCAPE_ALERT|14
THYROID_M|RET|RET|THYROID_MEDSCAPE_POC|THYROID_MEDSCAPE_EMAIL|7
THYROID_M|RET|RET|THYROID_MEDSCAPE_POC|THYROID_MEDSCAPE_POC|14
THYROID_M|RET|RET|THYROID_VEEVA_EMAIL|LUNG_DOXIMITY_ALERT|1
THYROID_M|RET|RET|THYROID_VEEVA_EMAIL|LUNG_F2F_CALL|14
THYROID_M|RET|RET|THYROID_VEEVA_EMAIL|LUNG_HQ_EMAIL|1
THYROID_M|RET|RET|THYROID_VEEVA_EMAIL|LUNG_MEDSCAPE_ALERT|1
THYROID_M|RET|RET|THYROID_VEEVA_EMAIL|LUNG_MEDSCAPE_EMAIL|1
THYROID_M|RET|RET|THYROID_VEEVA_EMAIL|LUNG_MEDSCAPE_POC|1
THYROID_M|RET|RET|THYROID_VEEVA_EMAIL|OVERALL_DOXIMITY_ALERT|1
THYROID_M|RET|RET|THYROID_VEEVA_EMAIL|OVERALL_F2F_CALL|14
THYROID_M|RET|RET|THYROID_VEEVA_EMAIL|OVERALL_MEDSCAPE_BRANDSPOT|1
THYROID_M|RET|RET|THYROID_VEEVA_EMAIL|OVERALL_P2P|1
THYROID_M|RET|RET|THYROID_VEEVA_EMAIL|OVERALL_VEEVA_EMAIL|14
THYROID_M|RET|RET|THYROID_VEEVA_EMAIL|THYROID_HQ_EMAIL|1
THYROID_M|RET|RET|THYROID_VEEVA_EMAIL|THYROID_MEDSCAPE_ALERT|1
THYROID_M|RET|RET|THYROID_VEEVA_EMAIL|THYROID_MEDSCAPE_BRANDSPOT|1
THYROID_M|RET|RET|THYROID_VEEVA_EMAIL|THYROID_MEDSCAPE_EMAIL|1
THYROID_M|RET|RET|THYROID_VEEVA_EMAIL|THYROID_MEDSCAPE_POC|1
THYROID_M|RET|RET|THYROID_VEEVA_EMAIL|THYROID_VEEVA_EMAIL|14
UNKNOWN|RET|RET|LUNG_DOXIMITY_ALERT|LUNG_F2F_CALL|1
UNKNOWN|RET|RET|LUNG_DOXIMITY_ALERT|LUNG_MEDSCAPE_BRANDSPOT|1
UNKNOWN|RET|RET|LUNG_DOXIMITY_ALERT|LUNG_MEDSCAPE_EMAIL|1
UNKNOWN|RET|RET|LUNG_DOXIMITY_ALERT|OVERALL_F2F_CALL|1
UNKNOWN|RET|RET|LUNG_DOXIMITY_ALERT|OVERALL_HQ_EMAIL|1
UNKNOWN|RET|RET|LUNG_DOXIMITY_ALERT|OVERALL_MEDSCAPE_ALERT|1
UNKNOWN|RET|RET|LUNG_DOXIMITY_ALERT|OVERALL_MEDSCAPE_EMAIL|1
UNKNOWN|RET|RET|LUNG_DOXIMITY_ALERT|OVERALL_MEDSCAPE_POC|1
UNKNOWN|RET|RET|LUNG_DOXIMITY_ALERT|OVERALL_VEEVA_EMAIL|1
UNKNOWN|RET|RET|LUNG_DOXIMITY_ALERT|THYROID_HQ_EMAIL|1
UNKNOWN|RET|RET|LUNG_DOXIMITY_ALERT|THYROID_MEDSCAPE_ALERT|1
UNKNOWN|RET|RET|LUNG_DOXIMITY_ALERT|THYROID_VEEVA_EMAIL|1
UNKNOWN|RET|RET|LUNG_F2F_CALL|LUNG_MEDSCAPE_EMAIL|1
UNKNOWN|RET|RET|LUNG_F2F_CALL|LUNG_VEEVA_EMAIL|21
HIGH|US_304528|US_304528|NUMEDIS_MDMINUTE|P2P|1
HIGH|US_304528|US_304528|NUMEDIS_MDMINUTE|VEEVA_EMAIL|1
HIGH|US_304528|US_304528|P2P|DOXIMITY_ALERT|1
HIGH|US_304528|US_304528|P2P|DOXIMITY_DOCSPOT|1
HIGH|US_304528|US_304528|P2P|EDH_PROFLOW_EDMU|1
HIGH|US_304528|US_304528|P2P|EDH_PROFLOW_RDMU|1
HIGH|US_304528|US_304528|P2P|EPOCRATES_ALERT|1
HIGH|US_304528|US_304528|P2P|HQ_EMAIL|1
HIGH|US_304528|US_304528|P2P|MEDSCAPE_EMAIL|1
HIGH|US_304528|US_304528|P2P|P2P|1
HIGH|US_304528|US_304528|VEEVA_EMAIL|DOXIMITY_DOCSPOT|1
HIGH|US_304528|US_304528|VEEVA_EMAIL|EDH_PROFLOW_EDMU|1
HIGH|US_304528|US_304528|VEEVA_EMAIL|EDH_PROFLOW_RDMU|1
HIGH|US_304528|US_304528|VEEVA_EMAIL|EPOCRATES_ALERT|1
HIGH|US_304528|US_304528|VEEVA_EMAIL|F2F_CALL|1
HIGH|US_304528|US_304528|VEEVA_EMAIL|MEDSCAPE_ALERT|1
LOW|TRU|TRU|MEDSCAPE_ALERT|MEDSCAPE_ALERT|28
LOW|TRU|TRU|MEDSCAPE_EMAIL|MEDSCAPE_ALERT|7
LOW|US_304486|US_304486|F2F_CALL|F2F_CALL|21
LOW|US_304486|US_304486|HQ_EMAIL|F2F_CALL|1
LOW|US_304486|US_304486|HQ_EMAIL|HQ_EMAIL|7
LOW|US_304486|US_304486|HQ_EMAIL|MEDSCAPE_EMAIL|1
LOW|US_304486|US_304486|HQ_EMAIL|MEDSCAPE_POC|1
LOW|US_304486|US_304486|MEDSCAPE_ALERT|F2F_CALL|1
LOW|US_304486|US_304486|MEDSCAPE_ALERT|HQ_EMAIL|1
LOW|US_304486|US_304486|MEDSCAPE_ALERT|MEDSCAPE_EMAIL|1
LOW|US_304486|US_304486|MEDSCAPE_ALERT|VEEVA_EMAIL|1
LOW|US_304486|US_304486|MEDSCAPE_BRANDSPOT|F2F_CALL|1
LOW|US_304486|US_304486|MEDSCAPE_BRANDSPOT|MEDSCAPE_EMAIL|1
LOW|US_304486|US_304486|MEDSCAPE_BRANDSPOT|MEDSCAPE_POC|1
LOW|US_304486|US_304486|MEDSCAPE_BRANDSPOT|VEEVA_EMAIL|1
LOW|US_304486|US_304486|MEDSCAPE_EMAIL|F2F_CALL|1
LOW|US_304486|US_304486|MEDSCAPE_EMAIL|HQ_EMAIL|1
LOW|US_304486|US_304486|MEDSCAPE_EMAIL|MEDSCAPE_ALERT|1
LOW|US_304486|US_304486|MEDSCAPE_EMAIL|MEDSCAPE_BRANDSPOT|1
OVERALL_L|RET|RET|LUNG_VEEVA_EMAIL|LUNG_HQ_EMAIL|1
OVERALL_L|RET|RET|LUNG_VEEVA_EMAIL|LUNG_MEDSCAPE_ALERT|1
OVERALL_L|RET|RET|LUNG_VEEVA_EMAIL|LUNG_MEDSCAPE_BRANDSPOT|1
OVERALL_L|RET|RET|LUNG_VEEVA_EMAIL|LUNG_MEDSCAPE_POC|1
OVERALL_L|RET|RET|LUNG_VEEVA_EMAIL|LUNG_VEEVA_EMAIL|14
OVERALL_L|RET|RET|LUNG_VEEVA_EMAIL|OVERALL_MEDSCAPE_BRANDSPOT|1
OVERALL_L|RET|RET|LUNG_VEEVA_EMAIL|OVERALL_MEDSCAPE_EMAIL|1
OVERALL_L|RET|RET|LUNG_VEEVA_EMAIL|OVERALL_MEDSCAPE_POC|1
OVERALL_L|RET|RET|LUNG_VEEVA_EMAIL|OVERALL_P2P|1
OVERALL_L|RET|RET|LUNG_VEEVA_EMAIL|THYROID_DOXIMITY_ALERT|1
OVERALL_L|RET|RET|LUNG_VEEVA_EMAIL|THYROID_MEDSCAPE_EMAIL|1
OVERALL_L|RET|RET|LUNG_VEEVA_EMAIL|THYROID_MEDSCAPE_POC|1
OVERALL_L|RET|RET|OVERALL_DOXIMITY_ALERT|LUNG_MEDSCAPE_ALERT|1
OVERALL_L|RET|RET|OVERALL_DOXIMITY_ALERT|LUNG_MEDSCAPE_BRANDSPOT|1
OVERALL_L|RET|RET|OVERALL_DOXIMITY_ALERT|LUNG_MEDSCAPE_EMAIL|1
OVERALL_L|RET|RET|OVERALL_DOXIMITY_ALERT|LUNG_VEEVA_EMAIL|1
OVERALL_L|RET|RET|OVERALL_DOXIMITY_ALERT|OVERALL_F2F_CALL|1
OVERALL_L|RET|RET|OVERALL_DOXIMITY_ALERT|OVERALL_HQ_EMAIL|1
OVERALL_L|RET|RET|OVERALL_DOXIMITY_ALERT|OVERALL_MEDSCAPE_ALERT|1
OVERALL_L|RET|RET|OVERALL_DOXIMITY_ALERT|OVERALL_MEDSCAPE_BRANDSPOT|1
OVERALL_L|RET|RET|OVERALL_DOXIMITY_ALERT|OVERALL_MEDSCAPE_POC|1
OVERALL_L|RET|RET|OVERALL_DOXIMITY_ALERT|OVERALL_P2P|1
OVERALL_L|RET|RET|OVERALL_DOXIMITY_ALERT|THYROID_DOXIMITY_ALERT|28
OVERALL_L|RET|RET|OVERALL_DOXIMITY_ALERT|THYROID_F2F_CALL|1
OVERALL_L|RET|RET|OVERALL_DOXIMITY_ALERT|THYROID_MEDSCAPE_BRANDSPOT|1
OVERALL_L|RET|RET|OVERALL_F2F_CALL|LUNG_F2F_CALL|21
OVERALL_L|RET|RET|OVERALL_F2F_CALL|LUNG_MEDSCAPE_BRANDSPOT|1
OVERALL_L|RET|RET|OVERALL_F2F_CALL|LUNG_MEDSCAPE_EMAIL|1
OVERALL_L|RET|RET|OVERALL_F2F_CALL|OVERALL_DOXIMITY_ALERT|1
OVERALL_L|RET|RET|OVERALL_F2F_CALL|OVERALL_F2F_CALL|21
OVERALL_L|RET|RET|OVERALL_F2F_CALL|OVERALL_MEDSCAPE_BRANDSPOT|1
OVERALL_L|RET|RET|OVERALL_F2F_CALL|OVERALL_MEDSCAPE_POC|1
OVERALL_L|RET|RET|OVERALL_F2F_CALL|THYROID_HQ_EMAIL|1
OVERALL_L|RET|RET|OVERALL_F2F_CALL|THYROID_MEDSCAPE_ALERT|1
OVERALL_L|RET|RET|OVERALL_F2F_CALL|THYROID_VEEVA_EMAIL|14
OVERALL_L|RET|RET|OVERALL_HQ_EMAIL|LUNG_DOXIMITY_ALERT|1
OVERALL_L|RET|RET|OVERALL_HQ_EMAIL|LUNG_MEDSCAPE_BRANDSPOT|1
OVERALL_L|RET|RET|OVERALL_HQ_EMAIL|OVERALL_DOXIMITY_ALERT|1
OVERALL_L|RET|RET|OVERALL_HQ_EMAIL|OVERALL_F2F_CALL|1
OVERALL_L|RET|RET|OVERALL_HQ_EMAIL|OVERALL_HQ_EMAIL|7
OVERALL_L|RET|RET|OVERALL_HQ_EMAIL|OVERALL_MEDSCAPE_ALERT|1
OVERALL_L|RET|RET|OVERALL_HQ_EMAIL|OVERALL_MEDSCAPE_POC|1
OVERALL_L|RET|RET|OVERALL_HQ_EMAIL|OVERALL_VEEVA_EMAIL|1
OVERALL_L|RET|RET|OVERALL_HQ_EMAIL|THYROID_DOXIMITY_ALERT|1
OVERALL_L|RET|RET|OVERALL_HQ_EMAIL|THYROID_F2F_CALL|1
OVERALL_L|RET|RET|OVERALL_HQ_EMAIL|THYROID_MEDSCAPE_ALERT|1
OVERALL_L|RET|RET|OVERALL_HQ_EMAIL|THYROID_MEDSCAPE_BRANDSPOT|1
OVERALL_L|RET|RET|OVERALL_HQ_EMAIL|THYROID_MEDSCAPE_POC|1
OVERALL_L|RET|RET|OVERALL_MEDSCAPE_ALERT|LUNG_DOXIMITY_ALERT|1
OVERALL_L|RET|RET|OVERALL_MEDSCAPE_ALERT|LUNG_HQ_EMAIL|1
OVERALL_L|RET|RET|OVERALL_MEDSCAPE_ALERT|LUNG_MEDSCAPE_POC|1
OVERALL_L|RET|RET|OVERALL_MEDSCAPE_ALERT|OVERALL_DOXIMITY_ALERT|1
OVERALL_L|RET|RET|OVERALL_MEDSCAPE_ALERT|OVERALL_F2F_CALL|1
OVERALL_L|RET|RET|OVERALL_MEDSCAPE_ALERT|OVERALL_HQ_EMAIL|1
OVERALL_L|RET|RET|OVERALL_MEDSCAPE_ALERT|OVERALL_MEDSCAPE_ALERT|28
OVERALL_L|RET|RET|OVERALL_MEDSCAPE_ALERT|OVERALL_MEDSCAPE_BRANDSPOT|14
OVERALL_L|RET|RET|OVERALL_MEDSCAPE_ALERT|OVERALL_MEDSCAPE_EMAIL|7
OVERALL_L|RET|RET|OVERALL_MEDSCAPE_ALERT|OVERALL_MEDSCAPE_POC|14
OVERALL_L|RET|RET|OVERALL_MEDSCAPE_ALERT|OVERALL_P2P|1
OVERALL_L|RET|RET|OVERALL_MEDSCAPE_ALERT|THYROID_DOXIMITY_ALERT|1
OVERALL_L|RET|RET|OVERALL_MEDSCAPE_ALERT|THYROID_F2F_CALL|1
OVERALL_L|RET|RET|OVERALL_MEDSCAPE_ALERT|THYROID_MEDSCAPE_ALERT|28
OVERALL_L|RET|RET|OVERALL_MEDSCAPE_ALERT|THYROID_MEDSCAPE_EMAIL|7
OVERALL_L|RET|RET|OVERALL_MEDSCAPE_ALERT|THYROID_VEEVA_EMAIL|1
OVERALL_L|RET|RET|OVERALL_MEDSCAPE_BRANDSPOT|LUNG_DOXIMITY_ALERT|1
OVERALL_L|RET|RET|OVERALL_MEDSCAPE_BRANDSPOT|LUNG_MEDSCAPE_EMAIL|7
OVERALL_L|RET|RET|OVERALL_MEDSCAPE_BRANDSPOT|LUNG_VEEVA_EMAIL|1
OVERALL_L|RET|RET|OVERALL_MEDSCAPE_BRANDSPOT|OVERALL_F2F_CALL|1
OVERALL_L|RET|RET|OVERALL_MEDSCAPE_BRANDSPOT|OVERALL_MEDSCAPE_BRANDSPOT|14
OVERALL_L|RET|RET|OVERALL_MEDSCAPE_BRANDSPOT|OVERALL_MEDSCAPE_POC|14
OVERALL_L|RET|RET|OVERALL_MEDSCAPE_BRANDSPOT|OVERALL_VEEVA_EMAIL|1
OVERALL_L|RET|RET|OVERALL_MEDSCAPE_BRANDSPOT|THYROID_DOXIMITY_ALERT|1
OVERALL_L|RET|RET|OVERALL_MEDSCAPE_BRANDSPOT|THYROID_F2F_CALL|1
OVERALL_L|RET|RET|OVERALL_MEDSCAPE_BRANDSPOT|THYROID_HQ_EMAIL|1
THYROID_L|RET|RET|OVERALL_MEDSCAPE_ALERT|THYROID_MEDSCAPE_POC|14
THYROID_L|RET|RET|OVERALL_MEDSCAPE_BRANDSPOT|LUNG_DOXIMITY_ALERT|1
THYROID_L|RET|RET|OVERALL_MEDSCAPE_BRANDSPOT|LUNG_MEDSCAPE_BRANDSPOT|14
THYROID_L|RET|RET|OVERALL_MEDSCAPE_BRANDSPOT|LUNG_MEDSCAPE_EMAIL|7
THYROID_L|RET|RET|OVERALL_MEDSCAPE_BRANDSPOT|LUNG_VEEVA_EMAIL|1
THYROID_L|RET|RET|OVERALL_MEDSCAPE_BRANDSPOT|OVERALL_HQ_EMAIL|1
THYROID_L|RET|RET|OVERALL_MEDSCAPE_BRANDSPOT|OVERALL_MEDSCAPE_ALERT|14
THYROID_L|RET|RET|OVERALL_MEDSCAPE_BRANDSPOT|OVERALL_MEDSCAPE_EMAIL|7
THYROID_L|RET|RET|OVERALL_MEDSCAPE_BRANDSPOT|OVERALL_P2P|1
THYROID_L|RET|RET|OVERALL_MEDSCAPE_BRANDSPOT|OVERALL_VEEVA_EMAIL|1
THYROID_L|RET|RET|OVERALL_MEDSCAPE_BRANDSPOT|THYROID_DOXIMITY_ALERT|1
THYROID_L|RET|RET|OVERALL_MEDSCAPE_BRANDSPOT|THYROID_F2F_CALL|1
THYROID_L|RET|RET|OVERALL_MEDSCAPE_BRANDSPOT|THYROID_MEDSCAPE_BRANDSPOT|14
THYROID_L|RET|RET|OVERALL_MEDSCAPE_BRANDSPOT|THYROID_MEDSCAPE_EMAIL|7
THYROID_L|RET|RET|OVERALL_MEDSCAPE_EMAIL|LUNG_F2F_CALL|1
THYROID_L|RET|RET|OVERALL_MEDSCAPE_EMAIL|LUNG_MEDSCAPE_BRANDSPOT|7
THYROID_L|RET|RET|OVERALL_MEDSCAPE_EMAIL|LUNG_MEDSCAPE_EMAIL|28
THYROID_L|RET|RET|OVERALL_MEDSCAPE_EMAIL|LUNG_MEDSCAPE_POC|1
THYROID_L|RET|RET|OVERALL_MEDSCAPE_EMAIL|OVERALL_P2P|1
THYROID_L|RET|RET|OVERALL_MEDSCAPE_EMAIL|OVERALL_VEEVA_EMAIL|1
THYROID_L|RET|RET|OVERALL_MEDSCAPE_EMAIL|THYROID_HQ_EMAIL|1
THYROID_L|RET|RET|OVERALL_MEDSCAPE_EMAIL|THYROID_MEDSCAPE_ALERT|7
THYROID_L|RET|RET|OVERALL_MEDSCAPE_EMAIL|THYROID_MEDSCAPE_BRANDSPOT|7
THYROID_L|RET|RET|OVERALL_MEDSCAPE_EMAIL|THYROID_MEDSCAPE_POC|7
THYROID_L|RET|RET|OVERALL_MEDSCAPE_POC|LUNG_DOXIMITY_ALERT|1
THYROID_L|RET|RET|OVERALL_MEDSCAPE_POC|LUNG_F2F_CALL|1
THYROID_L|RET|RET|OVERALL_MEDSCAPE_POC|LUNG_MEDSCAPE_ALERT|14
THYROID_L|RET|RET|OVERALL_MEDSCAPE_POC|LUNG_MEDSCAPE_BRANDSPOT|14
THYROID_L|RET|RET|OVERALL_MEDSCAPE_POC|LUNG_MEDSCAPE_POC|14
THYROID_L|RET|RET|OVERALL_MEDSCAPE_POC|OVERALL_DOXIMITY_ALERT|1
THYROID_L|RET|RET|OVERALL_MEDSCAPE_POC|OVERALL_HQ_EMAIL|1
THYROID_L|RET|RET|OVERALL_MEDSCAPE_POC|OVERALL_MEDSCAPE_POC|14
THYROID_L|RET|RET|OVERALL_MEDSCAPE_POC|OVERALL_P2P|1
THYROID_L|RET|RET|OVERALL_MEDSCAPE_POC|THYROID_F2F_CALL|1
THYROID_L|RET|RET|OVERALL_MEDSCAPE_POC|THYROID_HQ_EMAIL|1
THYROID_L|RET|RET|OVERALL_MEDSCAPE_POC|THYROID_MEDSCAPE_ALERT|14
THYROID_L|RET|RET|OVERALL_MEDSCAPE_POC|THYROID_MEDSCAPE_BRANDSPOT|14
THYROID_L|RET|RET|OVERALL_MEDSCAPE_POC|THYROID_MEDSCAPE_EMAIL|7
THYROID_L|RET|RET|OVERALL_P2P|LUNG_MEDSCAPE_ALERT|1
THYROID_L|RET|RET|OVERALL_P2P|LUNG_MEDSCAPE_POC|1
THYROID_L|RET|RET|OVERALL_P2P|OVERALL_MEDSCAPE_BRANDSPOT|1
THYROID_L|RET|RET|OVERALL_P2P|OVERALL_MEDSCAPE_EMAIL|1
THYROID_L|RET|RET|OVERALL_P2P|OVERALL_MEDSCAPE_POC|1
THYROID_L|RET|RET|OVERALL_P2P|OVERALL_VEEVA_EMAIL|1
THYROID_L|RET|RET|OVERALL_P2P|THYROID_F2F_CALL|1
THYROID_L|RET|RET|OVERALL_P2P|THYROID_MEDSCAPE_ALERT|1
THYROID_L|RET|RET|OVERALL_P2P|THYROID_MEDSCAPE_BRANDSPOT|1
THYROID_L|RET|RET|OVERALL_P2P|THYROID_MEDSCAPE_POC|1
THYROID_L|RET|RET|OVERALL_VEEVA_EMAIL|LUNG_DOXIMITY_ALERT|1
THYROID_L|RET|RET|OVERALL_VEEVA_EMAIL|LUNG_F2F_CALL|14
THYROID_L|RET|RET|OVERALL_VEEVA_EMAIL|LUNG_MEDSCAPE_ALERT|1
THYROID_L|RET|RET|OVERALL_VEEVA_EMAIL|LUNG_MEDSCAPE_EMAIL|1
THYROID_L|RET|RET|OVERALL_VEEVA_EMAIL|LUNG_MEDSCAPE_POC|1
THYROID_L|RET|RET|OVERALL_VEEVA_EMAIL|OVERALL_DOXIMITY_ALERT|1
THYROID_L|RET|RET|OVERALL_VEEVA_EMAIL|OVERALL_MEDSCAPE_EMAIL|1
THYROID_L|RET|RET|OVERALL_VEEVA_EMAIL|OVERALL_MEDSCAPE_POC|1
THYROID_L|RET|RET|OVERALL_VEEVA_EMAIL|OVERALL_P2P|1
THYROID_L|RET|RET|OVERALL_VEEVA_EMAIL|OVERALL_VEEVA_EMAIL|14
THYROID_L|RET|RET|OVERALL_VEEVA_EMAIL|THYROID_F2F_CALL|14
THYROID_L|RET|RET|OVERALL_VEEVA_EMAIL|THYROID_MEDSCAPE_ALERT|1
THYROID_L|RET|RET|OVERALL_VEEVA_EMAIL|THYROID_MEDSCAPE_BRANDSPOT|1
THYROID_L|RET|RET|THYROID_DOXIMITY_ALERT|LUNG_DOXIMITY_ALERT|28
THYROID_L|RET|RET|THYROID_DOXIMITY_ALERT|LUNG_F2F_CALL|1
THYROID_L|RET|RET|THYROID_DOXIMITY_ALERT|LUNG_MEDSCAPE_BRANDSPOT|1
THYROID_L|RET|RET|THYROID_DOXIMITY_ALERT|OVERALL_DOXIMITY_ALERT|28
THYROID_L|RET|RET|THYROID_DOXIMITY_ALERT|OVERALL_F2F_CALL|1
THYROID_L|RET|RET|THYROID_DOXIMITY_ALERT|OVERALL_HQ_EMAIL|1
THYROID_L|RET|RET|THYROID_DOXIMITY_ALERT|OVERALL_MEDSCAPE_ALERT|1
THYROID_L|RET|RET|THYROID_DOXIMITY_ALERT|OVERALL_MEDSCAPE_BRANDSPOT|1
THYROID_L|RET|RET|THYROID_DOXIMITY_ALERT|OVERALL_MEDSCAPE_EMAIL|1
THYROID_L|RET|RET|THYROID_DOXIMITY_ALERT|OVERALL_MEDSCAPE_POC|1
THYROID_L|RET|RET|THYROID_DOXIMITY_ALERT|OVERALL_P2P|1
THYROID_L|RET|RET|THYROID_DOXIMITY_ALERT|OVERALL_VEEVA_EMAIL|1
LUNG_L|RET|RET|THYROID_MEDSCAPE_EMAIL|LUNG_MEDSCAPE_EMAIL|28
LUNG_L|RET|RET|THYROID_MEDSCAPE_EMAIL|LUNG_MEDSCAPE_POC|1
LUNG_L|RET|RET|THYROID_MEDSCAPE_EMAIL|LUNG_VEEVA_EMAIL|1
LUNG_L|RET|RET|THYROID_MEDSCAPE_EMAIL|OVERALL_HQ_EMAIL|1
LUNG_L|RET|RET|THYROID_MEDSCAPE_EMAIL|OVERALL_MEDSCAPE_ALERT|7
LUNG_L|RET|RET|THYROID_MEDSCAPE_EMAIL|OVERALL_MEDSCAPE_POC|7
LUNG_L|RET|RET|THYROID_MEDSCAPE_EMAIL|OVERALL_P2P|1
LUNG_L|RET|RET|THYROID_MEDSCAPE_EMAIL|OVERALL_VEEVA_EMAIL|1
LUNG_L|RET|RET|THYROID_MEDSCAPE_EMAIL|THYROID_F2F_CALL|1
LUNG_L|RET|RET|THYROID_MEDSCAPE_EMAIL|THYROID_MEDSCAPE_POC|7
LUNG_L|RET|RET|THYROID_MEDSCAPE_EMAIL|THYROID_VEEVA_EMAIL|1
LUNG_L|RET|RET|THYROID_MEDSCAPE_POC|LUNG_HQ_EMAIL|1
LUNG_L|RET|RET|THYROID_MEDSCAPE_POC|LUNG_MEDSCAPE_ALERT|14
LUNG_L|RET|RET|THYROID_MEDSCAPE_POC|LUNG_MEDSCAPE_BRANDSPOT|14
LUNG_L|RET|RET|THYROID_MEDSCAPE_POC|OVERALL_HQ_EMAIL|1
LUNG_L|RET|RET|THYROID_MEDSCAPE_POC|OVERALL_MEDSCAPE_BRANDSPOT|14
LUNG_L|RET|RET|THYROID_MEDSCAPE_POC|OVERALL_MEDSCAPE_EMAIL|7
LUNG_L|RET|RET|THYROID_MEDSCAPE_POC|THYROID_F2F_CALL|1
LUNG_L|RET|RET|THYROID_MEDSCAPE_POC|THYROID_HQ_EMAIL|1
LUNG_L|RET|RET|THYROID_MEDSCAPE_POC|THYROID_MEDSCAPE_ALERT|14
LUNG_L|RET|RET|THYROID_MEDSCAPE_POC|THYROID_MEDSCAPE_POC|14
LUNG_L|RET|RET|THYROID_MEDSCAPE_POC|THYROID_VEEVA_EMAIL|1
LUNG_L|RET|RET|THYROID_VEEVA_EMAIL|LUNG_DOXIMITY_ALERT|1
LUNG_L|RET|RET|THYROID_VEEVA_EMAIL|LUNG_F2F_CALL|14
LUNG_L|RET|RET|THYROID_VEEVA_EMAIL|LUNG_MEDSCAPE_ALERT|1
LUNG_L|RET|RET|THYROID_VEEVA_EMAIL|LUNG_MEDSCAPE_BRANDSPOT|1
LUNG_L|RET|RET|THYROID_VEEVA_EMAIL|LUNG_MEDSCAPE_POC|1
LUNG_L|RET|RET|THYROID_VEEVA_EMAIL|LUNG_VEEVA_EMAIL|14
LUNG_L|RET|RET|THYROID_VEEVA_EMAIL|OVERALL_MEDSCAPE_ALERT|1
LUNG_L|RET|RET|THYROID_VEEVA_EMAIL|OVERALL_MEDSCAPE_POC|1
LUNG_L|RET|RET|THYROID_VEEVA_EMAIL|OVERALL_VEEVA_EMAIL|14
LUNG_L|RET|RET|THYROID_VEEVA_EMAIL|THYROID_DOXIMITY_ALERT|1
LUNG_L|RET|RET|THYROID_VEEVA_EMAIL|THYROID_F2F_CALL|14
LUNG_L|RET|RET|THYROID_VEEVA_EMAIL|THYROID_HQ_EMAIL|1
LUNG_L|RET|RET|THYROID_VEEVA_EMAIL|THYROID_MEDSCAPE_ALERT|1
LUNG_L|RET|RET|THYROID_VEEVA_EMAIL|THYROID_MEDSCAPE_EMAIL|1
LUNG_L|RET|RET|THYROID_VEEVA_EMAIL|THYROID_MEDSCAPE_POC|1
LUNG_L|RET|RET|THYROID_VEEVA_EMAIL|THYROID_VEEVA_EMAIL|14
LUNG_M|RET|RET|LUNG_DOXIMITY_ALERT|LUNG_F2F_CALL|1
LUNG_M|RET|RET|LUNG_DOXIMITY_ALERT|LUNG_MEDSCAPE_ALERT|1
LUNG_M|RET|RET|LUNG_DOXIMITY_ALERT|LUNG_MEDSCAPE_BRANDSPOT|1
LUNG_M|RET|RET|LUNG_DOXIMITY_ALERT|LUNG_MEDSCAPE_EMAIL|1
LUNG_M|RET|RET|LUNG_DOXIMITY_ALERT|LUNG_MEDSCAPE_POC|1
LUNG_M|RET|RET|LUNG_DOXIMITY_ALERT|LUNG_VEEVA_EMAIL|1
LUNG_M|RET|RET|LUNG_DOXIMITY_ALERT|OVERALL_DOXIMITY_ALERT|14
LUNG_M|RET|RET|LUNG_DOXIMITY_ALERT|OVERALL_HQ_EMAIL|1
LUNG_M|RET|RET|LUNG_DOXIMITY_ALERT|OVERALL_MEDSCAPE_EMAIL|1
LUNG_M|RET|RET|LUNG_DOXIMITY_ALERT|OVERALL_MEDSCAPE_POC|1
LUNG_M|RET|RET|LUNG_DOXIMITY_ALERT|OVERALL_P2P|1
LUNG_M|RET|RET|LUNG_DOXIMITY_ALERT|OVERALL_VEEVA_EMAIL|1
LUNG_M|RET|RET|LUNG_DOXIMITY_ALERT|THYROID_F2F_CALL|1
LUNG_M|RET|RET|LUNG_DOXIMITY_ALERT|THYROID_MEDSCAPE_BRANDSPOT|1
LUNG_M|RET|RET|LUNG_DOXIMITY_ALERT|THYROID_MEDSCAPE_EMAIL|1
LUNG_M|RET|RET|LUNG_DOXIMITY_ALERT|THYROID_MEDSCAPE_POC|1
LUNG_M|RET|RET|LUNG_DOXIMITY_ALERT|THYROID_VEEVA_EMAIL|1
LUNG_M|RET|RET|LUNG_F2F_CALL|LUNG_DOXIMITY_ALERT|1
LUNG_M|RET|RET|LUNG_F2F_CALL|LUNG_F2F_CALL|21
LUNG_M|RET|RET|LUNG_F2F_CALL|LUNG_MEDSCAPE_ALERT|1
LUNG_M|RET|RET|LUNG_F2F_CALL|LUNG_MEDSCAPE_POC|1
LUNG_M|RET|RET|LUNG_F2F_CALL|LUNG_VEEVA_EMAIL|14
LUNG_M|RET|RET|LUNG_F2F_CALL|OVERALL_HQ_EMAIL|1
LUNG_M|RET|RET|LUNG_F2F_CALL|OVERALL_MEDSCAPE_ALERT|1
LUNG_M|RET|RET|LUNG_F2F_CALL|OVERALL_MEDSCAPE_EMAIL|1
LUNG_M|RET|RET|LUNG_F2F_CALL|OVERALL_MEDSCAPE_POC|1
LUNG_M|RET|RET|LUNG_F2F_CALL|OVERALL_P2P|1
LUNG_M|RET|RET|LUNG_F2F_CALL|THYROID_DOXIMITY_ALERT|1
LUNG_M|RET|RET|LUNG_F2F_CALL|THYROID_HQ_EMAIL|1
LUNG_M|RET|RET|LUNG_F2F_CALL|THYROID_MEDSCAPE_ALERT|1
LUNG_M|RET|RET|LUNG_F2F_CALL|THYROID_MEDSCAPE_BRANDSPOT|1
LUNG_M|RET|RET|LUNG_F2F_CALL|THYROID_MEDSCAPE_EMAIL|1
LUNG_M|RET|RET|LUNG_F2F_CALL|THYROID_VEEVA_EMAIL|14
LUNG_M|RET|RET|LUNG_HQ_EMAIL|LUNG_DOXIMITY_ALERT|1
LUNG_M|RET|RET|LUNG_HQ_EMAIL|LUNG_HQ_EMAIL|7
LUNG_M|RET|RET|LUNG_HQ_EMAIL|OVERALL_F2F_CALL|1
LUNG_M|RET|RET|LUNG_HQ_EMAIL|OVERALL_MEDSCAPE_BRANDSPOT|1
LUNG_M|RET|RET|LUNG_HQ_EMAIL|OVERALL_MEDSCAPE_EMAIL|1
LUNG_M|RET|RET|LUNG_HQ_EMAIL|OVERALL_P2P|1
LUNG_M|RET|RET|LUNG_HQ_EMAIL|OVERALL_VEEVA_EMAIL|1
LUNG_M|RET|RET|LUNG_HQ_EMAIL|THYROID_DOXIMITY_ALERT|1
LUNG_M|RET|RET|LUNG_HQ_EMAIL|THYROID_MEDSCAPE_ALERT|1
LUNG_M|RET|RET|LUNG_HQ_EMAIL|THYROID_MEDSCAPE_POC|1
OVERALL_C|RET|RET|OVERALL_DOXIMITY_ALERT|THYROID_MEDSCAPE_ALERT|1
OVERALL_C|RET|RET|OVERALL_DOXIMITY_ALERT|THYROID_MEDSCAPE_BRANDSPOT|1
OVERALL_C|RET|RET|OVERALL_DOXIMITY_ALERT|THYROID_MEDSCAPE_POC|1
OVERALL_C|RET|RET|OVERALL_DOXIMITY_ALERT|THYROID_VEEVA_EMAIL|1
OVERALL_C|RET|RET|OVERALL_F2F_CALL|LUNG_DOXIMITY_ALERT|1
OVERALL_C|RET|RET|OVERALL_F2F_CALL|LUNG_MEDSCAPE_ALERT|1
OVERALL_C|RET|RET|OVERALL_F2F_CALL|LUNG_MEDSCAPE_BRANDSPOT|1
OVERALL_C|RET|RET|OVERALL_F2F_CALL|LUNG_MEDSCAPE_EMAIL|1
OVERALL_C|RET|RET|OVERALL_F2F_CALL|LUNG_VEEVA_EMAIL|14
OVERALL_C|RET|RET|OVERALL_F2F_CALL|OVERALL_DOXIMITY_ALERT|1
OVERALL_C|RET|RET|OVERALL_F2F_CALL|OVERALL_HQ_EMAIL|1
OVERALL_C|RET|RET|OVERALL_F2F_CALL|OVERALL_MEDSCAPE_EMAIL|1
OVERALL_C|RET|RET|OVERALL_F2F_CALL|OVERALL_MEDSCAPE_POC|1
OVERALL_C|RET|RET|OVERALL_F2F_CALL|THYROID_DOXIMITY_ALERT|1
OVERALL_C|RET|RET|OVERALL_F2F_CALL|THYROID_MEDSCAPE_BRANDSPOT|1
OVERALL_C|RET|RET|OVERALL_F2F_CALL|THYROID_MEDSCAPE_EMAIL|1
OVERALL_C|RET|RET|OVERALL_HQ_EMAIL|LUNG_DOXIMITY_ALERT|1
OVERALL_C|RET|RET|OVERALL_HQ_EMAIL|LUNG_HQ_EMAIL|7
OVERALL_C|RET|RET|OVERALL_HQ_EMAIL|LUNG_MEDSCAPE_ALERT|1
OVERALL_C|RET|RET|OVERALL_HQ_EMAIL|LUNG_MEDSCAPE_EMAIL|1
OVERALL_C|RET|RET|OVERALL_HQ_EMAIL|OVERALL_DOXIMITY_ALERT|1
OVERALL_C|RET|RET|OVERALL_HQ_EMAIL|OVERALL_F2F_CALL|1
OVERALL_C|RET|RET|OVERALL_HQ_EMAIL|OVERALL_HQ_EMAIL|7
OVERALL_C|RET|RET|OVERALL_HQ_EMAIL|OVERALL_MEDSCAPE_ALERT|1
OVERALL_C|RET|RET|OVERALL_HQ_EMAIL|OVERALL_MEDSCAPE_EMAIL|1
OVERALL_C|RET|RET|OVERALL_HQ_EMAIL|OVERALL_MEDSCAPE_POC|1
OVERALL_C|RET|RET|OVERALL_HQ_EMAIL|OVERALL_VEEVA_EMAIL|1
OVERALL_C|RET|RET|OVERALL_HQ_EMAIL|THYROID_F2F_CALL|1
OVERALL_C|RET|RET|OVERALL_HQ_EMAIL|THYROID_HQ_EMAIL|7
OVERALL_C|RET|RET|OVERALL_HQ_EMAIL|THYROID_MEDSCAPE_ALERT|1
OVERALL_C|RET|RET|OVERALL_HQ_EMAIL|THYROID_MEDSCAPE_EMAIL|1
OVERALL_C|RET|RET|OVERALL_HQ_EMAIL|THYROID_VEEVA_EMAIL|1
OVERALL_C|RET|RET|OVERALL_MEDSCAPE_ALERT|LUNG_DOXIMITY_ALERT|1
OVERALL_C|RET|RET|OVERALL_MEDSCAPE_ALERT|LUNG_F2F_CALL|1
OVERALL_C|RET|RET|OVERALL_MEDSCAPE_ALERT|LUNG_MEDSCAPE_ALERT|28
OVERALL_C|RET|RET|OVERALL_MEDSCAPE_ALERT|LUNG_MEDSCAPE_POC|1
OVERALL_C|RET|RET|OVERALL_MEDSCAPE_ALERT|OVERALL_HQ_EMAIL|1
OVERALL_C|RET|RET|OVERALL_MEDSCAPE_ALERT|OVERALL_MEDSCAPE_BRANDSPOT|14
OVERALL_C|RET|RET|OVERALL_MEDSCAPE_ALERT|OVERALL_MEDSCAPE_EMAIL|7
OVERALL_C|RET|RET|OVERALL_MEDSCAPE_ALERT|OVERALL_VEEVA_EMAIL|1
OVERALL_C|RET|RET|OVERALL_MEDSCAPE_ALERT|THYROID_DOXIMITY_ALERT|1
OVERALL_C|RET|RET|OVERALL_MEDSCAPE_ALERT|THYROID_MEDSCAPE_ALERT|28
OVERALL_C|RET|RET|OVERALL_MEDSCAPE_ALERT|THYROID_MEDSCAPE_BRANDSPOT|14
OVERALL_C|RET|RET|OVERALL_MEDSCAPE_ALERT|THYROID_MEDSCAPE_EMAIL|7
OVERALL_C|RET|RET|OVERALL_MEDSCAPE_ALERT|THYROID_MEDSCAPE_POC|14
OVERALL_C|RET|RET|OVERALL_MEDSCAPE_ALERT|THYROID_VEEVA_EMAIL|1
OVERALL_C|RET|RET|OVERALL_MEDSCAPE_BRANDSPOT|LUNG_F2F_CALL|1
OVERALL_C|RET|RET|OVERALL_MEDSCAPE_BRANDSPOT|LUNG_HQ_EMAIL|1
OVERALL_C|RET|RET|OVERALL_MEDSCAPE_BRANDSPOT|LUNG_MEDSCAPE_BRANDSPOT|14
OVERALL_C|RET|RET|OVERALL_MEDSCAPE_BRANDSPOT|OVERALL_HQ_EMAIL|1
OVERALL_C|RET|RET|OVERALL_MEDSCAPE_BRANDSPOT|OVERALL_MEDSCAPE_ALERT|14
OVERALL_C|RET|RET|OVERALL_MEDSCAPE_BRANDSPOT|OVERALL_MEDSCAPE_BRANDSPOT|14
OVERALL_C|RET|RET|OVERALL_MEDSCAPE_BRANDSPOT|THYROID_VEEVA_EMAIL|1
OVERALL_C|RET|RET|OVERALL_MEDSCAPE_EMAIL|LUNG_F2F_CALL|1
OVERALL_C|RET|RET|OVERALL_MEDSCAPE_EMAIL|LUNG_HQ_EMAIL|1
OVERALL_C|RET|RET|OVERALL_MEDSCAPE_EMAIL|LUNG_MEDSCAPE_ALERT|7
OVERALL_C|RET|RET|OVERALL_MEDSCAPE_EMAIL|LUNG_MEDSCAPE_BRANDSPOT|7
OVERALL_C|RET|RET|OVERALL_MEDSCAPE_EMAIL|OVERALL_F2F_CALL|1
OVERALL_C|RET|RET|OVERALL_MEDSCAPE_EMAIL|OVERALL_MEDSCAPE_ALERT|7
OVERALL_C|RET|RET|OVERALL_MEDSCAPE_EMAIL|OVERALL_MEDSCAPE_BRANDSPOT|7
OVERALL_C|RET|RET|OVERALL_MEDSCAPE_EMAIL|OVERALL_MEDSCAPE_EMAIL|28
OVERALL_C|RET|RET|OVERALL_MEDSCAPE_EMAIL|OVERALL_MEDSCAPE_POC|7
OVERALL_C|RET|RET|OVERALL_MEDSCAPE_EMAIL|OVERALL_P2P|1
OVERALL_C|RET|RET|OVERALL_MEDSCAPE_EMAIL|OVERALL_VEEVA_EMAIL|1
OVERALL_C|RET|RET|OVERALL_MEDSCAPE_EMAIL|THYROID_DOXIMITY_ALERT|1
OVERALL_C|RET|RET|OVERALL_MEDSCAPE_EMAIL|THYROID_MEDSCAPE_ALERT|7
OVERALL_C|RET|RET|OVERALL_MEDSCAPE_EMAIL|THYROID_MEDSCAPE_BRANDSPOT|7
OVERALL_C|RET|RET|OVERALL_MEDSCAPE_EMAIL|THYROID_MEDSCAPE_EMAIL|28
OVERALL_C|RET|RET|OVERALL_MEDSCAPE_EMAIL|THYROID_MEDSCAPE_POC|7
OVERALL_C|RET|RET|OVERALL_MEDSCAPE_POC|LUNG_DOXIMITY_ALERT|1
OVERALL_C|RET|RET|OVERALL_MEDSCAPE_POC|LUNG_F2F_CALL|1
OVERALL_C|RET|RET|OVERALL_MEDSCAPE_POC|LUNG_HQ_EMAIL|1
OVERALL_C|RET|RET|OVERALL_MEDSCAPE_POC|LUNG_MEDSCAPE_BRANDSPOT|14
OVERALL_L|RET|RET|THYROID_MEDSCAPE_EMAIL|THYROID_VEEVA_EMAIL|1
OVERALL_L|RET|RET|THYROID_MEDSCAPE_POC|LUNG_DOXIMITY_ALERT|1
OVERALL_L|RET|RET|THYROID_MEDSCAPE_POC|LUNG_F2F_CALL|1
OVERALL_L|RET|RET|THYROID_MEDSCAPE_POC|LUNG_HQ_EMAIL|1
OVERALL_L|RET|RET|THYROID_MEDSCAPE_POC|LUNG_MEDSCAPE_POC|14
OVERALL_L|RET|RET|THYROID_MEDSCAPE_POC|LUNG_VEEVA_EMAIL|1
OVERALL_L|RET|RET|THYROID_MEDSCAPE_POC|OVERALL_HQ_EMAIL|1
OVERALL_L|RET|RET|THYROID_MEDSCAPE_POC|THYROID_F2F_CALL|1
OVERALL_L|RET|RET|THYROID_MEDSCAPE_POC|THYROID_HQ_EMAIL|1
OVERALL_L|RET|RET|THYROID_MEDSCAPE_POC|THYROID_MEDSCAPE_EMAIL|7
OVERALL_L|RET|RET|THYROID_VEEVA_EMAIL|LUNG_HQ_EMAIL|1
OVERALL_L|RET|RET|THYROID_VEEVA_EMAIL|LUNG_MEDSCAPE_ALERT|1
OVERALL_L|RET|RET|THYROID_VEEVA_EMAIL|LUNG_MEDSCAPE_BRANDSPOT|1
OVERALL_L|RET|RET|THYROID_VEEVA_EMAIL|LUNG_MEDSCAPE_EMAIL|1
OVERALL_L|RET|RET|THYROID_VEEVA_EMAIL|LUNG_VEEVA_EMAIL|14
OVERALL_L|RET|RET|THYROID_VEEVA_EMAIL|OVERALL_DOXIMITY_ALERT|1
OVERALL_L|RET|RET|THYROID_VEEVA_EMAIL|OVERALL_F2F_CALL|14
OVERALL_L|RET|RET|THYROID_VEEVA_EMAIL|OVERALL_HQ_EMAIL|1
OVERALL_L|RET|RET|THYROID_VEEVA_EMAIL|OVERALL_MEDSCAPE_BRANDSPOT|1
OVERALL_L|RET|RET|THYROID_VEEVA_EMAIL|OVERALL_MEDSCAPE_POC|1
OVERALL_L|RET|RET|THYROID_VEEVA_EMAIL|OVERALL_P2P|1
OVERALL_L|RET|RET|THYROID_VEEVA_EMAIL|THYROID_DOXIMITY_ALERT|1
OVERALL_L|RET|RET|THYROID_VEEVA_EMAIL|THYROID_F2F_CALL|14
OVERALL_L|RET|RET|THYROID_VEEVA_EMAIL|THYROID_HQ_EMAIL|1
OVERALL_L|RET|RET|THYROID_VEEVA_EMAIL|THYROID_MEDSCAPE_ALERT|1
OVERALL_L|RET|RET|THYROID_VEEVA_EMAIL|THYROID_MEDSCAPE_BRANDSPOT|1
OVERALL_L|RET|RET|THYROID_VEEVA_EMAIL|THYROID_MEDSCAPE_POC|1
OVERALL_L|RET|RET|THYROID_VEEVA_EMAIL|THYROID_VEEVA_EMAIL|14
OVERALL_M|RET|RET|LUNG_DOXIMITY_ALERT|LUNG_F2F_CALL|1
OVERALL_M|RET|RET|LUNG_DOXIMITY_ALERT|LUNG_MEDSCAPE_POC|1
OVERALL_M|RET|RET|LUNG_DOXIMITY_ALERT|LUNG_VEEVA_EMAIL|1
OVERALL_M|RET|RET|LUNG_DOXIMITY_ALERT|OVERALL_F2F_CALL|1
OVERALL_M|RET|RET|LUNG_DOXIMITY_ALERT|OVERALL_VEEVA_EMAIL|1
OVERALL_M|RET|RET|LUNG_DOXIMITY_ALERT|THYROID_F2F_CALL|1
OVERALL_M|RET|RET|LUNG_DOXIMITY_ALERT|THYROID_HQ_EMAIL|1
OVERALL_M|RET|RET|LUNG_DOXIMITY_ALERT|THYROID_MEDSCAPE_BRANDSPOT|1
OVERALL_M|RET|RET|LUNG_DOXIMITY_ALERT|THYROID_MEDSCAPE_POC|1
OVERALL_M|RET|RET|LUNG_F2F_CALL|LUNG_DOXIMITY_ALERT|1
OVERALL_M|RET|RET|LUNG_F2F_CALL|LUNG_F2F_CALL|21
OVERALL_M|RET|RET|LUNG_F2F_CALL|LUNG_MEDSCAPE_ALERT|1
OVERALL_M|RET|RET|LUNG_F2F_CALL|LUNG_MEDSCAPE_BRANDSPOT|1
OVERALL_M|RET|RET|LUNG_F2F_CALL|LUNG_MEDSCAPE_POC|1
OVERALL_M|RET|RET|LUNG_F2F_CALL|OVERALL_DOXIMITY_ALERT|1
OVERALL_M|RET|RET|LUNG_F2F_CALL|OVERALL_HQ_EMAIL|1
OVERALL_M|RET|RET|LUNG_F2F_CALL|OVERALL_MEDSCAPE_ALERT|1
OVERALL_M|RET|RET|LUNG_F2F_CALL|OVERALL_MEDSCAPE_BRANDSPOT|1
OVERALL_M|RET|RET|LUNG_F2F_CALL|OVERALL_MEDSCAPE_EMAIL|1
OVERALL_M|RET|RET|LUNG_F2F_CALL|OVERALL_MEDSCAPE_POC|1
OVERALL_M|RET|RET|LUNG_F2F_CALL|THYROID_F2F_CALL|21
OVERALL_M|RET|RET|LUNG_F2F_CALL|THYROID_VEEVA_EMAIL|14
OVERALL_M|RET|RET|LUNG_HQ_EMAIL|LUNG_DOXIMITY_ALERT|1
OVERALL_M|RET|RET|LUNG_HQ_EMAIL|LUNG_HQ_EMAIL|7
OVERALL_M|RET|RET|LUNG_HQ_EMAIL|LUNG_MEDSCAPE_ALERT|1
OVERALL_M|RET|RET|LUNG_HQ_EMAIL|LUNG_MEDSCAPE_EMAIL|1
OVERALL_M|RET|RET|LUNG_HQ_EMAIL|OVERALL_DOXIMITY_ALERT|1
OVERALL_M|RET|RET|LUNG_HQ_EMAIL|OVERALL_F2F_CALL|1
OVERALL_M|RET|RET|LUNG_HQ_EMAIL|OVERALL_HQ_EMAIL|7
OVERALL_M|RET|RET|LUNG_HQ_EMAIL|OVERALL_MEDSCAPE_ALERT|1
OVERALL_M|RET|RET|LUNG_HQ_EMAIL|OVERALL_MEDSCAPE_BRANDSPOT|1
OVERALL_M|RET|RET|LUNG_HQ_EMAIL|OVERALL_MEDSCAPE_POC|1
OVERALL_M|RET|RET|LUNG_HQ_EMAIL|OVERALL_VEEVA_EMAIL|1
OVERALL_M|RET|RET|LUNG_HQ_EMAIL|THYROID_F2F_CALL|1
OVERALL_M|RET|RET|LUNG_HQ_EMAIL|THYROID_MEDSCAPE_POC|1
OVERALL_M|RET|RET|LUNG_MEDSCAPE_ALERT|LUNG_HQ_EMAIL|1
OVERALL_M|RET|RET|LUNG_MEDSCAPE_ALERT|LUNG_MEDSCAPE_ALERT|28
OVERALL_M|RET|RET|LUNG_MEDSCAPE_ALERT|LUNG_MEDSCAPE_BRANDSPOT|14
OVERALL_M|RET|RET|LUNG_MEDSCAPE_ALERT|OVERALL_F2F_CALL|1
OVERALL_M|RET|RET|LUNG_MEDSCAPE_ALERT|OVERALL_HQ_EMAIL|1
OVERALL_M|RET|RET|LUNG_MEDSCAPE_ALERT|OVERALL_MEDSCAPE_ALERT|28
OVERALL_M|RET|RET|LUNG_MEDSCAPE_ALERT|OVERALL_MEDSCAPE_POC|14
OVERALL_M|RET|RET|LUNG_MEDSCAPE_ALERT|OVERALL_P2P|1
OVERALL_M|RET|RET|LUNG_MEDSCAPE_ALERT|OVERALL_VEEVA_EMAIL|1
OVERALL_M|RET|RET|LUNG_MEDSCAPE_ALERT|THYROID_F2F_CALL|1
OVERALL_M|RET|RET|LUNG_MEDSCAPE_ALERT|THYROID_HQ_EMAIL|1
OVERALL_M|RET|RET|LUNG_MEDSCAPE_ALERT|THYROID_MEDSCAPE_EMAIL|7
OVERALL_M|RET|RET|LUNG_MEDSCAPE_ALERT|THYROID_MEDSCAPE_POC|14
OVERALL_M|RET|RET|LUNG_MEDSCAPE_BRANDSPOT|LUNG_DOXIMITY_ALERT|1
OVERALL_M|RET|RET|LUNG_MEDSCAPE_BRANDSPOT|LUNG_F2F_CALL|1
UNKNOWN|RET|RET|LUNG_F2F_CALL|OVERALL_DOXIMITY_ALERT|1
UNKNOWN|RET|RET|LUNG_F2F_CALL|OVERALL_HQ_EMAIL|1
UNKNOWN|RET|RET|LUNG_F2F_CALL|OVERALL_MEDSCAPE_BRANDSPOT|1
UNKNOWN|RET|RET|LUNG_F2F_CALL|OVERALL_MEDSCAPE_POC|1
UNKNOWN|RET|RET|LUNG_F2F_CALL|THYROID_DOXIMITY_ALERT|1
UNKNOWN|RET|RET|LUNG_F2F_CALL|THYROID_F2F_CALL|28
UNKNOWN|RET|RET|LUNG_F2F_CALL|THYROID_HQ_EMAIL|1
UNKNOWN|RET|RET|LUNG_F2F_CALL|THYROID_MEDSCAPE_ALERT|1
UNKNOWN|RET|RET|LUNG_F2F_CALL|THYROID_MEDSCAPE_BRANDSPOT|1
UNKNOWN|RET|RET|LUNG_F2F_CALL|THYROID_MEDSCAPE_EMAIL|1
UNKNOWN|RET|RET|LUNG_F2F_CALL|THYROID_MEDSCAPE_POC|1
UNKNOWN|RET|RET|LUNG_HQ_EMAIL|LUNG_DOXIMITY_ALERT|1
UNKNOWN|RET|RET|LUNG_HQ_EMAIL|LUNG_MEDSCAPE_ALERT|1
UNKNOWN|RET|RET|LUNG_HQ_EMAIL|LUNG_MEDSCAPE_BRANDSPOT|1
UNKNOWN|RET|RET|LUNG_HQ_EMAIL|LUNG_MEDSCAPE_POC|1
UNKNOWN|RET|RET|LUNG_HQ_EMAIL|OVERALL_DOXIMITY_ALERT|1
UNKNOWN|RET|RET|LUNG_HQ_EMAIL|OVERALL_MEDSCAPE_ALERT|1
UNKNOWN|RET|RET|LUNG_HQ_EMAIL|OVERALL_P2P|1
UNKNOWN|RET|RET|LUNG_HQ_EMAIL|THYROID_F2F_CALL|1
UNKNOWN|RET|RET|LUNG_HQ_EMAIL|THYROID_MEDSCAPE_EMAIL|1
UNKNOWN|RET|RET|LUNG_HQ_EMAIL|THYROID_VEEVA_EMAIL|1
UNKNOWN|RET|RET|LUNG_MEDSCAPE_ALERT|LUNG_DOXIMITY_ALERT|1
UNKNOWN|RET|RET|LUNG_MEDSCAPE_ALERT|LUNG_F2F_CALL|1
UNKNOWN|RET|RET|LUNG_MEDSCAPE_ALERT|LUNG_MEDSCAPE_ALERT|28
UNKNOWN|RET|RET|LUNG_MEDSCAPE_ALERT|LUNG_MEDSCAPE_EMAIL|7
UNKNOWN|RET|RET|LUNG_MEDSCAPE_ALERT|LUNG_MEDSCAPE_POC|1
UNKNOWN|RET|RET|LUNG_MEDSCAPE_ALERT|LUNG_VEEVA_EMAIL|1
UNKNOWN|RET|RET|LUNG_MEDSCAPE_ALERT|OVERALL_DOXIMITY_ALERT|1
UNKNOWN|RET|RET|LUNG_MEDSCAPE_ALERT|OVERALL_F2F_CALL|1
UNKNOWN|RET|RET|LUNG_MEDSCAPE_ALERT|OVERALL_HQ_EMAIL|1
UNKNOWN|RET|RET|LUNG_MEDSCAPE_ALERT|OVERALL_MEDSCAPE_ALERT|28
UNKNOWN|RET|RET|LUNG_MEDSCAPE_ALERT|OVERALL_MEDSCAPE_POC|14
UNKNOWN|RET|RET|LUNG_MEDSCAPE_ALERT|OVERALL_P2P|1
UNKNOWN|RET|RET|LUNG_MEDSCAPE_ALERT|THYROID_MEDSCAPE_ALERT|28
UNKNOWN|RET|RET|LUNG_MEDSCAPE_ALERT|THYROID_MEDSCAPE_BRANDSPOT|1
UNKNOWN|RET|RET|LUNG_MEDSCAPE_ALERT|THYROID_MEDSCAPE_EMAIL|7
UNKNOWN|RET|RET|LUNG_MEDSCAPE_ALERT|THYROID_MEDSCAPE_POC|14
UNKNOWN|RET|RET|LUNG_MEDSCAPE_BRANDSPOT|LUNG_F2F_CALL|1
UNKNOWN|RET|RET|LUNG_MEDSCAPE_BRANDSPOT|LUNG_HQ_EMAIL|1
UNKNOWN|RET|RET|LUNG_MEDSCAPE_BRANDSPOT|LUNG_MEDSCAPE_ALERT|1
UNKNOWN|RET|RET|LUNG_MEDSCAPE_BRANDSPOT|LUNG_MEDSCAPE_BRANDSPOT|14
UNKNOWN|RET|RET|LUNG_MEDSCAPE_BRANDSPOT|LUNG_MEDSCAPE_POC|14
UNKNOWN|RET|RET|LUNG_MEDSCAPE_BRANDSPOT|OVERALL_DOXIMITY_ALERT|1
UNKNOWN|RET|RET|LUNG_MEDSCAPE_BRANDSPOT|OVERALL_F2F_CALL|1
UNKNOWN|RET|RET|LUNG_MEDSCAPE_BRANDSPOT|OVERALL_MEDSCAPE_ALERT|1
UNKNOWN|RET|RET|LUNG_MEDSCAPE_BRANDSPOT|OVERALL_MEDSCAPE_BRANDSPOT|14
UNKNOWN|RET|RET|LUNG_MEDSCAPE_BRANDSPOT|OVERALL_MEDSCAPE_EMAIL|7
UNKNOWN|RET|RET|LUNG_MEDSCAPE_BRANDSPOT|OVERALL_P2P|1
UNKNOWN|RET|RET|LUNG_MEDSCAPE_BRANDSPOT|OVERALL_VEEVA_EMAIL|1
UNKNOWN|RET|RET|LUNG_MEDSCAPE_BRANDSPOT|THYROID_DOXIMITY_ALERT|1
UNKNOWN|RET|RET|LUNG_MEDSCAPE_BRANDSPOT|THYROID_F2F_CALL|1
UNKNOWN|RET|RET|LUNG_MEDSCAPE_BRANDSPOT|THYROID_HQ_EMAIL|1
UNKNOWN|RET|RET|LUNG_MEDSCAPE_BRANDSPOT|THYROID_MEDSCAPE_POC|14
UNKNOWN|RET|RET|LUNG_MEDSCAPE_BRANDSPOT|THYROID_VEEVA_EMAIL|1
UNKNOWN|RET|RET|LUNG_MEDSCAPE_EMAIL|LUNG_F2F_CALL|1
UNKNOWN|RET|RET|LUNG_MEDSCAPE_EMAIL|LUNG_MEDSCAPE_BRANDSPOT|7
UNKNOWN|RET|RET|LUNG_MEDSCAPE_EMAIL|LUNG_MEDSCAPE_POC|1
UNKNOWN|RET|RET|LUNG_MEDSCAPE_EMAIL|LUNG_VEEVA_EMAIL|1
UNKNOWN|RET|RET|LUNG_MEDSCAPE_EMAIL|OVERALL_DOXIMITY_ALERT|1
UNKNOWN|RET|RET|LUNG_MEDSCAPE_EMAIL|OVERALL_F2F_CALL|1
UNKNOWN|RET|RET|LUNG_MEDSCAPE_EMAIL|OVERALL_MEDSCAPE_EMAIL|28
UNKNOWN|RET|RET|LUNG_MEDSCAPE_EMAIL|OVERALL_VEEVA_EMAIL|1
UNKNOWN|RET|RET|LUNG_MEDSCAPE_EMAIL|THYROID_MEDSCAPE_ALERT|7
UNKNOWN|RET|RET|LUNG_MEDSCAPE_POC|LUNG_F2F_CALL|1
UNKNOWN|RET|RET|LUNG_MEDSCAPE_POC|LUNG_MEDSCAPE_ALERT|14
UNKNOWN|RET|RET|LUNG_MEDSCAPE_POC|LUNG_MEDSCAPE_POC|14
UNKNOWN|RET|RET|LUNG_MEDSCAPE_POC|OVERALL_DOXIMITY_ALERT|1
UNKNOWN|RET|RET|LUNG_MEDSCAPE_POC|OVERALL_F2F_CALL|1
UNKNOWN|RET|RET|LUNG_MEDSCAPE_POC|OVERALL_HQ_EMAIL|1
UNKNOWN|RET|RET|LUNG_MEDSCAPE_POC|OVERALL_MEDSCAPE_ALERT|14
UNKNOWN|RET|RET|LUNG_MEDSCAPE_POC|OVERALL_MEDSCAPE_EMAIL|7
UNKNOWN|RET|RET|LUNG_MEDSCAPE_POC|THYROID_F2F_CALL|1
UNKNOWN|RET|RET|LUNG_MEDSCAPE_POC|THYROID_MEDSCAPE_ALERT|14
UNKNOWN|RET|RET|LUNG_MEDSCAPE_POC|THYROID_MEDSCAPE_EMAIL|7
UNKNOWN|RET|RET|LUNG_MEDSCAPE_POC|THYROID_VEEVA_EMAIL|1
UNKNOWN|RET|RET|LUNG_VEEVA_EMAIL|LUNG_DOXIMITY_ALERT|1
UNKNOWN|RET|RET|LUNG_VEEVA_EMAIL|LUNG_F2F_CALL|21
UNKNOWN|RET|RET|LUNG_VEEVA_EMAIL|LUNG_MEDSCAPE_EMAIL|1
UNKNOWN|RET|RET|LUNG_VEEVA_EMAIL|LUNG_MEDSCAPE_POC|1
UNKNOWN|RET|RET|LUNG_VEEVA_EMAIL|OVERALL_F2F_CALL|21
NON_TARGET|US_304528|US_304528|EDH_PROFLOW_RDMU|NUMEDIS_MDMINUTE|1
NON_TARGET|US_304528|US_304528|EDH_PROFLOW_RDMU|VEEVA_EMAIL|1
NON_TARGET|US_304528|US_304528|EDH_PROFLOW_WDMU|EDH_PROFLOW_EDMU|7
NON_TARGET|US_304528|US_304528|EDH_PROFLOW_WDMU|EDH_PROFLOW_RDMU|7
NON_TARGET|US_304528|US_304528|EDH_PROFLOW_WDMU|EDH_PROFLOW_WDMU|7
NON_TARGET|US_304528|US_304528|EDH_PROFLOW_WDMU|EPOCRATES_ALERT|1
NON_TARGET|US_304528|US_304528|EDH_PROFLOW_WDMU|MEDSCAPE_ALERT|1
NON_TARGET|US_304528|US_304528|EDH_PROFLOW_WDMU|MEDSCAPE_POC|1
NON_TARGET|US_304528|US_304528|EDH_PROFLOW_WDMU|P2P|1
NON_TARGET|US_304528|US_304528|EPOCRATES_ALERT|DOXIMITY_ALERT|1
NON_TARGET|US_304528|US_304528|EPOCRATES_ALERT|DOXIMITY_DOCSPOT|1
NON_TARGET|US_304528|US_304528|EPOCRATES_ALERT|EDH_PROFLOW_EDMU|1
NON_TARGET|US_304528|US_304528|EPOCRATES_ALERT|EPOCRATES_ALERT|7
NON_TARGET|US_304528|US_304528|EPOCRATES_ALERT|HQ_EMAIL|1
NON_TARGET|US_304528|US_304528|F2F_CALL|DOXIMITY_DOCSPOT|1
NON_TARGET|US_304528|US_304528|F2F_CALL|EDH_PROFLOW_EDMU|1
NON_TARGET|US_304528|US_304528|F2F_CALL|EDH_PROFLOW_RDMU|1
NON_TARGET|US_304528|US_304528|F2F_CALL|F2F_CALL|16
NON_TARGET|US_304528|US_304528|F2F_CALL|HQ_EMAIL|1
NON_TARGET|US_304528|US_304528|F2F_CALL|MEDSCAPE_POC|1
NON_TARGET|US_304528|US_304528|HQ_EMAIL|DOXIMITY_ALERT|1
NON_TARGET|US_304528|US_304528|HQ_EMAIL|EDH_PROFLOW_EDMU|1
NON_TARGET|US_304528|US_304528|HQ_EMAIL|EDH_PROFLOW_WDMU|1
NON_TARGET|US_304528|US_304528|HQ_EMAIL|EPOCRATES_ALERT|1
NON_TARGET|US_304528|US_304528|HQ_EMAIL|F2F_CALL|1
NON_TARGET|US_304528|US_304528|HQ_EMAIL|HQ_EMAIL|7
NON_TARGET|US_304528|US_304528|HQ_EMAIL|VEEVA_EMAIL|7
NON_TARGET|US_304528|US_304528|MEDSCAPE_ALERT|DOXIMITY_ALERT|1
NON_TARGET|US_304528|US_304528|MEDSCAPE_ALERT|EDH_PROFLOW_RDMU|1
NON_TARGET|US_304528|US_304528|MEDSCAPE_ALERT|MEDSCAPE_ALERT|28
NON_TARGET|US_304528|US_304528|MEDSCAPE_ALERT|MEDSCAPE_EMAIL|7
NON_TARGET|US_304528|US_304528|MEDSCAPE_ALERT|MEDSCAPE_POC|7
NON_TARGET|US_304528|US_304528|MEDSCAPE_ALERT|NUMEDIS_MDMINUTE|1
NON_TARGET|US_304528|US_304528|MEDSCAPE_EMAIL|DOXIMITY_DOCSPOT|1
NON_TARGET|US_304528|US_304528|MEDSCAPE_EMAIL|EDH_PROFLOW_WDMU|1
NON_TARGET|US_304528|US_304528|MEDSCAPE_EMAIL|F2F_CALL|1
NON_TARGET|US_304528|US_304528|MEDSCAPE_EMAIL|HQ_EMAIL|1
NON_TARGET|US_304528|US_304528|MEDSCAPE_EMAIL|NUMEDIS_MDMINUTE|1
NON_TARGET|US_304528|US_304528|MEDSCAPE_EMAIL|P2P|1
NON_TARGET|US_304528|US_304528|MEDSCAPE_EMAIL|VEEVA_EMAIL|1
NON_TARGET|US_304528|US_304528|MEDSCAPE_POC|DOXIMITY_ALERT|1
NON_TARGET|US_304528|US_304528|MEDSCAPE_POC|DOXIMITY_DOCSPOT|1
NON_TARGET|US_304528|US_304528|MEDSCAPE_POC|EDH_PROFLOW_EDMU|1
NON_TARGET|US_304528|US_304528|MEDSCAPE_POC|EDH_PROFLOW_RDMU|1
NON_TARGET|US_304528|US_304528|MEDSCAPE_POC|EDH_PROFLOW_WDMU|1
NON_TARGET|US_304528|US_304528|MEDSCAPE_POC|EPOCRATES_ALERT|1
NON_TARGET|US_304528|US_304528|MEDSCAPE_POC|F2F_CALL|1
NON_TARGET|US_304528|US_304528|MEDSCAPE_POC|MEDSCAPE_POC|7
NON_TARGET|US_304528|US_304528|MEDSCAPE_POC|NUMEDIS_MDMINUTE|1
NON_TARGET|US_304528|US_304528|MEDSCAPE_POC|P2P|1
NON_TARGET|US_304528|US_304528|NUMEDIS_MDMINUTE|DOXIMITY_ALERT|1
NON_TARGET|US_304528|US_304528|NUMEDIS_MDMINUTE|DOXIMITY_DOCSPOT|1
NON_TARGET|US_304528|US_304528|NUMEDIS_MDMINUTE|EDH_PROFLOW_EDMU|1
NON_TARGET|US_304528|US_304528|NUMEDIS_MDMINUTE|EDH_PROFLOW_RDMU|1
NON_TARGET|US_304528|US_304528|NUMEDIS_MDMINUTE|F2F_CALL|1
NON_TARGET|US_304528|US_304528|NUMEDIS_MDMINUTE|MEDSCAPE_ALERT|1
NON_TARGET|US_304528|US_304528|NUMEDIS_MDMINUTE|MEDSCAPE_POC|1
NON_TARGET|US_304528|US_304528|NUMEDIS_MDMINUTE|NUMEDIS_MDMINUTE|7
NON_TARGET|US_304528|US_304528|P2P|EDH_PROFLOW_EDMU|1
NON_TARGET|US_304528|US_304528|P2P|EDH_PROFLOW_RDMU|1
NON_TARGET|US_304528|US_304528|P2P|EPOCRATES_ALERT|1
NON_TARGET|US_304528|US_304528|P2P|MEDSCAPE_ALERT|1
NON_TARGET|US_304528|US_304528|P2P|MEDSCAPE_EMAIL|1
NON_TARGET|US_304528|US_304528|P2P|MEDSCAPE_POC|1
NON_TARGET|US_304528|US_304528|P2P|P2P|1
NON_TARGET|US_304528|US_304528|VEEVA_EMAIL|DOXIMITY_ALERT|1
NON_TARGET|US_304528|US_304528|VEEVA_EMAIL|DOXIMITY_DOCSPOT|1
NON_TARGET|US_304528|US_304528|VEEVA_EMAIL|EDH_PROFLOW_EDMU|1
NON_TARGET|US_304528|US_304528|VEEVA_EMAIL|EDH_PROFLOW_RDMU|1
NON_TARGET|US_304528|US_304528|VEEVA_EMAIL|HQ_EMAIL|7
NON_TARGET|US_304528|US_304528|VEEVA_EMAIL|MEDSCAPE_POC|1
NON_TARGET|US_304528|US_304528|VEEVA_EMAIL|VEEVA_EMAIL|7
OVERALL_C|RET|RET|LUNG_DOXIMITY_ALERT|OVERALL_DOXIMITY_ALERT|28
OVERALL_C|RET|RET|LUNG_DOXIMITY_ALERT|OVERALL_F2F_CALL|1
OVERALL_C|RET|RET|LUNG_DOXIMITY_ALERT|OVERALL_HQ_EMAIL|1
OVERALL_C|RET|RET|LUNG_DOXIMITY_ALERT|OVERALL_MEDSCAPE_ALERT|1
OVERALL_C|RET|RET|LUNG_DOXIMITY_ALERT|OVERALL_MEDSCAPE_BRANDSPOT|1
OVERALL_C|RET|RET|LUNG_DOXIMITY_ALERT|THYROID_HQ_EMAIL|1
OVERALL_C|RET|RET|LUNG_DOXIMITY_ALERT|THYROID_MEDSCAPE_BRANDSPOT|1
OVERALL_C|RET|RET|LUNG_DOXIMITY_ALERT|THYROID_MEDSCAPE_POC|1
OVERALL_C|RET|RET|LUNG_DOXIMITY_ALERT|THYROID_VEEVA_EMAIL|1
OVERALL_C|RET|RET|LUNG_F2F_CALL|LUNG_DOXIMITY_ALERT|1
OVERALL_C|RET|RET|LUNG_F2F_CALL|LUNG_MEDSCAPE_BRANDSPOT|1
OVERALL_C|RET|RET|LUNG_F2F_CALL|LUNG_MEDSCAPE_POC|1
OVERALL_C|RET|RET|LUNG_F2F_CALL|LUNG_VEEVA_EMAIL|14
OVERALL_C|RET|RET|LUNG_F2F_CALL|OVERALL_DOXIMITY_ALERT|1
OVERALL_C|RET|RET|LUNG_F2F_CALL|OVERALL_MEDSCAPE_BRANDSPOT|1
OVERALL_C|RET|RET|LUNG_F2F_CALL|OVERALL_P2P|1
OVERALL_C|RET|RET|LUNG_F2F_CALL|OVERALL_VEEVA_EMAIL|14
OVERALL_C|RET|RET|LUNG_F2F_CALL|THYROID_DOXIMITY_ALERT|1
OVERALL_C|RET|RET|LUNG_F2F_CALL|THYROID_MEDSCAPE_ALERT|1
OVERALL_C|RET|RET|LUNG_HQ_EMAIL|LUNG_DOXIMITY_ALERT|1
OVERALL_C|RET|RET|LUNG_HQ_EMAIL|LUNG_MEDSCAPE_ALERT|1
OVERALL_C|RET|RET|LUNG_HQ_EMAIL|LUNG_MEDSCAPE_BRANDSPOT|1
OVERALL_C|RET|RET|LUNG_HQ_EMAIL|LUNG_MEDSCAPE_EMAIL|1
OVERALL_C|RET|RET|LUNG_HQ_EMAIL|LUNG_VEEVA_EMAIL|1
OVERALL_C|RET|RET|LUNG_HQ_EMAIL|OVERALL_HQ_EMAIL|7
OVERALL_C|RET|RET|LUNG_HQ_EMAIL|OVERALL_MEDSCAPE_BRANDSPOT|1
OVERALL_C|RET|RET|LUNG_HQ_EMAIL|OVERALL_MEDSCAPE_EMAIL|1
OVERALL_C|RET|RET|LUNG_HQ_EMAIL|OVERALL_MEDSCAPE_POC|1
OVERALL_C|RET|RET|LUNG_HQ_EMAIL|THYROID_F2F_CALL|1
OVERALL_C|RET|RET|LUNG_HQ_EMAIL|THYROID_HQ_EMAIL|7
OVERALL_C|RET|RET|LUNG_HQ_EMAIL|THYROID_MEDSCAPE_ALERT|1
OVERALL_C|RET|RET|LUNG_HQ_EMAIL|THYROID_MEDSCAPE_POC|1
OVERALL_C|RET|RET|LUNG_HQ_EMAIL|THYROID_VEEVA_EMAIL|1
OVERALL_C|RET|RET|LUNG_MEDSCAPE_ALERT|LUNG_DOXIMITY_ALERT|1
OVERALL_C|RET|RET|LUNG_MEDSCAPE_ALERT|LUNG_F2F_CALL|1
OVERALL_C|RET|RET|LUNG_MEDSCAPE_ALERT|LUNG_MEDSCAPE_ALERT|28
OVERALL_C|RET|RET|LUNG_MEDSCAPE_ALERT|LUNG_MEDSCAPE_BRANDSPOT|14
OVERALL_C|RET|RET|LUNG_MEDSCAPE_ALERT|LUNG_MEDSCAPE_EMAIL|7
OVERALL_C|RET|RET|LUNG_MEDSCAPE_ALERT|LUNG_MEDSCAPE_POC|1
OVERALL_C|RET|RET|LUNG_MEDSCAPE_ALERT|OVERALL_DOXIMITY_ALERT|1
OVERALL_C|RET|RET|LUNG_MEDSCAPE_ALERT|OVERALL_HQ_EMAIL|1
OVERALL_C|RET|RET|LUNG_MEDSCAPE_ALERT|OVERALL_MEDSCAPE_ALERT|28
OVERALL_C|RET|RET|LUNG_MEDSCAPE_ALERT|OVERALL_MEDSCAPE_BRANDSPOT|14
OVERALL_C|RET|RET|LUNG_MEDSCAPE_ALERT|OVERALL_MEDSCAPE_EMAIL|7
OVERALL_C|RET|RET|LUNG_MEDSCAPE_ALERT|OVERALL_VEEVA_EMAIL|1
OVERALL_C|RET|RET|LUNG_MEDSCAPE_ALERT|THYROID_F2F_CALL|1
OVERALL_C|RET|RET|LUNG_MEDSCAPE_ALERT|THYROID_HQ_EMAIL|1
OVERALL_C|RET|RET|LUNG_MEDSCAPE_ALERT|THYROID_MEDSCAPE_ALERT|28
OVERALL_C|RET|RET|LUNG_MEDSCAPE_ALERT|THYROID_MEDSCAPE_BRANDSPOT|1
OVERALL_C|RET|RET|LUNG_MEDSCAPE_ALERT|THYROID_MEDSCAPE_EMAIL|7
OVERALL_C|RET|RET|LUNG_MEDSCAPE_ALERT|THYROID_VEEVA_EMAIL|1
OVERALL_C|RET|RET|LUNG_MEDSCAPE_BRANDSPOT|LUNG_MEDSCAPE_POC|14
OVERALL_C|RET|RET|LUNG_MEDSCAPE_BRANDSPOT|OVERALL_F2F_CALL|1
OVERALL_C|RET|RET|LUNG_MEDSCAPE_BRANDSPOT|OVERALL_MEDSCAPE_POC|14
OVERALL_C|RET|RET|LUNG_MEDSCAPE_BRANDSPOT|OVERALL_P2P|1
OVERALL_C|RET|RET|LUNG_MEDSCAPE_BRANDSPOT|OVERALL_VEEVA_EMAIL|1
OVERALL_C|RET|RET|LUNG_MEDSCAPE_BRANDSPOT|THYROID_DOXIMITY_ALERT|1
OVERALL_C|RET|RET|LUNG_MEDSCAPE_BRANDSPOT|THYROID_MEDSCAPE_BRANDSPOT|14
OVERALL_C|RET|RET|LUNG_MEDSCAPE_EMAIL|LUNG_DOXIMITY_ALERT|1
OVERALL_C|RET|RET|LUNG_MEDSCAPE_EMAIL|LUNG_F2F_CALL|1
OVERALL_C|RET|RET|LUNG_MEDSCAPE_EMAIL|LUNG_HQ_EMAIL|1
OVERALL_C|RET|RET|LUNG_MEDSCAPE_EMAIL|LUNG_MEDSCAPE_EMAIL|28
OVERALL_C|RET|RET|LUNG_MEDSCAPE_EMAIL|OVERALL_HQ_EMAIL|1
OVERALL_C|RET|RET|LUNG_MEDSCAPE_EMAIL|OVERALL_MEDSCAPE_BRANDSPOT|7
OVERALL_C|RET|RET|LUNG_MEDSCAPE_EMAIL|OVERALL_MEDSCAPE_EMAIL|28
OVERALL_C|RET|RET|LUNG_MEDSCAPE_EMAIL|OVERALL_P2P|1
OVERALL_C|RET|RET|LUNG_MEDSCAPE_EMAIL|THYROID_HQ_EMAIL|1
OVERALL_C|RET|RET|LUNG_MEDSCAPE_EMAIL|THYROID_MEDSCAPE_ALERT|7
OVERALL_C|RET|RET|LUNG_MEDSCAPE_EMAIL|THYROID_MEDSCAPE_BRANDSPOT|7
OVERALL_C|RET|RET|LUNG_MEDSCAPE_POC|LUNG_DOXIMITY_ALERT|1
OVERALL_C|RET|RET|LUNG_MEDSCAPE_POC|LUNG_F2F_CALL|1
OVERALL_C|RET|RET|LUNG_MEDSCAPE_POC|LUNG_MEDSCAPE_ALERT|14
OVERALL_C|RET|RET|LUNG_MEDSCAPE_POC|LUNG_MEDSCAPE_BRANDSPOT|14
OVERALL_C|RET|RET|LUNG_MEDSCAPE_POC|LUNG_MEDSCAPE_POC|14
OVERALL_C|RET|RET|LUNG_MEDSCAPE_POC|LUNG_VEEVA_EMAIL|1
OVERALL_C|RET|RET|LUNG_MEDSCAPE_POC|OVERALL_DOXIMITY_ALERT|1
OVERALL_C|RET|RET|LUNG_MEDSCAPE_POC|OVERALL_MEDSCAPE_ALERT|14
OVERALL_C|RET|RET|LUNG_MEDSCAPE_POC|OVERALL_MEDSCAPE_BRANDSPOT|14
OVERALL_C|RET|RET|LUNG_MEDSCAPE_POC|OVERALL_MEDSCAPE_POC|14
OVERALL_C|RET|RET|LUNG_MEDSCAPE_POC|OVERALL_P2P|1
OVERALL_C|RET|RET|LUNG_MEDSCAPE_POC|THYROID_MEDSCAPE_BRANDSPOT|14
OVERALL_C|RET|RET|THYROID_HQ_EMAIL|OVERALL_HQ_EMAIL|7
OVERALL_C|RET|RET|THYROID_HQ_EMAIL|OVERALL_MEDSCAPE_BRANDSPOT|1
OVERALL_C|RET|RET|THYROID_HQ_EMAIL|OVERALL_MEDSCAPE_EMAIL|1
OVERALL_C|RET|RET|THYROID_HQ_EMAIL|OVERALL_P2P|1
OVERALL_C|RET|RET|THYROID_HQ_EMAIL|OVERALL_VEEVA_EMAIL|1
OVERALL_C|RET|RET|THYROID_HQ_EMAIL|THYROID_DOXIMITY_ALERT|1
OVERALL_C|RET|RET|THYROID_HQ_EMAIL|THYROID_HQ_EMAIL|7
OVERALL_C|RET|RET|THYROID_HQ_EMAIL|THYROID_MEDSCAPE_BRANDSPOT|1
OVERALL_C|RET|RET|THYROID_HQ_EMAIL|THYROID_MEDSCAPE_POC|1
OVERALL_C|RET|RET|THYROID_MEDSCAPE_ALERT|LUNG_DOXIMITY_ALERT|1
OVERALL_C|RET|RET|THYROID_MEDSCAPE_ALERT|LUNG_MEDSCAPE_ALERT|28
OVERALL_C|RET|RET|THYROID_MEDSCAPE_ALERT|LUNG_MEDSCAPE_EMAIL|7
OVERALL_C|RET|RET|THYROID_MEDSCAPE_ALERT|LUNG_MEDSCAPE_POC|1
OVERALL_C|RET|RET|THYROID_MEDSCAPE_ALERT|LUNG_VEEVA_EMAIL|1
OVERALL_C|RET|RET|THYROID_MEDSCAPE_ALERT|OVERALL_MEDSCAPE_EMAIL|7
OVERALL_C|RET|RET|THYROID_MEDSCAPE_ALERT|OVERALL_MEDSCAPE_POC|14
OVERALL_C|RET|RET|THYROID_MEDSCAPE_ALERT|THYROID_MEDSCAPE_ALERT|28
OVERALL_C|RET|RET|THYROID_MEDSCAPE_ALERT|THYROID_MEDSCAPE_BRANDSPOT|14
OVERALL_C|RET|RET|THYROID_MEDSCAPE_ALERT|THYROID_MEDSCAPE_POC|14
OVERALL_C|RET|RET|THYROID_MEDSCAPE_BRANDSPOT|LUNG_DOXIMITY_ALERT|1
OVERALL_C|RET|RET|THYROID_MEDSCAPE_BRANDSPOT|LUNG_HQ_EMAIL|1
OVERALL_C|RET|RET|THYROID_MEDSCAPE_BRANDSPOT|LUNG_MEDSCAPE_ALERT|14
OVERALL_C|RET|RET|THYROID_MEDSCAPE_BRANDSPOT|LUNG_VEEVA_EMAIL|1
OVERALL_C|RET|RET|THYROID_MEDSCAPE_BRANDSPOT|OVERALL_DOXIMITY_ALERT|1
OVERALL_C|RET|RET|THYROID_MEDSCAPE_BRANDSPOT|OVERALL_F2F_CALL|1
OVERALL_C|RET|RET|THYROID_MEDSCAPE_BRANDSPOT|OVERALL_MEDSCAPE_BRANDSPOT|14
OVERALL_C|RET|RET|THYROID_MEDSCAPE_BRANDSPOT|OVERALL_MEDSCAPE_EMAIL|7
OVERALL_C|RET|RET|THYROID_MEDSCAPE_BRANDSPOT|OVERALL_MEDSCAPE_POC|14
OVERALL_C|RET|RET|THYROID_MEDSCAPE_BRANDSPOT|THYROID_MEDSCAPE_ALERT|14
OVERALL_C|RET|RET|THYROID_MEDSCAPE_BRANDSPOT|THYROID_MEDSCAPE_BRANDSPOT|14
OVERALL_C|RET|RET|THYROID_MEDSCAPE_EMAIL|LUNG_DOXIMITY_ALERT|1
OVERALL_C|RET|RET|THYROID_MEDSCAPE_EMAIL|LUNG_HQ_EMAIL|1
OVERALL_C|RET|RET|THYROID_MEDSCAPE_EMAIL|LUNG_MEDSCAPE_BRANDSPOT|7
OVERALL_C|RET|RET|THYROID_MEDSCAPE_EMAIL|OVERALL_DOXIMITY_ALERT|1
OVERALL_C|RET|RET|THYROID_MEDSCAPE_EMAIL|OVERALL_F2F_CALL|1
OVERALL_C|RET|RET|THYROID_MEDSCAPE_EMAIL|OVERALL_HQ_EMAIL|1
OVERALL_C|RET|RET|THYROID_MEDSCAPE_EMAIL|OVERALL_MEDSCAPE_BRANDSPOT|7
OVERALL_C|RET|RET|THYROID_MEDSCAPE_EMAIL|OVERALL_P2P|1
OVERALL_C|RET|RET|THYROID_MEDSCAPE_EMAIL|THYROID_DOXIMITY_ALERT|1
OVERALL_C|RET|RET|THYROID_MEDSCAPE_EMAIL|THYROID_MEDSCAPE_ALERT|7
OVERALL_C|RET|RET|THYROID_MEDSCAPE_EMAIL|THYROID_MEDSCAPE_BRANDSPOT|7
OVERALL_C|RET|RET|THYROID_MEDSCAPE_EMAIL|THYROID_MEDSCAPE_EMAIL|28
OVERALL_C|RET|RET|THYROID_MEDSCAPE_EMAIL|THYROID_VEEVA_EMAIL|1
OVERALL_C|RET|RET|THYROID_MEDSCAPE_POC|LUNG_DOXIMITY_ALERT|1
OVERALL_C|RET|RET|THYROID_MEDSCAPE_POC|LUNG_HQ_EMAIL|1
OVERALL_C|RET|RET|THYROID_MEDSCAPE_POC|LUNG_MEDSCAPE_ALERT|14
OVERALL_C|RET|RET|THYROID_MEDSCAPE_POC|LUNG_MEDSCAPE_EMAIL|7
OVERALL_C|RET|RET|THYROID_MEDSCAPE_POC|LUNG_MEDSCAPE_POC|14
OVERALL_C|RET|RET|THYROID_MEDSCAPE_POC|OVERALL_MEDSCAPE_ALERT|14
OVERALL_C|RET|RET|THYROID_MEDSCAPE_POC|OVERALL_P2P|1
OVERALL_C|RET|RET|THYROID_MEDSCAPE_POC|OVERALL_VEEVA_EMAIL|1
OVERALL_C|RET|RET|THYROID_MEDSCAPE_POC|THYROID_MEDSCAPE_BRANDSPOT|14
OVERALL_C|RET|RET|THYROID_MEDSCAPE_POC|THYROID_MEDSCAPE_EMAIL|7
OVERALL_C|RET|RET|THYROID_MEDSCAPE_POC|THYROID_MEDSCAPE_POC|14
OVERALL_C|RET|RET|THYROID_VEEVA_EMAIL|LUNG_F2F_CALL|14
OVERALL_C|RET|RET|THYROID_VEEVA_EMAIL|LUNG_MEDSCAPE_POC|1
OVERALL_C|RET|RET|THYROID_VEEVA_EMAIL|LUNG_VEEVA_EMAIL|14
OVERALL_C|RET|RET|THYROID_VEEVA_EMAIL|OVERALL_F2F_CALL|14
OVERALL_C|RET|RET|THYROID_VEEVA_EMAIL|OVERALL_HQ_EMAIL|1
OVERALL_C|RET|RET|THYROID_VEEVA_EMAIL|OVERALL_MEDSCAPE_ALERT|1
OVERALL_C|RET|RET|THYROID_VEEVA_EMAIL|OVERALL_MEDSCAPE_EMAIL|1
OVERALL_C|RET|RET|THYROID_VEEVA_EMAIL|OVERALL_MEDSCAPE_POC|1
OVERALL_C|RET|RET|THYROID_VEEVA_EMAIL|THYROID_HQ_EMAIL|1
OVERALL_C|RET|RET|THYROID_VEEVA_EMAIL|THYROID_MEDSCAPE_POC|1
OVERALL_C|RET|RET|THYROID_VEEVA_EMAIL|THYROID_VEEVA_EMAIL|14
OVERALL_H|RET|RET|LUNG_DOXIMITY_ALERT|LUNG_MEDSCAPE_ALERT|1
OVERALL_H|RET|RET|LUNG_DOXIMITY_ALERT|LUNG_MEDSCAPE_EMAIL|1
OVERALL_H|RET|RET|LUNG_DOXIMITY_ALERT|OVERALL_F2F_CALL|1
OVERALL_H|RET|RET|LUNG_DOXIMITY_ALERT|OVERALL_MEDSCAPE_ALERT|1
OVERALL_H|RET|RET|LUNG_DOXIMITY_ALERT|OVERALL_MEDSCAPE_BRANDSPOT|1
OVERALL_H|RET|RET|LUNG_DOXIMITY_ALERT|OVERALL_P2P|1
OVERALL_H|RET|RET|LUNG_DOXIMITY_ALERT|OVERALL_VEEVA_EMAIL|1
OVERALL_H|RET|RET|LUNG_DOXIMITY_ALERT|THYROID_DOXIMITY_ALERT|28
OVERALL_H|RET|RET|THYROID_MEDSCAPE_ALERT|LUNG_HQ_EMAIL|1
OVERALL_H|RET|RET|THYROID_MEDSCAPE_ALERT|LUNG_MEDSCAPE_BRANDSPOT|14
OVERALL_H|RET|RET|THYROID_MEDSCAPE_ALERT|LUNG_MEDSCAPE_EMAIL|7
OVERALL_H|RET|RET|THYROID_MEDSCAPE_ALERT|LUNG_VEEVA_EMAIL|1
OVERALL_H|RET|RET|THYROID_MEDSCAPE_ALERT|OVERALL_DOXIMITY_ALERT|1
OVERALL_H|RET|RET|THYROID_MEDSCAPE_ALERT|OVERALL_HQ_EMAIL|1
OVERALL_H|RET|RET|THYROID_MEDSCAPE_ALERT|OVERALL_MEDSCAPE_ALERT|28
OVERALL_H|RET|RET|THYROID_MEDSCAPE_ALERT|OVERALL_MEDSCAPE_POC|14
OVERALL_H|RET|RET|THYROID_MEDSCAPE_ALERT|OVERALL_P2P|1
OVERALL_H|RET|RET|THYROID_MEDSCAPE_ALERT|THYROID_F2F_CALL|1
OVERALL_H|RET|RET|THYROID_MEDSCAPE_ALERT|THYROID_HQ_EMAIL|1
OVERALL_H|RET|RET|THYROID_MEDSCAPE_ALERT|THYROID_MEDSCAPE_ALERT|28
OVERALL_H|RET|RET|THYROID_MEDSCAPE_ALERT|THYROID_MEDSCAPE_BRANDSPOT|14
OVERALL_H|RET|RET|THYROID_MEDSCAPE_ALERT|THYROID_MEDSCAPE_EMAIL|7
OVERALL_H|RET|RET|THYROID_MEDSCAPE_ALERT|THYROID_MEDSCAPE_POC|14
OVERALL_H|RET|RET|THYROID_MEDSCAPE_ALERT|THYROID_VEEVA_EMAIL|1
OVERALL_H|RET|RET|THYROID_MEDSCAPE_BRANDSPOT|LUNG_DOXIMITY_ALERT|1
OVERALL_H|RET|RET|THYROID_MEDSCAPE_BRANDSPOT|LUNG_F2F_CALL|1
OVERALL_H|RET|RET|THYROID_MEDSCAPE_BRANDSPOT|LUNG_MEDSCAPE_ALERT|14
OVERALL_H|RET|RET|THYROID_MEDSCAPE_BRANDSPOT|LUNG_MEDSCAPE_BRANDSPOT|14
OVERALL_H|RET|RET|THYROID_MEDSCAPE_BRANDSPOT|LUNG_VEEVA_EMAIL|1
OVERALL_H|RET|RET|THYROID_MEDSCAPE_BRANDSPOT|OVERALL_F2F_CALL|1
OVERALL_H|RET|RET|THYROID_MEDSCAPE_BRANDSPOT|OVERALL_MEDSCAPE_POC|14
OVERALL_H|RET|RET|THYROID_MEDSCAPE_BRANDSPOT|OVERALL_P2P|1
OVERALL_H|RET|RET|THYROID_MEDSCAPE_BRANDSPOT|OVERALL_VEEVA_EMAIL|1
OVERALL_H|RET|RET|THYROID_MEDSCAPE_BRANDSPOT|THYROID_F2F_CALL|1
OVERALL_H|RET|RET|THYROID_MEDSCAPE_BRANDSPOT|THYROID_HQ_EMAIL|1
OVERALL_H|RET|RET|THYROID_MEDSCAPE_BRANDSPOT|THYROID_MEDSCAPE_ALERT|14
OVERALL_H|RET|RET|THYROID_MEDSCAPE_BRANDSPOT|THYROID_VEEVA_EMAIL|1
OVERALL_H|RET|RET|THYROID_MEDSCAPE_EMAIL|LUNG_F2F_CALL|1
OVERALL_H|RET|RET|THYROID_MEDSCAPE_EMAIL|LUNG_HQ_EMAIL|1
OVERALL_H|RET|RET|THYROID_MEDSCAPE_EMAIL|LUNG_MEDSCAPE_ALERT|7
OVERALL_H|RET|RET|THYROID_MEDSCAPE_EMAIL|LUNG_VEEVA_EMAIL|1
OVERALL_H|RET|RET|THYROID_MEDSCAPE_EMAIL|OVERALL_DOXIMITY_ALERT|1
OVERALL_H|RET|RET|THYROID_MEDSCAPE_EMAIL|OVERALL_F2F_CALL|1
OVERALL_H|RET|RET|THYROID_MEDSCAPE_EMAIL|OVERALL_HQ_EMAIL|1
OVERALL_H|RET|RET|THYROID_MEDSCAPE_EMAIL|OVERALL_MEDSCAPE_BRANDSPOT|7
OVERALL_H|RET|RET|THYROID_MEDSCAPE_EMAIL|OVERALL_MEDSCAPE_EMAIL|28
OVERALL_H|RET|RET|THYROID_MEDSCAPE_EMAIL|OVERALL_VEEVA_EMAIL|1
OVERALL_H|RET|RET|THYROID_MEDSCAPE_EMAIL|THYROID_DOXIMITY_ALERT|1
OVERALL_H|RET|RET|THYROID_MEDSCAPE_EMAIL|THYROID_F2F_CALL|1
OVERALL_H|RET|RET|THYROID_MEDSCAPE_EMAIL|THYROID_MEDSCAPE_ALERT|7
OVERALL_H|RET|RET|THYROID_MEDSCAPE_EMAIL|THYROID_VEEVA_EMAIL|1
OVERALL_H|RET|RET|THYROID_MEDSCAPE_POC|LUNG_F2F_CALL|1
OVERALL_H|RET|RET|THYROID_MEDSCAPE_POC|LUNG_MEDSCAPE_ALERT|14
OVERALL_H|RET|RET|THYROID_MEDSCAPE_POC|LUNG_MEDSCAPE_BRANDSPOT|14
OVERALL_H|RET|RET|THYROID_MEDSCAPE_POC|LUNG_VEEVA_EMAIL|1
OVERALL_H|RET|RET|THYROID_MEDSCAPE_POC|OVERALL_F2F_CALL|1
OVERALL_H|RET|RET|THYROID_MEDSCAPE_POC|OVERALL_HQ_EMAIL|1
OVERALL_H|RET|RET|THYROID_MEDSCAPE_POC|OVERALL_P2P|1
OVERALL_H|RET|RET|THYROID_MEDSCAPE_POC|OVERALL_VEEVA_EMAIL|1
OVERALL_H|RET|RET|THYROID_MEDSCAPE_POC|THYROID_DOXIMITY_ALERT|1
OVERALL_H|RET|RET|THYROID_MEDSCAPE_POC|THYROID_HQ_EMAIL|1
OVERALL_H|RET|RET|THYROID_MEDSCAPE_POC|THYROID_MEDSCAPE_ALERT|14
OVERALL_H|RET|RET|THYROID_MEDSCAPE_POC|THYROID_MEDSCAPE_BRANDSPOT|14
OVERALL_H|RET|RET|THYROID_MEDSCAPE_POC|THYROID_MEDSCAPE_EMAIL|7
OVERALL_H|RET|RET|THYROID_MEDSCAPE_POC|THYROID_MEDSCAPE_POC|14
OVERALL_H|RET|RET|THYROID_MEDSCAPE_POC|THYROID_VEEVA_EMAIL|1
OVERALL_H|RET|RET|THYROID_VEEVA_EMAIL|LUNG_DOXIMITY_ALERT|1
OVERALL_H|RET|RET|THYROID_VEEVA_EMAIL|LUNG_F2F_CALL|14
OVERALL_H|RET|RET|THYROID_VEEVA_EMAIL|LUNG_MEDSCAPE_EMAIL|1
OVERALL_H|RET|RET|THYROID_VEEVA_EMAIL|LUNG_MEDSCAPE_POC|1
OVERALL_H|RET|RET|THYROID_VEEVA_EMAIL|LUNG_VEEVA_EMAIL|14
OVERALL_H|RET|RET|THYROID_VEEVA_EMAIL|OVERALL_DOXIMITY_ALERT|1
OVERALL_H|RET|RET|THYROID_VEEVA_EMAIL|OVERALL_F2F_CALL|14
OVERALL_H|RET|RET|THYROID_VEEVA_EMAIL|OVERALL_HQ_EMAIL|1
OVERALL_H|RET|RET|THYROID_VEEVA_EMAIL|OVERALL_MEDSCAPE_ALERT|1
OVERALL_H|RET|RET|THYROID_VEEVA_EMAIL|OVERALL_MEDSCAPE_POC|1
OVERALL_H|RET|RET|THYROID_VEEVA_EMAIL|OVERALL_VEEVA_EMAIL|14
OVERALL_H|RET|RET|THYROID_VEEVA_EMAIL|THYROID_DOXIMITY_ALERT|1
OVERALL_H|RET|RET|THYROID_VEEVA_EMAIL|THYROID_MEDSCAPE_BRANDSPOT|1
OVERALL_H|RET|RET|THYROID_VEEVA_EMAIL|THYROID_MEDSCAPE_EMAIL|1
THYROID_C|RET|RET|LUNG_MEDSCAPE_EMAIL|OVERALL_DOXIMITY_ALERT|1
THYROID_C|RET|RET|LUNG_MEDSCAPE_EMAIL|OVERALL_F2F_CALL|1
THYROID_C|RET|RET|LUNG_MEDSCAPE_EMAIL|OVERALL_HQ_EMAIL|1
THYROID_C|RET|RET|LUNG_MEDSCAPE_EMAIL|OVERALL_MEDSCAPE_POC|7
THYROID_C|RET|RET|LUNG_MEDSCAPE_EMAIL|OVERALL_VEEVA_EMAIL|1
THYROID_C|RET|RET|LUNG_MEDSCAPE_EMAIL|THYROID_DOXIMITY_ALERT|1
THYROID_C|RET|RET|LUNG_MEDSCAPE_EMAIL|THYROID_F2F_CALL|1
THYROID_C|RET|RET|LUNG_MEDSCAPE_EMAIL|THYROID_HQ_EMAIL|1
THYROID_C|RET|RET|LUNG_MEDSCAPE_EMAIL|THYROID_MEDSCAPE_ALERT|7
THYROID_C|RET|RET|LUNG_MEDSCAPE_EMAIL|THYROID_MEDSCAPE_EMAIL|28
THYROID_C|RET|RET|LUNG_MEDSCAPE_EMAIL|THYROID_MEDSCAPE_POC|7
THYROID_C|RET|RET|LUNG_MEDSCAPE_EMAIL|THYROID_VEEVA_EMAIL|1
THYROID_C|RET|RET|LUNG_MEDSCAPE_POC|LUNG_DOXIMITY_ALERT|1
THYROID_C|RET|RET|LUNG_MEDSCAPE_POC|LUNG_MEDSCAPE_BRANDSPOT|14
THYROID_C|RET|RET|LUNG_MEDSCAPE_POC|LUNG_MEDSCAPE_EMAIL|7
THYROID_C|RET|RET|LUNG_MEDSCAPE_POC|OVERALL_HQ_EMAIL|1
THYROID_C|RET|RET|LUNG_MEDSCAPE_POC|OVERALL_MEDSCAPE_ALERT|14
THYROID_C|RET|RET|LUNG_MEDSCAPE_POC|OVERALL_MEDSCAPE_BRANDSPOT|14
THYROID_C|RET|RET|LUNG_MEDSCAPE_POC|OVERALL_MEDSCAPE_EMAIL|7
THYROID_C|RET|RET|LUNG_MEDSCAPE_POC|OVERALL_MEDSCAPE_POC|14
THYROID_C|RET|RET|LUNG_MEDSCAPE_POC|OVERALL_P2P|1
THYROID_C|RET|RET|LUNG_MEDSCAPE_POC|THYROID_DOXIMITY_ALERT|1
THYROID_C|RET|RET|LUNG_MEDSCAPE_POC|THYROID_MEDSCAPE_EMAIL|7
THYROID_C|RET|RET|LUNG_MEDSCAPE_POC|THYROID_MEDSCAPE_POC|14
THYROID_C|RET|RET|LUNG_MEDSCAPE_POC|THYROID_VEEVA_EMAIL|1
THYROID_C|RET|RET|LUNG_VEEVA_EMAIL|LUNG_F2F_CALL|14
THYROID_C|RET|RET|LUNG_VEEVA_EMAIL|LUNG_HQ_EMAIL|1
THYROID_C|RET|RET|LUNG_VEEVA_EMAIL|LUNG_MEDSCAPE_ALERT|1
THYROID_C|RET|RET|LUNG_VEEVA_EMAIL|LUNG_MEDSCAPE_EMAIL|1
THYROID_C|RET|RET|LUNG_VEEVA_EMAIL|LUNG_VEEVA_EMAIL|14
THYROID_C|RET|RET|LUNG_VEEVA_EMAIL|OVERALL_DOXIMITY_ALERT|1
THYROID_C|RET|RET|LUNG_VEEVA_EMAIL|OVERALL_F2F_CALL|14
THYROID_C|RET|RET|LUNG_VEEVA_EMAIL|OVERALL_MEDSCAPE_ALERT|1
THYROID_C|RET|RET|LUNG_VEEVA_EMAIL|THYROID_DOXIMITY_ALERT|1
THYROID_C|RET|RET|LUNG_VEEVA_EMAIL|THYROID_HQ_EMAIL|1
THYROID_C|RET|RET|LUNG_VEEVA_EMAIL|THYROID_MEDSCAPE_ALERT|1
THYROID_C|RET|RET|LUNG_VEEVA_EMAIL|THYROID_VEEVA_EMAIL|14
THYROID_C|RET|RET|OVERALL_DOXIMITY_ALERT|LUNG_DOXIMITY_ALERT|28
THYROID_C|RET|RET|OVERALL_DOXIMITY_ALERT|LUNG_F2F_CALL|1
THYROID_C|RET|RET|OVERALL_DOXIMITY_ALERT|LUNG_MEDSCAPE_ALERT|1
THYROID_C|RET|RET|OVERALL_DOXIMITY_ALERT|LUNG_MEDSCAPE_BRANDSPOT|1
THYROID_C|RET|RET|OVERALL_DOXIMITY_ALERT|LUNG_MEDSCAPE_POC|1
THYROID_C|RET|RET|OVERALL_DOXIMITY_ALERT|OVERALL_F2F_CALL|1
THYROID_C|RET|RET|OVERALL_DOXIMITY_ALERT|OVERALL_HQ_EMAIL|1
THYROID_C|RET|RET|OVERALL_DOXIMITY_ALERT|OVERALL_MEDSCAPE_ALERT|1
THYROID_C|RET|RET|OVERALL_DOXIMITY_ALERT|OVERALL_MEDSCAPE_EMAIL|1
THYROID_C|RET|RET|OVERALL_DOXIMITY_ALERT|OVERALL_MEDSCAPE_POC|1
THYROID_C|RET|RET|OVERALL_DOXIMITY_ALERT|THYROID_DOXIMITY_ALERT|28
THYROID_C|RET|RET|OVERALL_DOXIMITY_ALERT|THYROID_HQ_EMAIL|1
THYROID_C|RET|RET|OVERALL_DOXIMITY_ALERT|THYROID_VEEVA_EMAIL|1
THYROID_C|RET|RET|OVERALL_F2F_CALL|LUNG_F2F_CALL|21
THYROID_C|RET|RET|OVERALL_F2F_CALL|LUNG_MEDSCAPE_BRANDSPOT|1
THYROID_C|RET|RET|OVERALL_F2F_CALL|LUNG_MEDSCAPE_EMAIL|1
THYROID_C|RET|RET|OVERALL_F2F_CALL|LUNG_VEEVA_EMAIL|14
THYROID_C|RET|RET|OVERALL_F2F_CALL|OVERALL_DOXIMITY_ALERT|1
THYROID_C|RET|RET|OVERALL_F2F_CALL|OVERALL_F2F_CALL|21
THYROID_C|RET|RET|OVERALL_F2F_CALL|OVERALL_MEDSCAPE_ALERT|1
THYROID_C|RET|RET|OVERALL_F2F_CALL|OVERALL_MEDSCAPE_EMAIL|1
THYROID_C|RET|RET|OVERALL_F2F_CALL|OVERALL_MEDSCAPE_POC|1
THYROID_C|RET|RET|OVERALL_F2F_CALL|OVERALL_P2P|1
THYROID_C|RET|RET|OVERALL_F2F_CALL|THYROID_HQ_EMAIL|1
THYROID_C|RET|RET|OVERALL_F2F_CALL|THYROID_MEDSCAPE_ALERT|1
THYROID_C|RET|RET|OVERALL_F2F_CALL|THYROID_VEEVA_EMAIL|14
THYROID_C|RET|RET|OVERALL_HQ_EMAIL|LUNG_DOXIMITY_ALERT|1
THYROID_C|RET|RET|OVERALL_HQ_EMAIL|LUNG_HQ_EMAIL|7
THYROID_C|RET|RET|OVERALL_HQ_EMAIL|LUNG_MEDSCAPE_POC|1
THYROID_C|RET|RET|OVERALL_HQ_EMAIL|LUNG_VEEVA_EMAIL|1
THYROID_C|RET|RET|OVERALL_HQ_EMAIL|OVERALL_HQ_EMAIL|7
THYROID_C|RET|RET|OVERALL_HQ_EMAIL|OVERALL_MEDSCAPE_ALERT|1
THYROID_C|RET|RET|OVERALL_HQ_EMAIL|OVERALL_MEDSCAPE_BRANDSPOT|1
THYROID_C|RET|RET|OVERALL_HQ_EMAIL|OVERALL_MEDSCAPE_EMAIL|1
THYROID_C|RET|RET|OVERALL_HQ_EMAIL|OVERALL_P2P|1
THYROID_C|RET|RET|OVERALL_HQ_EMAIL|THYROID_HQ_EMAIL|7
THYROID_C|RET|RET|OVERALL_HQ_EMAIL|THYROID_MEDSCAPE_ALERT|1
THYROID_C|RET|RET|OVERALL_HQ_EMAIL|THYROID_VEEVA_EMAIL|1
THYROID_C|RET|RET|OVERALL_MEDSCAPE_ALERT|LUNG_F2F_CALL|1
THYROID_C|RET|RET|OVERALL_MEDSCAPE_ALERT|LUNG_HQ_EMAIL|1
THYROID_H|RET|RET|THYROID_MEDSCAPE_ALERT|OVERALL_P2P|1
THYROID_H|RET|RET|THYROID_MEDSCAPE_ALERT|OVERALL_VEEVA_EMAIL|1
THYROID_H|RET|RET|THYROID_MEDSCAPE_ALERT|THYROID_MEDSCAPE_ALERT|28
THYROID_H|RET|RET|THYROID_MEDSCAPE_ALERT|THYROID_MEDSCAPE_BRANDSPOT|14
THYROID_H|RET|RET|THYROID_MEDSCAPE_ALERT|THYROID_MEDSCAPE_EMAIL|7
THYROID_H|RET|RET|THYROID_MEDSCAPE_ALERT|THYROID_MEDSCAPE_POC|14
THYROID_H|RET|RET|THYROID_MEDSCAPE_BRANDSPOT|LUNG_DOXIMITY_ALERT|1
THYROID_H|RET|RET|THYROID_MEDSCAPE_BRANDSPOT|LUNG_F2F_CALL|1
THYROID_H|RET|RET|THYROID_MEDSCAPE_BRANDSPOT|LUNG_HQ_EMAIL|1
THYROID_H|RET|RET|THYROID_MEDSCAPE_BRANDSPOT|LUNG_MEDSCAPE_ALERT|14
THYROID_H|RET|RET|THYROID_MEDSCAPE_BRANDSPOT|LUNG_MEDSCAPE_EMAIL|7
THYROID_H|RET|RET|THYROID_MEDSCAPE_BRANDSPOT|LUNG_VEEVA_EMAIL|1
THYROID_H|RET|RET|THYROID_MEDSCAPE_BRANDSPOT|OVERALL_DOXIMITY_ALERT|1
THYROID_H|RET|RET|THYROID_MEDSCAPE_BRANDSPOT|OVERALL_HQ_EMAIL|1
THYROID_H|RET|RET|THYROID_MEDSCAPE_BRANDSPOT|OVERALL_MEDSCAPE_BRANDSPOT|14
THYROID_H|RET|RET|THYROID_MEDSCAPE_BRANDSPOT|OVERALL_MEDSCAPE_EMAIL|7
THYROID_H|RET|RET|THYROID_MEDSCAPE_BRANDSPOT|THYROID_F2F_CALL|1
THYROID_H|RET|RET|THYROID_MEDSCAPE_BRANDSPOT|THYROID_HQ_EMAIL|1
THYROID_H|RET|RET|THYROID_MEDSCAPE_BRANDSPOT|THYROID_MEDSCAPE_ALERT|14
THYROID_H|RET|RET|THYROID_MEDSCAPE_BRANDSPOT|THYROID_MEDSCAPE_BRANDSPOT|14
THYROID_H|RET|RET|THYROID_MEDSCAPE_EMAIL|LUNG_DOXIMITY_ALERT|1
THYROID_H|RET|RET|THYROID_MEDSCAPE_EMAIL|LUNG_HQ_EMAIL|1
THYROID_H|RET|RET|THYROID_MEDSCAPE_EMAIL|LUNG_MEDSCAPE_ALERT|7
THYROID_H|RET|RET|THYROID_MEDSCAPE_EMAIL|LUNG_MEDSCAPE_BRANDSPOT|7
THYROID_H|RET|RET|THYROID_MEDSCAPE_EMAIL|LUNG_VEEVA_EMAIL|1
THYROID_H|RET|RET|THYROID_MEDSCAPE_EMAIL|OVERALL_F2F_CALL|1
THYROID_H|RET|RET|THYROID_MEDSCAPE_EMAIL|OVERALL_HQ_EMAIL|1
THYROID_H|RET|RET|THYROID_MEDSCAPE_EMAIL|OVERALL_VEEVA_EMAIL|1
THYROID_H|RET|RET|THYROID_MEDSCAPE_EMAIL|THYROID_DOXIMITY_ALERT|1
THYROID_H|RET|RET|THYROID_MEDSCAPE_EMAIL|THYROID_F2F_CALL|1
THYROID_H|RET|RET|THYROID_MEDSCAPE_EMAIL|THYROID_HQ_EMAIL|1
THYROID_H|RET|RET|THYROID_MEDSCAPE_EMAIL|THYROID_MEDSCAPE_EMAIL|28
THYROID_H|RET|RET|THYROID_MEDSCAPE_EMAIL|THYROID_MEDSCAPE_POC|7
THYROID_H|RET|RET|THYROID_MEDSCAPE_POC|LUNG_F2F_CALL|1
THYROID_H|RET|RET|THYROID_MEDSCAPE_POC|LUNG_MEDSCAPE_BRANDSPOT|14
THYROID_H|RET|RET|THYROID_MEDSCAPE_POC|LUNG_MEDSCAPE_EMAIL|7
THYROID_H|RET|RET|THYROID_MEDSCAPE_POC|OVERALL_HQ_EMAIL|1
THYROID_H|RET|RET|THYROID_MEDSCAPE_POC|OVERALL_MEDSCAPE_ALERT|14
THYROID_H|RET|RET|THYROID_MEDSCAPE_POC|OVERALL_MEDSCAPE_EMAIL|7
THYROID_H|RET|RET|THYROID_MEDSCAPE_POC|OVERALL_MEDSCAPE_POC|14
THYROID_H|RET|RET|THYROID_MEDSCAPE_POC|OVERALL_VEEVA_EMAIL|1
THYROID_H|RET|RET|THYROID_MEDSCAPE_POC|THYROID_MEDSCAPE_ALERT|14
THYROID_H|RET|RET|THYROID_MEDSCAPE_POC|THYROID_MEDSCAPE_POC|14
THYROID_H|RET|RET|THYROID_VEEVA_EMAIL|LUNG_F2F_CALL|14
THYROID_H|RET|RET|THYROID_VEEVA_EMAIL|LUNG_MEDSCAPE_POC|1
THYROID_H|RET|RET|THYROID_VEEVA_EMAIL|OVERALL_DOXIMITY_ALERT|1
THYROID_H|RET|RET|THYROID_VEEVA_EMAIL|OVERALL_HQ_EMAIL|1
THYROID_H|RET|RET|THYROID_VEEVA_EMAIL|OVERALL_MEDSCAPE_BRANDSPOT|1
THYROID_H|RET|RET|THYROID_VEEVA_EMAIL|OVERALL_MEDSCAPE_POC|1
THYROID_H|RET|RET|THYROID_VEEVA_EMAIL|OVERALL_VEEVA_EMAIL|14
THYROID_H|RET|RET|THYROID_VEEVA_EMAIL|THYROID_DOXIMITY_ALERT|1
THYROID_H|RET|RET|THYROID_VEEVA_EMAIL|THYROID_HQ_EMAIL|1
THYROID_H|RET|RET|THYROID_VEEVA_EMAIL|THYROID_MEDSCAPE_BRANDSPOT|1
THYROID_H|RET|RET|THYROID_VEEVA_EMAIL|THYROID_MEDSCAPE_EMAIL|1
THYROID_L|RET|RET|LUNG_DOXIMITY_ALERT|LUNG_DOXIMITY_ALERT|28
THYROID_L|RET|RET|LUNG_DOXIMITY_ALERT|LUNG_F2F_CALL|1
THYROID_L|RET|RET|LUNG_DOXIMITY_ALERT|LUNG_HQ_EMAIL|1
THYROID_L|RET|RET|LUNG_DOXIMITY_ALERT|LUNG_MEDSCAPE_ALERT|1
THYROID_L|RET|RET|LUNG_DOXIMITY_ALERT|LUNG_MEDSCAPE_BRANDSPOT|1
THYROID_L|RET|RET|LUNG_DOXIMITY_ALERT|LUNG_MEDSCAPE_EMAIL|1
THYROID_L|RET|RET|LUNG_DOXIMITY_ALERT|LUNG_MEDSCAPE_POC|1
THYROID_L|RET|RET|LUNG_DOXIMITY_ALERT|OVERALL_DOXIMITY_ALERT|28
THYROID_L|RET|RET|LUNG_DOXIMITY_ALERT|OVERALL_F2F_CALL|1
THYROID_L|RET|RET|LUNG_DOXIMITY_ALERT|OVERALL_MEDSCAPE_BRANDSPOT|1
THYROID_L|RET|RET|LUNG_DOXIMITY_ALERT|OVERALL_MEDSCAPE_EMAIL|1
THYROID_L|RET|RET|LUNG_DOXIMITY_ALERT|OVERALL_MEDSCAPE_POC|1
THYROID_L|RET|RET|LUNG_DOXIMITY_ALERT|OVERALL_P2P|1
THYROID_L|RET|RET|LUNG_DOXIMITY_ALERT|OVERALL_VEEVA_EMAIL|1
THYROID_L|RET|RET|LUNG_DOXIMITY_ALERT|THYROID_DOXIMITY_ALERT|28
THYROID_L|RET|RET|LUNG_DOXIMITY_ALERT|THYROID_F2F_CALL|1
THYROID_L|RET|RET|LUNG_DOXIMITY_ALERT|THYROID_MEDSCAPE_BRANDSPOT|1
THYROID_L|RET|RET|LUNG_DOXIMITY_ALERT|THYROID_MEDSCAPE_EMAIL|1
CRITICAL|TRU|TRU|DOXIMITY_ALERT|DOXIMITY_ALERT|14
CRITICAL|TRU|TRU|DOXIMITY_DOCSPOT|DOXIMITY_DOCSPOT|14
CRITICAL|TRU|TRU|F2F_CALL|F2F_CALL|7
CRITICAL|TRU|TRU|HQ_EMAIL|HQ_EMAIL|7
CRITICAL|TRU|TRU|MEDSCAPE_ALERT|MEDSCAPE_ALERT|28
CRITICAL|US_304486|US_304486|F2F_CALL|HQ_EMAIL|1
CRITICAL|US_304486|US_304486|F2F_CALL|MEDSCAPE_EMAIL|1
CRITICAL|US_304486|US_304486|F2F_CALL|MEDSCAPE_POC|1
CRITICAL|US_304486|US_304486|HQ_EMAIL|HQ_EMAIL|7
CRITICAL|US_304486|US_304486|HQ_EMAIL|MEDSCAPE_BRANDSPOT|1
CRITICAL|US_304486|US_304486|MEDSCAPE_ALERT|HQ_EMAIL|1
CRITICAL|US_304486|US_304486|MEDSCAPE_BRANDSPOT|F2F_CALL|1
CRITICAL|US_304486|US_304486|MEDSCAPE_BRANDSPOT|MEDSCAPE_ALERT|1
CRITICAL|US_304486|US_304486|MEDSCAPE_BRANDSPOT|MEDSCAPE_BRANDSPOT|14
CRITICAL|US_304486|US_304486|MEDSCAPE_BRANDSPOT|MEDSCAPE_EMAIL|1
CRITICAL|US_304486|US_304486|MEDSCAPE_BRANDSPOT|MEDSCAPE_POC|1
CRITICAL|US_304486|US_304486|MEDSCAPE_EMAIL|F2F_CALL|1
CRITICAL|US_304486|US_304486|MEDSCAPE_EMAIL|HQ_EMAIL|1
CRITICAL|US_304486|US_304486|MEDSCAPE_EMAIL|MEDSCAPE_EMAIL|14
CRITICAL|US_304486|US_304486|MEDSCAPE_EMAIL|MEDSCAPE_POC|1
CRITICAL|US_304486|US_304486|MEDSCAPE_EMAIL|VEEVA_EMAIL|1
CRITICAL|US_304486|US_304486|MEDSCAPE_POC|F2F_CALL|1
CRITICAL|US_304486|US_304486|MEDSCAPE_POC|HQ_EMAIL|1
CRITICAL|US_304486|US_304486|MEDSCAPE_POC|MEDSCAPE_BRANDSPOT|1
CRITICAL|US_304486|US_304486|MEDSCAPE_POC|VEEVA_EMAIL|1
CRITICAL|US_304486|US_304486|P2P|HQ_EMAIL|1
CRITICAL|US_304486|US_304486|P2P|MEDSCAPE_POC|1
CRITICAL|US_304486|US_304486|P2P|VEEVA_EMAIL|7
CRITICAL|US_304486|US_304486|VEEVA_EMAIL|F2F_CALL|1
CRITICAL|US_304486|US_304486|VEEVA_EMAIL|HQ_EMAIL|1
CRITICAL|US_304486|US_304486|VEEVA_EMAIL|MEDSCAPE_EMAIL|1
CRITICAL|US_304486|US_304486|VEEVA_EMAIL|MEDSCAPE_POC|1
CRITICAL|US_304486|US_304486|VEEVA_EMAIL|VEEVA_EMAIL|7
CRITICAL|US_304528|US_304528|DOXIMITY_ALERT|DOXIMITY_DOCSPOT|1
CRITICAL|US_304528|US_304528|DOXIMITY_ALERT|EDH_PROFLOW_EDMU|1
CRITICAL|US_304528|US_304528|DOXIMITY_ALERT|EDH_PROFLOW_WDMU|1
CRITICAL|US_304528|US_304528|DOXIMITY_ALERT|EPOCRATES_ALERT|1
CRITICAL|US_304528|US_304528|DOXIMITY_ALERT|MEDSCAPE_ALERT|1
CRITICAL|US_304528|US_304528|DOXIMITY_ALERT|MEDSCAPE_POC|1
CRITICAL|US_304528|US_304528|DOXIMITY_ALERT|NUMEDIS_MDMINUTE|1
CRITICAL|US_304528|US_304528|DOXIMITY_ALERT|P2P|1
CRITICAL|US_304528|US_304528|DOXIMITY_ALERT|VEEVA_EMAIL|1
CRITICAL|US_304528|US_304528|DOXIMITY_DOCSPOT|DOXIMITY_ALERT|1
CRITICAL|US_304528|US_304528|DOXIMITY_DOCSPOT|EDH_PROFLOW_RDMU|1
CRITICAL|US_304528|US_304528|DOXIMITY_DOCSPOT|F2F_CALL|1
CRITICAL|US_304528|US_304528|DOXIMITY_DOCSPOT|HQ_EMAIL|1
CRITICAL|US_304528|US_304528|DOXIMITY_DOCSPOT|MEDSCAPE_EMAIL|1
CRITICAL|US_304528|US_304528|DOXIMITY_DOCSPOT|NUMEDIS_MDMINUTE|1
CRITICAL|US_304528|US_304528|DOXIMITY_DOCSPOT|P2P|1
CRITICAL|US_304528|US_304528|EDH_PROFLOW_EDMU|DOXIMITY_DOCSPOT|1
CRITICAL|US_304528|US_304528|EDH_PROFLOW_EDMU|EDH_PROFLOW_EDMU|7
CRITICAL|US_304528|US_304528|EDH_PROFLOW_EDMU|EDH_PROFLOW_RDMU|7
CRITICAL|US_304528|US_304528|EDH_PROFLOW_EDMU|EPOCRATES_ALERT|1
CRITICAL|US_304528|US_304528|EDH_PROFLOW_EDMU|MEDSCAPE_ALERT|1
CRITICAL|US_304528|US_304528|EDH_PROFLOW_EDMU|NUMEDIS_MDMINUTE|1
LOW|TRU|TRU|DOXIMITY_ALERT|DOXIMITY_ALERT|14
LOW|TRU|TRU|DOXIMITY_DOCSPOT|DOXIMITY_DOCSPOT|14
LOW|TRU|TRU|F2F_CALL|F2F_CALL|14
LOW|TRU|TRU|HQ_EMAIL|HQ_EMAIL|7
LOW|TRU|TRU|MEDSCAPE_EMAIL|MEDSCAPE_EMAIL|30
LOW|TRU|TRU|VEEVA_EMAIL|VEEVA_EMAIL|7
LOW|US_304486|US_304486|F2F_CALL|HQ_EMAIL|1
LOW|US_304486|US_304486|F2F_CALL|MEDSCAPE_ALERT|1
LOW|US_304486|US_304486|F2F_CALL|MEDSCAPE_BRANDSPOT|1
LOW|US_304486|US_304486|F2F_CALL|MEDSCAPE_EMAIL|1
LOW|US_304486|US_304486|F2F_CALL|MEDSCAPE_POC|1
LOW|US_304486|US_304486|F2F_CALL|VEEVA_EMAIL|1
LOW|US_304486|US_304486|HQ_EMAIL|MEDSCAPE_ALERT|1
LOW|US_304486|US_304486|HQ_EMAIL|MEDSCAPE_BRANDSPOT|1
LOW|US_304486|US_304486|HQ_EMAIL|VEEVA_EMAIL|1
LOW|US_304486|US_304486|MEDSCAPE_ALERT|MEDSCAPE_ALERT|28
LOW|US_304486|US_304486|MEDSCAPE_ALERT|MEDSCAPE_BRANDSPOT|1
LOW|US_304486|US_304486|MEDSCAPE_ALERT|MEDSCAPE_POC|1
LOW|US_304486|US_304486|MEDSCAPE_BRANDSPOT|HQ_EMAIL|1
LOW|US_304486|US_304486|MEDSCAPE_BRANDSPOT|MEDSCAPE_ALERT|1
LOW|US_304486|US_304486|MEDSCAPE_BRANDSPOT|MEDSCAPE_BRANDSPOT|14
LOW|US_304486|US_304486|MEDSCAPE_EMAIL|MEDSCAPE_POC|1
LOW|US_304486|US_304486|MEDSCAPE_POC|HQ_EMAIL|1
LOW|US_304486|US_304486|MEDSCAPE_POC|MEDSCAPE_BRANDSPOT|1
LOW|US_304486|US_304486|VEEVA_EMAIL|MEDSCAPE_ALERT|1
LOW|US_304486|US_304486|VEEVA_EMAIL|MEDSCAPE_EMAIL|1
LOW|US_304486|US_304486|VEEVA_EMAIL|VEEVA_EMAIL|14
LOW|US_304528|US_304528|DOXIMITY_ALERT|DOXIMITY_DOCSPOT|1
LOW|US_304528|US_304528|DOXIMITY_ALERT|EDH_PROFLOW_EDMU|1
LOW|US_304528|US_304528|DOXIMITY_ALERT|EDH_PROFLOW_RDMU|1
LOW|US_304528|US_304528|DOXIMITY_ALERT|HQ_EMAIL|1
LOW|US_304528|US_304528|DOXIMITY_ALERT|MEDSCAPE_ALERT|1
LOW|US_304528|US_304528|DOXIMITY_ALERT|P2P|1
LOW|US_304528|US_304528|DOXIMITY_DOCSPOT|DOXIMITY_ALERT|1
LOW|US_304528|US_304528|DOXIMITY_DOCSPOT|DOXIMITY_DOCSPOT|7
LOW|US_304528|US_304528|DOXIMITY_DOCSPOT|EDH_PROFLOW_RDMU|1
LOW|US_304528|US_304528|DOXIMITY_DOCSPOT|EDH_PROFLOW_WDMU|1
LOW|US_304528|US_304528|DOXIMITY_DOCSPOT|EPOCRATES_ALERT|1
LOW|US_304528|US_304528|DOXIMITY_DOCSPOT|F2F_CALL|1
LOW|US_304528|US_304528|DOXIMITY_DOCSPOT|HQ_EMAIL|1
LOW|US_304528|US_304528|DOXIMITY_DOCSPOT|MEDSCAPE_EMAIL|1
LOW|US_304528|US_304528|DOXIMITY_DOCSPOT|MEDSCAPE_POC|1
LOW|US_304528|US_304528|DOXIMITY_DOCSPOT|P2P|1
LOW|US_304528|US_304528|DOXIMITY_DOCSPOT|VEEVA_EMAIL|1
LOW|US_304528|US_304528|EDH_PROFLOW_EDMU|EDH_PROFLOW_EDMU|7
LOW|US_304528|US_304528|EDH_PROFLOW_EDMU|EDH_PROFLOW_RDMU|7
LOW|US_304528|US_304528|EDH_PROFLOW_EDMU|EPOCRATES_ALERT|1
LOW|US_304528|US_304528|EDH_PROFLOW_EDMU|F2F_CALL|1
LOW|US_304528|US_304528|EDH_PROFLOW_EDMU|MEDSCAPE_EMAIL|1
LOW|US_304528|US_304528|EDH_PROFLOW_EDMU|MEDSCAPE_POC|1
LOW|US_304528|US_304528|EDH_PROFLOW_EDMU|NUMEDIS_MDMINUTE|1
LOW|US_304528|US_304528|EDH_PROFLOW_RDMU|EDH_PROFLOW_EDMU|7
LOW|US_304528|US_304528|EDH_PROFLOW_RDMU|EDH_PROFLOW_WDMU|7
LOW|US_304528|US_304528|EDH_PROFLOW_RDMU|EPOCRATES_ALERT|1
LOW|US_304528|US_304528|EDH_PROFLOW_RDMU|F2F_CALL|1
LUNG_L|RET|RET|LUNG_MEDSCAPE_ALERT|LUNG_MEDSCAPE_ALERT|28
LUNG_L|RET|RET|LUNG_MEDSCAPE_ALERT|LUNG_MEDSCAPE_EMAIL|7
LUNG_L|RET|RET|LUNG_MEDSCAPE_ALERT|LUNG_VEEVA_EMAIL|1
LUNG_L|RET|RET|LUNG_MEDSCAPE_ALERT|OVERALL_MEDSCAPE_BRANDSPOT|14
LUNG_L|RET|RET|LUNG_MEDSCAPE_ALERT|OVERALL_MEDSCAPE_POC|14
LUNG_L|RET|RET|LUNG_MEDSCAPE_ALERT|THYROID_DOXIMITY_ALERT|1
LUNG_L|RET|RET|LUNG_MEDSCAPE_ALERT|THYROID_F2F_CALL|1
LUNG_L|RET|RET|LUNG_MEDSCAPE_ALERT|THYROID_MEDSCAPE_EMAIL|7
LUNG_L|RET|RET|LUNG_MEDSCAPE_ALERT|THYROID_MEDSCAPE_POC|14
LUNG_L|RET|RET|LUNG_MEDSCAPE_ALERT|THYROID_VEEVA_EMAIL|1
LUNG_L|RET|RET|LUNG_MEDSCAPE_BRANDSPOT|LUNG_HQ_EMAIL|1
LUNG_L|RET|RET|LUNG_MEDSCAPE_BRANDSPOT|LUNG_MEDSCAPE_BRANDSPOT|14
LUNG_L|RET|RET|LUNG_MEDSCAPE_BRANDSPOT|LUNG_MEDSCAPE_EMAIL|7
LUNG_L|RET|RET|LUNG_MEDSCAPE_BRANDSPOT|LUNG_MEDSCAPE_POC|14
LUNG_L|RET|RET|LUNG_MEDSCAPE_BRANDSPOT|LUNG_VEEVA_EMAIL|1
LUNG_L|RET|RET|LUNG_MEDSCAPE_BRANDSPOT|OVERALL_DOXIMITY_ALERT|1
LUNG_L|RET|RET|LUNG_MEDSCAPE_BRANDSPOT|OVERALL_MEDSCAPE_ALERT|1
LUNG_L|RET|RET|LUNG_MEDSCAPE_BRANDSPOT|OVERALL_MEDSCAPE_BRANDSPOT|14
LUNG_L|RET|RET|LUNG_MEDSCAPE_BRANDSPOT|OVERALL_VEEVA_EMAIL|1
LUNG_L|RET|RET|LUNG_MEDSCAPE_BRANDSPOT|THYROID_HQ_EMAIL|1
LUNG_L|RET|RET|LUNG_MEDSCAPE_BRANDSPOT|THYROID_MEDSCAPE_POC|14
LUNG_L|RET|RET|LUNG_MEDSCAPE_BRANDSPOT|THYROID_VEEVA_EMAIL|1
LUNG_L|RET|RET|LUNG_MEDSCAPE_EMAIL|LUNG_DOXIMITY_ALERT|1
LUNG_L|RET|RET|LUNG_MEDSCAPE_EMAIL|LUNG_HQ_EMAIL|1
LUNG_L|RET|RET|LUNG_MEDSCAPE_EMAIL|OVERALL_DOXIMITY_ALERT|1
LUNG_L|RET|RET|LUNG_MEDSCAPE_EMAIL|OVERALL_F2F_CALL|1
LUNG_L|RET|RET|LUNG_MEDSCAPE_EMAIL|OVERALL_HQ_EMAIL|1
LUNG_L|RET|RET|LUNG_MEDSCAPE_EMAIL|OVERALL_MEDSCAPE_EMAIL|28
LUNG_L|RET|RET|LUNG_MEDSCAPE_EMAIL|OVERALL_P2P|1
LUNG_L|RET|RET|LUNG_MEDSCAPE_EMAIL|THYROID_MEDSCAPE_BRANDSPOT|7
LUNG_L|RET|RET|LUNG_MEDSCAPE_EMAIL|THYROID_MEDSCAPE_POC|7
LUNG_L|RET|RET|LUNG_MEDSCAPE_EMAIL|THYROID_VEEVA_EMAIL|1
LUNG_L|RET|RET|LUNG_MEDSCAPE_POC|LUNG_HQ_EMAIL|1
LUNG_L|RET|RET|LUNG_MEDSCAPE_POC|LUNG_MEDSCAPE_BRANDSPOT|14
LUNG_L|RET|RET|LUNG_MEDSCAPE_POC|LUNG_VEEVA_EMAIL|1
LUNG_L|RET|RET|LUNG_MEDSCAPE_POC|OVERALL_DOXIMITY_ALERT|1
LUNG_L|RET|RET|LUNG_MEDSCAPE_POC|OVERALL_HQ_EMAIL|1
LUNG_L|RET|RET|LUNG_MEDSCAPE_POC|OVERALL_MEDSCAPE_BRANDSPOT|14
LUNG_L|RET|RET|LUNG_MEDSCAPE_POC|OVERALL_P2P|1
LUNG_L|RET|RET|LUNG_MEDSCAPE_POC|OVERALL_VEEVA_EMAIL|1
LUNG_L|RET|RET|LUNG_MEDSCAPE_POC|THYROID_DOXIMITY_ALERT|1
LUNG_L|RET|RET|LUNG_MEDSCAPE_POC|THYROID_F2F_CALL|1
LUNG_L|RET|RET|LUNG_MEDSCAPE_POC|THYROID_HQ_EMAIL|1
LUNG_L|RET|RET|LUNG_MEDSCAPE_POC|THYROID_MEDSCAPE_ALERT|14
LUNG_L|RET|RET|LUNG_MEDSCAPE_POC|THYROID_MEDSCAPE_BRANDSPOT|14
LUNG_L|RET|RET|LUNG_MEDSCAPE_POC|THYROID_MEDSCAPE_EMAIL|7
LUNG_L|RET|RET|LUNG_MEDSCAPE_POC|THYROID_MEDSCAPE_POC|14
LUNG_L|RET|RET|LUNG_VEEVA_EMAIL|LUNG_F2F_CALL|14
LUNG_L|RET|RET|LUNG_VEEVA_EMAIL|LUNG_MEDSCAPE_ALERT|1
LUNG_L|RET|RET|LUNG_VEEVA_EMAIL|LUNG_MEDSCAPE_BRANDSPOT|1
LUNG_L|RET|RET|LUNG_VEEVA_EMAIL|LUNG_MEDSCAPE_EMAIL|1
LUNG_L|RET|RET|LUNG_VEEVA_EMAIL|LUNG_MEDSCAPE_POC|1
LUNG_L|RET|RET|LUNG_VEEVA_EMAIL|OVERALL_DOXIMITY_ALERT|1
LUNG_L|RET|RET|LUNG_VEEVA_EMAIL|OVERALL_F2F_CALL|14
LUNG_L|RET|RET|LUNG_VEEVA_EMAIL|OVERALL_HQ_EMAIL|1
LUNG_L|RET|RET|LUNG_VEEVA_EMAIL|OVERALL_MEDSCAPE_ALERT|1
LUNG_L|RET|RET|LUNG_VEEVA_EMAIL|OVERALL_MEDSCAPE_POC|1
LUNG_L|RET|RET|LUNG_VEEVA_EMAIL|OVERALL_P2P|1
LUNG_L|RET|RET|LUNG_VEEVA_EMAIL|THYROID_HQ_EMAIL|1
LUNG_L|RET|RET|LUNG_VEEVA_EMAIL|THYROID_MEDSCAPE_EMAIL|1
LUNG_L|RET|RET|LUNG_VEEVA_EMAIL|THYROID_MEDSCAPE_POC|1
LUNG_L|RET|RET|LUNG_VEEVA_EMAIL|THYROID_VEEVA_EMAIL|14
LUNG_L|RET|RET|OVERALL_DOXIMITY_ALERT|LUNG_DOXIMITY_ALERT|28
LUNG_L|RET|RET|OVERALL_DOXIMITY_ALERT|LUNG_MEDSCAPE_BRANDSPOT|1
LUNG_L|RET|RET|OVERALL_DOXIMITY_ALERT|LUNG_MEDSCAPE_EMAIL|1
LUNG_L|RET|RET|OVERALL_DOXIMITY_ALERT|LUNG_MEDSCAPE_POC|1
LUNG_L|RET|RET|OVERALL_DOXIMITY_ALERT|LUNG_VEEVA_EMAIL|1
LUNG_L|RET|RET|OVERALL_DOXIMITY_ALERT|OVERALL_DOXIMITY_ALERT|28
LUNG_L|RET|RET|OVERALL_DOXIMITY_ALERT|OVERALL_P2P|1
LUNG_L|RET|RET|OVERALL_DOXIMITY_ALERT|OVERALL_VEEVA_EMAIL|1
LUNG_L|RET|RET|OVERALL_DOXIMITY_ALERT|THYROID_F2F_CALL|1
LUNG_L|RET|RET|OVERALL_DOXIMITY_ALERT|THYROID_HQ_EMAIL|1
LUNG_L|RET|RET|OVERALL_DOXIMITY_ALERT|THYROID_MEDSCAPE_ALERT|1
LUNG_L|RET|RET|OVERALL_DOXIMITY_ALERT|THYROID_MEDSCAPE_EMAIL|1
LUNG_L|RET|RET|OVERALL_DOXIMITY_ALERT|THYROID_VEEVA_EMAIL|1
LUNG_L|RET|RET|OVERALL_F2F_CALL|LUNG_DOXIMITY_ALERT|1
LUNG_L|RET|RET|OVERALL_F2F_CALL|LUNG_MEDSCAPE_ALERT|1
LUNG_L|RET|RET|OVERALL_F2F_CALL|LUNG_MEDSCAPE_BRANDSPOT|1
LUNG_L|RET|RET|OVERALL_F2F_CALL|LUNG_MEDSCAPE_EMAIL|1
OVERALL_C|RET|RET|LUNG_MEDSCAPE_ALERT|LUNG_HQ_EMAIL|1
OVERALL_C|RET|RET|LUNG_MEDSCAPE_ALERT|LUNG_VEEVA_EMAIL|1
OVERALL_C|RET|RET|LUNG_MEDSCAPE_ALERT|OVERALL_F2F_CALL|1
OVERALL_C|RET|RET|LUNG_MEDSCAPE_ALERT|OVERALL_MEDSCAPE_POC|14
OVERALL_C|RET|RET|LUNG_MEDSCAPE_ALERT|OVERALL_P2P|1
OVERALL_C|RET|RET|LUNG_MEDSCAPE_ALERT|THYROID_DOXIMITY_ALERT|1
OVERALL_C|RET|RET|LUNG_MEDSCAPE_ALERT|THYROID_MEDSCAPE_POC|14
OVERALL_C|RET|RET|LUNG_MEDSCAPE_BRANDSPOT|LUNG_DOXIMITY_ALERT|1
OVERALL_C|RET|RET|LUNG_MEDSCAPE_BRANDSPOT|LUNG_F2F_CALL|1
OVERALL_C|RET|RET|LUNG_MEDSCAPE_BRANDSPOT|LUNG_HQ_EMAIL|1
OVERALL_C|RET|RET|LUNG_MEDSCAPE_BRANDSPOT|LUNG_MEDSCAPE_ALERT|1
OVERALL_C|RET|RET|LUNG_MEDSCAPE_BRANDSPOT|LUNG_MEDSCAPE_BRANDSPOT|14
OVERALL_C|RET|RET|LUNG_MEDSCAPE_BRANDSPOT|LUNG_MEDSCAPE_EMAIL|7
OVERALL_C|RET|RET|LUNG_MEDSCAPE_BRANDSPOT|LUNG_VEEVA_EMAIL|1
OVERALL_C|RET|RET|LUNG_MEDSCAPE_BRANDSPOT|OVERALL_DOXIMITY_ALERT|1
OVERALL_C|RET|RET|LUNG_MEDSCAPE_BRANDSPOT|OVERALL_HQ_EMAIL|1
OVERALL_C|RET|RET|LUNG_MEDSCAPE_BRANDSPOT|OVERALL_MEDSCAPE_ALERT|1
OVERALL_C|RET|RET|LUNG_MEDSCAPE_BRANDSPOT|OVERALL_MEDSCAPE_BRANDSPOT|14
OVERALL_C|RET|RET|LUNG_MEDSCAPE_BRANDSPOT|OVERALL_MEDSCAPE_EMAIL|7
OVERALL_C|RET|RET|LUNG_MEDSCAPE_BRANDSPOT|THYROID_F2F_CALL|1
OVERALL_C|RET|RET|LUNG_MEDSCAPE_BRANDSPOT|THYROID_HQ_EMAIL|1
OVERALL_C|RET|RET|LUNG_MEDSCAPE_BRANDSPOT|THYROID_MEDSCAPE_ALERT|1
OVERALL_C|RET|RET|LUNG_MEDSCAPE_BRANDSPOT|THYROID_MEDSCAPE_EMAIL|7
OVERALL_C|RET|RET|LUNG_MEDSCAPE_BRANDSPOT|THYROID_MEDSCAPE_POC|14
OVERALL_C|RET|RET|LUNG_MEDSCAPE_BRANDSPOT|THYROID_VEEVA_EMAIL|1
OVERALL_C|RET|RET|LUNG_MEDSCAPE_EMAIL|LUNG_MEDSCAPE_ALERT|7
OVERALL_C|RET|RET|LUNG_MEDSCAPE_EMAIL|LUNG_MEDSCAPE_BRANDSPOT|7
OVERALL_C|RET|RET|LUNG_MEDSCAPE_EMAIL|LUNG_MEDSCAPE_POC|1
OVERALL_C|RET|RET|LUNG_MEDSCAPE_EMAIL|LUNG_VEEVA_EMAIL|1
OVERALL_C|RET|RET|LUNG_MEDSCAPE_EMAIL|OVERALL_DOXIMITY_ALERT|1
OVERALL_C|RET|RET|LUNG_MEDSCAPE_EMAIL|OVERALL_F2F_CALL|1
OVERALL_C|RET|RET|LUNG_MEDSCAPE_EMAIL|OVERALL_MEDSCAPE_ALERT|7
OVERALL_C|RET|RET|LUNG_MEDSCAPE_EMAIL|OVERALL_MEDSCAPE_POC|7
OVERALL_C|RET|RET|LUNG_MEDSCAPE_EMAIL|OVERALL_VEEVA_EMAIL|1
OVERALL_C|RET|RET|LUNG_MEDSCAPE_EMAIL|THYROID_DOXIMITY_ALERT|1
OVERALL_C|RET|RET|LUNG_MEDSCAPE_EMAIL|THYROID_F2F_CALL|1
OVERALL_C|RET|RET|LUNG_MEDSCAPE_EMAIL|THYROID_MEDSCAPE_EMAIL|28
OVERALL_C|RET|RET|LUNG_MEDSCAPE_EMAIL|THYROID_MEDSCAPE_POC|7
OVERALL_C|RET|RET|LUNG_MEDSCAPE_EMAIL|THYROID_VEEVA_EMAIL|1
OVERALL_C|RET|RET|LUNG_MEDSCAPE_POC|LUNG_HQ_EMAIL|1
OVERALL_C|RET|RET|LUNG_MEDSCAPE_POC|LUNG_MEDSCAPE_EMAIL|7
OVERALL_C|RET|RET|LUNG_MEDSCAPE_POC|OVERALL_F2F_CALL|1
OVERALL_C|RET|RET|LUNG_MEDSCAPE_POC|OVERALL_HQ_EMAIL|1
OVERALL_C|RET|RET|LUNG_MEDSCAPE_POC|OVERALL_MEDSCAPE_EMAIL|7
OVERALL_C|RET|RET|LUNG_MEDSCAPE_POC|OVERALL_VEEVA_EMAIL|1
OVERALL_C|RET|RET|LUNG_MEDSCAPE_POC|THYROID_DOXIMITY_ALERT|1
OVERALL_C|RET|RET|LUNG_MEDSCAPE_POC|THYROID_F2F_CALL|1
OVERALL_C|RET|RET|LUNG_MEDSCAPE_POC|THYROID_HQ_EMAIL|1
OVERALL_C|RET|RET|LUNG_MEDSCAPE_POC|THYROID_MEDSCAPE_ALERT|14
OVERALL_C|RET|RET|LUNG_MEDSCAPE_POC|THYROID_VEEVA_EMAIL|1
OVERALL_C|RET|RET|LUNG_VEEVA_EMAIL|LUNG_DOXIMITY_ALERT|1
OVERALL_C|RET|RET|LUNG_VEEVA_EMAIL|LUNG_F2F_CALL|14
OVERALL_C|RET|RET|LUNG_VEEVA_EMAIL|LUNG_MEDSCAPE_BRANDSPOT|1
OVERALL_C|RET|RET|LUNG_VEEVA_EMAIL|LUNG_MEDSCAPE_EMAIL|1
OVERALL_C|RET|RET|LUNG_VEEVA_EMAIL|LUNG_MEDSCAPE_POC|1
OVERALL_C|RET|RET|LUNG_VEEVA_EMAIL|OVERALL_F2F_CALL|14
OVERALL_C|RET|RET|LUNG_VEEVA_EMAIL|OVERALL_MEDSCAPE_POC|1
OVERALL_C|RET|RET|LUNG_VEEVA_EMAIL|OVERALL_P2P|1
OVERALL_C|RET|RET|LUNG_VEEVA_EMAIL|THYROID_F2F_CALL|14
OVERALL_C|RET|RET|LUNG_VEEVA_EMAIL|THYROID_HQ_EMAIL|1
OVERALL_C|RET|RET|LUNG_VEEVA_EMAIL|THYROID_MEDSCAPE_ALERT|1
OVERALL_C|RET|RET|LUNG_VEEVA_EMAIL|THYROID_MEDSCAPE_BRANDSPOT|1
OVERALL_C|RET|RET|LUNG_VEEVA_EMAIL|THYROID_MEDSCAPE_EMAIL|1
OVERALL_C|RET|RET|LUNG_VEEVA_EMAIL|THYROID_MEDSCAPE_POC|1
OVERALL_C|RET|RET|OVERALL_DOXIMITY_ALERT|LUNG_HQ_EMAIL|1
OVERALL_C|RET|RET|OVERALL_DOXIMITY_ALERT|LUNG_MEDSCAPE_ALERT|1
OVERALL_C|RET|RET|OVERALL_DOXIMITY_ALERT|LUNG_MEDSCAPE_EMAIL|1
OVERALL_C|RET|RET|OVERALL_DOXIMITY_ALERT|LUNG_MEDSCAPE_POC|1
OVERALL_C|RET|RET|OVERALL_DOXIMITY_ALERT|LUNG_VEEVA_EMAIL|1
OVERALL_C|RET|RET|OVERALL_DOXIMITY_ALERT|OVERALL_DOXIMITY_ALERT|28
OVERALL_C|RET|RET|OVERALL_DOXIMITY_ALERT|OVERALL_MEDSCAPE_BRANDSPOT|1
OVERALL_C|RET|RET|OVERALL_DOXIMITY_ALERT|OVERALL_P2P|1
OVERALL_C|RET|RET|OVERALL_DOXIMITY_ALERT|OVERALL_VEEVA_EMAIL|1
OVERALL_C|RET|RET|OVERALL_DOXIMITY_ALERT|THYROID_DOXIMITY_ALERT|28
OVERALL_C|RET|RET|OVERALL_DOXIMITY_ALERT|THYROID_F2F_CALL|1
OVERALL_M|RET|RET|OVERALL_VEEVA_EMAIL|LUNG_DOXIMITY_ALERT|1
OVERALL_M|RET|RET|OVERALL_VEEVA_EMAIL|LUNG_HQ_EMAIL|1
OVERALL_M|RET|RET|OVERALL_VEEVA_EMAIL|OVERALL_DOXIMITY_ALERT|1
OVERALL_M|RET|RET|OVERALL_VEEVA_EMAIL|OVERALL_F2F_CALL|14
OVERALL_M|RET|RET|OVERALL_VEEVA_EMAIL|OVERALL_HQ_EMAIL|1
OVERALL_M|RET|RET|OVERALL_VEEVA_EMAIL|THYROID_DOXIMITY_ALERT|1
OVERALL_M|RET|RET|OVERALL_VEEVA_EMAIL|THYROID_F2F_CALL|14
OVERALL_M|RET|RET|OVERALL_VEEVA_EMAIL|THYROID_HQ_EMAIL|1
OVERALL_M|RET|RET|OVERALL_VEEVA_EMAIL|THYROID_MEDSCAPE_BRANDSPOT|1
OVERALL_M|RET|RET|THYROID_DOXIMITY_ALERT|LUNG_F2F_CALL|1
OVERALL_M|RET|RET|THYROID_DOXIMITY_ALERT|LUNG_MEDSCAPE_BRANDSPOT|1
OVERALL_M|RET|RET|THYROID_DOXIMITY_ALERT|LUNG_VEEVA_EMAIL|1
OVERALL_M|RET|RET|THYROID_DOXIMITY_ALERT|OVERALL_F2F_CALL|1
OVERALL_M|RET|RET|THYROID_DOXIMITY_ALERT|OVERALL_HQ_EMAIL|1
OVERALL_M|RET|RET|THYROID_DOXIMITY_ALERT|OVERALL_MEDSCAPE_POC|1
OVERALL_M|RET|RET|THYROID_DOXIMITY_ALERT|OVERALL_P2P|1
OVERALL_M|RET|RET|THYROID_DOXIMITY_ALERT|THYROID_HQ_EMAIL|1
OVERALL_M|RET|RET|THYROID_DOXIMITY_ALERT|THYROID_MEDSCAPE_ALERT|1
OVERALL_M|RET|RET|THYROID_DOXIMITY_ALERT|THYROID_MEDSCAPE_BRANDSPOT|1
OVERALL_M|RET|RET|THYROID_DOXIMITY_ALERT|THYROID_MEDSCAPE_POC|1
OVERALL_M|RET|RET|THYROID_DOXIMITY_ALERT|THYROID_VEEVA_EMAIL|1
OVERALL_M|RET|RET|THYROID_F2F_CALL|LUNG_DOXIMITY_ALERT|1
OVERALL_M|RET|RET|THYROID_F2F_CALL|LUNG_MEDSCAPE_ALERT|1
OVERALL_M|RET|RET|THYROID_F2F_CALL|LUNG_MEDSCAPE_EMAIL|1
OVERALL_M|RET|RET|THYROID_F2F_CALL|LUNG_MEDSCAPE_POC|1
OVERALL_M|RET|RET|THYROID_F2F_CALL|LUNG_VEEVA_EMAIL|14
OVERALL_M|RET|RET|THYROID_F2F_CALL|OVERALL_F2F_CALL|21
OVERALL_M|RET|RET|THYROID_F2F_CALL|OVERALL_HQ_EMAIL|1
OVERALL_M|RET|RET|THYROID_F2F_CALL|OVERALL_MEDSCAPE_ALERT|1
OVERALL_M|RET|RET|THYROID_F2F_CALL|OVERALL_MEDSCAPE_BRANDSPOT|1
OVERALL_M|RET|RET|THYROID_F2F_CALL|OVERALL_MEDSCAPE_EMAIL|1
OVERALL_M|RET|RET|THYROID_F2F_CALL|OVERALL_VEEVA_EMAIL|14
OVERALL_M|RET|RET|THYROID_F2F_CALL|THYROID_DOXIMITY_ALERT|1
OVERALL_M|RET|RET|THYROID_F2F_CALL|THYROID_MEDSCAPE_BRANDSPOT|1
OVERALL_M|RET|RET|THYROID_HQ_EMAIL|LUNG_F2F_CALL|1
OVERALL_M|RET|RET|THYROID_HQ_EMAIL|LUNG_MEDSCAPE_EMAIL|1
OVERALL_M|RET|RET|THYROID_HQ_EMAIL|LUNG_MEDSCAPE_POC|1
OVERALL_M|RET|RET|THYROID_HQ_EMAIL|OVERALL_F2F_CALL|1
OVERALL_M|RET|RET|THYROID_HQ_EMAIL|OVERALL_HQ_EMAIL|7
OVERALL_M|RET|RET|THYROID_HQ_EMAIL|OVERALL_MEDSCAPE_ALERT|1
OVERALL_M|RET|RET|THYROID_HQ_EMAIL|OVERALL_VEEVA_EMAIL|1
OVERALL_M|RET|RET|THYROID_HQ_EMAIL|THYROID_F2F_CALL|1
OVERALL_M|RET|RET|THYROID_HQ_EMAIL|THYROID_MEDSCAPE_EMAIL|1
OVERALL_M|RET|RET|THYROID_HQ_EMAIL|THYROID_MEDSCAPE_POC|1
OVERALL_M|RET|RET|THYROID_HQ_EMAIL|THYROID_VEEVA_EMAIL|1
OVERALL_M|RET|RET|THYROID_MEDSCAPE_ALERT|LUNG_DOXIMITY_ALERT|1
OVERALL_M|RET|RET|THYROID_MEDSCAPE_ALERT|LUNG_F2F_CALL|1
OVERALL_M|RET|RET|THYROID_MEDSCAPE_ALERT|LUNG_MEDSCAPE_ALERT|28
OVERALL_M|RET|RET|THYROID_MEDSCAPE_ALERT|OVERALL_HQ_EMAIL|1
OVERALL_M|RET|RET|THYROID_MEDSCAPE_ALERT|OVERALL_MEDSCAPE_BRANDSPOT|14
OVERALL_M|RET|RET|THYROID_MEDSCAPE_ALERT|THYROID_DOXIMITY_ALERT|1
OVERALL_M|RET|RET|THYROID_MEDSCAPE_ALERT|THYROID_F2F_CALL|1
OVERALL_M|RET|RET|THYROID_MEDSCAPE_ALERT|THYROID_MEDSCAPE_ALERT|28
OVERALL_M|RET|RET|THYROID_MEDSCAPE_ALERT|THYROID_MEDSCAPE_POC|14
OVERALL_M|RET|RET|THYROID_MEDSCAPE_BRANDSPOT|LUNG_MEDSCAPE_ALERT|14
OVERALL_M|RET|RET|THYROID_MEDSCAPE_BRANDSPOT|LUNG_MEDSCAPE_EMAIL|7
OVERALL_M|RET|RET|THYROID_MEDSCAPE_BRANDSPOT|LUNG_VEEVA_EMAIL|1
OVERALL_M|RET|RET|THYROID_MEDSCAPE_BRANDSPOT|OVERALL_F2F_CALL|1
OVERALL_M|RET|RET|THYROID_MEDSCAPE_BRANDSPOT|OVERALL_HQ_EMAIL|1
OVERALL_M|RET|RET|THYROID_MEDSCAPE_BRANDSPOT|OVERALL_MEDSCAPE_ALERT|14
OVERALL_M|RET|RET|THYROID_MEDSCAPE_BRANDSPOT|OVERALL_MEDSCAPE_BRANDSPOT|14
OVERALL_M|RET|RET|THYROID_MEDSCAPE_BRANDSPOT|OVERALL_MEDSCAPE_EMAIL|7
OVERALL_M|RET|RET|THYROID_MEDSCAPE_BRANDSPOT|OVERALL_MEDSCAPE_POC|14
OVERALL_M|RET|RET|THYROID_MEDSCAPE_BRANDSPOT|THYROID_DOXIMITY_ALERT|1
OVERALL_M|RET|RET|THYROID_MEDSCAPE_BRANDSPOT|THYROID_HQ_EMAIL|1
OVERALL_M|RET|RET|THYROID_MEDSCAPE_BRANDSPOT|THYROID_MEDSCAPE_ALERT|14
OVERALL_M|RET|RET|THYROID_MEDSCAPE_BRANDSPOT|THYROID_MEDSCAPE_BRANDSPOT|14
OVERALL_M|RET|RET|THYROID_MEDSCAPE_BRANDSPOT|THYROID_MEDSCAPE_EMAIL|7
OVERALL_M|RET|RET|THYROID_MEDSCAPE_EMAIL|LUNG_DOXIMITY_ALERT|1
OVERALL_M|RET|RET|THYROID_MEDSCAPE_EMAIL|LUNG_F2F_CALL|1
OVERALL_M|RET|RET|THYROID_MEDSCAPE_EMAIL|LUNG_HQ_EMAIL|1
OVERALL_M|RET|RET|THYROID_MEDSCAPE_EMAIL|LUNG_MEDSCAPE_EMAIL|28
OVERALL_M|RET|RET|THYROID_MEDSCAPE_EMAIL|LUNG_VEEVA_EMAIL|1
THYROID_H|RET|RET|THYROID_MEDSCAPE_EMAIL|OVERALL_DOXIMITY_ALERT|1
THYROID_H|RET|RET|THYROID_MEDSCAPE_EMAIL|OVERALL_MEDSCAPE_ALERT|7
THYROID_H|RET|RET|THYROID_MEDSCAPE_EMAIL|OVERALL_MEDSCAPE_BRANDSPOT|7
THYROID_H|RET|RET|THYROID_MEDSCAPE_EMAIL|OVERALL_MEDSCAPE_EMAIL|28
THYROID_H|RET|RET|THYROID_MEDSCAPE_EMAIL|OVERALL_MEDSCAPE_POC|7
THYROID_H|RET|RET|THYROID_MEDSCAPE_EMAIL|OVERALL_P2P|1
THYROID_H|RET|RET|THYROID_MEDSCAPE_EMAIL|THYROID_MEDSCAPE_ALERT|7
THYROID_H|RET|RET|THYROID_MEDSCAPE_EMAIL|THYROID_MEDSCAPE_BRANDSPOT|7
THYROID_H|RET|RET|THYROID_MEDSCAPE_EMAIL|THYROID_VEEVA_EMAIL|1
THYROID_H|RET|RET|THYROID_MEDSCAPE_POC|LUNG_DOXIMITY_ALERT|1
THYROID_H|RET|RET|THYROID_MEDSCAPE_POC|LUNG_HQ_EMAIL|1
THYROID_H|RET|RET|THYROID_MEDSCAPE_POC|LUNG_MEDSCAPE_ALERT|14
THYROID_H|RET|RET|THYROID_MEDSCAPE_POC|LUNG_MEDSCAPE_POC|14
THYROID_H|RET|RET|THYROID_MEDSCAPE_POC|LUNG_VEEVA_EMAIL|1
THYROID_H|RET|RET|THYROID_MEDSCAPE_POC|OVERALL_DOXIMITY_ALERT|1
THYROID_H|RET|RET|THYROID_MEDSCAPE_POC|OVERALL_F2F_CALL|1
THYROID_H|RET|RET|THYROID_MEDSCAPE_POC|OVERALL_MEDSCAPE_BRANDSPOT|14
THYROID_H|RET|RET|THYROID_MEDSCAPE_POC|OVERALL_P2P|1
THYROID_H|RET|RET|THYROID_MEDSCAPE_POC|THYROID_DOXIMITY_ALERT|1
THYROID_H|RET|RET|THYROID_MEDSCAPE_POC|THYROID_F2F_CALL|1
THYROID_H|RET|RET|THYROID_MEDSCAPE_POC|THYROID_HQ_EMAIL|1
THYROID_H|RET|RET|THYROID_MEDSCAPE_POC|THYROID_MEDSCAPE_BRANDSPOT|14
THYROID_H|RET|RET|THYROID_MEDSCAPE_POC|THYROID_MEDSCAPE_EMAIL|7
THYROID_H|RET|RET|THYROID_MEDSCAPE_POC|THYROID_VEEVA_EMAIL|1
THYROID_H|RET|RET|THYROID_VEEVA_EMAIL|LUNG_DOXIMITY_ALERT|1
THYROID_H|RET|RET|THYROID_VEEVA_EMAIL|LUNG_HQ_EMAIL|1
THYROID_H|RET|RET|THYROID_VEEVA_EMAIL|LUNG_MEDSCAPE_ALERT|1
THYROID_H|RET|RET|THYROID_VEEVA_EMAIL|LUNG_MEDSCAPE_BRANDSPOT|1
THYROID_H|RET|RET|THYROID_VEEVA_EMAIL|LUNG_MEDSCAPE_EMAIL|1
THYROID_H|RET|RET|THYROID_VEEVA_EMAIL|LUNG_VEEVA_EMAIL|14
THYROID_H|RET|RET|THYROID_VEEVA_EMAIL|OVERALL_F2F_CALL|14
THYROID_H|RET|RET|THYROID_VEEVA_EMAIL|OVERALL_MEDSCAPE_ALERT|1
THYROID_H|RET|RET|THYROID_VEEVA_EMAIL|OVERALL_MEDSCAPE_EMAIL|1
THYROID_H|RET|RET|THYROID_VEEVA_EMAIL|OVERALL_P2P|1
THYROID_H|RET|RET|THYROID_VEEVA_EMAIL|THYROID_F2F_CALL|14
THYROID_H|RET|RET|THYROID_VEEVA_EMAIL|THYROID_MEDSCAPE_ALERT|1
THYROID_H|RET|RET|THYROID_VEEVA_EMAIL|THYROID_MEDSCAPE_POC|1
THYROID_H|RET|RET|THYROID_VEEVA_EMAIL|THYROID_VEEVA_EMAIL|14
THYROID_L|RET|RET|LUNG_DOXIMITY_ALERT|LUNG_VEEVA_EMAIL|1
THYROID_L|RET|RET|LUNG_DOXIMITY_ALERT|OVERALL_HQ_EMAIL|1
THYROID_L|RET|RET|LUNG_DOXIMITY_ALERT|OVERALL_MEDSCAPE_ALERT|1
THYROID_L|RET|RET|LUNG_DOXIMITY_ALERT|THYROID_HQ_EMAIL|1
THYROID_L|RET|RET|LUNG_DOXIMITY_ALERT|THYROID_MEDSCAPE_ALERT|1
THYROID_L|RET|RET|LUNG_F2F_CALL|LUNG_DOXIMITY_ALERT|1
THYROID_L|RET|RET|LUNG_F2F_CALL|LUNG_VEEVA_EMAIL|14
THYROID_L|RET|RET|LUNG_F2F_CALL|OVERALL_DOXIMITY_ALERT|1
THYROID_L|RET|RET|LUNG_F2F_CALL|OVERALL_F2F_CALL|21
THYROID_L|RET|RET|LUNG_F2F_CALL|OVERALL_MEDSCAPE_EMAIL|1
THYROID_L|RET|RET|LUNG_F2F_CALL|OVERALL_VEEVA_EMAIL|14
THYROID_L|RET|RET|LUNG_F2F_CALL|THYROID_DOXIMITY_ALERT|1
THYROID_L|RET|RET|LUNG_F2F_CALL|THYROID_F2F_CALL|21
THYROID_L|RET|RET|LUNG_F2F_CALL|THYROID_HQ_EMAIL|1
THYROID_L|RET|RET|LUNG_F2F_CALL|THYROID_MEDSCAPE_ALERT|1
THYROID_L|RET|RET|LUNG_F2F_CALL|THYROID_MEDSCAPE_EMAIL|1
THYROID_L|RET|RET|LUNG_F2F_CALL|THYROID_MEDSCAPE_POC|1
THYROID_L|RET|RET|LUNG_HQ_EMAIL|LUNG_F2F_CALL|1
THYROID_L|RET|RET|LUNG_HQ_EMAIL|LUNG_HQ_EMAIL|7
THYROID_L|RET|RET|LUNG_HQ_EMAIL|LUNG_MEDSCAPE_ALERT|1
THYROID_L|RET|RET|LUNG_HQ_EMAIL|LUNG_MEDSCAPE_BRANDSPOT|1
THYROID_L|RET|RET|LUNG_HQ_EMAIL|LUNG_MEDSCAPE_EMAIL|1
THYROID_L|RET|RET|LUNG_HQ_EMAIL|LUNG_VEEVA_EMAIL|1
THYROID_L|RET|RET|LUNG_HQ_EMAIL|OVERALL_DOXIMITY_ALERT|1
THYROID_L|RET|RET|LUNG_HQ_EMAIL|OVERALL_MEDSCAPE_ALERT|1
THYROID_L|RET|RET|LUNG_HQ_EMAIL|THYROID_DOXIMITY_ALERT|1
THYROID_L|RET|RET|LUNG_HQ_EMAIL|THYROID_F2F_CALL|1
THYROID_L|RET|RET|LUNG_MEDSCAPE_ALERT|LUNG_DOXIMITY_ALERT|1
THYROID_L|RET|RET|LUNG_MEDSCAPE_ALERT|LUNG_F2F_CALL|1
THYROID_L|RET|RET|LUNG_MEDSCAPE_ALERT|LUNG_MEDSCAPE_ALERT|28
THYROID_L|RET|RET|LUNG_MEDSCAPE_ALERT|OVERALL_DOXIMITY_ALERT|1
THYROID_L|RET|RET|LUNG_MEDSCAPE_ALERT|OVERALL_MEDSCAPE_ALERT|28
THYROID_L|RET|RET|LUNG_MEDSCAPE_ALERT|OVERALL_MEDSCAPE_EMAIL|7
THYROID_L|RET|RET|LUNG_MEDSCAPE_ALERT|OVERALL_VEEVA_EMAIL|1
THYROID_L|RET|RET|LUNG_MEDSCAPE_ALERT|THYROID_MEDSCAPE_POC|14
THYROID_L|RET|RET|LUNG_MEDSCAPE_ALERT|THYROID_VEEVA_EMAIL|1
THYROID_L|RET|RET|LUNG_MEDSCAPE_BRANDSPOT|LUNG_F2F_CALL|1
THYROID_L|RET|RET|LUNG_MEDSCAPE_BRANDSPOT|LUNG_HQ_EMAIL|1
THYROID_L|RET|RET|LUNG_MEDSCAPE_BRANDSPOT|LUNG_MEDSCAPE_POC|14
UNKNOWN|RET|RET|OVERALL_MEDSCAPE_EMAIL|OVERALL_P2P|1
UNKNOWN|RET|RET|OVERALL_MEDSCAPE_EMAIL|THYROID_DOXIMITY_ALERT|1
UNKNOWN|RET|RET|OVERALL_MEDSCAPE_EMAIL|THYROID_HQ_EMAIL|1
UNKNOWN|RET|RET|OVERALL_MEDSCAPE_EMAIL|THYROID_MEDSCAPE_ALERT|7
UNKNOWN|RET|RET|OVERALL_MEDSCAPE_EMAIL|THYROID_MEDSCAPE_BRANDSPOT|7
UNKNOWN|RET|RET|OVERALL_MEDSCAPE_EMAIL|THYROID_MEDSCAPE_POC|7
UNKNOWN|RET|RET|OVERALL_MEDSCAPE_POC|LUNG_DOXIMITY_ALERT|1
UNKNOWN|RET|RET|OVERALL_MEDSCAPE_POC|LUNG_F2F_CALL|1
UNKNOWN|RET|RET|OVERALL_MEDSCAPE_POC|LUNG_HQ_EMAIL|1
UNKNOWN|RET|RET|OVERALL_MEDSCAPE_POC|LUNG_MEDSCAPE_BRANDSPOT|14
UNKNOWN|RET|RET|OVERALL_MEDSCAPE_POC|LUNG_MEDSCAPE_POC|14
UNKNOWN|RET|RET|OVERALL_MEDSCAPE_POC|OVERALL_F2F_CALL|1
UNKNOWN|RET|RET|OVERALL_MEDSCAPE_POC|OVERALL_MEDSCAPE_BRANDSPOT|14
UNKNOWN|RET|RET|OVERALL_MEDSCAPE_POC|OVERALL_MEDSCAPE_EMAIL|7
UNKNOWN|RET|RET|OVERALL_MEDSCAPE_POC|OVERALL_MEDSCAPE_POC|14
UNKNOWN|RET|RET|OVERALL_MEDSCAPE_POC|OVERALL_VEEVA_EMAIL|1
UNKNOWN|RET|RET|OVERALL_MEDSCAPE_POC|THYROID_HQ_EMAIL|1
UNKNOWN|RET|RET|OVERALL_MEDSCAPE_POC|THYROID_MEDSCAPE_BRANDSPOT|14
UNKNOWN|RET|RET|OVERALL_MEDSCAPE_POC|THYROID_MEDSCAPE_EMAIL|7
UNKNOWN|RET|RET|OVERALL_P2P|LUNG_DOXIMITY_ALERT|1
UNKNOWN|RET|RET|OVERALL_P2P|LUNG_F2F_CALL|1
UNKNOWN|RET|RET|OVERALL_P2P|LUNG_MEDSCAPE_BRANDSPOT|1
UNKNOWN|RET|RET|OVERALL_P2P|LUNG_VEEVA_EMAIL|1
UNKNOWN|RET|RET|OVERALL_P2P|OVERALL_DOXIMITY_ALERT|1
UNKNOWN|RET|RET|OVERALL_P2P|OVERALL_HQ_EMAIL|1
UNKNOWN|RET|RET|OVERALL_P2P|OVERALL_MEDSCAPE_ALERT|1
UNKNOWN|RET|RET|OVERALL_P2P|OVERALL_MEDSCAPE_EMAIL|1
UNKNOWN|RET|RET|OVERALL_P2P|THYROID_DOXIMITY_ALERT|1
UNKNOWN|RET|RET|OVERALL_P2P|THYROID_F2F_CALL|1
UNKNOWN|RET|RET|OVERALL_P2P|THYROID_MEDSCAPE_EMAIL|1
UNKNOWN|RET|RET|OVERALL_P2P|THYROID_MEDSCAPE_POC|1
UNKNOWN|RET|RET|OVERALL_P2P|THYROID_VEEVA_EMAIL|1
UNKNOWN|RET|RET|OVERALL_VEEVA_EMAIL|LUNG_F2F_CALL|21
UNKNOWN|RET|RET|OVERALL_VEEVA_EMAIL|LUNG_MEDSCAPE_BRANDSPOT|1
UNKNOWN|RET|RET|OVERALL_VEEVA_EMAIL|OVERALL_DOXIMITY_ALERT|1
UNKNOWN|RET|RET|OVERALL_VEEVA_EMAIL|OVERALL_F2F_CALL|21
UNKNOWN|RET|RET|OVERALL_VEEVA_EMAIL|OVERALL_HQ_EMAIL|1
UNKNOWN|RET|RET|OVERALL_VEEVA_EMAIL|OVERALL_MEDSCAPE_ALERT|1
UNKNOWN|RET|RET|OVERALL_VEEVA_EMAIL|OVERALL_MEDSCAPE_BRANDSPOT|1
UNKNOWN|RET|RET|OVERALL_VEEVA_EMAIL|OVERALL_MEDSCAPE_EMAIL|1
UNKNOWN|RET|RET|OVERALL_VEEVA_EMAIL|OVERALL_MEDSCAPE_POC|1
UNKNOWN|RET|RET|OVERALL_VEEVA_EMAIL|OVERALL_P2P|1
UNKNOWN|RET|RET|OVERALL_VEEVA_EMAIL|THYROID_HQ_EMAIL|1
UNKNOWN|RET|RET|OVERALL_VEEVA_EMAIL|THYROID_VEEVA_EMAIL|21
UNKNOWN|RET|RET|THYROID_DOXIMITY_ALERT|LUNG_F2F_CALL|1
UNKNOWN|RET|RET|THYROID_DOXIMITY_ALERT|LUNG_HQ_EMAIL|1
UNKNOWN|RET|RET|THYROID_DOXIMITY_ALERT|LUNG_MEDSCAPE_BRANDSPOT|1
UNKNOWN|RET|RET|THYROID_DOXIMITY_ALERT|OVERALL_DOXIMITY_ALERT|28
UNKNOWN|RET|RET|THYROID_DOXIMITY_ALERT|OVERALL_HQ_EMAIL|1
UNKNOWN|RET|RET|THYROID_DOXIMITY_ALERT|OVERALL_MEDSCAPE_ALERT|1
UNKNOWN|RET|RET|THYROID_DOXIMITY_ALERT|OVERALL_MEDSCAPE_BRANDSPOT|1
UNKNOWN|RET|RET|THYROID_DOXIMITY_ALERT|OVERALL_MEDSCAPE_EMAIL|1
UNKNOWN|RET|RET|THYROID_DOXIMITY_ALERT|OVERALL_P2P|1
UNKNOWN|RET|RET|THYROID_DOXIMITY_ALERT|OVERALL_VEEVA_EMAIL|1
UNKNOWN|RET|RET|THYROID_DOXIMITY_ALERT|THYROID_DOXIMITY_ALERT|28
UNKNOWN|RET|RET|THYROID_DOXIMITY_ALERT|THYROID_F2F_CALL|1
UNKNOWN|RET|RET|THYROID_DOXIMITY_ALERT|THYROID_HQ_EMAIL|1
UNKNOWN|RET|RET|THYROID_DOXIMITY_ALERT|THYROID_MEDSCAPE_ALERT|1
UNKNOWN|RET|RET|THYROID_DOXIMITY_ALERT|THYROID_MEDSCAPE_BRANDSPOT|1
UNKNOWN|RET|RET|THYROID_DOXIMITY_ALERT|THYROID_VEEVA_EMAIL|1
UNKNOWN|RET|RET|THYROID_F2F_CALL|LUNG_F2F_CALL|28
UNKNOWN|RET|RET|THYROID_F2F_CALL|LUNG_HQ_EMAIL|1
UNKNOWN|RET|RET|THYROID_F2F_CALL|LUNG_MEDSCAPE_ALERT|1
UNKNOWN|RET|RET|THYROID_F2F_CALL|LUNG_MEDSCAPE_BRANDSPOT|1
UNKNOWN|RET|RET|THYROID_F2F_CALL|OVERALL_HQ_EMAIL|1
UNKNOWN|RET|RET|THYROID_F2F_CALL|OVERALL_MEDSCAPE_ALERT|1
UNKNOWN|RET|RET|THYROID_F2F_CALL|OVERALL_MEDSCAPE_BRANDSPOT|1
UNKNOWN|RET|RET|THYROID_F2F_CALL|OVERALL_MEDSCAPE_EMAIL|1
UNKNOWN|RET|RET|THYROID_F2F_CALL|THYROID_MEDSCAPE_EMAIL|1
UNKNOWN|RET|RET|THYROID_F2F_CALL|THYROID_VEEVA_EMAIL|21
UNKNOWN|RET|RET|THYROID_HQ_EMAIL|LUNG_DOXIMITY_ALERT|1
UNKNOWN|RET|RET|THYROID_HQ_EMAIL|LUNG_F2F_CALL|1
UNKNOWN|RET|RET|THYROID_HQ_EMAIL|LUNG_MEDSCAPE_EMAIL|1
UNKNOWN|RET|RET|THYROID_HQ_EMAIL|LUNG_MEDSCAPE_POC|1
UNKNOWN|RET|RET|THYROID_HQ_EMAIL|LUNG_VEEVA_EMAIL|1
UNKNOWN|RET|RET|THYROID_HQ_EMAIL|OVERALL_MEDSCAPE_ALERT|1
UNKNOWN|RET|RET|THYROID_HQ_EMAIL|OVERALL_MEDSCAPE_POC|1
UNKNOWN|RET|RET|THYROID_HQ_EMAIL|OVERALL_P2P|1
UNKNOWN|RET|RET|THYROID_HQ_EMAIL|THYROID_DOXIMITY_ALERT|1
LUNG_H|RET|RET|THYROID_MEDSCAPE_EMAIL|THYROID_MEDSCAPE_POC|7
LUNG_H|RET|RET|THYROID_MEDSCAPE_EMAIL|THYROID_VEEVA_EMAIL|1
LUNG_H|RET|RET|THYROID_MEDSCAPE_POC|LUNG_DOXIMITY_ALERT|1
LUNG_H|RET|RET|THYROID_MEDSCAPE_POC|LUNG_F2F_CALL|1
LUNG_H|RET|RET|THYROID_MEDSCAPE_POC|LUNG_HQ_EMAIL|1
LUNG_H|RET|RET|THYROID_MEDSCAPE_POC|LUNG_MEDSCAPE_POC|14
LUNG_H|RET|RET|THYROID_MEDSCAPE_POC|LUNG_VEEVA_EMAIL|1
LUNG_H|RET|RET|THYROID_MEDSCAPE_POC|OVERALL_MEDSCAPE_EMAIL|7
LUNG_H|RET|RET|THYROID_MEDSCAPE_POC|OVERALL_P2P|1
LUNG_H|RET|RET|THYROID_MEDSCAPE_POC|OVERALL_VEEVA_EMAIL|1
LUNG_H|RET|RET|THYROID_MEDSCAPE_POC|THYROID_DOXIMITY_ALERT|1
LUNG_H|RET|RET|THYROID_MEDSCAPE_POC|THYROID_MEDSCAPE_EMAIL|7
LUNG_H|RET|RET|THYROID_VEEVA_EMAIL|LUNG_DOXIMITY_ALERT|1
LUNG_H|RET|RET|THYROID_VEEVA_EMAIL|LUNG_F2F_CALL|14
LUNG_H|RET|RET|THYROID_VEEVA_EMAIL|LUNG_MEDSCAPE_ALERT|1
LUNG_H|RET|RET|THYROID_VEEVA_EMAIL|LUNG_MEDSCAPE_BRANDSPOT|1
LUNG_H|RET|RET|THYROID_VEEVA_EMAIL|LUNG_MEDSCAPE_POC|1
LUNG_H|RET|RET|THYROID_VEEVA_EMAIL|OVERALL_HQ_EMAIL|1
LUNG_H|RET|RET|THYROID_VEEVA_EMAIL|OVERALL_MEDSCAPE_BRANDSPOT|1
LUNG_H|RET|RET|THYROID_VEEVA_EMAIL|OVERALL_MEDSCAPE_POC|1
LUNG_H|RET|RET|THYROID_VEEVA_EMAIL|OVERALL_VEEVA_EMAIL|14
LUNG_H|RET|RET|THYROID_VEEVA_EMAIL|THYROID_DOXIMITY_ALERT|1
LUNG_H|RET|RET|THYROID_VEEVA_EMAIL|THYROID_F2F_CALL|14
LUNG_H|RET|RET|THYROID_VEEVA_EMAIL|THYROID_MEDSCAPE_BRANDSPOT|1
LUNG_H|RET|RET|THYROID_VEEVA_EMAIL|THYROID_MEDSCAPE_EMAIL|1
LUNG_H|RET|RET|THYROID_VEEVA_EMAIL|THYROID_VEEVA_EMAIL|14
LUNG_L|RET|RET|LUNG_DOXIMITY_ALERT|LUNG_MEDSCAPE_ALERT|1
LUNG_L|RET|RET|LUNG_DOXIMITY_ALERT|LUNG_MEDSCAPE_BRANDSPOT|1
LUNG_L|RET|RET|LUNG_DOXIMITY_ALERT|LUNG_MEDSCAPE_POC|1
LUNG_L|RET|RET|LUNG_DOXIMITY_ALERT|LUNG_VEEVA_EMAIL|1
LUNG_L|RET|RET|LUNG_DOXIMITY_ALERT|OVERALL_F2F_CALL|1
LUNG_L|RET|RET|LUNG_DOXIMITY_ALERT|OVERALL_MEDSCAPE_ALERT|1
LUNG_L|RET|RET|LUNG_DOXIMITY_ALERT|OVERALL_MEDSCAPE_EMAIL|1
LUNG_L|RET|RET|LUNG_DOXIMITY_ALERT|OVERALL_MEDSCAPE_POC|1
LUNG_L|RET|RET|LUNG_DOXIMITY_ALERT|THYROID_DOXIMITY_ALERT|28
LUNG_L|RET|RET|LUNG_DOXIMITY_ALERT|THYROID_HQ_EMAIL|1
LUNG_L|RET|RET|LUNG_DOXIMITY_ALERT|THYROID_MEDSCAPE_ALERT|1
LUNG_L|RET|RET|LUNG_DOXIMITY_ALERT|THYROID_MEDSCAPE_EMAIL|1
LUNG_L|RET|RET|LUNG_DOXIMITY_ALERT|THYROID_MEDSCAPE_POC|1
LUNG_L|RET|RET|LUNG_F2F_CALL|LUNG_DOXIMITY_ALERT|1
LUNG_L|RET|RET|LUNG_F2F_CALL|LUNG_F2F_CALL|21
LUNG_L|RET|RET|LUNG_F2F_CALL|LUNG_MEDSCAPE_ALERT|1
LUNG_L|RET|RET|LUNG_F2F_CALL|LUNG_MEDSCAPE_EMAIL|1
LUNG_L|RET|RET|LUNG_F2F_CALL|LUNG_VEEVA_EMAIL|14
LUNG_L|RET|RET|LUNG_F2F_CALL|OVERALL_DOXIMITY_ALERT|1
LUNG_L|RET|RET|LUNG_F2F_CALL|OVERALL_MEDSCAPE_ALERT|1
LUNG_L|RET|RET|LUNG_F2F_CALL|OVERALL_MEDSCAPE_BRANDSPOT|1
LUNG_L|RET|RET|LUNG_F2F_CALL|OVERALL_MEDSCAPE_EMAIL|1
LUNG_L|RET|RET|LUNG_F2F_CALL|OVERALL_MEDSCAPE_POC|1
LUNG_L|RET|RET|LUNG_F2F_CALL|THYROID_DOXIMITY_ALERT|1
LUNG_L|RET|RET|LUNG_F2F_CALL|THYROID_F2F_CALL|21
LUNG_L|RET|RET|LUNG_F2F_CALL|THYROID_MEDSCAPE_ALERT|1
LUNG_L|RET|RET|LUNG_F2F_CALL|THYROID_MEDSCAPE_EMAIL|1
LUNG_L|RET|RET|LUNG_F2F_CALL|THYROID_MEDSCAPE_POC|1
LUNG_L|RET|RET|LUNG_F2F_CALL|THYROID_VEEVA_EMAIL|14
LUNG_L|RET|RET|LUNG_HQ_EMAIL|LUNG_DOXIMITY_ALERT|1
LUNG_L|RET|RET|LUNG_HQ_EMAIL|LUNG_F2F_CALL|1
LUNG_L|RET|RET|LUNG_HQ_EMAIL|LUNG_HQ_EMAIL|7
LUNG_L|RET|RET|LUNG_HQ_EMAIL|LUNG_MEDSCAPE_EMAIL|1
LUNG_L|RET|RET|LUNG_HQ_EMAIL|OVERALL_DOXIMITY_ALERT|1
LUNG_L|RET|RET|LUNG_HQ_EMAIL|OVERALL_F2F_CALL|1
LUNG_L|RET|RET|LUNG_HQ_EMAIL|OVERALL_MEDSCAPE_ALERT|1
LUNG_L|RET|RET|LUNG_HQ_EMAIL|OVERALL_MEDSCAPE_BRANDSPOT|1
LUNG_L|RET|RET|LUNG_HQ_EMAIL|OVERALL_MEDSCAPE_POC|1
LUNG_L|RET|RET|LUNG_HQ_EMAIL|OVERALL_P2P|1
LUNG_L|RET|RET|LUNG_HQ_EMAIL|THYROID_DOXIMITY_ALERT|1
LUNG_L|RET|RET|LUNG_HQ_EMAIL|THYROID_MEDSCAPE_ALERT|1
LUNG_L|RET|RET|LUNG_HQ_EMAIL|THYROID_MEDSCAPE_BRANDSPOT|1
LUNG_L|RET|RET|LUNG_HQ_EMAIL|THYROID_VEEVA_EMAIL|1
LUNG_L|RET|RET|LUNG_MEDSCAPE_ALERT|LUNG_MEDSCAPE_BRANDSPOT|14
LUNG_L|RET|RET|LUNG_MEDSCAPE_ALERT|LUNG_MEDSCAPE_POC|1
LUNG_L|RET|RET|LUNG_MEDSCAPE_ALERT|OVERALL_DOXIMITY_ALERT|1
LUNG_L|RET|RET|LUNG_MEDSCAPE_ALERT|OVERALL_F2F_CALL|1
LUNG_L|RET|RET|LUNG_MEDSCAPE_ALERT|OVERALL_HQ_EMAIL|1
LUNG_L|RET|RET|LUNG_MEDSCAPE_ALERT|OVERALL_MEDSCAPE_ALERT|28
LUNG_L|RET|RET|LUNG_MEDSCAPE_ALERT|OVERALL_MEDSCAPE_EMAIL|7
LUNG_L|RET|RET|LUNG_MEDSCAPE_ALERT|OVERALL_P2P|1
LUNG_L|RET|RET|LUNG_MEDSCAPE_ALERT|OVERALL_VEEVA_EMAIL|1
LUNG_L|RET|RET|LUNG_MEDSCAPE_ALERT|THYROID_HQ_EMAIL|1
LUNG_L|RET|RET|LUNG_MEDSCAPE_ALERT|THYROID_MEDSCAPE_ALERT|28
LUNG_L|RET|RET|LUNG_MEDSCAPE_ALERT|THYROID_MEDSCAPE_BRANDSPOT|1
CRITICAL|US_304528|US_304528|EPOCRATES_ALERT|NUMEDIS_MDMINUTE|1
CRITICAL|US_304528|US_304528|EPOCRATES_ALERT|P2P|1
CRITICAL|US_304528|US_304528|EPOCRATES_ALERT|VEEVA_EMAIL|1
CRITICAL|US_304528|US_304528|F2F_CALL|DOXIMITY_DOCSPOT|1
CRITICAL|US_304528|US_304528|F2F_CALL|EDH_PROFLOW_RDMU|1
CRITICAL|US_304528|US_304528|F2F_CALL|F2F_CALL|3
CRITICAL|US_304528|US_304528|F2F_CALL|MEDSCAPE_EMAIL|1
CRITICAL|US_304528|US_304528|F2F_CALL|P2P|1
CRITICAL|US_304528|US_304528|HQ_EMAIL|DOXIMITY_DOCSPOT|1
CRITICAL|US_304528|US_304528|HQ_EMAIL|EDH_PROFLOW_EDMU|1
CRITICAL|US_304528|US_304528|HQ_EMAIL|EDH_PROFLOW_RDMU|1
CRITICAL|US_304528|US_304528|HQ_EMAIL|EDH_PROFLOW_WDMU|1
CRITICAL|US_304528|US_304528|HQ_EMAIL|EPOCRATES_ALERT|1
CRITICAL|US_304528|US_304528|HQ_EMAIL|HQ_EMAIL|7
CRITICAL|US_304528|US_304528|HQ_EMAIL|MEDSCAPE_EMAIL|1
CRITICAL|US_304528|US_304528|HQ_EMAIL|NUMEDIS_MDMINUTE|1
CRITICAL|US_304528|US_304528|HQ_EMAIL|P2P|1
CRITICAL|US_304528|US_304528|MEDSCAPE_ALERT|EDH_PROFLOW_EDMU|1
CRITICAL|US_304528|US_304528|MEDSCAPE_ALERT|EDH_PROFLOW_RDMU|1
CRITICAL|US_304528|US_304528|MEDSCAPE_ALERT|EDH_PROFLOW_WDMU|1
CRITICAL|US_304528|US_304528|MEDSCAPE_ALERT|EPOCRATES_ALERT|1
CRITICAL|US_304528|US_304528|MEDSCAPE_ALERT|HQ_EMAIL|1
CRITICAL|US_304528|US_304528|MEDSCAPE_ALERT|MEDSCAPE_EMAIL|7
CRITICAL|US_304528|US_304528|MEDSCAPE_ALERT|MEDSCAPE_POC|7
CRITICAL|US_304528|US_304528|MEDSCAPE_ALERT|NUMEDIS_MDMINUTE|1
CRITICAL|US_304528|US_304528|MEDSCAPE_ALERT|P2P|1
CRITICAL|US_304528|US_304528|MEDSCAPE_EMAIL|DOXIMITY_ALERT|1
CRITICAL|US_304528|US_304528|MEDSCAPE_EMAIL|DOXIMITY_DOCSPOT|1
CRITICAL|US_304528|US_304528|MEDSCAPE_EMAIL|EDH_PROFLOW_WDMU|1
CRITICAL|US_304528|US_304528|MEDSCAPE_EMAIL|EPOCRATES_ALERT|1
CRITICAL|US_304528|US_304528|MEDSCAPE_EMAIL|F2F_CALL|1
CRITICAL|US_304528|US_304528|MEDSCAPE_EMAIL|MEDSCAPE_POC|7
CRITICAL|US_304528|US_304528|MEDSCAPE_EMAIL|NUMEDIS_MDMINUTE|1
CRITICAL|US_304528|US_304528|MEDSCAPE_EMAIL|P2P|1
CRITICAL|US_304528|US_304528|MEDSCAPE_EMAIL|VEEVA_EMAIL|1
CRITICAL|US_304528|US_304528|MEDSCAPE_POC|DOXIMITY_ALERT|1
CRITICAL|US_304528|US_304528|MEDSCAPE_POC|DOXIMITY_DOCSPOT|1
CRITICAL|US_304528|US_304528|MEDSCAPE_POC|HQ_EMAIL|1
CRITICAL|US_304528|US_304528|MEDSCAPE_POC|MEDSCAPE_ALERT|7
CRITICAL|US_304528|US_304528|MEDSCAPE_POC|MEDSCAPE_EMAIL|7
CRITICAL|US_304528|US_304528|MEDSCAPE_POC|P2P|1
CRITICAL|US_304528|US_304528|MEDSCAPE_POC|VEEVA_EMAIL|1
CRITICAL|US_304528|US_304528|NUMEDIS_MDMINUTE|DOXIMITY_ALERT|1
CRITICAL|US_304528|US_304528|NUMEDIS_MDMINUTE|DOXIMITY_DOCSPOT|1
CRITICAL|US_304528|US_304528|NUMEDIS_MDMINUTE|EDH_PROFLOW_EDMU|1
CRITICAL|US_304528|US_304528|NUMEDIS_MDMINUTE|EDH_PROFLOW_RDMU|1
CRITICAL|US_304528|US_304528|NUMEDIS_MDMINUTE|EPOCRATES_ALERT|1
CRITICAL|US_304528|US_304528|NUMEDIS_MDMINUTE|F2F_CALL|1
CRITICAL|US_304528|US_304528|NUMEDIS_MDMINUTE|MEDSCAPE_EMAIL|1
CRITICAL|US_304528|US_304528|NUMEDIS_MDMINUTE|NUMEDIS_MDMINUTE|7
CRITICAL|US_304528|US_304528|NUMEDIS_MDMINUTE|VEEVA_EMAIL|1
CRITICAL|US_304528|US_304528|P2P|DOXIMITY_DOCSPOT|1
CRITICAL|US_304528|US_304528|P2P|EDH_PROFLOW_EDMU|1
CRITICAL|US_304528|US_304528|P2P|EDH_PROFLOW_RDMU|1
CRITICAL|US_304528|US_304528|P2P|EPOCRATES_ALERT|1
CRITICAL|US_304528|US_304528|P2P|F2F_CALL|1
CRITICAL|US_304528|US_304528|P2P|HQ_EMAIL|1
CRITICAL|US_304528|US_304528|P2P|MEDSCAPE_ALERT|1
CRITICAL|US_304528|US_304528|P2P|VEEVA_EMAIL|1
CRITICAL|US_304528|US_304528|VEEVA_EMAIL|DOXIMITY_DOCSPOT|1
CRITICAL|US_304528|US_304528|VEEVA_EMAIL|EDH_PROFLOW_EDMU|1
CRITICAL|US_304528|US_304528|VEEVA_EMAIL|F2F_CALL|1
CRITICAL|US_304528|US_304528|VEEVA_EMAIL|MEDSCAPE_EMAIL|1
CRITICAL|US_304528|US_304528|VEEVA_EMAIL|NUMEDIS_MDMINUTE|1
LUNG_C|RET|RET|THYROID_MEDSCAPE_POC|THYROID_MEDSCAPE_EMAIL|7
LUNG_C|RET|RET|THYROID_VEEVA_EMAIL|LUNG_DOXIMITY_ALERT|1
LUNG_C|RET|RET|THYROID_VEEVA_EMAIL|LUNG_F2F_CALL|14
LUNG_C|RET|RET|THYROID_VEEVA_EMAIL|LUNG_MEDSCAPE_POC|1
LUNG_C|RET|RET|THYROID_VEEVA_EMAIL|LUNG_VEEVA_EMAIL|14
LUNG_C|RET|RET|THYROID_VEEVA_EMAIL|OVERALL_DOXIMITY_ALERT|1
LUNG_C|RET|RET|THYROID_VEEVA_EMAIL|OVERALL_F2F_CALL|14
LUNG_C|RET|RET|THYROID_VEEVA_EMAIL|OVERALL_MEDSCAPE_ALERT|1
LUNG_C|RET|RET|THYROID_VEEVA_EMAIL|OVERALL_MEDSCAPE_BRANDSPOT|1
LUNG_C|RET|RET|THYROID_VEEVA_EMAIL|OVERALL_MEDSCAPE_EMAIL|1
LUNG_C|RET|RET|THYROID_VEEVA_EMAIL|OVERALL_P2P|1
LUNG_C|RET|RET|THYROID_VEEVA_EMAIL|THYROID_HQ_EMAIL|1
LUNG_C|RET|RET|THYROID_VEEVA_EMAIL|THYROID_MEDSCAPE_POC|1
LUNG_C|RET|RET|THYROID_VEEVA_EMAIL|THYROID_VEEVA_EMAIL|14
LUNG_H|RET|RET|LUNG_DOXIMITY_ALERT|LUNG_MEDSCAPE_ALERT|1
LUNG_H|RET|RET|LUNG_DOXIMITY_ALERT|LUNG_MEDSCAPE_BRANDSPOT|1
LUNG_H|RET|RET|LUNG_DOXIMITY_ALERT|LUNG_MEDSCAPE_EMAIL|1
LUNG_H|RET|RET|LUNG_DOXIMITY_ALERT|LUNG_VEEVA_EMAIL|1
LUNG_H|RET|RET|LUNG_DOXIMITY_ALERT|OVERALL_DOXIMITY_ALERT|14
LUNG_H|RET|RET|LUNG_DOXIMITY_ALERT|OVERALL_HQ_EMAIL|1
LUNG_H|RET|RET|LUNG_DOXIMITY_ALERT|OVERALL_MEDSCAPE_BRANDSPOT|1
LUNG_H|RET|RET|LUNG_DOXIMITY_ALERT|OVERALL_MEDSCAPE_POC|1
LUNG_H|RET|RET|LUNG_DOXIMITY_ALERT|OVERALL_VEEVA_EMAIL|1
LUNG_H|RET|RET|LUNG_DOXIMITY_ALERT|THYROID_HQ_EMAIL|1
LUNG_H|RET|RET|LUNG_F2F_CALL|LUNG_DOXIMITY_ALERT|1
LUNG_H|RET|RET|LUNG_F2F_CALL|LUNG_MEDSCAPE_ALERT|1
LUNG_H|RET|RET|LUNG_F2F_CALL|LUNG_MEDSCAPE_EMAIL|1
LUNG_H|RET|RET|LUNG_F2F_CALL|LUNG_MEDSCAPE_POC|1
LUNG_H|RET|RET|LUNG_F2F_CALL|LUNG_VEEVA_EMAIL|14
LUNG_H|RET|RET|LUNG_F2F_CALL|OVERALL_DOXIMITY_ALERT|1
LUNG_H|RET|RET|LUNG_F2F_CALL|OVERALL_MEDSCAPE_ALERT|1
LUNG_H|RET|RET|LUNG_F2F_CALL|OVERALL_MEDSCAPE_BRANDSPOT|1
LUNG_H|RET|RET|LUNG_F2F_CALL|OVERALL_MEDSCAPE_EMAIL|1
LUNG_H|RET|RET|LUNG_F2F_CALL|OVERALL_MEDSCAPE_POC|1
LUNG_H|RET|RET|LUNG_F2F_CALL|OVERALL_P2P|1
LUNG_H|RET|RET|LUNG_F2F_CALL|THYROID_DOXIMITY_ALERT|1
LUNG_H|RET|RET|LUNG_F2F_CALL|THYROID_VEEVA_EMAIL|14
LUNG_H|RET|RET|LUNG_HQ_EMAIL|LUNG_DOXIMITY_ALERT|1
LUNG_H|RET|RET|LUNG_HQ_EMAIL|LUNG_F2F_CALL|1
LUNG_H|RET|RET|LUNG_HQ_EMAIL|LUNG_HQ_EMAIL|7
LUNG_H|RET|RET|LUNG_HQ_EMAIL|LUNG_MEDSCAPE_ALERT|1
LUNG_H|RET|RET|LUNG_HQ_EMAIL|OVERALL_F2F_CALL|1
LUNG_H|RET|RET|LUNG_HQ_EMAIL|OVERALL_HQ_EMAIL|7
LUNG_H|RET|RET|LUNG_HQ_EMAIL|OVERALL_MEDSCAPE_BRANDSPOT|1
LUNG_H|RET|RET|LUNG_HQ_EMAIL|OVERALL_MEDSCAPE_EMAIL|1
LUNG_H|RET|RET|LUNG_HQ_EMAIL|OVERALL_MEDSCAPE_POC|1
LUNG_H|RET|RET|LUNG_HQ_EMAIL|OVERALL_P2P|1
LUNG_H|RET|RET|LUNG_HQ_EMAIL|OVERALL_VEEVA_EMAIL|1
LUNG_H|RET|RET|LUNG_HQ_EMAIL|THYROID_DOXIMITY_ALERT|1
LUNG_H|RET|RET|LUNG_HQ_EMAIL|THYROID_HQ_EMAIL|7
LUNG_H|RET|RET|LUNG_HQ_EMAIL|THYROID_MEDSCAPE_EMAIL|1
LUNG_H|RET|RET|LUNG_HQ_EMAIL|THYROID_VEEVA_EMAIL|1
LUNG_H|RET|RET|LUNG_MEDSCAPE_ALERT|LUNG_F2F_CALL|1
LUNG_H|RET|RET|LUNG_MEDSCAPE_ALERT|LUNG_MEDSCAPE_ALERT|28
LUNG_H|RET|RET|LUNG_MEDSCAPE_ALERT|LUNG_MEDSCAPE_EMAIL|7
LUNG_H|RET|RET|LUNG_MEDSCAPE_ALERT|LUNG_MEDSCAPE_POC|1
LUNG_H|RET|RET|LUNG_MEDSCAPE_ALERT|OVERALL_HQ_EMAIL|1
LUNG_H|RET|RET|LUNG_MEDSCAPE_ALERT|OVERALL_MEDSCAPE_BRANDSPOT|14
LUNG_H|RET|RET|LUNG_MEDSCAPE_ALERT|OVERALL_MEDSCAPE_EMAIL|7
LUNG_H|RET|RET|LUNG_MEDSCAPE_ALERT|OVERALL_VEEVA_EMAIL|1
LUNG_H|RET|RET|LUNG_MEDSCAPE_ALERT|THYROID_DOXIMITY_ALERT|1
LUNG_H|RET|RET|LUNG_MEDSCAPE_ALERT|THYROID_HQ_EMAIL|1
LUNG_H|RET|RET|LUNG_MEDSCAPE_ALERT|THYROID_MEDSCAPE_EMAIL|7
LUNG_H|RET|RET|LUNG_MEDSCAPE_ALERT|THYROID_VEEVA_EMAIL|1
LUNG_H|RET|RET|LUNG_MEDSCAPE_BRANDSPOT|LUNG_MEDSCAPE_ALERT|1
LUNG_H|RET|RET|LUNG_MEDSCAPE_BRANDSPOT|LUNG_MEDSCAPE_EMAIL|7
LUNG_H|RET|RET|LUNG_MEDSCAPE_BRANDSPOT|LUNG_MEDSCAPE_POC|14
LUNG_H|RET|RET|LUNG_MEDSCAPE_BRANDSPOT|LUNG_VEEVA_EMAIL|1
LUNG_H|RET|RET|LUNG_MEDSCAPE_BRANDSPOT|OVERALL_DOXIMITY_ALERT|1
LUNG_H|RET|RET|LUNG_MEDSCAPE_BRANDSPOT|OVERALL_HQ_EMAIL|1
LUNG_H|RET|RET|LUNG_MEDSCAPE_BRANDSPOT|OVERALL_MEDSCAPE_ALERT|1
LUNG_H|RET|RET|LUNG_MEDSCAPE_BRANDSPOT|OVERALL_MEDSCAPE_POC|14
LUNG_H|RET|RET|LUNG_MEDSCAPE_BRANDSPOT|OVERALL_P2P|1
LUNG_H|RET|RET|LUNG_MEDSCAPE_BRANDSPOT|THYROID_MEDSCAPE_EMAIL|7
LUNG_H|RET|RET|LUNG_MEDSCAPE_BRANDSPOT|THYROID_MEDSCAPE_POC|14
LUNG_H|RET|RET|LUNG_MEDSCAPE_EMAIL|LUNG_F2F_CALL|1
LUNG_H|RET|RET|LUNG_MEDSCAPE_EMAIL|LUNG_HQ_EMAIL|1
LUNG_H|RET|RET|LUNG_MEDSCAPE_EMAIL|LUNG_MEDSCAPE_EMAIL|14
LUNG_H|RET|RET|LUNG_MEDSCAPE_EMAIL|LUNG_MEDSCAPE_POC|1
LUNG_H|RET|RET|LUNG_MEDSCAPE_EMAIL|LUNG_VEEVA_EMAIL|1
LUNG_H|RET|RET|LUNG_MEDSCAPE_EMAIL|OVERALL_DOXIMITY_ALERT|1
LUNG_H|RET|RET|LUNG_MEDSCAPE_EMAIL|OVERALL_HQ_EMAIL|1
LUNG_C|RET|RET|LUNG_MEDSCAPE_BRANDSPOT|THYROID_VEEVA_EMAIL|1
LUNG_C|RET|RET|LUNG_MEDSCAPE_EMAIL|LUNG_DOXIMITY_ALERT|1
LUNG_C|RET|RET|LUNG_MEDSCAPE_EMAIL|LUNG_F2F_CALL|1
LUNG_C|RET|RET|LUNG_MEDSCAPE_EMAIL|LUNG_HQ_EMAIL|1
LUNG_C|RET|RET|LUNG_MEDSCAPE_EMAIL|LUNG_MEDSCAPE_EMAIL|28
LUNG_C|RET|RET|LUNG_MEDSCAPE_EMAIL|LUNG_MEDSCAPE_POC|1
LUNG_C|RET|RET|LUNG_MEDSCAPE_EMAIL|OVERALL_DOXIMITY_ALERT|1
LUNG_C|RET|RET|LUNG_MEDSCAPE_EMAIL|OVERALL_F2F_CALL|1
LUNG_C|RET|RET|LUNG_MEDSCAPE_EMAIL|OVERALL_HQ_EMAIL|1
LUNG_C|RET|RET|LUNG_MEDSCAPE_EMAIL|OVERALL_MEDSCAPE_EMAIL|28
LUNG_C|RET|RET|LUNG_MEDSCAPE_EMAIL|OVERALL_P2P|1
LUNG_C|RET|RET|LUNG_MEDSCAPE_EMAIL|THYROID_F2F_CALL|1
LUNG_C|RET|RET|LUNG_MEDSCAPE_EMAIL|THYROID_HQ_EMAIL|1
LUNG_C|RET|RET|LUNG_MEDSCAPE_EMAIL|THYROID_MEDSCAPE_BRANDSPOT|7
LUNG_C|RET|RET|LUNG_MEDSCAPE_EMAIL|THYROID_MEDSCAPE_EMAIL|28
LUNG_C|RET|RET|LUNG_MEDSCAPE_EMAIL|THYROID_MEDSCAPE_POC|7
LUNG_C|RET|RET|LUNG_MEDSCAPE_EMAIL|THYROID_VEEVA_EMAIL|1
LUNG_C|RET|RET|LUNG_MEDSCAPE_POC|LUNG_DOXIMITY_ALERT|1
LUNG_C|RET|RET|LUNG_MEDSCAPE_POC|LUNG_F2F_CALL|1
LUNG_C|RET|RET|LUNG_MEDSCAPE_POC|LUNG_MEDSCAPE_BRANDSPOT|14
LUNG_C|RET|RET|LUNG_MEDSCAPE_POC|LUNG_MEDSCAPE_EMAIL|7
LUNG_C|RET|RET|LUNG_MEDSCAPE_POC|OVERALL_F2F_CALL|1
LUNG_C|RET|RET|LUNG_MEDSCAPE_POC|OVERALL_MEDSCAPE_BRANDSPOT|14
LUNG_C|RET|RET|LUNG_MEDSCAPE_POC|OVERALL_MEDSCAPE_EMAIL|7
LUNG_C|RET|RET|LUNG_MEDSCAPE_POC|OVERALL_VEEVA_EMAIL|1
LUNG_C|RET|RET|LUNG_MEDSCAPE_POC|THYROID_DOXIMITY_ALERT|1
LUNG_C|RET|RET|LUNG_MEDSCAPE_POC|THYROID_F2F_CALL|1
LUNG_C|RET|RET|LUNG_MEDSCAPE_POC|THYROID_HQ_EMAIL|1
LUNG_C|RET|RET|LUNG_MEDSCAPE_POC|THYROID_MEDSCAPE_ALERT|14
LUNG_C|RET|RET|LUNG_MEDSCAPE_POC|THYROID_MEDSCAPE_EMAIL|7
LUNG_C|RET|RET|LUNG_MEDSCAPE_POC|THYROID_VEEVA_EMAIL|1
LUNG_C|RET|RET|LUNG_VEEVA_EMAIL|LUNG_HQ_EMAIL|1
LUNG_C|RET|RET|LUNG_VEEVA_EMAIL|LUNG_MEDSCAPE_ALERT|1
LUNG_C|RET|RET|LUNG_VEEVA_EMAIL|LUNG_MEDSCAPE_EMAIL|1
LUNG_C|RET|RET|LUNG_VEEVA_EMAIL|LUNG_MEDSCAPE_POC|1
LUNG_C|RET|RET|LUNG_VEEVA_EMAIL|LUNG_VEEVA_EMAIL|14
LUNG_C|RET|RET|LUNG_VEEVA_EMAIL|OVERALL_DOXIMITY_ALERT|1
LUNG_C|RET|RET|LUNG_VEEVA_EMAIL|OVERALL_HQ_EMAIL|1
LUNG_C|RET|RET|LUNG_VEEVA_EMAIL|OVERALL_MEDSCAPE_EMAIL|1
LUNG_C|RET|RET|LUNG_VEEVA_EMAIL|OVERALL_P2P|1
LUNG_C|RET|RET|LUNG_VEEVA_EMAIL|OVERALL_VEEVA_EMAIL|14
LUNG_C|RET|RET|LUNG_VEEVA_EMAIL|THYROID_F2F_CALL|14
LUNG_C|RET|RET|LUNG_VEEVA_EMAIL|THYROID_MEDSCAPE_BRANDSPOT|1
LUNG_C|RET|RET|LUNG_VEEVA_EMAIL|THYROID_MEDSCAPE_EMAIL|1
LUNG_C|RET|RET|OVERALL_DOXIMITY_ALERT|LUNG_DOXIMITY_ALERT|14
LUNG_C|RET|RET|OVERALL_DOXIMITY_ALERT|LUNG_HQ_EMAIL|1
LUNG_C|RET|RET|OVERALL_DOXIMITY_ALERT|LUNG_MEDSCAPE_ALERT|1
LUNG_C|RET|RET|OVERALL_DOXIMITY_ALERT|LUNG_MEDSCAPE_POC|1
LUNG_C|RET|RET|OVERALL_DOXIMITY_ALERT|LUNG_VEEVA_EMAIL|1
LUNG_C|RET|RET|OVERALL_DOXIMITY_ALERT|OVERALL_DOXIMITY_ALERT|14
LUNG_C|RET|RET|OVERALL_DOXIMITY_ALERT|OVERALL_F2F_CALL|1
LUNG_C|RET|RET|OVERALL_DOXIMITY_ALERT|OVERALL_MEDSCAPE_ALERT|1
LUNG_C|RET|RET|OVERALL_DOXIMITY_ALERT|OVERALL_MEDSCAPE_EMAIL|1
LUNG_C|RET|RET|OVERALL_DOXIMITY_ALERT|OVERALL_MEDSCAPE_POC|1
LUNG_C|RET|RET|OVERALL_DOXIMITY_ALERT|OVERALL_P2P|1
LUNG_C|RET|RET|OVERALL_DOXIMITY_ALERT|THYROID_HQ_EMAIL|1
LUNG_C|RET|RET|OVERALL_DOXIMITY_ALERT|THYROID_MEDSCAPE_BRANDSPOT|1
LUNG_C|RET|RET|OVERALL_DOXIMITY_ALERT|THYROID_MEDSCAPE_EMAIL|1
LUNG_C|RET|RET|OVERALL_DOXIMITY_ALERT|THYROID_MEDSCAPE_POC|1
LUNG_C|RET|RET|OVERALL_F2F_CALL|LUNG_F2F_CALL|21
LUNG_C|RET|RET|OVERALL_F2F_CALL|LUNG_MEDSCAPE_ALERT|1
LUNG_C|RET|RET|OVERALL_F2F_CALL|LUNG_MEDSCAPE_BRANDSPOT|1
LUNG_C|RET|RET|OVERALL_F2F_CALL|LUNG_MEDSCAPE_POC|1
LUNG_C|RET|RET|OVERALL_F2F_CALL|OVERALL_DOXIMITY_ALERT|1
LUNG_C|RET|RET|OVERALL_F2F_CALL|OVERALL_F2F_CALL|21
LUNG_C|RET|RET|OVERALL_F2F_CALL|OVERALL_HQ_EMAIL|1
LUNG_C|RET|RET|OVERALL_F2F_CALL|OVERALL_MEDSCAPE_ALERT|1
LUNG_C|RET|RET|OVERALL_F2F_CALL|OVERALL_MEDSCAPE_BRANDSPOT|1
LUNG_C|RET|RET|OVERALL_F2F_CALL|OVERALL_MEDSCAPE_EMAIL|1
LUNG_C|RET|RET|OVERALL_F2F_CALL|OVERALL_P2P|1
LUNG_C|RET|RET|OVERALL_F2F_CALL|THYROID_DOXIMITY_ALERT|1
LUNG_C|RET|RET|OVERALL_F2F_CALL|THYROID_MEDSCAPE_EMAIL|1
LUNG_C|RET|RET|OVERALL_F2F_CALL|THYROID_VEEVA_EMAIL|14
LUNG_C|RET|RET|OVERALL_HQ_EMAIL|LUNG_F2F_CALL|1
LUNG_C|RET|RET|OVERALL_HQ_EMAIL|LUNG_MEDSCAPE_EMAIL|1
LUNG_C|RET|RET|OVERALL_HQ_EMAIL|OVERALL_DOXIMITY_ALERT|1
LUNG_C|RET|RET|OVERALL_HQ_EMAIL|OVERALL_HQ_EMAIL|7
LUNG_C|RET|RET|OVERALL_HQ_EMAIL|OVERALL_MEDSCAPE_ALERT|1
LUNG_C|RET|RET|OVERALL_HQ_EMAIL|OVERALL_MEDSCAPE_POC|1
LUNG_C|RET|RET|OVERALL_HQ_EMAIL|THYROID_HQ_EMAIL|7
LUNG_C|RET|RET|OVERALL_HQ_EMAIL|THYROID_MEDSCAPE_BRANDSPOT|1
LUNG_C|RET|RET|LUNG_F2F_CALL|LUNG_F2F_CALL|21
LUNG_C|RET|RET|LUNG_F2F_CALL|LUNG_HQ_EMAIL|1
LUNG_C|RET|RET|LUNG_F2F_CALL|LUNG_MEDSCAPE_ALERT|1
LUNG_C|RET|RET|LUNG_F2F_CALL|LUNG_MEDSCAPE_BRANDSPOT|1
LUNG_C|RET|RET|LUNG_F2F_CALL|LUNG_MEDSCAPE_POC|1
LUNG_C|RET|RET|LUNG_F2F_CALL|OVERALL_DOXIMITY_ALERT|1
LUNG_C|RET|RET|LUNG_F2F_CALL|OVERALL_F2F_CALL|21
LUNG_C|RET|RET|LUNG_F2F_CALL|OVERALL_MEDSCAPE_ALERT|1
LUNG_C|RET|RET|LUNG_F2F_CALL|OVERALL_MEDSCAPE_BRANDSPOT|1
LUNG_C|RET|RET|LUNG_F2F_CALL|OVERALL_MEDSCAPE_POC|1
LUNG_C|RET|RET|LUNG_F2F_CALL|OVERALL_P2P|1
LUNG_C|RET|RET|LUNG_F2F_CALL|OVERALL_VEEVA_EMAIL|14
LUNG_C|RET|RET|LUNG_F2F_CALL|THYROID_DOXIMITY_ALERT|1
LUNG_C|RET|RET|LUNG_F2F_CALL|THYROID_F2F_CALL|21
LUNG_C|RET|RET|LUNG_F2F_CALL|THYROID_MEDSCAPE_BRANDSPOT|1
LUNG_C|RET|RET|LUNG_HQ_EMAIL|LUNG_MEDSCAPE_ALERT|1
LUNG_C|RET|RET|LUNG_HQ_EMAIL|LUNG_MEDSCAPE_BRANDSPOT|1
LUNG_C|RET|RET|LUNG_HQ_EMAIL|OVERALL_DOXIMITY_ALERT|1
LUNG_C|RET|RET|LUNG_HQ_EMAIL|OVERALL_F2F_CALL|1
LUNG_C|RET|RET|LUNG_HQ_EMAIL|OVERALL_HQ_EMAIL|7
LUNG_C|RET|RET|LUNG_HQ_EMAIL|OVERALL_MEDSCAPE_BRANDSPOT|1
LUNG_C|RET|RET|LUNG_HQ_EMAIL|OVERALL_MEDSCAPE_EMAIL|1
LUNG_C|RET|RET|LUNG_HQ_EMAIL|OVERALL_MEDSCAPE_POC|1
LUNG_C|RET|RET|LUNG_HQ_EMAIL|OVERALL_P2P|1
LUNG_C|RET|RET|LUNG_HQ_EMAIL|THYROID_F2F_CALL|1
LUNG_C|RET|RET|LUNG_HQ_EMAIL|THYROID_MEDSCAPE_ALERT|1
LUNG_C|RET|RET|LUNG_HQ_EMAIL|THYROID_MEDSCAPE_EMAIL|1
LUNG_C|RET|RET|LUNG_HQ_EMAIL|THYROID_MEDSCAPE_POC|1
LUNG_C|RET|RET|LUNG_MEDSCAPE_ALERT|LUNG_DOXIMITY_ALERT|1
LUNG_C|RET|RET|LUNG_MEDSCAPE_ALERT|LUNG_MEDSCAPE_ALERT|28
LUNG_C|RET|RET|LUNG_MEDSCAPE_ALERT|LUNG_MEDSCAPE_BRANDSPOT|14
LUNG_C|RET|RET|LUNG_MEDSCAPE_ALERT|LUNG_MEDSCAPE_EMAIL|7
LUNG_C|RET|RET|LUNG_MEDSCAPE_ALERT|LUNG_VEEVA_EMAIL|1
LUNG_C|RET|RET|LUNG_MEDSCAPE_ALERT|OVERALL_DOXIMITY_ALERT|1
LUNG_C|RET|RET|LUNG_MEDSCAPE_ALERT|OVERALL_MEDSCAPE_BRANDSPOT|14
LUNG_C|RET|RET|LUNG_MEDSCAPE_ALERT|OVERALL_MEDSCAPE_EMAIL|7
LUNG_C|RET|RET|LUNG_MEDSCAPE_ALERT|OVERALL_MEDSCAPE_POC|14
LUNG_C|RET|RET|LUNG_MEDSCAPE_ALERT|THYROID_DOXIMITY_ALERT|1
LUNG_C|RET|RET|LUNG_MEDSCAPE_ALERT|THYROID_F2F_CALL|1
LUNG_C|RET|RET|LUNG_MEDSCAPE_ALERT|THYROID_MEDSCAPE_ALERT|28
LUNG_C|RET|RET|LUNG_MEDSCAPE_ALERT|THYROID_MEDSCAPE_POC|14
LUNG_C|RET|RET|LUNG_MEDSCAPE_ALERT|THYROID_VEEVA_EMAIL|1
LUNG_C|RET|RET|LUNG_MEDSCAPE_BRANDSPOT|LUNG_F2F_CALL|1
LUNG_C|RET|RET|LUNG_MEDSCAPE_BRANDSPOT|LUNG_HQ_EMAIL|1
LUNG_C|RET|RET|LUNG_MEDSCAPE_BRANDSPOT|LUNG_MEDSCAPE_ALERT|1
LUNG_C|RET|RET|LUNG_MEDSCAPE_BRANDSPOT|LUNG_MEDSCAPE_BRANDSPOT|14
LUNG_C|RET|RET|LUNG_MEDSCAPE_BRANDSPOT|LUNG_MEDSCAPE_POC|14
LUNG_C|RET|RET|LUNG_MEDSCAPE_BRANDSPOT|OVERALL_DOXIMITY_ALERT|1
LUNG_C|RET|RET|LUNG_MEDSCAPE_BRANDSPOT|OVERALL_F2F_CALL|1
LUNG_C|RET|RET|LUNG_MEDSCAPE_BRANDSPOT|OVERALL_MEDSCAPE_BRANDSPOT|14
LUNG_C|RET|RET|LUNG_MEDSCAPE_BRANDSPOT|OVERALL_P2P|1
LUNG_C|RET|RET|LUNG_MEDSCAPE_BRANDSPOT|THYROID_DOXIMITY_ALERT|1
LUNG_C|RET|RET|LUNG_MEDSCAPE_BRANDSPOT|THYROID_F2F_CALL|1
LUNG_C|RET|RET|LUNG_MEDSCAPE_BRANDSPOT|THYROID_MEDSCAPE_ALERT|1
LUNG_C|RET|RET|LUNG_MEDSCAPE_EMAIL|LUNG_MEDSCAPE_ALERT|7
LUNG_C|RET|RET|LUNG_MEDSCAPE_EMAIL|LUNG_MEDSCAPE_BRANDSPOT|7
LUNG_C|RET|RET|LUNG_MEDSCAPE_EMAIL|LUNG_VEEVA_EMAIL|1
LUNG_C|RET|RET|LUNG_MEDSCAPE_EMAIL|OVERALL_MEDSCAPE_ALERT|7
LUNG_C|RET|RET|LUNG_MEDSCAPE_EMAIL|OVERALL_MEDSCAPE_BRANDSPOT|7
LUNG_C|RET|RET|LUNG_MEDSCAPE_EMAIL|OVERALL_MEDSCAPE_POC|7
LUNG_C|RET|RET|LUNG_MEDSCAPE_EMAIL|OVERALL_VEEVA_EMAIL|1
LUNG_C|RET|RET|LUNG_MEDSCAPE_EMAIL|THYROID_DOXIMITY_ALERT|1
LUNG_C|RET|RET|LUNG_MEDSCAPE_EMAIL|THYROID_MEDSCAPE_ALERT|7
LUNG_C|RET|RET|LUNG_MEDSCAPE_POC|LUNG_HQ_EMAIL|1
LUNG_C|RET|RET|LUNG_MEDSCAPE_POC|LUNG_MEDSCAPE_ALERT|14
LUNG_C|RET|RET|LUNG_MEDSCAPE_POC|LUNG_MEDSCAPE_POC|14
LUNG_C|RET|RET|LUNG_MEDSCAPE_POC|LUNG_VEEVA_EMAIL|1
LUNG_C|RET|RET|LUNG_MEDSCAPE_POC|OVERALL_DOXIMITY_ALERT|1
LUNG_C|RET|RET|LUNG_MEDSCAPE_POC|OVERALL_HQ_EMAIL|1
LUNG_C|RET|RET|LUNG_MEDSCAPE_POC|OVERALL_MEDSCAPE_ALERT|14
LUNG_C|RET|RET|LUNG_MEDSCAPE_POC|OVERALL_MEDSCAPE_POC|14
LUNG_C|RET|RET|LUNG_MEDSCAPE_POC|OVERALL_P2P|1
LUNG_C|RET|RET|LUNG_MEDSCAPE_POC|THYROID_MEDSCAPE_BRANDSPOT|14
LUNG_C|RET|RET|LUNG_MEDSCAPE_POC|THYROID_MEDSCAPE_POC|14
LUNG_C|RET|RET|LUNG_VEEVA_EMAIL|LUNG_DOXIMITY_ALERT|1
LUNG_C|RET|RET|LUNG_VEEVA_EMAIL|LUNG_F2F_CALL|14
LUNG_C|RET|RET|LUNG_VEEVA_EMAIL|LUNG_MEDSCAPE_BRANDSPOT|1
LUNG_C|RET|RET|LUNG_VEEVA_EMAIL|OVERALL_F2F_CALL|14
LUNG_C|RET|RET|LUNG_VEEVA_EMAIL|OVERALL_MEDSCAPE_ALERT|1
LUNG_C|RET|RET|LUNG_VEEVA_EMAIL|OVERALL_MEDSCAPE_BRANDSPOT|1
LUNG_C|RET|RET|LUNG_VEEVA_EMAIL|OVERALL_MEDSCAPE_POC|1
OVERALL_H|RET|RET|LUNG_DOXIMITY_ALERT|THYROID_MEDSCAPE_ALERT|1
OVERALL_H|RET|RET|LUNG_DOXIMITY_ALERT|THYROID_MEDSCAPE_BRANDSPOT|1
OVERALL_H|RET|RET|LUNG_DOXIMITY_ALERT|THYROID_MEDSCAPE_POC|1
OVERALL_H|RET|RET|LUNG_F2F_CALL|LUNG_VEEVA_EMAIL|14
OVERALL_H|RET|RET|LUNG_F2F_CALL|OVERALL_F2F_CALL|21
OVERALL_H|RET|RET|LUNG_F2F_CALL|OVERALL_MEDSCAPE_ALERT|1
OVERALL_H|RET|RET|LUNG_F2F_CALL|OVERALL_MEDSCAPE_POC|1
OVERALL_H|RET|RET|LUNG_F2F_CALL|THYROID_DOXIMITY_ALERT|1
OVERALL_H|RET|RET|LUNG_F2F_CALL|THYROID_F2F_CALL|21
OVERALL_H|RET|RET|LUNG_F2F_CALL|THYROID_HQ_EMAIL|1
OVERALL_H|RET|RET|LUNG_F2F_CALL|THYROID_MEDSCAPE_EMAIL|1
OVERALL_H|RET|RET|LUNG_F2F_CALL|THYROID_VEEVA_EMAIL|14
OVERALL_H|RET|RET|LUNG_HQ_EMAIL|LUNG_DOXIMITY_ALERT|1
OVERALL_H|RET|RET|LUNG_HQ_EMAIL|LUNG_F2F_CALL|1
OVERALL_H|RET|RET|LUNG_HQ_EMAIL|LUNG_MEDSCAPE_BRANDSPOT|1
OVERALL_H|RET|RET|LUNG_HQ_EMAIL|LUNG_MEDSCAPE_EMAIL|1
OVERALL_H|RET|RET|LUNG_HQ_EMAIL|LUNG_MEDSCAPE_POC|1
OVERALL_H|RET|RET|LUNG_HQ_EMAIL|LUNG_VEEVA_EMAIL|1
OVERALL_H|RET|RET|LUNG_HQ_EMAIL|OVERALL_F2F_CALL|1
OVERALL_H|RET|RET|LUNG_HQ_EMAIL|OVERALL_HQ_EMAIL|7
OVERALL_H|RET|RET|LUNG_HQ_EMAIL|OVERALL_MEDSCAPE_BRANDSPOT|1
OVERALL_H|RET|RET|LUNG_HQ_EMAIL|OVERALL_P2P|1
OVERALL_H|RET|RET|LUNG_HQ_EMAIL|OVERALL_VEEVA_EMAIL|1
OVERALL_H|RET|RET|LUNG_HQ_EMAIL|THYROID_HQ_EMAIL|7
OVERALL_H|RET|RET|LUNG_HQ_EMAIL|THYROID_MEDSCAPE_ALERT|1
OVERALL_H|RET|RET|LUNG_HQ_EMAIL|THYROID_MEDSCAPE_EMAIL|1
OVERALL_H|RET|RET|LUNG_HQ_EMAIL|THYROID_MEDSCAPE_POC|1
OVERALL_H|RET|RET|LUNG_MEDSCAPE_ALERT|LUNG_F2F_CALL|1
OVERALL_H|RET|RET|LUNG_MEDSCAPE_ALERT|LUNG_MEDSCAPE_ALERT|28
OVERALL_H|RET|RET|LUNG_MEDSCAPE_ALERT|LUNG_MEDSCAPE_BRANDSPOT|14
OVERALL_H|RET|RET|LUNG_MEDSCAPE_ALERT|LUNG_MEDSCAPE_POC|1
OVERALL_H|RET|RET|LUNG_MEDSCAPE_ALERT|LUNG_VEEVA_EMAIL|1
OVERALL_H|RET|RET|LUNG_MEDSCAPE_ALERT|OVERALL_DOXIMITY_ALERT|1
OVERALL_H|RET|RET|LUNG_MEDSCAPE_ALERT|OVERALL_F2F_CALL|1
OVERALL_H|RET|RET|LUNG_MEDSCAPE_ALERT|OVERALL_MEDSCAPE_ALERT|28
OVERALL_H|RET|RET|LUNG_MEDSCAPE_ALERT|OVERALL_MEDSCAPE_POC|14
OVERALL_H|RET|RET|LUNG_MEDSCAPE_ALERT|OVERALL_P2P|1
OVERALL_H|RET|RET|LUNG_MEDSCAPE_ALERT|OVERALL_VEEVA_EMAIL|1
OVERALL_H|RET|RET|LUNG_MEDSCAPE_ALERT|THYROID_DOXIMITY_ALERT|1
OVERALL_H|RET|RET|LUNG_MEDSCAPE_ALERT|THYROID_MEDSCAPE_ALERT|28
OVERALL_H|RET|RET|LUNG_MEDSCAPE_ALERT|THYROID_MEDSCAPE_BRANDSPOT|1
OVERALL_H|RET|RET|LUNG_MEDSCAPE_ALERT|THYROID_MEDSCAPE_EMAIL|7
OVERALL_H|RET|RET|LUNG_MEDSCAPE_ALERT|THYROID_MEDSCAPE_POC|14
OVERALL_H|RET|RET|LUNG_MEDSCAPE_BRANDSPOT|LUNG_HQ_EMAIL|1
OVERALL_H|RET|RET|LUNG_MEDSCAPE_BRANDSPOT|LUNG_MEDSCAPE_EMAIL|7
OVERALL_H|RET|RET|LUNG_MEDSCAPE_BRANDSPOT|LUNG_MEDSCAPE_POC|14
OVERALL_H|RET|RET|LUNG_MEDSCAPE_BRANDSPOT|LUNG_VEEVA_EMAIL|1
OVERALL_H|RET|RET|LUNG_MEDSCAPE_BRANDSPOT|OVERALL_DOXIMITY_ALERT|1
OVERALL_H|RET|RET|LUNG_MEDSCAPE_BRANDSPOT|OVERALL_HQ_EMAIL|1
OVERALL_H|RET|RET|LUNG_MEDSCAPE_BRANDSPOT|OVERALL_MEDSCAPE_ALERT|1
OVERALL_H|RET|RET|LUNG_MEDSCAPE_BRANDSPOT|OVERALL_MEDSCAPE_BRANDSPOT|14
OVERALL_H|RET|RET|LUNG_MEDSCAPE_BRANDSPOT|OVERALL_MEDSCAPE_EMAIL|7
OVERALL_H|RET|RET|LUNG_MEDSCAPE_BRANDSPOT|OVERALL_MEDSCAPE_POC|14
OVERALL_H|RET|RET|LUNG_MEDSCAPE_BRANDSPOT|THYROID_DOXIMITY_ALERT|1
OVERALL_H|RET|RET|LUNG_MEDSCAPE_BRANDSPOT|THYROID_HQ_EMAIL|1
OVERALL_H|RET|RET|LUNG_MEDSCAPE_BRANDSPOT|THYROID_MEDSCAPE_BRANDSPOT|14
OVERALL_H|RET|RET|LUNG_MEDSCAPE_BRANDSPOT|THYROID_VEEVA_EMAIL|1
OVERALL_H|RET|RET|LUNG_MEDSCAPE_EMAIL|LUNG_DOXIMITY_ALERT|1
OVERALL_H|RET|RET|LUNG_MEDSCAPE_EMAIL|LUNG_F2F_CALL|1
OVERALL_H|RET|RET|LUNG_MEDSCAPE_EMAIL|LUNG_MEDSCAPE_BRANDSPOT|7
OVERALL_H|RET|RET|LUNG_MEDSCAPE_EMAIL|LUNG_MEDSCAPE_EMAIL|28
OVERALL_H|RET|RET|LUNG_MEDSCAPE_EMAIL|LUNG_MEDSCAPE_POC|1
OVERALL_H|RET|RET|LUNG_MEDSCAPE_EMAIL|OVERALL_DOXIMITY_ALERT|1
OVERALL_H|RET|RET|LUNG_MEDSCAPE_EMAIL|OVERALL_F2F_CALL|1
OVERALL_H|RET|RET|LUNG_MEDSCAPE_EMAIL|OVERALL_HQ_EMAIL|1
OVERALL_H|RET|RET|LUNG_MEDSCAPE_EMAIL|OVERALL_MEDSCAPE_ALERT|7
OVERALL_H|RET|RET|LUNG_MEDSCAPE_EMAIL|OVERALL_MEDSCAPE_BRANDSPOT|7
OVERALL_H|RET|RET|LUNG_MEDSCAPE_EMAIL|OVERALL_VEEVA_EMAIL|1
OVERALL_H|RET|RET|LUNG_MEDSCAPE_EMAIL|THYROID_DOXIMITY_ALERT|1
OVERALL_H|RET|RET|LUNG_MEDSCAPE_EMAIL|THYROID_HQ_EMAIL|1
OVERALL_H|RET|RET|LUNG_MEDSCAPE_EMAIL|THYROID_MEDSCAPE_BRANDSPOT|7
OVERALL_H|RET|RET|LUNG_MEDSCAPE_EMAIL|THYROID_VEEVA_EMAIL|1
OVERALL_H|RET|RET|LUNG_MEDSCAPE_POC|LUNG_HQ_EMAIL|1
OVERALL_H|RET|RET|LUNG_MEDSCAPE_POC|LUNG_MEDSCAPE_EMAIL|7
OVERALL_H|RET|RET|LUNG_MEDSCAPE_POC|OVERALL_F2F_CALL|1
OVERALL_H|RET|RET|LUNG_MEDSCAPE_POC|OVERALL_MEDSCAPE_BRANDSPOT|14
OVERALL_H|RET|RET|LUNG_MEDSCAPE_POC|OVERALL_MEDSCAPE_POC|14
THYROID_C|RET|RET|LUNG_MEDSCAPE_ALERT|OVERALL_MEDSCAPE_POC|14
THYROID_C|RET|RET|LUNG_MEDSCAPE_ALERT|OVERALL_P2P|1
THYROID_C|RET|RET|LUNG_MEDSCAPE_ALERT|OVERALL_VEEVA_EMAIL|1
THYROID_C|RET|RET|LUNG_MEDSCAPE_ALERT|THYROID_DOXIMITY_ALERT|1
THYROID_C|RET|RET|LUNG_MEDSCAPE_ALERT|THYROID_MEDSCAPE_ALERT|28
THYROID_C|RET|RET|LUNG_MEDSCAPE_ALERT|THYROID_MEDSCAPE_BRANDSPOT|1
THYROID_C|RET|RET|LUNG_MEDSCAPE_ALERT|THYROID_MEDSCAPE_EMAIL|7
THYROID_C|RET|RET|LUNG_MEDSCAPE_ALERT|THYROID_VEEVA_EMAIL|1
THYROID_C|RET|RET|LUNG_MEDSCAPE_BRANDSPOT|LUNG_DOXIMITY_ALERT|1
THYROID_C|RET|RET|LUNG_MEDSCAPE_BRANDSPOT|LUNG_F2F_CALL|1
THYROID_C|RET|RET|LUNG_MEDSCAPE_BRANDSPOT|LUNG_MEDSCAPE_EMAIL|7
THYROID_C|RET|RET|LUNG_MEDSCAPE_BRANDSPOT|LUNG_MEDSCAPE_POC|14
THYROID_C|RET|RET|LUNG_MEDSCAPE_BRANDSPOT|LUNG_VEEVA_EMAIL|1
THYROID_C|RET|RET|LUNG_MEDSCAPE_BRANDSPOT|OVERALL_HQ_EMAIL|1
THYROID_C|RET|RET|LUNG_MEDSCAPE_BRANDSPOT|OVERALL_MEDSCAPE_BRANDSPOT|14
THYROID_C|RET|RET|LUNG_MEDSCAPE_BRANDSPOT|OVERALL_MEDSCAPE_POC|14
THYROID_C|RET|RET|LUNG_MEDSCAPE_BRANDSPOT|OVERALL_VEEVA_EMAIL|1
THYROID_C|RET|RET|LUNG_MEDSCAPE_BRANDSPOT|THYROID_DOXIMITY_ALERT|1
THYROID_C|RET|RET|LUNG_MEDSCAPE_BRANDSPOT|THYROID_F2F_CALL|1
THYROID_C|RET|RET|LUNG_MEDSCAPE_BRANDSPOT|THYROID_HQ_EMAIL|1
THYROID_C|RET|RET|LUNG_MEDSCAPE_BRANDSPOT|THYROID_MEDSCAPE_ALERT|1
THYROID_C|RET|RET|LUNG_MEDSCAPE_BRANDSPOT|THYROID_MEDSCAPE_POC|14
THYROID_C|RET|RET|LUNG_MEDSCAPE_BRANDSPOT|THYROID_VEEVA_EMAIL|1
THYROID_C|RET|RET|LUNG_MEDSCAPE_EMAIL|LUNG_F2F_CALL|1
THYROID_C|RET|RET|LUNG_MEDSCAPE_EMAIL|LUNG_HQ_EMAIL|1
THYROID_C|RET|RET|LUNG_MEDSCAPE_EMAIL|LUNG_MEDSCAPE_ALERT|7
THYROID_C|RET|RET|LUNG_MEDSCAPE_EMAIL|LUNG_MEDSCAPE_EMAIL|28
THYROID_C|RET|RET|LUNG_MEDSCAPE_EMAIL|OVERALL_MEDSCAPE_ALERT|7
THYROID_C|RET|RET|LUNG_MEDSCAPE_EMAIL|OVERALL_MEDSCAPE_BRANDSPOT|7
THYROID_C|RET|RET|LUNG_MEDSCAPE_EMAIL|OVERALL_MEDSCAPE_EMAIL|28
THYROID_C|RET|RET|LUNG_MEDSCAPE_EMAIL|OVERALL_P2P|1
THYROID_C|RET|RET|LUNG_MEDSCAPE_EMAIL|THYROID_MEDSCAPE_BRANDSPOT|7
THYROID_C|RET|RET|LUNG_MEDSCAPE_POC|LUNG_F2F_CALL|1
THYROID_C|RET|RET|LUNG_MEDSCAPE_POC|LUNG_HQ_EMAIL|1
THYROID_C|RET|RET|LUNG_MEDSCAPE_POC|LUNG_MEDSCAPE_ALERT|14
THYROID_C|RET|RET|LUNG_MEDSCAPE_POC|LUNG_MEDSCAPE_POC|14
THYROID_C|RET|RET|LUNG_MEDSCAPE_POC|LUNG_VEEVA_EMAIL|1
THYROID_C|RET|RET|LUNG_MEDSCAPE_POC|OVERALL_DOXIMITY_ALERT|1
THYROID_C|RET|RET|LUNG_MEDSCAPE_POC|OVERALL_F2F_CALL|1
THYROID_C|RET|RET|LUNG_MEDSCAPE_POC|OVERALL_VEEVA_EMAIL|1
THYROID_C|RET|RET|LUNG_MEDSCAPE_POC|THYROID_F2F_CALL|1
THYROID_C|RET|RET|LUNG_MEDSCAPE_POC|THYROID_HQ_EMAIL|1
THYROID_C|RET|RET|LUNG_MEDSCAPE_POC|THYROID_MEDSCAPE_ALERT|14
THYROID_C|RET|RET|LUNG_MEDSCAPE_POC|THYROID_MEDSCAPE_BRANDSPOT|14
THYROID_C|RET|RET|LUNG_VEEVA_EMAIL|LUNG_DOXIMITY_ALERT|1
THYROID_C|RET|RET|LUNG_VEEVA_EMAIL|LUNG_MEDSCAPE_BRANDSPOT|1
THYROID_C|RET|RET|LUNG_VEEVA_EMAIL|LUNG_MEDSCAPE_POC|1
THYROID_C|RET|RET|LUNG_VEEVA_EMAIL|OVERALL_HQ_EMAIL|1
THYROID_C|RET|RET|LUNG_VEEVA_EMAIL|OVERALL_MEDSCAPE_BRANDSPOT|1
THYROID_C|RET|RET|LUNG_VEEVA_EMAIL|OVERALL_MEDSCAPE_EMAIL|1
THYROID_C|RET|RET|LUNG_VEEVA_EMAIL|OVERALL_MEDSCAPE_POC|1
THYROID_C|RET|RET|LUNG_VEEVA_EMAIL|OVERALL_P2P|1
THYROID_C|RET|RET|LUNG_VEEVA_EMAIL|OVERALL_VEEVA_EMAIL|14
THYROID_C|RET|RET|LUNG_VEEVA_EMAIL|THYROID_F2F_CALL|14
THYROID_C|RET|RET|LUNG_VEEVA_EMAIL|THYROID_MEDSCAPE_BRANDSPOT|1
THYROID_C|RET|RET|LUNG_VEEVA_EMAIL|THYROID_MEDSCAPE_EMAIL|1
THYROID_C|RET|RET|LUNG_VEEVA_EMAIL|THYROID_MEDSCAPE_POC|1
THYROID_C|RET|RET|OVERALL_DOXIMITY_ALERT|LUNG_HQ_EMAIL|1
THYROID_C|RET|RET|OVERALL_DOXIMITY_ALERT|LUNG_MEDSCAPE_EMAIL|1
THYROID_C|RET|RET|OVERALL_DOXIMITY_ALERT|LUNG_VEEVA_EMAIL|1
THYROID_C|RET|RET|OVERALL_DOXIMITY_ALERT|OVERALL_DOXIMITY_ALERT|28
THYROID_C|RET|RET|OVERALL_DOXIMITY_ALERT|OVERALL_MEDSCAPE_BRANDSPOT|1
THYROID_C|RET|RET|OVERALL_DOXIMITY_ALERT|OVERALL_P2P|1
THYROID_C|RET|RET|OVERALL_DOXIMITY_ALERT|OVERALL_VEEVA_EMAIL|1
THYROID_C|RET|RET|OVERALL_DOXIMITY_ALERT|THYROID_F2F_CALL|1
THYROID_C|RET|RET|OVERALL_DOXIMITY_ALERT|THYROID_MEDSCAPE_ALERT|1
THYROID_C|RET|RET|OVERALL_DOXIMITY_ALERT|THYROID_MEDSCAPE_BRANDSPOT|1
THYROID_C|RET|RET|OVERALL_DOXIMITY_ALERT|THYROID_MEDSCAPE_EMAIL|1
THYROID_C|RET|RET|OVERALL_DOXIMITY_ALERT|THYROID_MEDSCAPE_POC|1
THYROID_C|RET|RET|OVERALL_F2F_CALL|LUNG_DOXIMITY_ALERT|1
THYROID_C|RET|RET|OVERALL_F2F_CALL|LUNG_HQ_EMAIL|1
THYROID_C|RET|RET|OVERALL_F2F_CALL|LUNG_MEDSCAPE_ALERT|1
THYROID_C|RET|RET|OVERALL_F2F_CALL|LUNG_MEDSCAPE_POC|1
THYROID_C|RET|RET|OVERALL_F2F_CALL|OVERALL_HQ_EMAIL|1
THYROID_C|RET|RET|OVERALL_F2F_CALL|OVERALL_MEDSCAPE_BRANDSPOT|1
UNKNOWN|RET|RET|LUNG_VEEVA_EMAIL|OVERALL_MEDSCAPE_ALERT|1
UNKNOWN|RET|RET|LUNG_VEEVA_EMAIL|OVERALL_MEDSCAPE_BRANDSPOT|1
UNKNOWN|RET|RET|LUNG_VEEVA_EMAIL|OVERALL_VEEVA_EMAIL|21
UNKNOWN|RET|RET|LUNG_VEEVA_EMAIL|THYROID_F2F_CALL|21
UNKNOWN|RET|RET|LUNG_VEEVA_EMAIL|THYROID_MEDSCAPE_ALERT|1
UNKNOWN|RET|RET|LUNG_VEEVA_EMAIL|THYROID_MEDSCAPE_EMAIL|1
UNKNOWN|RET|RET|LUNG_VEEVA_EMAIL|THYROID_VEEVA_EMAIL|21
UNKNOWN|RET|RET|OVERALL_DOXIMITY_ALERT|LUNG_DOXIMITY_ALERT|28
UNKNOWN|RET|RET|OVERALL_DOXIMITY_ALERT|LUNG_F2F_CALL|1
UNKNOWN|RET|RET|OVERALL_DOXIMITY_ALERT|LUNG_HQ_EMAIL|1
UNKNOWN|RET|RET|OVERALL_DOXIMITY_ALERT|LUNG_MEDSCAPE_EMAIL|1
UNKNOWN|RET|RET|OVERALL_DOXIMITY_ALERT|LUNG_MEDSCAPE_POC|1
UNKNOWN|RET|RET|OVERALL_DOXIMITY_ALERT|LUNG_VEEVA_EMAIL|1
UNKNOWN|RET|RET|OVERALL_DOXIMITY_ALERT|OVERALL_F2F_CALL|1
UNKNOWN|RET|RET|OVERALL_DOXIMITY_ALERT|OVERALL_HQ_EMAIL|1
UNKNOWN|RET|RET|OVERALL_DOXIMITY_ALERT|OVERALL_MEDSCAPE_EMAIL|1
UNKNOWN|RET|RET|OVERALL_DOXIMITY_ALERT|OVERALL_MEDSCAPE_POC|1
UNKNOWN|RET|RET|OVERALL_DOXIMITY_ALERT|OVERALL_P2P|1
UNKNOWN|RET|RET|OVERALL_DOXIMITY_ALERT|THYROID_DOXIMITY_ALERT|28
UNKNOWN|RET|RET|OVERALL_DOXIMITY_ALERT|THYROID_F2F_CALL|1
UNKNOWN|RET|RET|OVERALL_DOXIMITY_ALERT|THYROID_MEDSCAPE_BRANDSPOT|1
UNKNOWN|RET|RET|OVERALL_DOXIMITY_ALERT|THYROID_MEDSCAPE_EMAIL|1
UNKNOWN|RET|RET|OVERALL_F2F_CALL|LUNG_HQ_EMAIL|1
UNKNOWN|RET|RET|OVERALL_F2F_CALL|LUNG_MEDSCAPE_ALERT|1
UNKNOWN|RET|RET|OVERALL_F2F_CALL|LUNG_MEDSCAPE_BRANDSPOT|1
UNKNOWN|RET|RET|OVERALL_F2F_CALL|LUNG_MEDSCAPE_EMAIL|1
UNKNOWN|RET|RET|OVERALL_F2F_CALL|LUNG_MEDSCAPE_POC|1
UNKNOWN|RET|RET|OVERALL_F2F_CALL|OVERALL_DOXIMITY_ALERT|1
UNKNOWN|RET|RET|OVERALL_F2F_CALL|OVERALL_F2F_CALL|28
UNKNOWN|RET|RET|OVERALL_F2F_CALL|OVERALL_HQ_EMAIL|1
UNKNOWN|RET|RET|OVERALL_F2F_CALL|OVERALL_MEDSCAPE_ALERT|1
UNKNOWN|RET|RET|OVERALL_F2F_CALL|OVERALL_MEDSCAPE_EMAIL|1
UNKNOWN|RET|RET|OVERALL_F2F_CALL|OVERALL_MEDSCAPE_POC|1
UNKNOWN|RET|RET|OVERALL_F2F_CALL|OVERALL_P2P|1
UNKNOWN|RET|RET|OVERALL_F2F_CALL|THYROID_F2F_CALL|28
UNKNOWN|RET|RET|OVERALL_F2F_CALL|THYROID_MEDSCAPE_ALERT|1
UNKNOWN|RET|RET|OVERALL_HQ_EMAIL|LUNG_DOXIMITY_ALERT|1
UNKNOWN|RET|RET|OVERALL_HQ_EMAIL|LUNG_F2F_CALL|1
UNKNOWN|RET|RET|OVERALL_HQ_EMAIL|LUNG_HQ_EMAIL|7
UNKNOWN|RET|RET|OVERALL_HQ_EMAIL|LUNG_MEDSCAPE_BRANDSPOT|1
UNKNOWN|RET|RET|OVERALL_HQ_EMAIL|OVERALL_DOXIMITY_ALERT|1
UNKNOWN|RET|RET|OVERALL_HQ_EMAIL|OVERALL_HQ_EMAIL|7
UNKNOWN|RET|RET|OVERALL_HQ_EMAIL|OVERALL_MEDSCAPE_EMAIL|1
UNKNOWN|RET|RET|OVERALL_HQ_EMAIL|OVERALL_MEDSCAPE_POC|1
UNKNOWN|RET|RET|OVERALL_HQ_EMAIL|OVERALL_VEEVA_EMAIL|1
UNKNOWN|RET|RET|OVERALL_HQ_EMAIL|THYROID_F2F_CALL|1
UNKNOWN|RET|RET|OVERALL_HQ_EMAIL|THYROID_HQ_EMAIL|7
UNKNOWN|RET|RET|OVERALL_HQ_EMAIL|THYROID_MEDSCAPE_ALERT|1
UNKNOWN|RET|RET|OVERALL_MEDSCAPE_ALERT|LUNG_F2F_CALL|1
UNKNOWN|RET|RET|OVERALL_MEDSCAPE_ALERT|LUNG_MEDSCAPE_ALERT|28
UNKNOWN|RET|RET|OVERALL_MEDSCAPE_ALERT|LUNG_MEDSCAPE_BRANDSPOT|14
UNKNOWN|RET|RET|OVERALL_MEDSCAPE_ALERT|LUNG_VEEVA_EMAIL|1
UNKNOWN|RET|RET|OVERALL_MEDSCAPE_ALERT|OVERALL_DOXIMITY_ALERT|1
UNKNOWN|RET|RET|OVERALL_MEDSCAPE_ALERT|OVERALL_HQ_EMAIL|1
UNKNOWN|RET|RET|OVERALL_MEDSCAPE_ALERT|OVERALL_MEDSCAPE_BRANDSPOT|14
UNKNOWN|RET|RET|OVERALL_MEDSCAPE_ALERT|OVERALL_MEDSCAPE_EMAIL|7
UNKNOWN|RET|RET|OVERALL_MEDSCAPE_ALERT|OVERALL_VEEVA_EMAIL|1
UNKNOWN|RET|RET|OVERALL_MEDSCAPE_ALERT|THYROID_MEDSCAPE_ALERT|28
UNKNOWN|RET|RET|OVERALL_MEDSCAPE_ALERT|THYROID_MEDSCAPE_POC|14
UNKNOWN|RET|RET|OVERALL_MEDSCAPE_BRANDSPOT|LUNG_DOXIMITY_ALERT|1
UNKNOWN|RET|RET|OVERALL_MEDSCAPE_BRANDSPOT|LUNG_MEDSCAPE_ALERT|14
UNKNOWN|RET|RET|OVERALL_MEDSCAPE_BRANDSPOT|LUNG_MEDSCAPE_EMAIL|7
UNKNOWN|RET|RET|OVERALL_MEDSCAPE_BRANDSPOT|OVERALL_F2F_CALL|1
UNKNOWN|RET|RET|OVERALL_MEDSCAPE_BRANDSPOT|OVERALL_MEDSCAPE_ALERT|14
UNKNOWN|RET|RET|OVERALL_MEDSCAPE_BRANDSPOT|OVERALL_P2P|1
UNKNOWN|RET|RET|OVERALL_MEDSCAPE_BRANDSPOT|THYROID_DOXIMITY_ALERT|1
UNKNOWN|RET|RET|OVERALL_MEDSCAPE_BRANDSPOT|THYROID_F2F_CALL|1
UNKNOWN|RET|RET|OVERALL_MEDSCAPE_BRANDSPOT|THYROID_HQ_EMAIL|1
UNKNOWN|RET|RET|OVERALL_MEDSCAPE_BRANDSPOT|THYROID_MEDSCAPE_EMAIL|7
UNKNOWN|RET|RET|OVERALL_MEDSCAPE_BRANDSPOT|THYROID_VEEVA_EMAIL|1
UNKNOWN|RET|RET|OVERALL_MEDSCAPE_EMAIL|LUNG_DOXIMITY_ALERT|1
UNKNOWN|RET|RET|OVERALL_MEDSCAPE_EMAIL|LUNG_MEDSCAPE_ALERT|7
UNKNOWN|RET|RET|OVERALL_MEDSCAPE_EMAIL|LUNG_MEDSCAPE_EMAIL|28
UNKNOWN|RET|RET|OVERALL_MEDSCAPE_EMAIL|LUNG_MEDSCAPE_POC|1
UNKNOWN|RET|RET|OVERALL_MEDSCAPE_EMAIL|OVERALL_F2F_CALL|1
UNKNOWN|RET|RET|OVERALL_MEDSCAPE_EMAIL|OVERALL_HQ_EMAIL|1
UNKNOWN|RET|RET|OVERALL_MEDSCAPE_EMAIL|OVERALL_MEDSCAPE_BRANDSPOT|7
LUNG_L|RET|RET|THYROID_DOXIMITY_ALERT|LUNG_DOXIMITY_ALERT|28
LUNG_L|RET|RET|THYROID_DOXIMITY_ALERT|LUNG_HQ_EMAIL|1
LUNG_L|RET|RET|THYROID_DOXIMITY_ALERT|LUNG_MEDSCAPE_ALERT|1
LUNG_L|RET|RET|THYROID_DOXIMITY_ALERT|LUNG_MEDSCAPE_EMAIL|1
LUNG_L|RET|RET|THYROID_DOXIMITY_ALERT|OVERALL_DOXIMITY_ALERT|28
LUNG_L|RET|RET|THYROID_DOXIMITY_ALERT|OVERALL_F2F_CALL|1
LUNG_L|RET|RET|THYROID_DOXIMITY_ALERT|OVERALL_MEDSCAPE_BRANDSPOT|1
LUNG_L|RET|RET|THYROID_DOXIMITY_ALERT|OVERALL_MEDSCAPE_POC|1
LUNG_L|RET|RET|THYROID_DOXIMITY_ALERT|OVERALL_P2P|1
LUNG_L|RET|RET|THYROID_DOXIMITY_ALERT|THYROID_DOXIMITY_ALERT|28
LUNG_L|RET|RET|THYROID_DOXIMITY_ALERT|THYROID_HQ_EMAIL|1
LUNG_L|RET|RET|THYROID_DOXIMITY_ALERT|THYROID_MEDSCAPE_ALERT|1
LUNG_L|RET|RET|THYROID_DOXIMITY_ALERT|THYROID_MEDSCAPE_BRANDSPOT|1
LUNG_L|RET|RET|THYROID_DOXIMITY_ALERT|THYROID_MEDSCAPE_EMAIL|1
LUNG_L|RET|RET|THYROID_DOXIMITY_ALERT|THYROID_MEDSCAPE_POC|1
LUNG_L|RET|RET|THYROID_F2F_CALL|LUNG_DOXIMITY_ALERT|1
LUNG_L|RET|RET|THYROID_F2F_CALL|LUNG_HQ_EMAIL|1
LUNG_L|RET|RET|THYROID_F2F_CALL|LUNG_MEDSCAPE_ALERT|1
LUNG_L|RET|RET|THYROID_F2F_CALL|LUNG_MEDSCAPE_BRANDSPOT|1
LUNG_L|RET|RET|THYROID_F2F_CALL|LUNG_MEDSCAPE_EMAIL|1
LUNG_L|RET|RET|THYROID_F2F_CALL|LUNG_MEDSCAPE_POC|1
LUNG_L|RET|RET|THYROID_F2F_CALL|OVERALL_DOXIMITY_ALERT|1
LUNG_L|RET|RET|THYROID_F2F_CALL|OVERALL_F2F_CALL|21
LUNG_L|RET|RET|THYROID_F2F_CALL|OVERALL_HQ_EMAIL|1
LUNG_L|RET|RET|THYROID_F2F_CALL|OVERALL_MEDSCAPE_BRANDSPOT|1
LUNG_L|RET|RET|THYROID_F2F_CALL|OVERALL_MEDSCAPE_EMAIL|1
LUNG_L|RET|RET|THYROID_F2F_CALL|OVERALL_MEDSCAPE_POC|1
LUNG_L|RET|RET|THYROID_F2F_CALL|THYROID_DOXIMITY_ALERT|1
LUNG_L|RET|RET|THYROID_F2F_CALL|THYROID_F2F_CALL|21
LUNG_L|RET|RET|THYROID_F2F_CALL|THYROID_HQ_EMAIL|1
LUNG_L|RET|RET|THYROID_F2F_CALL|THYROID_MEDSCAPE_EMAIL|1
LUNG_L|RET|RET|THYROID_HQ_EMAIL|LUNG_DOXIMITY_ALERT|1
LUNG_L|RET|RET|THYROID_HQ_EMAIL|LUNG_F2F_CALL|1
LUNG_L|RET|RET|THYROID_HQ_EMAIL|LUNG_MEDSCAPE_ALERT|1
LUNG_L|RET|RET|THYROID_HQ_EMAIL|LUNG_MEDSCAPE_EMAIL|1
LUNG_L|RET|RET|THYROID_HQ_EMAIL|LUNG_MEDSCAPE_POC|1
LUNG_L|RET|RET|THYROID_HQ_EMAIL|LUNG_VEEVA_EMAIL|1
LUNG_L|RET|RET|THYROID_HQ_EMAIL|OVERALL_DOXIMITY_ALERT|1
LUNG_L|RET|RET|THYROID_HQ_EMAIL|OVERALL_F2F_CALL|1
LUNG_L|RET|RET|THYROID_HQ_EMAIL|OVERALL_MEDSCAPE_BRANDSPOT|1
LUNG_L|RET|RET|THYROID_HQ_EMAIL|OVERALL_MEDSCAPE_EMAIL|1
LUNG_L|RET|RET|THYROID_HQ_EMAIL|OVERALL_MEDSCAPE_POC|1
LUNG_L|RET|RET|THYROID_HQ_EMAIL|OVERALL_P2P|1
LUNG_L|RET|RET|THYROID_HQ_EMAIL|OVERALL_VEEVA_EMAIL|1
LUNG_L|RET|RET|THYROID_HQ_EMAIL|THYROID_F2F_CALL|1
LUNG_L|RET|RET|THYROID_HQ_EMAIL|THYROID_HQ_EMAIL|7
LUNG_L|RET|RET|THYROID_HQ_EMAIL|THYROID_MEDSCAPE_POC|1
LUNG_L|RET|RET|THYROID_MEDSCAPE_ALERT|LUNG_F2F_CALL|1
LUNG_L|RET|RET|THYROID_MEDSCAPE_ALERT|LUNG_HQ_EMAIL|1
LUNG_L|RET|RET|THYROID_MEDSCAPE_ALERT|LUNG_MEDSCAPE_ALERT|28
LUNG_L|RET|RET|THYROID_MEDSCAPE_ALERT|LUNG_MEDSCAPE_BRANDSPOT|14
LUNG_L|RET|RET|THYROID_MEDSCAPE_ALERT|OVERALL_HQ_EMAIL|1
LUNG_L|RET|RET|THYROID_MEDSCAPE_ALERT|OVERALL_MEDSCAPE_BRANDSPOT|14
LUNG_L|RET|RET|THYROID_MEDSCAPE_ALERT|OVERALL_VEEVA_EMAIL|1
LUNG_L|RET|RET|THYROID_MEDSCAPE_ALERT|THYROID_DOXIMITY_ALERT|1
LUNG_L|RET|RET|THYROID_MEDSCAPE_ALERT|THYROID_F2F_CALL|1
LUNG_L|RET|RET|THYROID_MEDSCAPE_ALERT|THYROID_HQ_EMAIL|1
LUNG_L|RET|RET|THYROID_MEDSCAPE_ALERT|THYROID_MEDSCAPE_EMAIL|7
LUNG_L|RET|RET|THYROID_MEDSCAPE_ALERT|THYROID_VEEVA_EMAIL|1
LUNG_L|RET|RET|THYROID_MEDSCAPE_BRANDSPOT|LUNG_DOXIMITY_ALERT|1
LUNG_L|RET|RET|THYROID_MEDSCAPE_BRANDSPOT|LUNG_F2F_CALL|1
LUNG_L|RET|RET|THYROID_MEDSCAPE_BRANDSPOT|LUNG_MEDSCAPE_POC|14
LUNG_L|RET|RET|THYROID_MEDSCAPE_BRANDSPOT|OVERALL_F2F_CALL|1
LUNG_L|RET|RET|THYROID_MEDSCAPE_BRANDSPOT|OVERALL_HQ_EMAIL|1
LUNG_L|RET|RET|THYROID_MEDSCAPE_BRANDSPOT|OVERALL_VEEVA_EMAIL|1
LUNG_L|RET|RET|THYROID_MEDSCAPE_BRANDSPOT|THYROID_DOXIMITY_ALERT|1
LUNG_L|RET|RET|THYROID_MEDSCAPE_BRANDSPOT|THYROID_MEDSCAPE_ALERT|14
LUNG_L|RET|RET|THYROID_MEDSCAPE_BRANDSPOT|THYROID_MEDSCAPE_BRANDSPOT|14
LUNG_L|RET|RET|THYROID_MEDSCAPE_BRANDSPOT|THYROID_MEDSCAPE_EMAIL|7
LUNG_L|RET|RET|THYROID_MEDSCAPE_EMAIL|LUNG_DOXIMITY_ALERT|1
LUNG_L|RET|RET|THYROID_MEDSCAPE_EMAIL|LUNG_F2F_CALL|1
LUNG_L|RET|RET|THYROID_MEDSCAPE_EMAIL|OVERALL_DOXIMITY_ALERT|1
LUNG_L|RET|RET|THYROID_MEDSCAPE_EMAIL|OVERALL_F2F_CALL|1
LUNG_L|RET|RET|THYROID_MEDSCAPE_EMAIL|OVERALL_MEDSCAPE_BRANDSPOT|7
LUNG_L|RET|RET|THYROID_MEDSCAPE_EMAIL|OVERALL_MEDSCAPE_EMAIL|28
LUNG_L|RET|RET|THYROID_MEDSCAPE_EMAIL|THYROID_DOXIMITY_ALERT|1
LUNG_L|RET|RET|THYROID_MEDSCAPE_EMAIL|THYROID_HQ_EMAIL|1
OVERALL_H|RET|RET|LUNG_DOXIMITY_ALERT|THYROID_MEDSCAPE_EMAIL|1
OVERALL_H|RET|RET|LUNG_DOXIMITY_ALERT|THYROID_VEEVA_EMAIL|1
OVERALL_H|RET|RET|LUNG_F2F_CALL|LUNG_DOXIMITY_ALERT|1
OVERALL_H|RET|RET|LUNG_F2F_CALL|LUNG_F2F_CALL|21
OVERALL_H|RET|RET|LUNG_F2F_CALL|LUNG_HQ_EMAIL|1
OVERALL_H|RET|RET|LUNG_F2F_CALL|LUNG_MEDSCAPE_ALERT|1
OVERALL_H|RET|RET|LUNG_F2F_CALL|LUNG_MEDSCAPE_BRANDSPOT|1
OVERALL_H|RET|RET|LUNG_F2F_CALL|LUNG_MEDSCAPE_EMAIL|1
OVERALL_H|RET|RET|LUNG_F2F_CALL|LUNG_MEDSCAPE_POC|1
OVERALL_H|RET|RET|LUNG_F2F_CALL|OVERALL_DOXIMITY_ALERT|1
OVERALL_H|RET|RET|LUNG_F2F_CALL|OVERALL_HQ_EMAIL|1
OVERALL_H|RET|RET|LUNG_F2F_CALL|OVERALL_MEDSCAPE_BRANDSPOT|1
OVERALL_H|RET|RET|LUNG_F2F_CALL|OVERALL_MEDSCAPE_EMAIL|1
OVERALL_H|RET|RET|LUNG_F2F_CALL|OVERALL_P2P|1
OVERALL_H|RET|RET|LUNG_F2F_CALL|OVERALL_VEEVA_EMAIL|14
OVERALL_H|RET|RET|LUNG_F2F_CALL|THYROID_MEDSCAPE_ALERT|1
OVERALL_H|RET|RET|LUNG_F2F_CALL|THYROID_MEDSCAPE_BRANDSPOT|1
OVERALL_H|RET|RET|LUNG_F2F_CALL|THYROID_MEDSCAPE_POC|1
OVERALL_H|RET|RET|LUNG_HQ_EMAIL|LUNG_HQ_EMAIL|7
OVERALL_H|RET|RET|LUNG_HQ_EMAIL|LUNG_MEDSCAPE_ALERT|1
OVERALL_H|RET|RET|LUNG_HQ_EMAIL|OVERALL_DOXIMITY_ALERT|1
OVERALL_H|RET|RET|LUNG_HQ_EMAIL|OVERALL_MEDSCAPE_ALERT|1
OVERALL_H|RET|RET|LUNG_HQ_EMAIL|OVERALL_MEDSCAPE_EMAIL|1
OVERALL_H|RET|RET|LUNG_HQ_EMAIL|OVERALL_MEDSCAPE_POC|1
OVERALL_H|RET|RET|LUNG_HQ_EMAIL|THYROID_DOXIMITY_ALERT|1
OVERALL_H|RET|RET|LUNG_HQ_EMAIL|THYROID_F2F_CALL|1
OVERALL_H|RET|RET|LUNG_HQ_EMAIL|THYROID_MEDSCAPE_BRANDSPOT|1
OVERALL_H|RET|RET|LUNG_HQ_EMAIL|THYROID_VEEVA_EMAIL|1
OVERALL_H|RET|RET|LUNG_MEDSCAPE_ALERT|LUNG_DOXIMITY_ALERT|1
OVERALL_H|RET|RET|LUNG_MEDSCAPE_ALERT|LUNG_HQ_EMAIL|1
OVERALL_H|RET|RET|LUNG_MEDSCAPE_ALERT|LUNG_MEDSCAPE_EMAIL|7
OVERALL_H|RET|RET|LUNG_MEDSCAPE_ALERT|OVERALL_HQ_EMAIL|1
OVERALL_H|RET|RET|LUNG_MEDSCAPE_ALERT|OVERALL_MEDSCAPE_BRANDSPOT|14
OVERALL_H|RET|RET|LUNG_MEDSCAPE_ALERT|OVERALL_MEDSCAPE_EMAIL|7
OVERALL_H|RET|RET|LUNG_MEDSCAPE_ALERT|THYROID_F2F_CALL|1
OVERALL_H|RET|RET|LUNG_MEDSCAPE_ALERT|THYROID_HQ_EMAIL|1
OVERALL_H|RET|RET|LUNG_MEDSCAPE_ALERT|THYROID_VEEVA_EMAIL|1
OVERALL_H|RET|RET|LUNG_MEDSCAPE_BRANDSPOT|LUNG_DOXIMITY_ALERT|1
OVERALL_H|RET|RET|LUNG_MEDSCAPE_BRANDSPOT|LUNG_F2F_CALL|1
OVERALL_H|RET|RET|LUNG_MEDSCAPE_BRANDSPOT|LUNG_MEDSCAPE_ALERT|1
OVERALL_H|RET|RET|LUNG_MEDSCAPE_BRANDSPOT|LUNG_MEDSCAPE_BRANDSPOT|14
OVERALL_H|RET|RET|LUNG_MEDSCAPE_BRANDSPOT|OVERALL_F2F_CALL|1
OVERALL_H|RET|RET|LUNG_MEDSCAPE_BRANDSPOT|OVERALL_P2P|1
OVERALL_H|RET|RET|LUNG_MEDSCAPE_BRANDSPOT|OVERALL_VEEVA_EMAIL|1
OVERALL_H|RET|RET|LUNG_MEDSCAPE_BRANDSPOT|THYROID_F2F_CALL|1
OVERALL_H|RET|RET|LUNG_MEDSCAPE_BRANDSPOT|THYROID_MEDSCAPE_ALERT|1
OVERALL_H|RET|RET|LUNG_MEDSCAPE_BRANDSPOT|THYROID_MEDSCAPE_EMAIL|7
OVERALL_H|RET|RET|LUNG_MEDSCAPE_BRANDSPOT|THYROID_MEDSCAPE_POC|14
OVERALL_H|RET|RET|LUNG_MEDSCAPE_EMAIL|LUNG_HQ_EMAIL|1
OVERALL_H|RET|RET|LUNG_MEDSCAPE_EMAIL|LUNG_MEDSCAPE_ALERT|7
OVERALL_H|RET|RET|LUNG_MEDSCAPE_EMAIL|LUNG_VEEVA_EMAIL|1
OVERALL_H|RET|RET|LUNG_MEDSCAPE_EMAIL|OVERALL_MEDSCAPE_EMAIL|28
OVERALL_H|RET|RET|LUNG_MEDSCAPE_EMAIL|OVERALL_MEDSCAPE_POC|7
OVERALL_H|RET|RET|LUNG_MEDSCAPE_EMAIL|OVERALL_P2P|1
OVERALL_H|RET|RET|LUNG_MEDSCAPE_EMAIL|THYROID_F2F_CALL|1
OVERALL_H|RET|RET|LUNG_MEDSCAPE_EMAIL|THYROID_MEDSCAPE_ALERT|7
OVERALL_H|RET|RET|LUNG_MEDSCAPE_EMAIL|THYROID_MEDSCAPE_EMAIL|28
OVERALL_H|RET|RET|LUNG_MEDSCAPE_EMAIL|THYROID_MEDSCAPE_POC|7
OVERALL_H|RET|RET|LUNG_MEDSCAPE_POC|LUNG_DOXIMITY_ALERT|1
OVERALL_H|RET|RET|LUNG_MEDSCAPE_POC|LUNG_F2F_CALL|1
OVERALL_H|RET|RET|LUNG_MEDSCAPE_POC|LUNG_MEDSCAPE_ALERT|14
OVERALL_H|RET|RET|LUNG_MEDSCAPE_POC|LUNG_MEDSCAPE_BRANDSPOT|14
OVERALL_H|RET|RET|LUNG_MEDSCAPE_POC|LUNG_MEDSCAPE_POC|14
OVERALL_H|RET|RET|LUNG_MEDSCAPE_POC|LUNG_VEEVA_EMAIL|1
OVERALL_H|RET|RET|LUNG_MEDSCAPE_POC|OVERALL_DOXIMITY_ALERT|1
OVERALL_H|RET|RET|LUNG_MEDSCAPE_POC|OVERALL_HQ_EMAIL|1
OVERALL_H|RET|RET|LUNG_MEDSCAPE_POC|OVERALL_MEDSCAPE_ALERT|14
OVERALL_H|RET|RET|LUNG_MEDSCAPE_POC|OVERALL_MEDSCAPE_EMAIL|7
OVERALL_H|RET|RET|LUNG_MEDSCAPE_POC|THYROID_F2F_CALL|1
OVERALL_H|RET|RET|LUNG_MEDSCAPE_POC|THYROID_MEDSCAPE_ALERT|14
OVERALL_H|RET|RET|LUNG_MEDSCAPE_POC|THYROID_MEDSCAPE_EMAIL|7
OVERALL_H|RET|RET|LUNG_MEDSCAPE_POC|THYROID_VEEVA_EMAIL|1
OVERALL_H|RET|RET|LUNG_VEEVA_EMAIL|LUNG_F2F_CALL|14
OVERALL_H|RET|RET|LUNG_VEEVA_EMAIL|LUNG_HQ_EMAIL|1
OVERALL_H|RET|RET|LUNG_VEEVA_EMAIL|LUNG_MEDSCAPE_BRANDSPOT|1
OVERALL_H|RET|RET|LUNG_VEEVA_EMAIL|LUNG_MEDSCAPE_POC|1
OVERALL_H|RET|RET|LUNG_VEEVA_EMAIL|LUNG_VEEVA_EMAIL|14
OVERALL_H|RET|RET|LUNG_VEEVA_EMAIL|OVERALL_F2F_CALL|14
THYROID_C|RET|RET|OVERALL_MEDSCAPE_ALERT|LUNG_MEDSCAPE_EMAIL|7
THYROID_C|RET|RET|OVERALL_MEDSCAPE_ALERT|LUNG_VEEVA_EMAIL|1
THYROID_C|RET|RET|OVERALL_MEDSCAPE_ALERT|OVERALL_DOXIMITY_ALERT|1
THYROID_C|RET|RET|OVERALL_MEDSCAPE_ALERT|OVERALL_F2F_CALL|1
THYROID_C|RET|RET|OVERALL_MEDSCAPE_ALERT|OVERALL_MEDSCAPE_BRANDSPOT|14
THYROID_C|RET|RET|OVERALL_MEDSCAPE_ALERT|OVERALL_MEDSCAPE_POC|14
THYROID_C|RET|RET|OVERALL_MEDSCAPE_ALERT|THYROID_F2F_CALL|1
THYROID_C|RET|RET|OVERALL_MEDSCAPE_ALERT|THYROID_MEDSCAPE_ALERT|28
THYROID_C|RET|RET|OVERALL_MEDSCAPE_ALERT|THYROID_MEDSCAPE_EMAIL|7
THYROID_C|RET|RET|OVERALL_MEDSCAPE_ALERT|THYROID_VEEVA_EMAIL|1
THYROID_C|RET|RET|OVERALL_MEDSCAPE_BRANDSPOT|LUNG_HQ_EMAIL|1
THYROID_C|RET|RET|OVERALL_MEDSCAPE_BRANDSPOT|LUNG_MEDSCAPE_BRANDSPOT|14
THYROID_C|RET|RET|OVERALL_MEDSCAPE_BRANDSPOT|LUNG_MEDSCAPE_EMAIL|7
THYROID_C|RET|RET|OVERALL_MEDSCAPE_BRANDSPOT|LUNG_MEDSCAPE_POC|14
THYROID_C|RET|RET|OVERALL_MEDSCAPE_BRANDSPOT|LUNG_VEEVA_EMAIL|1
THYROID_C|RET|RET|OVERALL_MEDSCAPE_BRANDSPOT|OVERALL_DOXIMITY_ALERT|1
THYROID_C|RET|RET|OVERALL_MEDSCAPE_BRANDSPOT|OVERALL_F2F_CALL|1
THYROID_C|RET|RET|OVERALL_MEDSCAPE_BRANDSPOT|OVERALL_MEDSCAPE_ALERT|14
THYROID_C|RET|RET|OVERALL_MEDSCAPE_BRANDSPOT|OVERALL_MEDSCAPE_EMAIL|7
THYROID_C|RET|RET|OVERALL_MEDSCAPE_BRANDSPOT|OVERALL_MEDSCAPE_POC|14
THYROID_C|RET|RET|OVERALL_MEDSCAPE_BRANDSPOT|OVERALL_P2P|1
THYROID_C|RET|RET|OVERALL_MEDSCAPE_BRANDSPOT|THYROID_F2F_CALL|1
THYROID_C|RET|RET|OVERALL_MEDSCAPE_BRANDSPOT|THYROID_HQ_EMAIL|1
THYROID_C|RET|RET|OVERALL_MEDSCAPE_BRANDSPOT|THYROID_MEDSCAPE_ALERT|14
THYROID_C|RET|RET|OVERALL_MEDSCAPE_BRANDSPOT|THYROID_MEDSCAPE_EMAIL|7
THYROID_C|RET|RET|OVERALL_MEDSCAPE_EMAIL|LUNG_DOXIMITY_ALERT|1
THYROID_C|RET|RET|OVERALL_MEDSCAPE_EMAIL|LUNG_HQ_EMAIL|1
THYROID_C|RET|RET|OVERALL_MEDSCAPE_EMAIL|LUNG_MEDSCAPE_ALERT|7
THYROID_C|RET|RET|OVERALL_MEDSCAPE_EMAIL|LUNG_MEDSCAPE_BRANDSPOT|7
THYROID_C|RET|RET|OVERALL_MEDSCAPE_EMAIL|LUNG_MEDSCAPE_POC|1
THYROID_C|RET|RET|OVERALL_MEDSCAPE_EMAIL|LUNG_VEEVA_EMAIL|1
THYROID_C|RET|RET|OVERALL_MEDSCAPE_EMAIL|OVERALL_HQ_EMAIL|1
THYROID_C|RET|RET|OVERALL_MEDSCAPE_EMAIL|OVERALL_MEDSCAPE_ALERT|7
THYROID_C|RET|RET|OVERALL_MEDSCAPE_EMAIL|OVERALL_MEDSCAPE_BRANDSPOT|7
THYROID_C|RET|RET|OVERALL_MEDSCAPE_EMAIL|OVERALL_MEDSCAPE_EMAIL|28
THYROID_C|RET|RET|OVERALL_MEDSCAPE_EMAIL|OVERALL_VEEVA_EMAIL|1
THYROID_C|RET|RET|OVERALL_MEDSCAPE_EMAIL|THYROID_HQ_EMAIL|1
THYROID_C|RET|RET|OVERALL_MEDSCAPE_EMAIL|THYROID_MEDSCAPE_ALERT|7
THYROID_C|RET|RET|OVERALL_MEDSCAPE_EMAIL|THYROID_MEDSCAPE_BRANDSPOT|7
THYROID_C|RET|RET|OVERALL_MEDSCAPE_EMAIL|THYROID_MEDSCAPE_EMAIL|28
THYROID_C|RET|RET|OVERALL_MEDSCAPE_EMAIL|THYROID_MEDSCAPE_POC|7
THYROID_C|RET|RET|OVERALL_MEDSCAPE_EMAIL|THYROID_VEEVA_EMAIL|1
THYROID_C|RET|RET|OVERALL_MEDSCAPE_POC|LUNG_DOXIMITY_ALERT|1
THYROID_C|RET|RET|OVERALL_MEDSCAPE_POC|LUNG_F2F_CALL|1
THYROID_C|RET|RET|OVERALL_MEDSCAPE_POC|LUNG_HQ_EMAIL|1
THYROID_C|RET|RET|OVERALL_MEDSCAPE_POC|LUNG_MEDSCAPE_EMAIL|7
THYROID_C|RET|RET|OVERALL_MEDSCAPE_POC|LUNG_MEDSCAPE_POC|14
THYROID_C|RET|RET|OVERALL_MEDSCAPE_POC|LUNG_VEEVA_EMAIL|1
THYROID_C|RET|RET|OVERALL_MEDSCAPE_POC|OVERALL_F2F_CALL|1
THYROID_C|RET|RET|OVERALL_MEDSCAPE_POC|OVERALL_HQ_EMAIL|1
THYROID_C|RET|RET|OVERALL_MEDSCAPE_POC|OVERALL_MEDSCAPE_ALERT|14
THYROID_C|RET|RET|OVERALL_MEDSCAPE_POC|OVERALL_MEDSCAPE_BRANDSPOT|14
THYROID_C|RET|RET|OVERALL_MEDSCAPE_POC|OVERALL_MEDSCAPE_EMAIL|7
THYROID_C|RET|RET|OVERALL_MEDSCAPE_POC|OVERALL_P2P|1
THYROID_C|RET|RET|OVERALL_MEDSCAPE_POC|THYROID_DOXIMITY_ALERT|1
THYROID_C|RET|RET|OVERALL_MEDSCAPE_POC|THYROID_F2F_CALL|1
THYROID_C|RET|RET|OVERALL_MEDSCAPE_POC|THYROID_HQ_EMAIL|1
THYROID_C|RET|RET|OVERALL_MEDSCAPE_POC|THYROID_MEDSCAPE_POC|14
THYROID_C|RET|RET|OVERALL_P2P|LUNG_F2F_CALL|1
THYROID_C|RET|RET|OVERALL_P2P|LUNG_MEDSCAPE_BRANDSPOT|1
THYROID_C|RET|RET|OVERALL_P2P|LUNG_MEDSCAPE_POC|1
THYROID_C|RET|RET|OVERALL_P2P|OVERALL_MEDSCAPE_BRANDSPOT|1
THYROID_C|RET|RET|OVERALL_P2P|OVERALL_MEDSCAPE_POC|1
THYROID_C|RET|RET|OVERALL_P2P|THYROID_HQ_EMAIL|1
THYROID_C|RET|RET|OVERALL_VEEVA_EMAIL|LUNG_DOXIMITY_ALERT|1
THYROID_C|RET|RET|OVERALL_VEEVA_EMAIL|LUNG_MEDSCAPE_ALERT|1
THYROID_C|RET|RET|OVERALL_VEEVA_EMAIL|LUNG_MEDSCAPE_BRANDSPOT|1
THYROID_C|RET|RET|OVERALL_VEEVA_EMAIL|LUNG_MEDSCAPE_EMAIL|1
THYROID_C|RET|RET|OVERALL_VEEVA_EMAIL|LUNG_MEDSCAPE_POC|1
THYROID_C|RET|RET|OVERALL_VEEVA_EMAIL|OVERALL_DOXIMITY_ALERT|1
THYROID_C|RET|RET|OVERALL_VEEVA_EMAIL|OVERALL_F2F_CALL|14
THYROID_C|RET|RET|OVERALL_VEEVA_EMAIL|OVERALL_HQ_EMAIL|1
THYROID_C|RET|RET|OVERALL_VEEVA_EMAIL|OVERALL_MEDSCAPE_ALERT|1
THYROID_M|RET|RET|THYROID_F2F_CALL|OVERALL_P2P|1
THYROID_M|RET|RET|THYROID_F2F_CALL|OVERALL_VEEVA_EMAIL|14
THYROID_M|RET|RET|THYROID_F2F_CALL|THYROID_HQ_EMAIL|1
THYROID_M|RET|RET|THYROID_F2F_CALL|THYROID_MEDSCAPE_ALERT|1
THYROID_M|RET|RET|THYROID_F2F_CALL|THYROID_MEDSCAPE_POC|1
THYROID_M|RET|RET|THYROID_HQ_EMAIL|LUNG_HQ_EMAIL|7
THYROID_M|RET|RET|THYROID_HQ_EMAIL|LUNG_MEDSCAPE_ALERT|1
THYROID_M|RET|RET|THYROID_HQ_EMAIL|LUNG_MEDSCAPE_BRANDSPOT|1
THYROID_M|RET|RET|THYROID_HQ_EMAIL|LUNG_MEDSCAPE_POC|1
THYROID_M|RET|RET|THYROID_HQ_EMAIL|OVERALL_HQ_EMAIL|7
THYROID_M|RET|RET|THYROID_HQ_EMAIL|OVERALL_VEEVA_EMAIL|1
THYROID_M|RET|RET|THYROID_HQ_EMAIL|THYROID_HQ_EMAIL|7
THYROID_M|RET|RET|THYROID_HQ_EMAIL|THYROID_MEDSCAPE_ALERT|1
THYROID_M|RET|RET|THYROID_HQ_EMAIL|THYROID_MEDSCAPE_BRANDSPOT|1
THYROID_M|RET|RET|THYROID_HQ_EMAIL|THYROID_VEEVA_EMAIL|1
THYROID_M|RET|RET|THYROID_MEDSCAPE_ALERT|LUNG_F2F_CALL|1
THYROID_M|RET|RET|THYROID_MEDSCAPE_ALERT|LUNG_HQ_EMAIL|1
THYROID_M|RET|RET|THYROID_MEDSCAPE_ALERT|LUNG_MEDSCAPE_ALERT|28
THYROID_M|RET|RET|THYROID_MEDSCAPE_ALERT|LUNG_MEDSCAPE_EMAIL|7
THYROID_M|RET|RET|THYROID_MEDSCAPE_ALERT|LUNG_MEDSCAPE_POC|1
THYROID_M|RET|RET|THYROID_MEDSCAPE_ALERT|LUNG_VEEVA_EMAIL|1
THYROID_M|RET|RET|THYROID_MEDSCAPE_ALERT|OVERALL_F2F_CALL|1
THYROID_M|RET|RET|THYROID_MEDSCAPE_ALERT|OVERALL_MEDSCAPE_ALERT|28
THYROID_M|RET|RET|THYROID_MEDSCAPE_ALERT|OVERALL_MEDSCAPE_EMAIL|7
THYROID_M|RET|RET|THYROID_MEDSCAPE_ALERT|OVERALL_VEEVA_EMAIL|1
THYROID_M|RET|RET|THYROID_MEDSCAPE_ALERT|THYROID_DOXIMITY_ALERT|1
THYROID_M|RET|RET|THYROID_MEDSCAPE_ALERT|THYROID_F2F_CALL|1
THYROID_M|RET|RET|THYROID_MEDSCAPE_ALERT|THYROID_HQ_EMAIL|1
THYROID_M|RET|RET|THYROID_MEDSCAPE_ALERT|THYROID_MEDSCAPE_ALERT|28
THYROID_M|RET|RET|THYROID_MEDSCAPE_ALERT|THYROID_MEDSCAPE_EMAIL|7
THYROID_M|RET|RET|THYROID_MEDSCAPE_BRANDSPOT|LUNG_HQ_EMAIL|1
THYROID_M|RET|RET|THYROID_MEDSCAPE_BRANDSPOT|LUNG_MEDSCAPE_ALERT|14
THYROID_M|RET|RET|THYROID_MEDSCAPE_BRANDSPOT|LUNG_VEEVA_EMAIL|1
THYROID_M|RET|RET|THYROID_MEDSCAPE_BRANDSPOT|OVERALL_DOXIMITY_ALERT|1
THYROID_M|RET|RET|THYROID_MEDSCAPE_BRANDSPOT|OVERALL_F2F_CALL|1
THYROID_M|RET|RET|THYROID_MEDSCAPE_BRANDSPOT|OVERALL_HQ_EMAIL|1
THYROID_M|RET|RET|THYROID_MEDSCAPE_BRANDSPOT|OVERALL_P2P|1
THYROID_M|RET|RET|THYROID_MEDSCAPE_BRANDSPOT|OVERALL_VEEVA_EMAIL|1
THYROID_M|RET|RET|THYROID_MEDSCAPE_BRANDSPOT|THYROID_DOXIMITY_ALERT|1
THYROID_M|RET|RET|THYROID_MEDSCAPE_BRANDSPOT|THYROID_HQ_EMAIL|1
THYROID_M|RET|RET|THYROID_MEDSCAPE_BRANDSPOT|THYROID_MEDSCAPE_ALERT|14
THYROID_M|RET|RET|THYROID_MEDSCAPE_BRANDSPOT|THYROID_MEDSCAPE_EMAIL|7
THYROID_M|RET|RET|THYROID_MEDSCAPE_BRANDSPOT|THYROID_MEDSCAPE_POC|14
THYROID_M|RET|RET|THYROID_MEDSCAPE_BRANDSPOT|THYROID_VEEVA_EMAIL|1
THYROID_M|RET|RET|THYROID_MEDSCAPE_EMAIL|LUNG_DOXIMITY_ALERT|1
THYROID_M|RET|RET|THYROID_MEDSCAPE_EMAIL|LUNG_F2F_CALL|1
THYROID_M|RET|RET|THYROID_MEDSCAPE_EMAIL|LUNG_MEDSCAPE_ALERT|7
THYROID_M|RET|RET|THYROID_MEDSCAPE_EMAIL|LUNG_MEDSCAPE_BRANDSPOT|7
THYROID_M|RET|RET|THYROID_MEDSCAPE_EMAIL|LUNG_VEEVA_EMAIL|1
THYROID_M|RET|RET|THYROID_MEDSCAPE_EMAIL|OVERALL_F2F_CALL|1
THYROID_M|RET|RET|THYROID_MEDSCAPE_EMAIL|OVERALL_MEDSCAPE_ALERT|7
THYROID_M|RET|RET|THYROID_MEDSCAPE_EMAIL|OVERALL_MEDSCAPE_EMAIL|28
THYROID_M|RET|RET|THYROID_MEDSCAPE_EMAIL|OVERALL_MEDSCAPE_POC|7
THYROID_M|RET|RET|THYROID_MEDSCAPE_EMAIL|OVERALL_VEEVA_EMAIL|1
THYROID_M|RET|RET|THYROID_MEDSCAPE_EMAIL|THYROID_DOXIMITY_ALERT|1
THYROID_M|RET|RET|THYROID_MEDSCAPE_EMAIL|THYROID_F2F_CALL|1
THYROID_M|RET|RET|THYROID_MEDSCAPE_EMAIL|THYROID_HQ_EMAIL|1
THYROID_M|RET|RET|THYROID_MEDSCAPE_EMAIL|THYROID_MEDSCAPE_ALERT|7
THYROID_M|RET|RET|THYROID_MEDSCAPE_EMAIL|THYROID_MEDSCAPE_EMAIL|28
THYROID_M|RET|RET|THYROID_MEDSCAPE_POC|LUNG_F2F_CALL|1
THYROID_M|RET|RET|THYROID_MEDSCAPE_POC|LUNG_HQ_EMAIL|1
THYROID_M|RET|RET|THYROID_MEDSCAPE_POC|LUNG_MEDSCAPE_POC|14
THYROID_M|RET|RET|THYROID_MEDSCAPE_POC|OVERALL_MEDSCAPE_BRANDSPOT|14
THYROID_M|RET|RET|THYROID_MEDSCAPE_POC|OVERALL_MEDSCAPE_POC|14
THYROID_M|RET|RET|THYROID_MEDSCAPE_POC|OVERALL_P2P|1
THYROID_M|RET|RET|THYROID_MEDSCAPE_POC|THYROID_DOXIMITY_ALERT|1
THYROID_M|RET|RET|THYROID_MEDSCAPE_POC|THYROID_F2F_CALL|1
THYROID_M|RET|RET|THYROID_MEDSCAPE_POC|THYROID_HQ_EMAIL|1
THYROID_M|RET|RET|THYROID_MEDSCAPE_POC|THYROID_MEDSCAPE_BRANDSPOT|14
THYROID_M|RET|RET|THYROID_MEDSCAPE_POC|THYROID_VEEVA_EMAIL|1
THYROID_M|RET|RET|THYROID_VEEVA_EMAIL|LUNG_MEDSCAPE_BRANDSPOT|1
THYROID_M|RET|RET|THYROID_VEEVA_EMAIL|LUNG_VEEVA_EMAIL|14
THYROID_M|RET|RET|THYROID_VEEVA_EMAIL|OVERALL_HQ_EMAIL|1
THYROID_M|RET|RET|THYROID_VEEVA_EMAIL|OVERALL_MEDSCAPE_ALERT|1
LUNG_H|RET|RET|OVERALL_MEDSCAPE_POC|LUNG_MEDSCAPE_POC|14
LUNG_H|RET|RET|OVERALL_MEDSCAPE_POC|OVERALL_HQ_EMAIL|1
LUNG_H|RET|RET|OVERALL_MEDSCAPE_POC|OVERALL_MEDSCAPE_ALERT|14
LUNG_H|RET|RET|OVERALL_MEDSCAPE_POC|OVERALL_MEDSCAPE_BRANDSPOT|14
LUNG_H|RET|RET|OVERALL_MEDSCAPE_POC|OVERALL_MEDSCAPE_POC|14
LUNG_H|RET|RET|OVERALL_MEDSCAPE_POC|OVERALL_P2P|1
LUNG_H|RET|RET|OVERALL_MEDSCAPE_POC|OVERALL_VEEVA_EMAIL|1
LUNG_H|RET|RET|OVERALL_MEDSCAPE_POC|THYROID_DOXIMITY_ALERT|1
LUNG_H|RET|RET|OVERALL_MEDSCAPE_POC|THYROID_MEDSCAPE_BRANDSPOT|14
LUNG_H|RET|RET|OVERALL_P2P|LUNG_DOXIMITY_ALERT|1
LUNG_H|RET|RET|OVERALL_P2P|LUNG_HQ_EMAIL|1
LUNG_H|RET|RET|OVERALL_P2P|LUNG_MEDSCAPE_ALERT|1
LUNG_H|RET|RET|OVERALL_P2P|LUNG_MEDSCAPE_EMAIL|1
LUNG_H|RET|RET|OVERALL_P2P|LUNG_MEDSCAPE_POC|1
LUNG_H|RET|RET|OVERALL_P2P|LUNG_VEEVA_EMAIL|1
LUNG_H|RET|RET|OVERALL_P2P|OVERALL_F2F_CALL|1
LUNG_H|RET|RET|OVERALL_P2P|OVERALL_HQ_EMAIL|1
LUNG_H|RET|RET|OVERALL_P2P|OVERALL_MEDSCAPE_EMAIL|1
LUNG_H|RET|RET|OVERALL_P2P|OVERALL_VEEVA_EMAIL|1
LUNG_H|RET|RET|OVERALL_P2P|THYROID_DOXIMITY_ALERT|1
LUNG_H|RET|RET|OVERALL_P2P|THYROID_MEDSCAPE_ALERT|1
LUNG_H|RET|RET|OVERALL_P2P|THYROID_MEDSCAPE_POC|1
LUNG_H|RET|RET|OVERALL_VEEVA_EMAIL|LUNG_MEDSCAPE_BRANDSPOT|1
LUNG_H|RET|RET|OVERALL_VEEVA_EMAIL|LUNG_MEDSCAPE_EMAIL|1
LUNG_H|RET|RET|OVERALL_VEEVA_EMAIL|OVERALL_HQ_EMAIL|1
LUNG_H|RET|RET|OVERALL_VEEVA_EMAIL|OVERALL_MEDSCAPE_ALERT|1
LUNG_H|RET|RET|OVERALL_VEEVA_EMAIL|OVERALL_MEDSCAPE_EMAIL|1
LUNG_H|RET|RET|OVERALL_VEEVA_EMAIL|OVERALL_P2P|1
LUNG_H|RET|RET|OVERALL_VEEVA_EMAIL|OVERALL_VEEVA_EMAIL|14
LUNG_H|RET|RET|OVERALL_VEEVA_EMAIL|THYROID_DOXIMITY_ALERT|1
LUNG_H|RET|RET|OVERALL_VEEVA_EMAIL|THYROID_F2F_CALL|14
LUNG_H|RET|RET|OVERALL_VEEVA_EMAIL|THYROID_HQ_EMAIL|1
LUNG_H|RET|RET|OVERALL_VEEVA_EMAIL|THYROID_MEDSCAPE_ALERT|1
LUNG_H|RET|RET|OVERALL_VEEVA_EMAIL|THYROID_MEDSCAPE_BRANDSPOT|1
LUNG_H|RET|RET|OVERALL_VEEVA_EMAIL|THYROID_MEDSCAPE_POC|1
LUNG_H|RET|RET|THYROID_DOXIMITY_ALERT|LUNG_DOXIMITY_ALERT|14
LUNG_H|RET|RET|THYROID_DOXIMITY_ALERT|LUNG_MEDSCAPE_POC|1
LUNG_H|RET|RET|THYROID_DOXIMITY_ALERT|LUNG_VEEVA_EMAIL|1
LUNG_H|RET|RET|THYROID_DOXIMITY_ALERT|OVERALL_DOXIMITY_ALERT|14
LUNG_H|RET|RET|THYROID_DOXIMITY_ALERT|OVERALL_HQ_EMAIL|1
LUNG_H|RET|RET|THYROID_DOXIMITY_ALERT|OVERALL_MEDSCAPE_BRANDSPOT|1
LUNG_H|RET|RET|THYROID_DOXIMITY_ALERT|OVERALL_MEDSCAPE_EMAIL|1
LUNG_H|RET|RET|THYROID_DOXIMITY_ALERT|OVERALL_MEDSCAPE_POC|1
LUNG_H|RET|RET|THYROID_DOXIMITY_ALERT|THYROID_F2F_CALL|1
LUNG_H|RET|RET|THYROID_F2F_CALL|LUNG_F2F_CALL|21
LUNG_H|RET|RET|THYROID_F2F_CALL|LUNG_HQ_EMAIL|1
LUNG_H|RET|RET|THYROID_F2F_CALL|LUNG_MEDSCAPE_ALERT|1
LUNG_H|RET|RET|THYROID_F2F_CALL|LUNG_MEDSCAPE_BRANDSPOT|1
LUNG_H|RET|RET|THYROID_F2F_CALL|LUNG_MEDSCAPE_EMAIL|1
LUNG_H|RET|RET|THYROID_F2F_CALL|LUNG_MEDSCAPE_POC|1
LUNG_H|RET|RET|THYROID_F2F_CALL|OVERALL_DOXIMITY_ALERT|1
LUNG_H|RET|RET|THYROID_F2F_CALL|OVERALL_P2P|1
LUNG_H|RET|RET|THYROID_F2F_CALL|THYROID_HQ_EMAIL|1
LUNG_H|RET|RET|THYROID_F2F_CALL|THYROID_MEDSCAPE_EMAIL|1
LUNG_H|RET|RET|THYROID_HQ_EMAIL|LUNG_DOXIMITY_ALERT|1
LUNG_H|RET|RET|THYROID_HQ_EMAIL|LUNG_HQ_EMAIL|7
LUNG_H|RET|RET|THYROID_HQ_EMAIL|LUNG_MEDSCAPE_ALERT|1
LUNG_H|RET|RET|THYROID_HQ_EMAIL|LUNG_MEDSCAPE_POC|1
LUNG_H|RET|RET|THYROID_HQ_EMAIL|LUNG_VEEVA_EMAIL|1
LUNG_H|RET|RET|THYROID_HQ_EMAIL|OVERALL_MEDSCAPE_EMAIL|1
LUNG_H|RET|RET|THYROID_HQ_EMAIL|OVERALL_P2P|1
LUNG_H|RET|RET|THYROID_HQ_EMAIL|THYROID_DOXIMITY_ALERT|1
LUNG_H|RET|RET|THYROID_HQ_EMAIL|THYROID_F2F_CALL|1
LUNG_H|RET|RET|THYROID_HQ_EMAIL|THYROID_HQ_EMAIL|7
LUNG_H|RET|RET|THYROID_HQ_EMAIL|THYROID_MEDSCAPE_ALERT|1
LUNG_H|RET|RET|THYROID_HQ_EMAIL|THYROID_VEEVA_EMAIL|1
LUNG_H|RET|RET|THYROID_MEDSCAPE_ALERT|LUNG_MEDSCAPE_BRANDSPOT|14
LUNG_H|RET|RET|THYROID_MEDSCAPE_ALERT|LUNG_MEDSCAPE_EMAIL|7
LUNG_H|RET|RET|THYROID_MEDSCAPE_ALERT|LUNG_MEDSCAPE_POC|1
LUNG_H|RET|RET|THYROID_MEDSCAPE_ALERT|LUNG_VEEVA_EMAIL|1
LUNG_H|RET|RET|THYROID_MEDSCAPE_ALERT|OVERALL_F2F_CALL|1
LUNG_H|RET|RET|THYROID_MEDSCAPE_ALERT|OVERALL_HQ_EMAIL|1
LUNG_H|RET|RET|THYROID_MEDSCAPE_ALERT|OVERALL_MEDSCAPE_POC|14
LUNG_H|RET|RET|THYROID_MEDSCAPE_ALERT|OVERALL_P2P|1
LUNG_H|RET|RET|THYROID_MEDSCAPE_ALERT|OVERALL_VEEVA_EMAIL|1
LUNG_H|RET|RET|THYROID_MEDSCAPE_ALERT|THYROID_HQ_EMAIL|1
LUNG_H|RET|RET|THYROID_MEDSCAPE_ALERT|THYROID_MEDSCAPE_ALERT|28
LUNG_H|RET|RET|THYROID_MEDSCAPE_ALERT|THYROID_MEDSCAPE_EMAIL|7
LUNG_H|RET|RET|THYROID_MEDSCAPE_ALERT|THYROID_MEDSCAPE_POC|14
LUNG_H|RET|RET|THYROID_MEDSCAPE_BRANDSPOT|LUNG_DOXIMITY_ALERT|1
LUNG_H|RET|RET|THYROID_MEDSCAPE_BRANDSPOT|LUNG_F2F_CALL|1
LUNG_H|RET|RET|THYROID_MEDSCAPE_BRANDSPOT|LUNG_HQ_EMAIL|1
NON_TARGET|US_304528|US_304528|MEDSCAPE_ALERT|EDH_PROFLOW_EDMU|1
NON_TARGET|US_304528|US_304528|MEDSCAPE_ALERT|EDH_PROFLOW_WDMU|1
NON_TARGET|US_304528|US_304528|MEDSCAPE_ALERT|EPOCRATES_ALERT|1
NON_TARGET|US_304528|US_304528|MEDSCAPE_ALERT|F2F_CALL|1
NON_TARGET|US_304528|US_304528|MEDSCAPE_ALERT|HQ_EMAIL|1
NON_TARGET|US_304528|US_304528|MEDSCAPE_ALERT|P2P|1
NON_TARGET|US_304528|US_304528|MEDSCAPE_ALERT|VEEVA_EMAIL|1
NON_TARGET|US_304528|US_304528|MEDSCAPE_EMAIL|DOXIMITY_ALERT|1
NON_TARGET|US_304528|US_304528|MEDSCAPE_EMAIL|EDH_PROFLOW_EDMU|1
NON_TARGET|US_304528|US_304528|MEDSCAPE_EMAIL|EDH_PROFLOW_RDMU|1
NON_TARGET|US_304528|US_304528|MEDSCAPE_EMAIL|EPOCRATES_ALERT|1
NON_TARGET|US_304528|US_304528|MEDSCAPE_EMAIL|MEDSCAPE_ALERT|7
NON_TARGET|US_304528|US_304528|MEDSCAPE_EMAIL|MEDSCAPE_EMAIL|7
NON_TARGET|US_304528|US_304528|MEDSCAPE_EMAIL|MEDSCAPE_POC|7
NON_TARGET|US_304528|US_304528|MEDSCAPE_POC|HQ_EMAIL|1
NON_TARGET|US_304528|US_304528|MEDSCAPE_POC|MEDSCAPE_ALERT|7
NON_TARGET|US_304528|US_304528|MEDSCAPE_POC|MEDSCAPE_EMAIL|7
NON_TARGET|US_304528|US_304528|MEDSCAPE_POC|VEEVA_EMAIL|1
NON_TARGET|US_304528|US_304528|NUMEDIS_MDMINUTE|EDH_PROFLOW_WDMU|1
NON_TARGET|US_304528|US_304528|NUMEDIS_MDMINUTE|EPOCRATES_ALERT|1
NON_TARGET|US_304528|US_304528|NUMEDIS_MDMINUTE|HQ_EMAIL|1
NON_TARGET|US_304528|US_304528|NUMEDIS_MDMINUTE|MEDSCAPE_EMAIL|1
NON_TARGET|US_304528|US_304528|NUMEDIS_MDMINUTE|P2P|1
NON_TARGET|US_304528|US_304528|NUMEDIS_MDMINUTE|VEEVA_EMAIL|1
NON_TARGET|US_304528|US_304528|P2P|DOXIMITY_ALERT|1
NON_TARGET|US_304528|US_304528|P2P|DOXIMITY_DOCSPOT|1
NON_TARGET|US_304528|US_304528|P2P|EDH_PROFLOW_WDMU|1
NON_TARGET|US_304528|US_304528|P2P|F2F_CALL|1
NON_TARGET|US_304528|US_304528|P2P|HQ_EMAIL|1
NON_TARGET|US_304528|US_304528|P2P|NUMEDIS_MDMINUTE|1
NON_TARGET|US_304528|US_304528|P2P|VEEVA_EMAIL|1
NON_TARGET|US_304528|US_304528|VEEVA_EMAIL|EDH_PROFLOW_WDMU|1
NON_TARGET|US_304528|US_304528|VEEVA_EMAIL|EPOCRATES_ALERT|1
NON_TARGET|US_304528|US_304528|VEEVA_EMAIL|F2F_CALL|1
NON_TARGET|US_304528|US_304528|VEEVA_EMAIL|MEDSCAPE_ALERT|1
NON_TARGET|US_304528|US_304528|VEEVA_EMAIL|MEDSCAPE_EMAIL|1
NON_TARGET|US_304528|US_304528|VEEVA_EMAIL|NUMEDIS_MDMINUTE|1
NON_TARGET|US_304528|US_304528|VEEVA_EMAIL|P2P|1
OVERALL_C|RET|RET|LUNG_DOXIMITY_ALERT|LUNG_DOXIMITY_ALERT|28
OVERALL_C|RET|RET|LUNG_DOXIMITY_ALERT|LUNG_F2F_CALL|1
OVERALL_C|RET|RET|LUNG_DOXIMITY_ALERT|LUNG_HQ_EMAIL|1
OVERALL_C|RET|RET|LUNG_DOXIMITY_ALERT|LUNG_MEDSCAPE_ALERT|1
OVERALL_C|RET|RET|LUNG_DOXIMITY_ALERT|LUNG_MEDSCAPE_BRANDSPOT|1
OVERALL_C|RET|RET|LUNG_DOXIMITY_ALERT|LUNG_MEDSCAPE_EMAIL|1
OVERALL_C|RET|RET|LUNG_DOXIMITY_ALERT|LUNG_MEDSCAPE_POC|1
OVERALL_C|RET|RET|LUNG_DOXIMITY_ALERT|LUNG_VEEVA_EMAIL|1
OVERALL_C|RET|RET|LUNG_DOXIMITY_ALERT|OVERALL_MEDSCAPE_EMAIL|1
OVERALL_C|RET|RET|LUNG_DOXIMITY_ALERT|OVERALL_MEDSCAPE_POC|1
OVERALL_C|RET|RET|LUNG_DOXIMITY_ALERT|OVERALL_P2P|1
OVERALL_C|RET|RET|LUNG_DOXIMITY_ALERT|OVERALL_VEEVA_EMAIL|1
OVERALL_C|RET|RET|LUNG_DOXIMITY_ALERT|THYROID_DOXIMITY_ALERT|28
OVERALL_C|RET|RET|LUNG_DOXIMITY_ALERT|THYROID_F2F_CALL|1
OVERALL_C|RET|RET|LUNG_DOXIMITY_ALERT|THYROID_MEDSCAPE_ALERT|1
OVERALL_C|RET|RET|LUNG_DOXIMITY_ALERT|THYROID_MEDSCAPE_EMAIL|1
OVERALL_C|RET|RET|LUNG_F2F_CALL|LUNG_F2F_CALL|21
OVERALL_C|RET|RET|LUNG_F2F_CALL|LUNG_HQ_EMAIL|1
OVERALL_C|RET|RET|LUNG_F2F_CALL|LUNG_MEDSCAPE_ALERT|1
OVERALL_C|RET|RET|LUNG_F2F_CALL|LUNG_MEDSCAPE_EMAIL|1
OVERALL_C|RET|RET|LUNG_F2F_CALL|OVERALL_F2F_CALL|21
OVERALL_C|RET|RET|LUNG_F2F_CALL|OVERALL_HQ_EMAIL|1
OVERALL_C|RET|RET|LUNG_F2F_CALL|OVERALL_MEDSCAPE_ALERT|1
OVERALL_C|RET|RET|LUNG_F2F_CALL|OVERALL_MEDSCAPE_EMAIL|1
OVERALL_C|RET|RET|LUNG_F2F_CALL|OVERALL_MEDSCAPE_POC|1
OVERALL_C|RET|RET|LUNG_F2F_CALL|THYROID_F2F_CALL|21
OVERALL_C|RET|RET|LUNG_F2F_CALL|THYROID_HQ_EMAIL|1
OVERALL_C|RET|RET|LUNG_F2F_CALL|THYROID_MEDSCAPE_BRANDSPOT|1
OVERALL_C|RET|RET|LUNG_F2F_CALL|THYROID_MEDSCAPE_EMAIL|1
OVERALL_C|RET|RET|LUNG_F2F_CALL|THYROID_MEDSCAPE_POC|1
OVERALL_C|RET|RET|LUNG_F2F_CALL|THYROID_VEEVA_EMAIL|14
OVERALL_C|RET|RET|LUNG_HQ_EMAIL|LUNG_F2F_CALL|1
OVERALL_C|RET|RET|LUNG_HQ_EMAIL|LUNG_HQ_EMAIL|7
OVERALL_C|RET|RET|LUNG_HQ_EMAIL|LUNG_MEDSCAPE_POC|1
OVERALL_C|RET|RET|LUNG_HQ_EMAIL|OVERALL_DOXIMITY_ALERT|1
OVERALL_C|RET|RET|LUNG_HQ_EMAIL|OVERALL_F2F_CALL|1
OVERALL_C|RET|RET|LUNG_HQ_EMAIL|OVERALL_MEDSCAPE_ALERT|1
OVERALL_C|RET|RET|LUNG_HQ_EMAIL|OVERALL_P2P|1
OVERALL_C|RET|RET|LUNG_HQ_EMAIL|OVERALL_VEEVA_EMAIL|1
OVERALL_C|RET|RET|LUNG_HQ_EMAIL|THYROID_DOXIMITY_ALERT|1
OVERALL_C|RET|RET|LUNG_HQ_EMAIL|THYROID_MEDSCAPE_BRANDSPOT|1
OVERALL_C|RET|RET|LUNG_HQ_EMAIL|THYROID_MEDSCAPE_EMAIL|1
OVERALL_M|RET|RET|OVERALL_HQ_EMAIL|LUNG_HQ_EMAIL|7
OVERALL_M|RET|RET|OVERALL_HQ_EMAIL|LUNG_MEDSCAPE_ALERT|1
OVERALL_M|RET|RET|OVERALL_HQ_EMAIL|LUNG_MEDSCAPE_BRANDSPOT|1
OVERALL_M|RET|RET|OVERALL_HQ_EMAIL|LUNG_VEEVA_EMAIL|1
OVERALL_M|RET|RET|OVERALL_HQ_EMAIL|OVERALL_DOXIMITY_ALERT|1
OVERALL_M|RET|RET|OVERALL_HQ_EMAIL|OVERALL_F2F_CALL|1
OVERALL_M|RET|RET|OVERALL_HQ_EMAIL|OVERALL_MEDSCAPE_EMAIL|1
OVERALL_M|RET|RET|OVERALL_HQ_EMAIL|OVERALL_MEDSCAPE_POC|1
OVERALL_M|RET|RET|OVERALL_HQ_EMAIL|OVERALL_P2P|1
OVERALL_M|RET|RET|OVERALL_HQ_EMAIL|OVERALL_VEEVA_EMAIL|1
OVERALL_M|RET|RET|OVERALL_HQ_EMAIL|THYROID_F2F_CALL|1
OVERALL_M|RET|RET|OVERALL_HQ_EMAIL|THYROID_MEDSCAPE_ALERT|1
OVERALL_M|RET|RET|OVERALL_HQ_EMAIL|THYROID_MEDSCAPE_EMAIL|1
OVERALL_M|RET|RET|OVERALL_HQ_EMAIL|THYROID_MEDSCAPE_POC|1
OVERALL_M|RET|RET|OVERALL_HQ_EMAIL|THYROID_VEEVA_EMAIL|1
OVERALL_M|RET|RET|OVERALL_MEDSCAPE_ALERT|LUNG_DOXIMITY_ALERT|1
OVERALL_M|RET|RET|OVERALL_MEDSCAPE_ALERT|LUNG_F2F_CALL|1
OVERALL_M|RET|RET|OVERALL_MEDSCAPE_ALERT|LUNG_MEDSCAPE_EMAIL|7
OVERALL_M|RET|RET|OVERALL_MEDSCAPE_ALERT|OVERALL_DOXIMITY_ALERT|1
OVERALL_M|RET|RET|OVERALL_MEDSCAPE_ALERT|OVERALL_HQ_EMAIL|1
OVERALL_M|RET|RET|OVERALL_MEDSCAPE_ALERT|OVERALL_MEDSCAPE_ALERT|28
OVERALL_M|RET|RET|OVERALL_MEDSCAPE_ALERT|OVERALL_MEDSCAPE_POC|14
OVERALL_M|RET|RET|OVERALL_MEDSCAPE_ALERT|THYROID_DOXIMITY_ALERT|1
OVERALL_M|RET|RET|OVERALL_MEDSCAPE_ALERT|THYROID_F2F_CALL|1
OVERALL_M|RET|RET|OVERALL_MEDSCAPE_ALERT|THYROID_MEDSCAPE_ALERT|28
OVERALL_M|RET|RET|OVERALL_MEDSCAPE_ALERT|THYROID_MEDSCAPE_BRANDSPOT|14
OVERALL_M|RET|RET|OVERALL_MEDSCAPE_BRANDSPOT|LUNG_DOXIMITY_ALERT|1
OVERALL_M|RET|RET|OVERALL_MEDSCAPE_BRANDSPOT|LUNG_HQ_EMAIL|1
OVERALL_M|RET|RET|OVERALL_MEDSCAPE_BRANDSPOT|LUNG_MEDSCAPE_ALERT|14
OVERALL_M|RET|RET|OVERALL_MEDSCAPE_BRANDSPOT|LUNG_MEDSCAPE_BRANDSPOT|14
OVERALL_M|RET|RET|OVERALL_MEDSCAPE_BRANDSPOT|LUNG_MEDSCAPE_EMAIL|7
OVERALL_M|RET|RET|OVERALL_MEDSCAPE_BRANDSPOT|OVERALL_MEDSCAPE_EMAIL|7
OVERALL_M|RET|RET|OVERALL_MEDSCAPE_BRANDSPOT|OVERALL_MEDSCAPE_POC|14
OVERALL_M|RET|RET|OVERALL_MEDSCAPE_BRANDSPOT|OVERALL_P2P|1
OVERALL_M|RET|RET|OVERALL_MEDSCAPE_BRANDSPOT|THYROID_DOXIMITY_ALERT|1
OVERALL_M|RET|RET|OVERALL_MEDSCAPE_BRANDSPOT|THYROID_MEDSCAPE_ALERT|14
OVERALL_M|RET|RET|OVERALL_MEDSCAPE_BRANDSPOT|THYROID_MEDSCAPE_EMAIL|7
OVERALL_M|RET|RET|OVERALL_MEDSCAPE_BRANDSPOT|THYROID_MEDSCAPE_POC|14
OVERALL_M|RET|RET|OVERALL_MEDSCAPE_BRANDSPOT|THYROID_VEEVA_EMAIL|1
OVERALL_M|RET|RET|OVERALL_MEDSCAPE_EMAIL|LUNG_HQ_EMAIL|1
OVERALL_M|RET|RET|OVERALL_MEDSCAPE_EMAIL|LUNG_MEDSCAPE_ALERT|7
OVERALL_M|RET|RET|OVERALL_MEDSCAPE_EMAIL|LUNG_MEDSCAPE_BRANDSPOT|7
OVERALL_M|RET|RET|OVERALL_MEDSCAPE_EMAIL|LUNG_MEDSCAPE_EMAIL|28
OVERALL_M|RET|RET|OVERALL_MEDSCAPE_EMAIL|LUNG_MEDSCAPE_POC|1
OVERALL_M|RET|RET|OVERALL_MEDSCAPE_EMAIL|OVERALL_DOXIMITY_ALERT|1
OVERALL_M|RET|RET|OVERALL_MEDSCAPE_EMAIL|OVERALL_F2F_CALL|1
OVERALL_M|RET|RET|OVERALL_MEDSCAPE_EMAIL|OVERALL_MEDSCAPE_EMAIL|28
OVERALL_M|RET|RET|OVERALL_MEDSCAPE_EMAIL|THYROID_DOXIMITY_ALERT|1
OVERALL_M|RET|RET|OVERALL_MEDSCAPE_EMAIL|THYROID_MEDSCAPE_BRANDSPOT|7
OVERALL_M|RET|RET|OVERALL_MEDSCAPE_EMAIL|THYROID_MEDSCAPE_EMAIL|28
OVERALL_M|RET|RET|OVERALL_MEDSCAPE_EMAIL|THYROID_MEDSCAPE_POC|7
OVERALL_M|RET|RET|OVERALL_MEDSCAPE_EMAIL|THYROID_VEEVA_EMAIL|1
OVERALL_M|RET|RET|OVERALL_MEDSCAPE_POC|LUNG_HQ_EMAIL|1
OVERALL_M|RET|RET|OVERALL_MEDSCAPE_POC|LUNG_MEDSCAPE_BRANDSPOT|14
OVERALL_M|RET|RET|OVERALL_MEDSCAPE_POC|LUNG_MEDSCAPE_EMAIL|7
OVERALL_M|RET|RET|OVERALL_MEDSCAPE_POC|OVERALL_DOXIMITY_ALERT|1
OVERALL_M|RET|RET|OVERALL_MEDSCAPE_POC|OVERALL_MEDSCAPE_BRANDSPOT|14
OVERALL_M|RET|RET|OVERALL_MEDSCAPE_POC|OVERALL_MEDSCAPE_EMAIL|7
OVERALL_M|RET|RET|OVERALL_MEDSCAPE_POC|OVERALL_MEDSCAPE_POC|14
OVERALL_M|RET|RET|OVERALL_MEDSCAPE_POC|OVERALL_P2P|1
OVERALL_M|RET|RET|OVERALL_MEDSCAPE_POC|THYROID_HQ_EMAIL|1
OVERALL_M|RET|RET|OVERALL_MEDSCAPE_POC|THYROID_MEDSCAPE_ALERT|14
OVERALL_M|RET|RET|OVERALL_MEDSCAPE_POC|THYROID_MEDSCAPE_POC|14
OVERALL_M|RET|RET|OVERALL_P2P|LUNG_MEDSCAPE_POC|1
OVERALL_M|RET|RET|OVERALL_P2P|OVERALL_DOXIMITY_ALERT|1
OVERALL_M|RET|RET|OVERALL_P2P|OVERALL_F2F_CALL|1
OVERALL_M|RET|RET|OVERALL_P2P|OVERALL_MEDSCAPE_BRANDSPOT|1
OVERALL_M|RET|RET|OVERALL_P2P|OVERALL_MEDSCAPE_EMAIL|1
OVERALL_M|RET|RET|OVERALL_P2P|OVERALL_MEDSCAPE_POC|1
OVERALL_M|RET|RET|OVERALL_P2P|OVERALL_P2P|21
OVERALL_M|RET|RET|OVERALL_P2P|OVERALL_VEEVA_EMAIL|1
OVERALL_M|RET|RET|OVERALL_P2P|THYROID_HQ_EMAIL|1
OVERALL_M|RET|RET|OVERALL_P2P|THYROID_MEDSCAPE_ALERT|1
OVERALL_M|RET|RET|OVERALL_P2P|THYROID_MEDSCAPE_EMAIL|1
THYROID_L|RET|RET|THYROID_MEDSCAPE_EMAIL|THYROID_VEEVA_EMAIL|1
THYROID_L|RET|RET|THYROID_MEDSCAPE_POC|LUNG_HQ_EMAIL|1
THYROID_L|RET|RET|THYROID_MEDSCAPE_POC|LUNG_MEDSCAPE_ALERT|14
THYROID_L|RET|RET|THYROID_MEDSCAPE_POC|LUNG_MEDSCAPE_BRANDSPOT|14
THYROID_L|RET|RET|THYROID_MEDSCAPE_POC|LUNG_MEDSCAPE_EMAIL|7
THYROID_L|RET|RET|THYROID_MEDSCAPE_POC|OVERALL_DOXIMITY_ALERT|1
THYROID_L|RET|RET|THYROID_MEDSCAPE_POC|OVERALL_MEDSCAPE_ALERT|14
THYROID_L|RET|RET|THYROID_MEDSCAPE_POC|OVERALL_MEDSCAPE_EMAIL|7
THYROID_L|RET|RET|THYROID_MEDSCAPE_POC|OVERALL_VEEVA_EMAIL|1
THYROID_L|RET|RET|THYROID_MEDSCAPE_POC|THYROID_HQ_EMAIL|1
THYROID_L|RET|RET|THYROID_MEDSCAPE_POC|THYROID_MEDSCAPE_BRANDSPOT|14
THYROID_L|RET|RET|THYROID_VEEVA_EMAIL|LUNG_DOXIMITY_ALERT|1
THYROID_L|RET|RET|THYROID_VEEVA_EMAIL|LUNG_F2F_CALL|14
THYROID_L|RET|RET|THYROID_VEEVA_EMAIL|LUNG_HQ_EMAIL|1
THYROID_L|RET|RET|THYROID_VEEVA_EMAIL|LUNG_MEDSCAPE_ALERT|1
THYROID_L|RET|RET|THYROID_VEEVA_EMAIL|LUNG_MEDSCAPE_EMAIL|1
THYROID_L|RET|RET|THYROID_VEEVA_EMAIL|LUNG_VEEVA_EMAIL|14
THYROID_L|RET|RET|THYROID_VEEVA_EMAIL|OVERALL_DOXIMITY_ALERT|1
THYROID_L|RET|RET|THYROID_VEEVA_EMAIL|OVERALL_F2F_CALL|14
THYROID_L|RET|RET|THYROID_VEEVA_EMAIL|OVERALL_MEDSCAPE_ALERT|1
THYROID_L|RET|RET|THYROID_VEEVA_EMAIL|OVERALL_MEDSCAPE_BRANDSPOT|1
THYROID_L|RET|RET|THYROID_VEEVA_EMAIL|OVERALL_P2P|1
THYROID_L|RET|RET|THYROID_VEEVA_EMAIL|THYROID_F2F_CALL|14
THYROID_L|RET|RET|THYROID_VEEVA_EMAIL|THYROID_HQ_EMAIL|1
THYROID_L|RET|RET|THYROID_VEEVA_EMAIL|THYROID_MEDSCAPE_ALERT|1
THYROID_L|RET|RET|THYROID_VEEVA_EMAIL|THYROID_MEDSCAPE_BRANDSPOT|1
THYROID_L|RET|RET|THYROID_VEEVA_EMAIL|THYROID_MEDSCAPE_EMAIL|1
THYROID_L|RET|RET|THYROID_VEEVA_EMAIL|THYROID_MEDSCAPE_POC|1
THYROID_L|RET|RET|THYROID_VEEVA_EMAIL|THYROID_VEEVA_EMAIL|14
THYROID_M|RET|RET|LUNG_DOXIMITY_ALERT|LUNG_DOXIMITY_ALERT|28
THYROID_M|RET|RET|LUNG_DOXIMITY_ALERT|LUNG_F2F_CALL|1
THYROID_M|RET|RET|LUNG_DOXIMITY_ALERT|LUNG_HQ_EMAIL|1
THYROID_M|RET|RET|LUNG_DOXIMITY_ALERT|LUNG_MEDSCAPE_POC|1
THYROID_M|RET|RET|LUNG_DOXIMITY_ALERT|LUNG_VEEVA_EMAIL|1
THYROID_M|RET|RET|LUNG_DOXIMITY_ALERT|OVERALL_F2F_CALL|1
THYROID_M|RET|RET|LUNG_DOXIMITY_ALERT|OVERALL_HQ_EMAIL|1
THYROID_M|RET|RET|LUNG_DOXIMITY_ALERT|OVERALL_MEDSCAPE_ALERT|1
THYROID_M|RET|RET|LUNG_DOXIMITY_ALERT|OVERALL_MEDSCAPE_EMAIL|1
THYROID_M|RET|RET|LUNG_DOXIMITY_ALERT|OVERALL_P2P|1
THYROID_M|RET|RET|LUNG_DOXIMITY_ALERT|THYROID_DOXIMITY_ALERT|28
THYROID_M|RET|RET|LUNG_DOXIMITY_ALERT|THYROID_HQ_EMAIL|1
THYROID_M|RET|RET|LUNG_DOXIMITY_ALERT|THYROID_MEDSCAPE_BRANDSPOT|1
THYROID_M|RET|RET|LUNG_DOXIMITY_ALERT|THYROID_MEDSCAPE_POC|1
THYROID_M|RET|RET|LUNG_DOXIMITY_ALERT|THYROID_VEEVA_EMAIL|1
THYROID_M|RET|RET|LUNG_F2F_CALL|LUNG_DOXIMITY_ALERT|1
THYROID_M|RET|RET|LUNG_F2F_CALL|LUNG_F2F_CALL|21
THYROID_M|RET|RET|LUNG_F2F_CALL|LUNG_HQ_EMAIL|1
THYROID_M|RET|RET|LUNG_F2F_CALL|LUNG_MEDSCAPE_BRANDSPOT|1
THYROID_M|RET|RET|LUNG_F2F_CALL|LUNG_MEDSCAPE_EMAIL|1
THYROID_M|RET|RET|LUNG_F2F_CALL|OVERALL_F2F_CALL|21
THYROID_M|RET|RET|LUNG_F2F_CALL|OVERALL_MEDSCAPE_BRANDSPOT|1
THYROID_M|RET|RET|LUNG_F2F_CALL|OVERALL_VEEVA_EMAIL|14
THYROID_M|RET|RET|LUNG_F2F_CALL|THYROID_DOXIMITY_ALERT|1
THYROID_M|RET|RET|LUNG_F2F_CALL|THYROID_F2F_CALL|21
THYROID_M|RET|RET|LUNG_F2F_CALL|THYROID_HQ_EMAIL|1
THYROID_M|RET|RET|LUNG_F2F_CALL|THYROID_MEDSCAPE_ALERT|1
THYROID_M|RET|RET|LUNG_HQ_EMAIL|LUNG_DOXIMITY_ALERT|1
THYROID_M|RET|RET|LUNG_HQ_EMAIL|LUNG_MEDSCAPE_ALERT|1
THYROID_M|RET|RET|LUNG_HQ_EMAIL|LUNG_MEDSCAPE_EMAIL|1
THYROID_M|RET|RET|LUNG_HQ_EMAIL|OVERALL_MEDSCAPE_BRANDSPOT|1
THYROID_M|RET|RET|LUNG_HQ_EMAIL|OVERALL_MEDSCAPE_EMAIL|1
THYROID_M|RET|RET|LUNG_HQ_EMAIL|OVERALL_MEDSCAPE_POC|1
THYROID_M|RET|RET|LUNG_HQ_EMAIL|OVERALL_P2P|1
THYROID_M|RET|RET|LUNG_HQ_EMAIL|OVERALL_VEEVA_EMAIL|1
THYROID_M|RET|RET|LUNG_HQ_EMAIL|THYROID_DOXIMITY_ALERT|1
THYROID_M|RET|RET|LUNG_HQ_EMAIL|THYROID_HQ_EMAIL|7
THYROID_M|RET|RET|LUNG_HQ_EMAIL|THYROID_MEDSCAPE_EMAIL|1
THYROID_M|RET|RET|LUNG_MEDSCAPE_ALERT|LUNG_DOXIMITY_ALERT|1
THYROID_M|RET|RET|LUNG_MEDSCAPE_ALERT|LUNG_HQ_EMAIL|1
THYROID_M|RET|RET|LUNG_MEDSCAPE_ALERT|LUNG_MEDSCAPE_ALERT|28
THYROID_M|RET|RET|LUNG_MEDSCAPE_ALERT|LUNG_VEEVA_EMAIL|1
THYROID_M|RET|RET|LUNG_MEDSCAPE_ALERT|OVERALL_MEDSCAPE_EMAIL|7
THYROID_M|RET|RET|LUNG_MEDSCAPE_ALERT|OVERALL_P2P|1
THYROID_M|RET|RET|LUNG_MEDSCAPE_ALERT|OVERALL_VEEVA_EMAIL|1
THYROID_M|RET|RET|LUNG_MEDSCAPE_ALERT|THYROID_MEDSCAPE_ALERT|28
THYROID_M|RET|RET|LUNG_MEDSCAPE_ALERT|THYROID_MEDSCAPE_EMAIL|7
THYROID_M|RET|RET|LUNG_MEDSCAPE_BRANDSPOT|LUNG_F2F_CALL|1
LUNG_H|RET|RET|LUNG_MEDSCAPE_EMAIL|OVERALL_MEDSCAPE_BRANDSPOT|7
LUNG_H|RET|RET|LUNG_MEDSCAPE_EMAIL|OVERALL_P2P|1
LUNG_H|RET|RET|LUNG_MEDSCAPE_EMAIL|THYROID_HQ_EMAIL|1
LUNG_H|RET|RET|LUNG_MEDSCAPE_EMAIL|THYROID_MEDSCAPE_POC|7
LUNG_H|RET|RET|LUNG_MEDSCAPE_POC|LUNG_DOXIMITY_ALERT|1
LUNG_H|RET|RET|LUNG_MEDSCAPE_POC|LUNG_F2F_CALL|1
LUNG_H|RET|RET|LUNG_MEDSCAPE_POC|LUNG_MEDSCAPE_ALERT|14
LUNG_H|RET|RET|LUNG_MEDSCAPE_POC|LUNG_MEDSCAPE_BRANDSPOT|14
LUNG_H|RET|RET|LUNG_MEDSCAPE_POC|LUNG_MEDSCAPE_EMAIL|7
LUNG_H|RET|RET|LUNG_MEDSCAPE_POC|LUNG_VEEVA_EMAIL|1
LUNG_H|RET|RET|LUNG_MEDSCAPE_POC|OVERALL_F2F_CALL|1
LUNG_H|RET|RET|LUNG_MEDSCAPE_POC|OVERALL_MEDSCAPE_BRANDSPOT|14
LUNG_H|RET|RET|LUNG_MEDSCAPE_POC|OVERALL_P2P|1
LUNG_H|RET|RET|LUNG_MEDSCAPE_POC|THYROID_DOXIMITY_ALERT|1
LUNG_H|RET|RET|LUNG_MEDSCAPE_POC|THYROID_F2F_CALL|1
LUNG_H|RET|RET|LUNG_MEDSCAPE_POC|THYROID_HQ_EMAIL|1
LUNG_H|RET|RET|LUNG_MEDSCAPE_POC|THYROID_MEDSCAPE_POC|14
LUNG_H|RET|RET|LUNG_VEEVA_EMAIL|LUNG_HQ_EMAIL|1
LUNG_H|RET|RET|LUNG_VEEVA_EMAIL|LUNG_MEDSCAPE_ALERT|1
LUNG_H|RET|RET|LUNG_VEEVA_EMAIL|LUNG_MEDSCAPE_BRANDSPOT|1
LUNG_H|RET|RET|LUNG_VEEVA_EMAIL|LUNG_MEDSCAPE_POC|1
LUNG_H|RET|RET|LUNG_VEEVA_EMAIL|LUNG_VEEVA_EMAIL|14
LUNG_H|RET|RET|LUNG_VEEVA_EMAIL|OVERALL_DOXIMITY_ALERT|1
LUNG_H|RET|RET|LUNG_VEEVA_EMAIL|OVERALL_MEDSCAPE_BRANDSPOT|1
LUNG_H|RET|RET|LUNG_VEEVA_EMAIL|OVERALL_MEDSCAPE_POC|1
LUNG_H|RET|RET|LUNG_VEEVA_EMAIL|OVERALL_P2P|1
LUNG_H|RET|RET|LUNG_VEEVA_EMAIL|THYROID_F2F_CALL|14
LUNG_H|RET|RET|LUNG_VEEVA_EMAIL|THYROID_HQ_EMAIL|1
LUNG_H|RET|RET|LUNG_VEEVA_EMAIL|THYROID_MEDSCAPE_EMAIL|1
LUNG_H|RET|RET|OVERALL_DOXIMITY_ALERT|LUNG_DOXIMITY_ALERT|14
LUNG_H|RET|RET|OVERALL_DOXIMITY_ALERT|LUNG_F2F_CALL|1
LUNG_H|RET|RET|OVERALL_DOXIMITY_ALERT|LUNG_HQ_EMAIL|1
LUNG_H|RET|RET|OVERALL_DOXIMITY_ALERT|LUNG_MEDSCAPE_BRANDSPOT|1
LUNG_H|RET|RET|OVERALL_DOXIMITY_ALERT|LUNG_MEDSCAPE_EMAIL|1
LUNG_H|RET|RET|OVERALL_DOXIMITY_ALERT|LUNG_MEDSCAPE_POC|1
LUNG_H|RET|RET|OVERALL_DOXIMITY_ALERT|OVERALL_DOXIMITY_ALERT|14
LUNG_H|RET|RET|OVERALL_DOXIMITY_ALERT|OVERALL_F2F_CALL|1
LUNG_H|RET|RET|OVERALL_DOXIMITY_ALERT|OVERALL_MEDSCAPE_EMAIL|1
LUNG_H|RET|RET|OVERALL_DOXIMITY_ALERT|OVERALL_VEEVA_EMAIL|1
LUNG_H|RET|RET|OVERALL_DOXIMITY_ALERT|THYROID_DOXIMITY_ALERT|14
LUNG_H|RET|RET|OVERALL_DOXIMITY_ALERT|THYROID_F2F_CALL|1
LUNG_H|RET|RET|OVERALL_DOXIMITY_ALERT|THYROID_HQ_EMAIL|1
LUNG_H|RET|RET|OVERALL_DOXIMITY_ALERT|THYROID_MEDSCAPE_BRANDSPOT|1
LUNG_H|RET|RET|OVERALL_DOXIMITY_ALERT|THYROID_MEDSCAPE_EMAIL|1
LUNG_H|RET|RET|OVERALL_DOXIMITY_ALERT|THYROID_VEEVA_EMAIL|1
LUNG_H|RET|RET|OVERALL_F2F_CALL|LUNG_HQ_EMAIL|1
LUNG_H|RET|RET|OVERALL_F2F_CALL|LUNG_MEDSCAPE_ALERT|1
LUNG_H|RET|RET|OVERALL_F2F_CALL|LUNG_MEDSCAPE_BRANDSPOT|1
LUNG_H|RET|RET|OVERALL_F2F_CALL|LUNG_MEDSCAPE_POC|1
LUNG_H|RET|RET|OVERALL_F2F_CALL|LUNG_VEEVA_EMAIL|14
LUNG_H|RET|RET|OVERALL_F2F_CALL|OVERALL_MEDSCAPE_ALERT|1
LUNG_H|RET|RET|OVERALL_F2F_CALL|OVERALL_MEDSCAPE_EMAIL|1
LUNG_H|RET|RET|OVERALL_F2F_CALL|OVERALL_P2P|1
LUNG_H|RET|RET|OVERALL_F2F_CALL|THYROID_DOXIMITY_ALERT|1
LUNG_H|RET|RET|OVERALL_F2F_CALL|THYROID_F2F_CALL|21
LUNG_H|RET|RET|OVERALL_F2F_CALL|THYROID_MEDSCAPE_ALERT|1
LUNG_H|RET|RET|OVERALL_F2F_CALL|THYROID_MEDSCAPE_BRANDSPOT|1
LUNG_H|RET|RET|OVERALL_F2F_CALL|THYROID_MEDSCAPE_EMAIL|1
LUNG_H|RET|RET|OVERALL_F2F_CALL|THYROID_MEDSCAPE_POC|1
LUNG_H|RET|RET|OVERALL_F2F_CALL|THYROID_VEEVA_EMAIL|14
LUNG_H|RET|RET|OVERALL_HQ_EMAIL|LUNG_DOXIMITY_ALERT|1
LUNG_H|RET|RET|OVERALL_HQ_EMAIL|LUNG_HQ_EMAIL|7
LUNG_H|RET|RET|OVERALL_HQ_EMAIL|LUNG_MEDSCAPE_ALERT|1
LUNG_H|RET|RET|OVERALL_HQ_EMAIL|LUNG_MEDSCAPE_EMAIL|1
LUNG_H|RET|RET|OVERALL_HQ_EMAIL|LUNG_MEDSCAPE_POC|1
LUNG_H|RET|RET|OVERALL_HQ_EMAIL|OVERALL_DOXIMITY_ALERT|1
LUNG_H|RET|RET|OVERALL_HQ_EMAIL|OVERALL_F2F_CALL|1
LUNG_H|RET|RET|OVERALL_HQ_EMAIL|OVERALL_MEDSCAPE_ALERT|1
LUNG_H|RET|RET|OVERALL_HQ_EMAIL|OVERALL_MEDSCAPE_BRANDSPOT|1
LUNG_H|RET|RET|OVERALL_HQ_EMAIL|OVERALL_MEDSCAPE_POC|1
LUNG_H|RET|RET|OVERALL_HQ_EMAIL|OVERALL_P2P|1
LUNG_H|RET|RET|OVERALL_HQ_EMAIL|THYROID_DOXIMITY_ALERT|1
LUNG_H|RET|RET|OVERALL_HQ_EMAIL|THYROID_HQ_EMAIL|7
LUNG_H|RET|RET|OVERALL_HQ_EMAIL|THYROID_MEDSCAPE_ALERT|1
LUNG_H|RET|RET|OVERALL_HQ_EMAIL|THYROID_MEDSCAPE_EMAIL|1
LUNG_H|RET|RET|OVERALL_HQ_EMAIL|THYROID_MEDSCAPE_POC|1
LUNG_H|RET|RET|OVERALL_MEDSCAPE_ALERT|LUNG_DOXIMITY_ALERT|1
LUNG_H|RET|RET|OVERALL_MEDSCAPE_ALERT|LUNG_F2F_CALL|1
LUNG_H|RET|RET|OVERALL_MEDSCAPE_ALERT|LUNG_HQ_EMAIL|1
LUNG_H|RET|RET|OVERALL_MEDSCAPE_ALERT|LUNG_MEDSCAPE_EMAIL|7
LUNG_H|RET|RET|OVERALL_MEDSCAPE_ALERT|LUNG_MEDSCAPE_POC|1
LUNG_H|RET|RET|OVERALL_MEDSCAPE_ALERT|OVERALL_DOXIMITY_ALERT|1
OVERALL_M|RET|RET|THYROID_MEDSCAPE_POC|THYROID_HQ_EMAIL|1
OVERALL_M|RET|RET|THYROID_MEDSCAPE_POC|THYROID_MEDSCAPE_ALERT|14
OVERALL_M|RET|RET|THYROID_MEDSCAPE_POC|THYROID_MEDSCAPE_BRANDSPOT|14
OVERALL_M|RET|RET|THYROID_VEEVA_EMAIL|LUNG_DOXIMITY_ALERT|1
OVERALL_M|RET|RET|THYROID_VEEVA_EMAIL|LUNG_HQ_EMAIL|1
OVERALL_M|RET|RET|THYROID_VEEVA_EMAIL|LUNG_MEDSCAPE_ALERT|1
OVERALL_M|RET|RET|THYROID_VEEVA_EMAIL|LUNG_MEDSCAPE_BRANDSPOT|1
OVERALL_M|RET|RET|THYROID_VEEVA_EMAIL|LUNG_MEDSCAPE_EMAIL|1
OVERALL_M|RET|RET|THYROID_VEEVA_EMAIL|LUNG_MEDSCAPE_POC|1
OVERALL_M|RET|RET|THYROID_VEEVA_EMAIL|OVERALL_MEDSCAPE_BRANDSPOT|1
OVERALL_M|RET|RET|THYROID_VEEVA_EMAIL|OVERALL_MEDSCAPE_EMAIL|1
OVERALL_M|RET|RET|THYROID_VEEVA_EMAIL|OVERALL_MEDSCAPE_POC|1
OVERALL_M|RET|RET|THYROID_VEEVA_EMAIL|THYROID_DOXIMITY_ALERT|1
OVERALL_M|RET|RET|THYROID_VEEVA_EMAIL|THYROID_F2F_CALL|14
OVERALL_M|RET|RET|THYROID_VEEVA_EMAIL|THYROID_HQ_EMAIL|1
OVERALL_M|RET|RET|THYROID_VEEVA_EMAIL|THYROID_MEDSCAPE_ALERT|1
OVERALL_M|RET|RET|THYROID_VEEVA_EMAIL|THYROID_MEDSCAPE_EMAIL|1
OVERALL_M|RET|RET|THYROID_VEEVA_EMAIL|THYROID_VEEVA_EMAIL|14
THYROID_C|RET|RET|LUNG_DOXIMITY_ALERT|LUNG_DOXIMITY_ALERT|28
THYROID_C|RET|RET|LUNG_DOXIMITY_ALERT|LUNG_HQ_EMAIL|1
THYROID_C|RET|RET|LUNG_DOXIMITY_ALERT|LUNG_MEDSCAPE_ALERT|1
THYROID_C|RET|RET|LUNG_DOXIMITY_ALERT|LUNG_MEDSCAPE_BRANDSPOT|1
THYROID_C|RET|RET|LUNG_DOXIMITY_ALERT|LUNG_VEEVA_EMAIL|1
THYROID_C|RET|RET|LUNG_DOXIMITY_ALERT|OVERALL_DOXIMITY_ALERT|28
THYROID_C|RET|RET|LUNG_DOXIMITY_ALERT|OVERALL_F2F_CALL|1
THYROID_C|RET|RET|LUNG_DOXIMITY_ALERT|OVERALL_MEDSCAPE_EMAIL|1
THYROID_C|RET|RET|LUNG_DOXIMITY_ALERT|OVERALL_P2P|1
THYROID_C|RET|RET|LUNG_DOXIMITY_ALERT|THYROID_DOXIMITY_ALERT|28
THYROID_C|RET|RET|LUNG_DOXIMITY_ALERT|THYROID_MEDSCAPE_ALERT|1
THYROID_C|RET|RET|LUNG_DOXIMITY_ALERT|THYROID_MEDSCAPE_BRANDSPOT|1
THYROID_C|RET|RET|LUNG_DOXIMITY_ALERT|THYROID_VEEVA_EMAIL|1
THYROID_C|RET|RET|LUNG_F2F_CALL|LUNG_F2F_CALL|21
THYROID_C|RET|RET|LUNG_F2F_CALL|LUNG_MEDSCAPE_ALERT|1
THYROID_C|RET|RET|LUNG_F2F_CALL|LUNG_MEDSCAPE_EMAIL|1
THYROID_C|RET|RET|LUNG_F2F_CALL|LUNG_VEEVA_EMAIL|14
THYROID_C|RET|RET|LUNG_F2F_CALL|OVERALL_DOXIMITY_ALERT|1
THYROID_C|RET|RET|LUNG_F2F_CALL|OVERALL_F2F_CALL|21
THYROID_C|RET|RET|LUNG_F2F_CALL|OVERALL_P2P|1
THYROID_C|RET|RET|LUNG_F2F_CALL|OVERALL_VEEVA_EMAIL|14
THYROID_C|RET|RET|LUNG_F2F_CALL|THYROID_HQ_EMAIL|1
THYROID_C|RET|RET|LUNG_F2F_CALL|THYROID_MEDSCAPE_POC|1
THYROID_C|RET|RET|LUNG_HQ_EMAIL|LUNG_DOXIMITY_ALERT|1
THYROID_C|RET|RET|LUNG_HQ_EMAIL|LUNG_MEDSCAPE_EMAIL|1
THYROID_C|RET|RET|LUNG_HQ_EMAIL|LUNG_MEDSCAPE_POC|1
THYROID_C|RET|RET|LUNG_HQ_EMAIL|OVERALL_F2F_CALL|1
THYROID_C|RET|RET|LUNG_HQ_EMAIL|OVERALL_HQ_EMAIL|7
THYROID_C|RET|RET|LUNG_HQ_EMAIL|OVERALL_MEDSCAPE_BRANDSPOT|1
THYROID_C|RET|RET|LUNG_HQ_EMAIL|OVERALL_MEDSCAPE_EMAIL|1
THYROID_C|RET|RET|LUNG_HQ_EMAIL|OVERALL_MEDSCAPE_POC|1
THYROID_C|RET|RET|LUNG_HQ_EMAIL|OVERALL_P2P|1
THYROID_C|RET|RET|LUNG_HQ_EMAIL|THYROID_DOXIMITY_ALERT|1
THYROID_C|RET|RET|LUNG_HQ_EMAIL|THYROID_F2F_CALL|1
THYROID_C|RET|RET|LUNG_HQ_EMAIL|THYROID_HQ_EMAIL|7
THYROID_C|RET|RET|LUNG_HQ_EMAIL|THYROID_MEDSCAPE_POC|1
THYROID_C|RET|RET|LUNG_HQ_EMAIL|THYROID_VEEVA_EMAIL|1
THYROID_C|RET|RET|LUNG_MEDSCAPE_ALERT|LUNG_DOXIMITY_ALERT|1
THYROID_C|RET|RET|LUNG_MEDSCAPE_ALERT|LUNG_HQ_EMAIL|1
THYROID_C|RET|RET|LUNG_MEDSCAPE_ALERT|LUNG_MEDSCAPE_BRANDSPOT|14
THYROID_C|RET|RET|LUNG_MEDSCAPE_ALERT|LUNG_MEDSCAPE_EMAIL|7
THYROID_C|RET|RET|LUNG_MEDSCAPE_ALERT|OVERALL_DOXIMITY_ALERT|1
THYROID_C|RET|RET|LUNG_MEDSCAPE_ALERT|THYROID_F2F_CALL|1
THYROID_C|RET|RET|LUNG_MEDSCAPE_ALERT|THYROID_HQ_EMAIL|1
THYROID_C|RET|RET|LUNG_MEDSCAPE_ALERT|THYROID_MEDSCAPE_POC|14
THYROID_C|RET|RET|LUNG_MEDSCAPE_BRANDSPOT|LUNG_HQ_EMAIL|1
THYROID_C|RET|RET|LUNG_MEDSCAPE_BRANDSPOT|LUNG_MEDSCAPE_ALERT|1
THYROID_C|RET|RET|LUNG_MEDSCAPE_BRANDSPOT|LUNG_MEDSCAPE_BRANDSPOT|14
THYROID_C|RET|RET|LUNG_MEDSCAPE_BRANDSPOT|OVERALL_DOXIMITY_ALERT|1
THYROID_C|RET|RET|LUNG_MEDSCAPE_BRANDSPOT|OVERALL_F2F_CALL|1
THYROID_C|RET|RET|LUNG_MEDSCAPE_BRANDSPOT|OVERALL_MEDSCAPE_ALERT|1
THYROID_C|RET|RET|LUNG_MEDSCAPE_BRANDSPOT|OVERALL_MEDSCAPE_EMAIL|7
THYROID_C|RET|RET|LUNG_MEDSCAPE_BRANDSPOT|OVERALL_P2P|1
THYROID_C|RET|RET|LUNG_MEDSCAPE_BRANDSPOT|THYROID_MEDSCAPE_BRANDSPOT|14
THYROID_C|RET|RET|LUNG_MEDSCAPE_BRANDSPOT|THYROID_MEDSCAPE_EMAIL|7
THYROID_C|RET|RET|LUNG_MEDSCAPE_EMAIL|LUNG_DOXIMITY_ALERT|1
THYROID_C|RET|RET|LUNG_MEDSCAPE_EMAIL|LUNG_MEDSCAPE_BRANDSPOT|7
THYROID_C|RET|RET|LUNG_MEDSCAPE_EMAIL|LUNG_MEDSCAPE_POC|1
THYROID_C|RET|RET|LUNG_MEDSCAPE_EMAIL|LUNG_VEEVA_EMAIL|1
THYROID_L|RET|RET|THYROID_MEDSCAPE_POC|OVERALL_P2P|1
THYROID_L|RET|RET|THYROID_MEDSCAPE_POC|THYROID_DOXIMITY_ALERT|1
THYROID_L|RET|RET|THYROID_MEDSCAPE_POC|THYROID_F2F_CALL|1
THYROID_L|RET|RET|THYROID_MEDSCAPE_POC|THYROID_MEDSCAPE_ALERT|14
THYROID_L|RET|RET|THYROID_MEDSCAPE_POC|THYROID_MEDSCAPE_EMAIL|7
THYROID_L|RET|RET|THYROID_MEDSCAPE_POC|THYROID_MEDSCAPE_POC|14
THYROID_L|RET|RET|THYROID_MEDSCAPE_POC|THYROID_VEEVA_EMAIL|1
THYROID_L|RET|RET|THYROID_VEEVA_EMAIL|LUNG_MEDSCAPE_BRANDSPOT|1
THYROID_L|RET|RET|THYROID_VEEVA_EMAIL|LUNG_MEDSCAPE_POC|1
THYROID_L|RET|RET|THYROID_VEEVA_EMAIL|OVERALL_HQ_EMAIL|1
THYROID_L|RET|RET|THYROID_VEEVA_EMAIL|OVERALL_MEDSCAPE_EMAIL|1
THYROID_L|RET|RET|THYROID_VEEVA_EMAIL|OVERALL_MEDSCAPE_POC|1
THYROID_L|RET|RET|THYROID_VEEVA_EMAIL|OVERALL_VEEVA_EMAIL|14
THYROID_L|RET|RET|THYROID_VEEVA_EMAIL|THYROID_DOXIMITY_ALERT|1
THYROID_M|RET|RET|LUNG_DOXIMITY_ALERT|LUNG_MEDSCAPE_ALERT|1
THYROID_M|RET|RET|LUNG_DOXIMITY_ALERT|LUNG_MEDSCAPE_BRANDSPOT|1
THYROID_M|RET|RET|LUNG_DOXIMITY_ALERT|LUNG_MEDSCAPE_EMAIL|1
THYROID_M|RET|RET|LUNG_DOXIMITY_ALERT|OVERALL_DOXIMITY_ALERT|28
THYROID_M|RET|RET|LUNG_DOXIMITY_ALERT|OVERALL_MEDSCAPE_BRANDSPOT|1
THYROID_M|RET|RET|LUNG_DOXIMITY_ALERT|OVERALL_MEDSCAPE_POC|1
THYROID_M|RET|RET|LUNG_DOXIMITY_ALERT|OVERALL_VEEVA_EMAIL|1
THYROID_M|RET|RET|LUNG_DOXIMITY_ALERT|THYROID_F2F_CALL|1
THYROID_M|RET|RET|LUNG_DOXIMITY_ALERT|THYROID_MEDSCAPE_ALERT|1
THYROID_M|RET|RET|LUNG_DOXIMITY_ALERT|THYROID_MEDSCAPE_EMAIL|1
THYROID_M|RET|RET|LUNG_F2F_CALL|LUNG_MEDSCAPE_ALERT|1
THYROID_M|RET|RET|LUNG_F2F_CALL|LUNG_MEDSCAPE_POC|1
THYROID_M|RET|RET|LUNG_F2F_CALL|LUNG_VEEVA_EMAIL|14
THYROID_M|RET|RET|LUNG_F2F_CALL|OVERALL_DOXIMITY_ALERT|1
THYROID_M|RET|RET|LUNG_F2F_CALL|OVERALL_HQ_EMAIL|1
THYROID_M|RET|RET|LUNG_F2F_CALL|OVERALL_MEDSCAPE_ALERT|1
THYROID_M|RET|RET|LUNG_F2F_CALL|OVERALL_MEDSCAPE_EMAIL|1
THYROID_M|RET|RET|LUNG_F2F_CALL|OVERALL_MEDSCAPE_POC|1
THYROID_M|RET|RET|LUNG_F2F_CALL|OVERALL_P2P|1
THYROID_M|RET|RET|LUNG_F2F_CALL|THYROID_MEDSCAPE_BRANDSPOT|1
THYROID_M|RET|RET|LUNG_F2F_CALL|THYROID_MEDSCAPE_EMAIL|1
THYROID_M|RET|RET|LUNG_F2F_CALL|THYROID_MEDSCAPE_POC|1
THYROID_M|RET|RET|LUNG_F2F_CALL|THYROID_VEEVA_EMAIL|14
THYROID_M|RET|RET|LUNG_HQ_EMAIL|LUNG_F2F_CALL|1
THYROID_M|RET|RET|LUNG_HQ_EMAIL|LUNG_HQ_EMAIL|7
THYROID_M|RET|RET|LUNG_HQ_EMAIL|LUNG_MEDSCAPE_BRANDSPOT|1
THYROID_M|RET|RET|LUNG_HQ_EMAIL|LUNG_MEDSCAPE_POC|1
THYROID_M|RET|RET|LUNG_HQ_EMAIL|LUNG_VEEVA_EMAIL|1
THYROID_M|RET|RET|LUNG_HQ_EMAIL|OVERALL_DOXIMITY_ALERT|1
THYROID_M|RET|RET|LUNG_HQ_EMAIL|OVERALL_F2F_CALL|1
THYROID_M|RET|RET|LUNG_HQ_EMAIL|OVERALL_HQ_EMAIL|7
THYROID_M|RET|RET|LUNG_HQ_EMAIL|OVERALL_MEDSCAPE_ALERT|1
THYROID_M|RET|RET|LUNG_HQ_EMAIL|THYROID_F2F_CALL|1
THYROID_M|RET|RET|LUNG_HQ_EMAIL|THYROID_MEDSCAPE_ALERT|1
THYROID_M|RET|RET|LUNG_HQ_EMAIL|THYROID_MEDSCAPE_BRANDSPOT|1
THYROID_M|RET|RET|LUNG_HQ_EMAIL|THYROID_MEDSCAPE_POC|1
THYROID_M|RET|RET|LUNG_HQ_EMAIL|THYROID_VEEVA_EMAIL|1
THYROID_M|RET|RET|LUNG_MEDSCAPE_ALERT|LUNG_F2F_CALL|1
THYROID_M|RET|RET|LUNG_MEDSCAPE_ALERT|LUNG_MEDSCAPE_BRANDSPOT|14
THYROID_M|RET|RET|LUNG_MEDSCAPE_ALERT|LUNG_MEDSCAPE_EMAIL|7
THYROID_M|RET|RET|LUNG_MEDSCAPE_ALERT|LUNG_MEDSCAPE_POC|1
THYROID_M|RET|RET|LUNG_MEDSCAPE_ALERT|OVERALL_DOXIMITY_ALERT|1
THYROID_M|RET|RET|LUNG_MEDSCAPE_ALERT|OVERALL_F2F_CALL|1
THYROID_M|RET|RET|LUNG_MEDSCAPE_ALERT|OVERALL_HQ_EMAIL|1
THYROID_M|RET|RET|LUNG_MEDSCAPE_ALERT|OVERALL_MEDSCAPE_ALERT|28
THYROID_M|RET|RET|LUNG_MEDSCAPE_ALERT|OVERALL_MEDSCAPE_BRANDSPOT|14
THYROID_M|RET|RET|LUNG_MEDSCAPE_ALERT|OVERALL_MEDSCAPE_POC|14
THYROID_M|RET|RET|LUNG_MEDSCAPE_ALERT|THYROID_DOXIMITY_ALERT|1
THYROID_M|RET|RET|LUNG_MEDSCAPE_ALERT|THYROID_F2F_CALL|1
THYROID_M|RET|RET|LUNG_MEDSCAPE_ALERT|THYROID_HQ_EMAIL|1
THYROID_M|RET|RET|LUNG_MEDSCAPE_ALERT|THYROID_MEDSCAPE_BRANDSPOT|1
THYROID_M|RET|RET|LUNG_MEDSCAPE_ALERT|THYROID_MEDSCAPE_POC|14
THYROID_M|RET|RET|LUNG_MEDSCAPE_ALERT|THYROID_VEEVA_EMAIL|1
THYROID_M|RET|RET|LUNG_MEDSCAPE_BRANDSPOT|LUNG_DOXIMITY_ALERT|1
THYROID_M|RET|RET|LUNG_MEDSCAPE_BRANDSPOT|LUNG_HQ_EMAIL|1
THYROID_M|RET|RET|LUNG_MEDSCAPE_BRANDSPOT|LUNG_MEDSCAPE_EMAIL|7
THYROID_M|RET|RET|LUNG_MEDSCAPE_BRANDSPOT|LUNG_VEEVA_EMAIL|1
THYROID_M|RET|RET|LUNG_MEDSCAPE_BRANDSPOT|OVERALL_HQ_EMAIL|1
THYROID_M|RET|RET|LUNG_MEDSCAPE_BRANDSPOT|OVERALL_MEDSCAPE_POC|14
THYROID_M|RET|RET|LUNG_MEDSCAPE_BRANDSPOT|OVERALL_P2P|1
THYROID_M|RET|RET|LUNG_MEDSCAPE_BRANDSPOT|THYROID_DOXIMITY_ALERT|1
THYROID_M|RET|RET|LUNG_MEDSCAPE_BRANDSPOT|THYROID_MEDSCAPE_ALERT|1
THYROID_M|RET|RET|LUNG_MEDSCAPE_BRANDSPOT|THYROID_MEDSCAPE_EMAIL|7
LUNG_C|RET|RET|LUNG_VEEVA_EMAIL|THYROID_DOXIMITY_ALERT|1
LUNG_C|RET|RET|LUNG_VEEVA_EMAIL|THYROID_HQ_EMAIL|1
LUNG_C|RET|RET|LUNG_VEEVA_EMAIL|THYROID_MEDSCAPE_ALERT|1
LUNG_C|RET|RET|LUNG_VEEVA_EMAIL|THYROID_MEDSCAPE_POC|1
LUNG_C|RET|RET|LUNG_VEEVA_EMAIL|THYROID_VEEVA_EMAIL|14
LUNG_C|RET|RET|OVERALL_DOXIMITY_ALERT|LUNG_F2F_CALL|1
LUNG_C|RET|RET|OVERALL_DOXIMITY_ALERT|LUNG_MEDSCAPE_BRANDSPOT|1
LUNG_C|RET|RET|OVERALL_DOXIMITY_ALERT|LUNG_MEDSCAPE_EMAIL|1
LUNG_C|RET|RET|OVERALL_DOXIMITY_ALERT|OVERALL_HQ_EMAIL|1
LUNG_C|RET|RET|OVERALL_DOXIMITY_ALERT|OVERALL_MEDSCAPE_BRANDSPOT|1
LUNG_C|RET|RET|OVERALL_DOXIMITY_ALERT|OVERALL_VEEVA_EMAIL|1
LUNG_C|RET|RET|OVERALL_DOXIMITY_ALERT|THYROID_DOXIMITY_ALERT|14
LUNG_C|RET|RET|OVERALL_DOXIMITY_ALERT|THYROID_F2F_CALL|1
LUNG_C|RET|RET|OVERALL_DOXIMITY_ALERT|THYROID_MEDSCAPE_ALERT|1
LUNG_C|RET|RET|OVERALL_DOXIMITY_ALERT|THYROID_VEEVA_EMAIL|1
LUNG_C|RET|RET|OVERALL_F2F_CALL|LUNG_DOXIMITY_ALERT|1
LUNG_C|RET|RET|OVERALL_F2F_CALL|LUNG_HQ_EMAIL|1
LUNG_C|RET|RET|OVERALL_F2F_CALL|LUNG_MEDSCAPE_EMAIL|1
LUNG_C|RET|RET|OVERALL_F2F_CALL|LUNG_VEEVA_EMAIL|14
LUNG_C|RET|RET|OVERALL_F2F_CALL|OVERALL_MEDSCAPE_POC|1
LUNG_C|RET|RET|OVERALL_F2F_CALL|OVERALL_VEEVA_EMAIL|14
LUNG_C|RET|RET|OVERALL_F2F_CALL|THYROID_F2F_CALL|21
LUNG_C|RET|RET|OVERALL_F2F_CALL|THYROID_HQ_EMAIL|1
LUNG_C|RET|RET|OVERALL_F2F_CALL|THYROID_MEDSCAPE_ALERT|1
LUNG_C|RET|RET|OVERALL_F2F_CALL|THYROID_MEDSCAPE_BRANDSPOT|1
LUNG_C|RET|RET|OVERALL_F2F_CALL|THYROID_MEDSCAPE_POC|1
LUNG_C|RET|RET|OVERALL_HQ_EMAIL|LUNG_DOXIMITY_ALERT|1
LUNG_C|RET|RET|OVERALL_HQ_EMAIL|LUNG_HQ_EMAIL|7
LUNG_C|RET|RET|OVERALL_HQ_EMAIL|LUNG_MEDSCAPE_ALERT|1
LUNG_C|RET|RET|OVERALL_HQ_EMAIL|LUNG_MEDSCAPE_BRANDSPOT|1
LUNG_C|RET|RET|OVERALL_HQ_EMAIL|LUNG_MEDSCAPE_POC|1
LUNG_C|RET|RET|OVERALL_HQ_EMAIL|LUNG_VEEVA_EMAIL|1
LUNG_C|RET|RET|OVERALL_HQ_EMAIL|OVERALL_F2F_CALL|1
LUNG_C|RET|RET|OVERALL_HQ_EMAIL|OVERALL_MEDSCAPE_BRANDSPOT|1
LUNG_C|RET|RET|OVERALL_HQ_EMAIL|OVERALL_MEDSCAPE_EMAIL|1
LUNG_C|RET|RET|OVERALL_HQ_EMAIL|OVERALL_P2P|1
LUNG_C|RET|RET|OVERALL_HQ_EMAIL|OVERALL_VEEVA_EMAIL|1
LUNG_C|RET|RET|OVERALL_HQ_EMAIL|THYROID_DOXIMITY_ALERT|1
LUNG_C|RET|RET|OVERALL_HQ_EMAIL|THYROID_F2F_CALL|1
LUNG_C|RET|RET|OVERALL_HQ_EMAIL|THYROID_MEDSCAPE_ALERT|1
LUNG_C|RET|RET|OVERALL_HQ_EMAIL|THYROID_MEDSCAPE_EMAIL|1
LUNG_C|RET|RET|OVERALL_MEDSCAPE_ALERT|LUNG_F2F_CALL|1
LUNG_C|RET|RET|OVERALL_MEDSCAPE_ALERT|LUNG_MEDSCAPE_ALERT|28
LUNG_C|RET|RET|OVERALL_MEDSCAPE_ALERT|LUNG_MEDSCAPE_POC|1
LUNG_C|RET|RET|OVERALL_MEDSCAPE_ALERT|LUNG_VEEVA_EMAIL|1
LUNG_C|RET|RET|OVERALL_MEDSCAPE_ALERT|OVERALL_MEDSCAPE_BRANDSPOT|14
LUNG_C|RET|RET|OVERALL_MEDSCAPE_ALERT|OVERALL_MEDSCAPE_POC|14
LUNG_C|RET|RET|OVERALL_MEDSCAPE_ALERT|OVERALL_P2P|1
LUNG_C|RET|RET|OVERALL_MEDSCAPE_ALERT|THYROID_DOXIMITY_ALERT|1
LUNG_C|RET|RET|OVERALL_MEDSCAPE_ALERT|THYROID_F2F_CALL|1
LUNG_C|RET|RET|OVERALL_MEDSCAPE_ALERT|THYROID_HQ_EMAIL|1
LUNG_C|RET|RET|OVERALL_MEDSCAPE_ALERT|THYROID_MEDSCAPE_ALERT|28
LUNG_C|RET|RET|OVERALL_MEDSCAPE_ALERT|THYROID_VEEVA_EMAIL|1
LUNG_C|RET|RET|OVERALL_MEDSCAPE_BRANDSPOT|LUNG_DOXIMITY_ALERT|1
LUNG_C|RET|RET|OVERALL_MEDSCAPE_BRANDSPOT|LUNG_F2F_CALL|1
LUNG_C|RET|RET|OVERALL_MEDSCAPE_BRANDSPOT|LUNG_HQ_EMAIL|1
LUNG_C|RET|RET|OVERALL_MEDSCAPE_BRANDSPOT|LUNG_MEDSCAPE_ALERT|14
LUNG_C|RET|RET|OVERALL_MEDSCAPE_BRANDSPOT|LUNG_MEDSCAPE_BRANDSPOT|14
LUNG_C|RET|RET|OVERALL_MEDSCAPE_BRANDSPOT|LUNG_MEDSCAPE_EMAIL|7
LUNG_C|RET|RET|OVERALL_MEDSCAPE_BRANDSPOT|OVERALL_DOXIMITY_ALERT|1
LUNG_C|RET|RET|OVERALL_MEDSCAPE_BRANDSPOT|OVERALL_MEDSCAPE_BRANDSPOT|14
LUNG_C|RET|RET|OVERALL_MEDSCAPE_BRANDSPOT|OVERALL_P2P|1
LUNG_C|RET|RET|OVERALL_MEDSCAPE_BRANDSPOT|OVERALL_VEEVA_EMAIL|1
LUNG_C|RET|RET|OVERALL_MEDSCAPE_BRANDSPOT|THYROID_F2F_CALL|1
LUNG_C|RET|RET|OVERALL_MEDSCAPE_BRANDSPOT|THYROID_MEDSCAPE_BRANDSPOT|14
LUNG_C|RET|RET|OVERALL_MEDSCAPE_BRANDSPOT|THYROID_MEDSCAPE_POC|14
LUNG_C|RET|RET|OVERALL_MEDSCAPE_EMAIL|LUNG_DOXIMITY_ALERT|1
LUNG_C|RET|RET|OVERALL_MEDSCAPE_EMAIL|LUNG_F2F_CALL|1
LUNG_C|RET|RET|OVERALL_MEDSCAPE_EMAIL|LUNG_MEDSCAPE_ALERT|7
LUNG_C|RET|RET|OVERALL_MEDSCAPE_EMAIL|LUNG_MEDSCAPE_BRANDSPOT|7
LUNG_C|RET|RET|OVERALL_MEDSCAPE_EMAIL|LUNG_VEEVA_EMAIL|1
LUNG_C|RET|RET|OVERALL_MEDSCAPE_EMAIL|OVERALL_DOXIMITY_ALERT|1
LUNG_C|RET|RET|OVERALL_MEDSCAPE_EMAIL|OVERALL_F2F_CALL|1
LUNG_C|RET|RET|OVERALL_MEDSCAPE_EMAIL|OVERALL_MEDSCAPE_ALERT|7
LUNG_C|RET|RET|OVERALL_MEDSCAPE_EMAIL|OVERALL_MEDSCAPE_BRANDSPOT|7
LUNG_C|RET|RET|OVERALL_MEDSCAPE_EMAIL|OVERALL_MEDSCAPE_POC|7
LUNG_C|RET|RET|OVERALL_MEDSCAPE_EMAIL|OVERALL_P2P|1
LUNG_C|RET|RET|OVERALL_MEDSCAPE_EMAIL|THYROID_F2F_CALL|1
NON-TARGETS|US_304486|US_304486|MEDSCAPE_EMAIL|MEDSCAPE_EMAIL|14
NON-TARGETS|US_304486|US_304486|MEDSCAPE_EMAIL|VEEVA_EMAIL|1
NON-TARGETS|US_304486|US_304486|MEDSCAPE_POC|HQ_EMAIL|1
NON-TARGETS|US_304486|US_304486|MEDSCAPE_POC|MEDSCAPE_BRANDSPOT|1
NON-TARGETS|US_304486|US_304486|MEDSCAPE_POC|MEDSCAPE_POC|14
NON-TARGETS|US_304486|US_304486|P2P|F2F_CALL|7
NON-TARGETS|US_304486|US_304486|P2P|HQ_EMAIL|1
NON-TARGETS|US_304486|US_304486|P2P|MEDSCAPE_EMAIL|1
NON-TARGETS|US_304486|US_304486|P2P|MEDSCAPE_POC|1
NON-TARGETS|US_304486|US_304486|VEEVA_EMAIL|HQ_EMAIL|1
NON-TARGETS|US_304486|US_304486|VEEVA_EMAIL|MEDSCAPE_ALERT|1
NON-TARGETS|US_304486|US_304486|VEEVA_EMAIL|MEDSCAPE_EMAIL|1
NON-TARGETS|US_304486|US_304486|VEEVA_EMAIL|VEEVA_EMAIL|14
NON_TARGET|US_304528|US_304528|DOXIMITY_ALERT|EDH_PROFLOW_EDMU|1
NON_TARGET|US_304528|US_304528|DOXIMITY_ALERT|EDH_PROFLOW_WDMU|1
NON_TARGET|US_304528|US_304528|DOXIMITY_ALERT|EPOCRATES_ALERT|1
NON_TARGET|US_304528|US_304528|DOXIMITY_ALERT|HQ_EMAIL|1
NON_TARGET|US_304528|US_304528|DOXIMITY_ALERT|MEDSCAPE_ALERT|1
NON_TARGET|US_304528|US_304528|DOXIMITY_ALERT|NUMEDIS_MDMINUTE|1
NON_TARGET|US_304528|US_304528|DOXIMITY_ALERT|P2P|1
NON_TARGET|US_304528|US_304528|DOXIMITY_DOCSPOT|DOXIMITY_DOCSPOT|7
NON_TARGET|US_304528|US_304528|DOXIMITY_DOCSPOT|EDH_PROFLOW_RDMU|1
NON_TARGET|US_304528|US_304528|DOXIMITY_DOCSPOT|EDH_PROFLOW_WDMU|1
NON_TARGET|US_304528|US_304528|DOXIMITY_DOCSPOT|EPOCRATES_ALERT|1
NON_TARGET|US_304528|US_304528|DOXIMITY_DOCSPOT|HQ_EMAIL|1
NON_TARGET|US_304528|US_304528|DOXIMITY_DOCSPOT|MEDSCAPE_EMAIL|1
NON_TARGET|US_304528|US_304528|DOXIMITY_DOCSPOT|MEDSCAPE_POC|1
NON_TARGET|US_304528|US_304528|DOXIMITY_DOCSPOT|NUMEDIS_MDMINUTE|1
NON_TARGET|US_304528|US_304528|DOXIMITY_DOCSPOT|VEEVA_EMAIL|1
NON_TARGET|US_304528|US_304528|EDH_PROFLOW_EDMU|EDH_PROFLOW_EDMU|7
NON_TARGET|US_304528|US_304528|EDH_PROFLOW_EDMU|EDH_PROFLOW_WDMU|7
NON_TARGET|US_304528|US_304528|EDH_PROFLOW_EDMU|F2F_CALL|1
NON_TARGET|US_304528|US_304528|EDH_PROFLOW_EDMU|HQ_EMAIL|1
NON_TARGET|US_304528|US_304528|EDH_PROFLOW_EDMU|MEDSCAPE_ALERT|1
NON_TARGET|US_304528|US_304528|EDH_PROFLOW_EDMU|MEDSCAPE_EMAIL|1
NON_TARGET|US_304528|US_304528|EDH_PROFLOW_EDMU|MEDSCAPE_POC|1
NON_TARGET|US_304528|US_304528|EDH_PROFLOW_EDMU|VEEVA_EMAIL|1
NON_TARGET|US_304528|US_304528|EDH_PROFLOW_RDMU|EDH_PROFLOW_EDMU|7
NON_TARGET|US_304528|US_304528|EDH_PROFLOW_RDMU|EDH_PROFLOW_WDMU|7
NON_TARGET|US_304528|US_304528|EDH_PROFLOW_RDMU|F2F_CALL|1
NON_TARGET|US_304528|US_304528|EDH_PROFLOW_RDMU|HQ_EMAIL|1
NON_TARGET|US_304528|US_304528|EDH_PROFLOW_RDMU|P2P|1
NON_TARGET|US_304528|US_304528|EDH_PROFLOW_WDMU|DOXIMITY_ALERT|1
NON_TARGET|US_304528|US_304528|EDH_PROFLOW_WDMU|DOXIMITY_DOCSPOT|1
NON_TARGET|US_304528|US_304528|EDH_PROFLOW_WDMU|F2F_CALL|1
NON_TARGET|US_304528|US_304528|EDH_PROFLOW_WDMU|HQ_EMAIL|1
NON_TARGET|US_304528|US_304528|EDH_PROFLOW_WDMU|MEDSCAPE_EMAIL|1
NON_TARGET|US_304528|US_304528|EDH_PROFLOW_WDMU|NUMEDIS_MDMINUTE|1
NON_TARGET|US_304528|US_304528|EDH_PROFLOW_WDMU|VEEVA_EMAIL|1
NON_TARGET|US_304528|US_304528|EPOCRATES_ALERT|EDH_PROFLOW_RDMU|1
NON_TARGET|US_304528|US_304528|EPOCRATES_ALERT|EDH_PROFLOW_WDMU|1
NON_TARGET|US_304528|US_304528|EPOCRATES_ALERT|F2F_CALL|1
NON_TARGET|US_304528|US_304528|EPOCRATES_ALERT|MEDSCAPE_ALERT|1
NON_TARGET|US_304528|US_304528|EPOCRATES_ALERT|MEDSCAPE_EMAIL|1
NON_TARGET|US_304528|US_304528|EPOCRATES_ALERT|MEDSCAPE_POC|1
NON_TARGET|US_304528|US_304528|EPOCRATES_ALERT|NUMEDIS_MDMINUTE|1
NON_TARGET|US_304528|US_304528|EPOCRATES_ALERT|P2P|1
NON_TARGET|US_304528|US_304528|EPOCRATES_ALERT|VEEVA_EMAIL|1
NON_TARGET|US_304528|US_304528|F2F_CALL|DOXIMITY_ALERT|1
NON_TARGET|US_304528|US_304528|F2F_CALL|EDH_PROFLOW_WDMU|1
NON_TARGET|US_304528|US_304528|F2F_CALL|EPOCRATES_ALERT|1
NON_TARGET|US_304528|US_304528|F2F_CALL|MEDSCAPE_ALERT|1
NON_TARGET|US_304528|US_304528|F2F_CALL|MEDSCAPE_EMAIL|1
NON_TARGET|US_304528|US_304528|F2F_CALL|NUMEDIS_MDMINUTE|1
NON_TARGET|US_304528|US_304528|F2F_CALL|P2P|1
NON_TARGET|US_304528|US_304528|F2F_CALL|VEEVA_EMAIL|1
NON_TARGET|US_304528|US_304528|HQ_EMAIL|DOXIMITY_DOCSPOT|1
NON_TARGET|US_304528|US_304528|HQ_EMAIL|EDH_PROFLOW_RDMU|1
NON_TARGET|US_304528|US_304528|HQ_EMAIL|MEDSCAPE_ALERT|1
NON_TARGET|US_304528|US_304528|HQ_EMAIL|MEDSCAPE_EMAIL|1
NON_TARGET|US_304528|US_304528|HQ_EMAIL|MEDSCAPE_POC|1
NON_TARGET|US_304528|US_304528|HQ_EMAIL|NUMEDIS_MDMINUTE|1
NON_TARGET|US_304528|US_304528|HQ_EMAIL|P2P|1
NON_TARGET|US_304528|US_304528|MEDSCAPE_ALERT|DOXIMITY_DOCSPOT|1
OVERALL_L|RET|RET|LUNG_MEDSCAPE_EMAIL|LUNG_MEDSCAPE_POC|1
OVERALL_L|RET|RET|LUNG_MEDSCAPE_EMAIL|LUNG_VEEVA_EMAIL|1
OVERALL_L|RET|RET|LUNG_MEDSCAPE_EMAIL|OVERALL_DOXIMITY_ALERT|1
OVERALL_L|RET|RET|LUNG_MEDSCAPE_EMAIL|OVERALL_F2F_CALL|1
OVERALL_L|RET|RET|LUNG_MEDSCAPE_EMAIL|OVERALL_MEDSCAPE_ALERT|7
OVERALL_L|RET|RET|LUNG_MEDSCAPE_EMAIL|OVERALL_MEDSCAPE_BRANDSPOT|7
OVERALL_L|RET|RET|LUNG_MEDSCAPE_EMAIL|OVERALL_MEDSCAPE_EMAIL|28
OVERALL_L|RET|RET|LUNG_MEDSCAPE_EMAIL|OVERALL_MEDSCAPE_POC|7
OVERALL_L|RET|RET|LUNG_MEDSCAPE_EMAIL|OVERALL_P2P|1
OVERALL_L|RET|RET|LUNG_MEDSCAPE_EMAIL|OVERALL_VEEVA_EMAIL|1
OVERALL_L|RET|RET|LUNG_MEDSCAPE_EMAIL|THYROID_MEDSCAPE_EMAIL|28
OVERALL_L|RET|RET|LUNG_MEDSCAPE_EMAIL|THYROID_VEEVA_EMAIL|1
OVERALL_L|RET|RET|LUNG_MEDSCAPE_POC|LUNG_F2F_CALL|1
OVERALL_L|RET|RET|LUNG_MEDSCAPE_POC|LUNG_MEDSCAPE_BRANDSPOT|14
OVERALL_L|RET|RET|LUNG_MEDSCAPE_POC|LUNG_VEEVA_EMAIL|1
OVERALL_L|RET|RET|LUNG_MEDSCAPE_POC|OVERALL_DOXIMITY_ALERT|1
OVERALL_L|RET|RET|LUNG_MEDSCAPE_POC|OVERALL_MEDSCAPE_BRANDSPOT|14
OVERALL_L|RET|RET|LUNG_MEDSCAPE_POC|OVERALL_MEDSCAPE_EMAIL|7
OVERALL_L|RET|RET|LUNG_MEDSCAPE_POC|THYROID_DOXIMITY_ALERT|1
OVERALL_L|RET|RET|LUNG_MEDSCAPE_POC|THYROID_MEDSCAPE_ALERT|14
OVERALL_L|RET|RET|LUNG_MEDSCAPE_POC|THYROID_MEDSCAPE_BRANDSPOT|14
OVERALL_L|RET|RET|LUNG_MEDSCAPE_POC|THYROID_MEDSCAPE_EMAIL|7
OVERALL_L|RET|RET|LUNG_MEDSCAPE_POC|THYROID_MEDSCAPE_POC|14
OVERALL_L|RET|RET|LUNG_MEDSCAPE_POC|THYROID_VEEVA_EMAIL|1
OVERALL_L|RET|RET|LUNG_VEEVA_EMAIL|LUNG_F2F_CALL|14
OVERALL_L|RET|RET|LUNG_VEEVA_EMAIL|LUNG_MEDSCAPE_EMAIL|1
OVERALL_L|RET|RET|LUNG_VEEVA_EMAIL|OVERALL_DOXIMITY_ALERT|1
OVERALL_L|RET|RET|LUNG_VEEVA_EMAIL|OVERALL_F2F_CALL|14
OVERALL_L|RET|RET|LUNG_VEEVA_EMAIL|OVERALL_HQ_EMAIL|1
OVERALL_L|RET|RET|LUNG_VEEVA_EMAIL|OVERALL_MEDSCAPE_ALERT|1
OVERALL_L|RET|RET|LUNG_VEEVA_EMAIL|OVERALL_VEEVA_EMAIL|14
OVERALL_L|RET|RET|LUNG_VEEVA_EMAIL|THYROID_F2F_CALL|14
OVERALL_L|RET|RET|LUNG_VEEVA_EMAIL|THYROID_HQ_EMAIL|1
OVERALL_L|RET|RET|LUNG_VEEVA_EMAIL|THYROID_MEDSCAPE_ALERT|1
OVERALL_L|RET|RET|LUNG_VEEVA_EMAIL|THYROID_MEDSCAPE_BRANDSPOT|1
OVERALL_L|RET|RET|LUNG_VEEVA_EMAIL|THYROID_VEEVA_EMAIL|14
OVERALL_L|RET|RET|OVERALL_DOXIMITY_ALERT|LUNG_DOXIMITY_ALERT|28
OVERALL_L|RET|RET|OVERALL_DOXIMITY_ALERT|LUNG_F2F_CALL|1
OVERALL_L|RET|RET|OVERALL_DOXIMITY_ALERT|LUNG_HQ_EMAIL|1
OVERALL_L|RET|RET|OVERALL_DOXIMITY_ALERT|LUNG_MEDSCAPE_POC|1
OVERALL_L|RET|RET|OVERALL_DOXIMITY_ALERT|OVERALL_DOXIMITY_ALERT|28
OVERALL_L|RET|RET|OVERALL_DOXIMITY_ALERT|OVERALL_MEDSCAPE_EMAIL|1
OVERALL_L|RET|RET|OVERALL_DOXIMITY_ALERT|OVERALL_VEEVA_EMAIL|1
OVERALL_L|RET|RET|OVERALL_DOXIMITY_ALERT|THYROID_HQ_EMAIL|1
OVERALL_L|RET|RET|OVERALL_DOXIMITY_ALERT|THYROID_MEDSCAPE_ALERT|1
OVERALL_L|RET|RET|OVERALL_DOXIMITY_ALERT|THYROID_MEDSCAPE_EMAIL|1
OVERALL_L|RET|RET|OVERALL_DOXIMITY_ALERT|THYROID_MEDSCAPE_POC|1
OVERALL_L|RET|RET|OVERALL_DOXIMITY_ALERT|THYROID_VEEVA_EMAIL|1
OVERALL_L|RET|RET|OVERALL_F2F_CALL|LUNG_DOXIMITY_ALERT|1
OVERALL_L|RET|RET|OVERALL_F2F_CALL|LUNG_HQ_EMAIL|1
OVERALL_L|RET|RET|OVERALL_F2F_CALL|LUNG_MEDSCAPE_ALERT|1
OVERALL_L|RET|RET|OVERALL_F2F_CALL|LUNG_MEDSCAPE_POC|1
OVERALL_L|RET|RET|OVERALL_F2F_CALL|LUNG_VEEVA_EMAIL|14
OVERALL_L|RET|RET|OVERALL_F2F_CALL|OVERALL_HQ_EMAIL|1
OVERALL_L|RET|RET|OVERALL_F2F_CALL|OVERALL_MEDSCAPE_ALERT|1
OVERALL_L|RET|RET|OVERALL_F2F_CALL|OVERALL_MEDSCAPE_EMAIL|1
OVERALL_L|RET|RET|OVERALL_F2F_CALL|OVERALL_P2P|1
OVERALL_L|RET|RET|OVERALL_F2F_CALL|OVERALL_VEEVA_EMAIL|14
OVERALL_L|RET|RET|OVERALL_F2F_CALL|THYROID_DOXIMITY_ALERT|1
OVERALL_L|RET|RET|OVERALL_F2F_CALL|THYROID_F2F_CALL|21
OVERALL_L|RET|RET|OVERALL_F2F_CALL|THYROID_MEDSCAPE_BRANDSPOT|1
OVERALL_L|RET|RET|OVERALL_F2F_CALL|THYROID_MEDSCAPE_EMAIL|1
OVERALL_L|RET|RET|OVERALL_F2F_CALL|THYROID_MEDSCAPE_POC|1
OVERALL_L|RET|RET|OVERALL_HQ_EMAIL|LUNG_F2F_CALL|1
OVERALL_L|RET|RET|OVERALL_HQ_EMAIL|LUNG_HQ_EMAIL|7
OVERALL_L|RET|RET|OVERALL_HQ_EMAIL|LUNG_MEDSCAPE_ALERT|1
OVERALL_L|RET|RET|OVERALL_HQ_EMAIL|LUNG_MEDSCAPE_EMAIL|1
OVERALL_L|RET|RET|OVERALL_HQ_EMAIL|LUNG_MEDSCAPE_POC|1
OVERALL_L|RET|RET|OVERALL_HQ_EMAIL|LUNG_VEEVA_EMAIL|1
OVERALL_L|RET|RET|OVERALL_HQ_EMAIL|OVERALL_MEDSCAPE_BRANDSPOT|1
OVERALL_L|RET|RET|OVERALL_HQ_EMAIL|OVERALL_MEDSCAPE_EMAIL|1
OVERALL_L|RET|RET|OVERALL_HQ_EMAIL|OVERALL_P2P|1
OVERALL_L|RET|RET|OVERALL_HQ_EMAIL|THYROID_HQ_EMAIL|7
OVERALL_L|RET|RET|OVERALL_HQ_EMAIL|THYROID_MEDSCAPE_EMAIL|1
OVERALL_L|RET|RET|OVERALL_HQ_EMAIL|THYROID_VEEVA_EMAIL|1
OVERALL_L|RET|RET|OVERALL_MEDSCAPE_ALERT|LUNG_F2F_CALL|1
OVERALL_L|RET|RET|OVERALL_MEDSCAPE_ALERT|LUNG_MEDSCAPE_ALERT|28
LUNG_L|RET|RET|OVERALL_HQ_EMAIL|THYROID_DOXIMITY_ALERT|1
LUNG_L|RET|RET|OVERALL_HQ_EMAIL|THYROID_MEDSCAPE_EMAIL|1
LUNG_L|RET|RET|OVERALL_HQ_EMAIL|THYROID_VEEVA_EMAIL|1
LUNG_L|RET|RET|OVERALL_MEDSCAPE_ALERT|LUNG_HQ_EMAIL|1
LUNG_L|RET|RET|OVERALL_MEDSCAPE_ALERT|LUNG_MEDSCAPE_POC|1
LUNG_L|RET|RET|OVERALL_MEDSCAPE_ALERT|OVERALL_F2F_CALL|1
LUNG_L|RET|RET|OVERALL_MEDSCAPE_ALERT|OVERALL_HQ_EMAIL|1
LUNG_L|RET|RET|OVERALL_MEDSCAPE_ALERT|OVERALL_MEDSCAPE_BRANDSPOT|14
LUNG_L|RET|RET|OVERALL_MEDSCAPE_ALERT|OVERALL_MEDSCAPE_EMAIL|7
LUNG_L|RET|RET|OVERALL_MEDSCAPE_ALERT|OVERALL_VEEVA_EMAIL|1
LUNG_L|RET|RET|OVERALL_MEDSCAPE_ALERT|THYROID_MEDSCAPE_EMAIL|7
LUNG_L|RET|RET|OVERALL_MEDSCAPE_BRANDSPOT|LUNG_DOXIMITY_ALERT|1
LUNG_L|RET|RET|OVERALL_MEDSCAPE_BRANDSPOT|LUNG_F2F_CALL|1
LUNG_L|RET|RET|OVERALL_MEDSCAPE_BRANDSPOT|LUNG_MEDSCAPE_BRANDSPOT|14
LUNG_L|RET|RET|OVERALL_MEDSCAPE_BRANDSPOT|LUNG_MEDSCAPE_POC|14
LUNG_L|RET|RET|OVERALL_MEDSCAPE_BRANDSPOT|OVERALL_DOXIMITY_ALERT|1
LUNG_L|RET|RET|OVERALL_MEDSCAPE_BRANDSPOT|OVERALL_F2F_CALL|1
LUNG_L|RET|RET|OVERALL_MEDSCAPE_BRANDSPOT|OVERALL_MEDSCAPE_ALERT|14
LUNG_L|RET|RET|OVERALL_MEDSCAPE_BRANDSPOT|OVERALL_MEDSCAPE_BRANDSPOT|14
LUNG_L|RET|RET|OVERALL_MEDSCAPE_BRANDSPOT|OVERALL_MEDSCAPE_POC|14
LUNG_L|RET|RET|OVERALL_MEDSCAPE_BRANDSPOT|OVERALL_VEEVA_EMAIL|1
LUNG_L|RET|RET|OVERALL_MEDSCAPE_BRANDSPOT|THYROID_DOXIMITY_ALERT|1
LUNG_L|RET|RET|OVERALL_MEDSCAPE_BRANDSPOT|THYROID_MEDSCAPE_EMAIL|7
LUNG_L|RET|RET|OVERALL_MEDSCAPE_BRANDSPOT|THYROID_MEDSCAPE_POC|14
LUNG_L|RET|RET|OVERALL_MEDSCAPE_BRANDSPOT|THYROID_VEEVA_EMAIL|1
LUNG_L|RET|RET|OVERALL_MEDSCAPE_EMAIL|LUNG_MEDSCAPE_BRANDSPOT|7
LUNG_L|RET|RET|OVERALL_MEDSCAPE_EMAIL|LUNG_MEDSCAPE_EMAIL|28
LUNG_L|RET|RET|OVERALL_MEDSCAPE_EMAIL|OVERALL_DOXIMITY_ALERT|1
LUNG_L|RET|RET|OVERALL_MEDSCAPE_EMAIL|OVERALL_HQ_EMAIL|1
LUNG_L|RET|RET|OVERALL_MEDSCAPE_EMAIL|OVERALL_MEDSCAPE_ALERT|7
LUNG_L|RET|RET|OVERALL_MEDSCAPE_EMAIL|OVERALL_MEDSCAPE_BRANDSPOT|7
LUNG_L|RET|RET|OVERALL_MEDSCAPE_EMAIL|THYROID_MEDSCAPE_BRANDSPOT|7
LUNG_L|RET|RET|OVERALL_MEDSCAPE_EMAIL|THYROID_MEDSCAPE_EMAIL|28
LUNG_L|RET|RET|OVERALL_MEDSCAPE_POC|LUNG_MEDSCAPE_ALERT|14
LUNG_L|RET|RET|OVERALL_MEDSCAPE_POC|LUNG_MEDSCAPE_BRANDSPOT|14
LUNG_L|RET|RET|OVERALL_MEDSCAPE_POC|LUNG_MEDSCAPE_POC|14
LUNG_L|RET|RET|OVERALL_MEDSCAPE_POC|OVERALL_HQ_EMAIL|1
LUNG_L|RET|RET|OVERALL_MEDSCAPE_POC|OVERALL_MEDSCAPE_BRANDSPOT|14
LUNG_L|RET|RET|OVERALL_MEDSCAPE_POC|OVERALL_MEDSCAPE_EMAIL|7
LUNG_L|RET|RET|OVERALL_MEDSCAPE_POC|OVERALL_MEDSCAPE_POC|14
LUNG_L|RET|RET|OVERALL_MEDSCAPE_POC|OVERALL_P2P|1
LUNG_L|RET|RET|OVERALL_MEDSCAPE_POC|THYROID_DOXIMITY_ALERT|1
LUNG_L|RET|RET|OVERALL_MEDSCAPE_POC|THYROID_F2F_CALL|1
LUNG_L|RET|RET|OVERALL_MEDSCAPE_POC|THYROID_MEDSCAPE_POC|14
LUNG_L|RET|RET|OVERALL_MEDSCAPE_POC|THYROID_VEEVA_EMAIL|1
LUNG_L|RET|RET|OVERALL_P2P|LUNG_F2F_CALL|1
LUNG_L|RET|RET|OVERALL_P2P|LUNG_HQ_EMAIL|1
LUNG_L|RET|RET|OVERALL_P2P|LUNG_MEDSCAPE_ALERT|1
LUNG_L|RET|RET|OVERALL_P2P|LUNG_MEDSCAPE_BRANDSPOT|1
LUNG_L|RET|RET|OVERALL_P2P|LUNG_VEEVA_EMAIL|1
LUNG_L|RET|RET|OVERALL_P2P|OVERALL_HQ_EMAIL|1
LUNG_L|RET|RET|OVERALL_P2P|OVERALL_MEDSCAPE_ALERT|1
LUNG_L|RET|RET|OVERALL_P2P|OVERALL_MEDSCAPE_EMAIL|1
LUNG_L|RET|RET|OVERALL_P2P|OVERALL_MEDSCAPE_POC|1
LUNG_L|RET|RET|OVERALL_P2P|OVERALL_P2P|21
LUNG_L|RET|RET|OVERALL_P2P|OVERALL_VEEVA_EMAIL|1
LUNG_L|RET|RET|OVERALL_P2P|THYROID_DOXIMITY_ALERT|1
LUNG_L|RET|RET|OVERALL_P2P|THYROID_F2F_CALL|1
LUNG_L|RET|RET|OVERALL_P2P|THYROID_MEDSCAPE_ALERT|1
LUNG_L|RET|RET|OVERALL_P2P|THYROID_MEDSCAPE_BRANDSPOT|1
LUNG_L|RET|RET|OVERALL_P2P|THYROID_MEDSCAPE_EMAIL|1
LUNG_L|RET|RET|OVERALL_P2P|THYROID_VEEVA_EMAIL|1
LUNG_L|RET|RET|OVERALL_VEEVA_EMAIL|LUNG_HQ_EMAIL|1
LUNG_L|RET|RET|OVERALL_VEEVA_EMAIL|LUNG_MEDSCAPE_ALERT|1
LUNG_L|RET|RET|OVERALL_VEEVA_EMAIL|LUNG_MEDSCAPE_BRANDSPOT|1
LUNG_L|RET|RET|OVERALL_VEEVA_EMAIL|LUNG_MEDSCAPE_EMAIL|1
LUNG_L|RET|RET|OVERALL_VEEVA_EMAIL|LUNG_MEDSCAPE_POC|1
LUNG_L|RET|RET|OVERALL_VEEVA_EMAIL|LUNG_VEEVA_EMAIL|14
LUNG_L|RET|RET|OVERALL_VEEVA_EMAIL|OVERALL_DOXIMITY_ALERT|1
LUNG_L|RET|RET|OVERALL_VEEVA_EMAIL|OVERALL_F2F_CALL|14
LUNG_L|RET|RET|OVERALL_VEEVA_EMAIL|OVERALL_HQ_EMAIL|1
LUNG_L|RET|RET|OVERALL_VEEVA_EMAIL|OVERALL_MEDSCAPE_EMAIL|1
LUNG_L|RET|RET|OVERALL_VEEVA_EMAIL|OVERALL_MEDSCAPE_POC|1
LUNG_L|RET|RET|OVERALL_VEEVA_EMAIL|OVERALL_P2P|1
LUNG_L|RET|RET|OVERALL_VEEVA_EMAIL|OVERALL_VEEVA_EMAIL|14
LUNG_L|RET|RET|OVERALL_VEEVA_EMAIL|THYROID_DOXIMITY_ALERT|1
LUNG_L|RET|RET|OVERALL_VEEVA_EMAIL|THYROID_F2F_CALL|14
LUNG_L|RET|RET|OVERALL_VEEVA_EMAIL|THYROID_MEDSCAPE_ALERT|1
LUNG_L|RET|RET|OVERALL_VEEVA_EMAIL|THYROID_MEDSCAPE_EMAIL|1
LUNG_L|RET|RET|THYROID_MEDSCAPE_EMAIL|THYROID_MEDSCAPE_ALERT|7
LUNG_L|RET|RET|THYROID_MEDSCAPE_EMAIL|THYROID_MEDSCAPE_BRANDSPOT|7
LUNG_L|RET|RET|THYROID_MEDSCAPE_EMAIL|THYROID_MEDSCAPE_EMAIL|28
LUNG_L|RET|RET|THYROID_MEDSCAPE_POC|LUNG_DOXIMITY_ALERT|1
LUNG_L|RET|RET|THYROID_MEDSCAPE_POC|LUNG_F2F_CALL|1
LUNG_L|RET|RET|THYROID_MEDSCAPE_POC|LUNG_MEDSCAPE_EMAIL|7
LUNG_L|RET|RET|THYROID_MEDSCAPE_POC|LUNG_MEDSCAPE_POC|14
LUNG_L|RET|RET|THYROID_MEDSCAPE_POC|LUNG_VEEVA_EMAIL|1
LUNG_L|RET|RET|THYROID_MEDSCAPE_POC|OVERALL_DOXIMITY_ALERT|1
LUNG_L|RET|RET|THYROID_MEDSCAPE_POC|OVERALL_F2F_CALL|1
LUNG_L|RET|RET|THYROID_MEDSCAPE_POC|OVERALL_MEDSCAPE_ALERT|14
LUNG_L|RET|RET|THYROID_MEDSCAPE_POC|OVERALL_MEDSCAPE_POC|14
LUNG_L|RET|RET|THYROID_MEDSCAPE_POC|OVERALL_P2P|1
LUNG_L|RET|RET|THYROID_MEDSCAPE_POC|OVERALL_VEEVA_EMAIL|1
LUNG_L|RET|RET|THYROID_MEDSCAPE_POC|THYROID_DOXIMITY_ALERT|1
LUNG_L|RET|RET|THYROID_MEDSCAPE_POC|THYROID_MEDSCAPE_BRANDSPOT|14
LUNG_L|RET|RET|THYROID_MEDSCAPE_POC|THYROID_MEDSCAPE_EMAIL|7
LUNG_L|RET|RET|THYROID_VEEVA_EMAIL|LUNG_HQ_EMAIL|1
LUNG_L|RET|RET|THYROID_VEEVA_EMAIL|LUNG_MEDSCAPE_EMAIL|1
LUNG_L|RET|RET|THYROID_VEEVA_EMAIL|OVERALL_DOXIMITY_ALERT|1
LUNG_L|RET|RET|THYROID_VEEVA_EMAIL|OVERALL_F2F_CALL|14
LUNG_L|RET|RET|THYROID_VEEVA_EMAIL|OVERALL_HQ_EMAIL|1
LUNG_L|RET|RET|THYROID_VEEVA_EMAIL|OVERALL_MEDSCAPE_BRANDSPOT|1
LUNG_L|RET|RET|THYROID_VEEVA_EMAIL|OVERALL_MEDSCAPE_EMAIL|1
LUNG_L|RET|RET|THYROID_VEEVA_EMAIL|OVERALL_P2P|1
LUNG_L|RET|RET|THYROID_VEEVA_EMAIL|THYROID_MEDSCAPE_BRANDSPOT|1
LUNG_M|RET|RET|LUNG_DOXIMITY_ALERT|LUNG_DOXIMITY_ALERT|14
LUNG_M|RET|RET|LUNG_DOXIMITY_ALERT|LUNG_HQ_EMAIL|1
LUNG_M|RET|RET|LUNG_DOXIMITY_ALERT|OVERALL_F2F_CALL|1
LUNG_M|RET|RET|LUNG_DOXIMITY_ALERT|OVERALL_MEDSCAPE_ALERT|1
LUNG_M|RET|RET|LUNG_DOXIMITY_ALERT|OVERALL_MEDSCAPE_BRANDSPOT|1
LUNG_M|RET|RET|LUNG_DOXIMITY_ALERT|THYROID_DOXIMITY_ALERT|14
LUNG_M|RET|RET|LUNG_DOXIMITY_ALERT|THYROID_HQ_EMAIL|1
LUNG_M|RET|RET|LUNG_DOXIMITY_ALERT|THYROID_MEDSCAPE_ALERT|1
LUNG_M|RET|RET|LUNG_F2F_CALL|LUNG_HQ_EMAIL|1
LUNG_M|RET|RET|LUNG_F2F_CALL|LUNG_MEDSCAPE_BRANDSPOT|1
LUNG_M|RET|RET|LUNG_F2F_CALL|LUNG_MEDSCAPE_EMAIL|1
LUNG_M|RET|RET|LUNG_F2F_CALL|OVERALL_DOXIMITY_ALERT|1
LUNG_M|RET|RET|LUNG_F2F_CALL|OVERALL_F2F_CALL|21
LUNG_M|RET|RET|LUNG_F2F_CALL|OVERALL_MEDSCAPE_BRANDSPOT|1
LUNG_M|RET|RET|LUNG_F2F_CALL|OVERALL_VEEVA_EMAIL|14
LUNG_M|RET|RET|LUNG_F2F_CALL|THYROID_F2F_CALL|21
LUNG_M|RET|RET|LUNG_F2F_CALL|THYROID_MEDSCAPE_POC|1
LUNG_M|RET|RET|LUNG_HQ_EMAIL|LUNG_F2F_CALL|1
LUNG_M|RET|RET|LUNG_HQ_EMAIL|LUNG_MEDSCAPE_ALERT|1
LUNG_M|RET|RET|LUNG_HQ_EMAIL|LUNG_MEDSCAPE_BRANDSPOT|1
LUNG_M|RET|RET|LUNG_HQ_EMAIL|LUNG_MEDSCAPE_EMAIL|1
LUNG_M|RET|RET|LUNG_HQ_EMAIL|LUNG_MEDSCAPE_POC|1
LUNG_M|RET|RET|LUNG_HQ_EMAIL|LUNG_VEEVA_EMAIL|1
LUNG_M|RET|RET|LUNG_HQ_EMAIL|OVERALL_DOXIMITY_ALERT|1
LUNG_M|RET|RET|LUNG_HQ_EMAIL|OVERALL_HQ_EMAIL|7
LUNG_M|RET|RET|LUNG_HQ_EMAIL|OVERALL_MEDSCAPE_ALERT|1
LUNG_M|RET|RET|LUNG_HQ_EMAIL|OVERALL_MEDSCAPE_POC|1
LUNG_M|RET|RET|LUNG_HQ_EMAIL|THYROID_F2F_CALL|1
LUNG_M|RET|RET|LUNG_HQ_EMAIL|THYROID_HQ_EMAIL|7
LUNG_M|RET|RET|LUNG_HQ_EMAIL|THYROID_MEDSCAPE_BRANDSPOT|1
LUNG_M|RET|RET|LUNG_HQ_EMAIL|THYROID_MEDSCAPE_EMAIL|1
LUNG_M|RET|RET|LUNG_HQ_EMAIL|THYROID_VEEVA_EMAIL|1
LUNG_M|RET|RET|LUNG_MEDSCAPE_ALERT|LUNG_F2F_CALL|1
LUNG_M|RET|RET|LUNG_MEDSCAPE_ALERT|LUNG_MEDSCAPE_POC|1
LUNG_M|RET|RET|LUNG_MEDSCAPE_ALERT|LUNG_VEEVA_EMAIL|1
LUNG_M|RET|RET|LUNG_MEDSCAPE_ALERT|OVERALL_DOXIMITY_ALERT|1
LUNG_M|RET|RET|LUNG_MEDSCAPE_ALERT|OVERALL_F2F_CALL|1
LUNG_M|RET|RET|LUNG_MEDSCAPE_ALERT|OVERALL_HQ_EMAIL|1
LUNG_M|RET|RET|LUNG_MEDSCAPE_ALERT|OVERALL_MEDSCAPE_POC|14
LUNG_M|RET|RET|LUNG_MEDSCAPE_ALERT|OVERALL_P2P|1
LUNG_M|RET|RET|LUNG_MEDSCAPE_ALERT|THYROID_DOXIMITY_ALERT|1
LUNG_M|RET|RET|LUNG_MEDSCAPE_ALERT|THYROID_HQ_EMAIL|1
LUNG_M|RET|RET|LUNG_MEDSCAPE_ALERT|THYROID_MEDSCAPE_BRANDSPOT|1
LUNG_M|RET|RET|LUNG_MEDSCAPE_ALERT|THYROID_VEEVA_EMAIL|1
LUNG_M|RET|RET|LUNG_MEDSCAPE_BRANDSPOT|LUNG_F2F_CALL|1
LUNG_M|RET|RET|LUNG_MEDSCAPE_BRANDSPOT|LUNG_HQ_EMAIL|1
LUNG_M|RET|RET|LUNG_MEDSCAPE_BRANDSPOT|LUNG_MEDSCAPE_BRANDSPOT|14
LUNG_M|RET|RET|LUNG_MEDSCAPE_BRANDSPOT|LUNG_VEEVA_EMAIL|1
LUNG_M|RET|RET|LUNG_MEDSCAPE_BRANDSPOT|OVERALL_DOXIMITY_ALERT|1
LUNG_M|RET|RET|LUNG_MEDSCAPE_BRANDSPOT|OVERALL_F2F_CALL|1
LUNG_M|RET|RET|LUNG_MEDSCAPE_BRANDSPOT|OVERALL_MEDSCAPE_ALERT|1
LUNG_M|RET|RET|LUNG_MEDSCAPE_BRANDSPOT|OVERALL_MEDSCAPE_BRANDSPOT|14
LUNG_M|RET|RET|LUNG_MEDSCAPE_BRANDSPOT|OVERALL_MEDSCAPE_POC|14
LUNG_M|RET|RET|LUNG_MEDSCAPE_BRANDSPOT|OVERALL_P2P|1
LUNG_M|RET|RET|LUNG_MEDSCAPE_BRANDSPOT|THYROID_F2F_CALL|1
OVERALL_M|RET|RET|THYROID_F2F_CALL|LUNG_F2F_CALL|21
OVERALL_M|RET|RET|THYROID_F2F_CALL|LUNG_HQ_EMAIL|1
OVERALL_M|RET|RET|THYROID_F2F_CALL|LUNG_MEDSCAPE_BRANDSPOT|1
OVERALL_M|RET|RET|THYROID_F2F_CALL|OVERALL_DOXIMITY_ALERT|1
OVERALL_M|RET|RET|THYROID_F2F_CALL|OVERALL_MEDSCAPE_POC|1
OVERALL_M|RET|RET|THYROID_F2F_CALL|OVERALL_P2P|1
OVERALL_M|RET|RET|THYROID_F2F_CALL|THYROID_F2F_CALL|21
OVERALL_M|RET|RET|THYROID_F2F_CALL|THYROID_HQ_EMAIL|1
OVERALL_M|RET|RET|THYROID_F2F_CALL|THYROID_MEDSCAPE_ALERT|1
OVERALL_M|RET|RET|THYROID_F2F_CALL|THYROID_MEDSCAPE_EMAIL|1
OVERALL_M|RET|RET|THYROID_F2F_CALL|THYROID_MEDSCAPE_POC|1
OVERALL_M|RET|RET|THYROID_F2F_CALL|THYROID_VEEVA_EMAIL|14
OVERALL_M|RET|RET|THYROID_HQ_EMAIL|LUNG_DOXIMITY_ALERT|1
OVERALL_M|RET|RET|THYROID_HQ_EMAIL|LUNG_HQ_EMAIL|7
OVERALL_M|RET|RET|THYROID_HQ_EMAIL|LUNG_MEDSCAPE_ALERT|1
OVERALL_M|RET|RET|THYROID_HQ_EMAIL|LUNG_MEDSCAPE_BRANDSPOT|1
OVERALL_M|RET|RET|THYROID_HQ_EMAIL|LUNG_VEEVA_EMAIL|1
OVERALL_M|RET|RET|THYROID_HQ_EMAIL|OVERALL_DOXIMITY_ALERT|1
OVERALL_M|RET|RET|THYROID_HQ_EMAIL|OVERALL_MEDSCAPE_BRANDSPOT|1
OVERALL_M|RET|RET|THYROID_HQ_EMAIL|OVERALL_MEDSCAPE_EMAIL|1
OVERALL_M|RET|RET|THYROID_HQ_EMAIL|OVERALL_MEDSCAPE_POC|1
OVERALL_M|RET|RET|THYROID_HQ_EMAIL|OVERALL_P2P|1
OVERALL_M|RET|RET|THYROID_HQ_EMAIL|THYROID_DOXIMITY_ALERT|1
OVERALL_M|RET|RET|THYROID_HQ_EMAIL|THYROID_HQ_EMAIL|7
OVERALL_M|RET|RET|THYROID_HQ_EMAIL|THYROID_MEDSCAPE_ALERT|1
OVERALL_M|RET|RET|THYROID_HQ_EMAIL|THYROID_MEDSCAPE_BRANDSPOT|1
OVERALL_M|RET|RET|THYROID_MEDSCAPE_ALERT|LUNG_HQ_EMAIL|1
OVERALL_M|RET|RET|THYROID_MEDSCAPE_ALERT|LUNG_MEDSCAPE_BRANDSPOT|14
OVERALL_M|RET|RET|THYROID_MEDSCAPE_ALERT|LUNG_MEDSCAPE_EMAIL|7
OVERALL_M|RET|RET|THYROID_MEDSCAPE_ALERT|LUNG_MEDSCAPE_POC|1
OVERALL_M|RET|RET|THYROID_MEDSCAPE_ALERT|LUNG_VEEVA_EMAIL|1
OVERALL_M|RET|RET|THYROID_MEDSCAPE_ALERT|OVERALL_DOXIMITY_ALERT|1
OVERALL_M|RET|RET|THYROID_MEDSCAPE_ALERT|OVERALL_F2F_CALL|1
OVERALL_M|RET|RET|THYROID_MEDSCAPE_ALERT|OVERALL_MEDSCAPE_ALERT|28
OVERALL_M|RET|RET|THYROID_MEDSCAPE_ALERT|OVERALL_MEDSCAPE_EMAIL|7
OVERALL_M|RET|RET|THYROID_MEDSCAPE_ALERT|OVERALL_MEDSCAPE_POC|14
OVERALL_M|RET|RET|THYROID_MEDSCAPE_ALERT|OVERALL_P2P|1
OVERALL_M|RET|RET|THYROID_MEDSCAPE_ALERT|OVERALL_VEEVA_EMAIL|1
OVERALL_M|RET|RET|THYROID_MEDSCAPE_ALERT|THYROID_HQ_EMAIL|1
OVERALL_M|RET|RET|THYROID_MEDSCAPE_ALERT|THYROID_MEDSCAPE_BRANDSPOT|14
OVERALL_M|RET|RET|THYROID_MEDSCAPE_ALERT|THYROID_MEDSCAPE_EMAIL|7
OVERALL_M|RET|RET|THYROID_MEDSCAPE_ALERT|THYROID_VEEVA_EMAIL|1
OVERALL_M|RET|RET|THYROID_MEDSCAPE_BRANDSPOT|LUNG_DOXIMITY_ALERT|1
OVERALL_M|RET|RET|THYROID_MEDSCAPE_BRANDSPOT|LUNG_F2F_CALL|1
OVERALL_M|RET|RET|THYROID_MEDSCAPE_BRANDSPOT|LUNG_HQ_EMAIL|1
OVERALL_M|RET|RET|THYROID_MEDSCAPE_BRANDSPOT|LUNG_MEDSCAPE_BRANDSPOT|14
OVERALL_M|RET|RET|THYROID_MEDSCAPE_BRANDSPOT|LUNG_MEDSCAPE_POC|14
OVERALL_M|RET|RET|THYROID_MEDSCAPE_BRANDSPOT|OVERALL_DOXIMITY_ALERT|1
OVERALL_M|RET|RET|THYROID_MEDSCAPE_BRANDSPOT|OVERALL_P2P|1
OVERALL_M|RET|RET|THYROID_MEDSCAPE_BRANDSPOT|OVERALL_VEEVA_EMAIL|1
OVERALL_M|RET|RET|THYROID_MEDSCAPE_BRANDSPOT|THYROID_F2F_CALL|1
OVERALL_M|RET|RET|THYROID_MEDSCAPE_BRANDSPOT|THYROID_MEDSCAPE_POC|14
OVERALL_M|RET|RET|THYROID_MEDSCAPE_BRANDSPOT|THYROID_VEEVA_EMAIL|1
OVERALL_M|RET|RET|THYROID_MEDSCAPE_EMAIL|LUNG_MEDSCAPE_ALERT|7
OVERALL_M|RET|RET|THYROID_MEDSCAPE_EMAIL|LUNG_MEDSCAPE_BRANDSPOT|7
OVERALL_M|RET|RET|THYROID_MEDSCAPE_EMAIL|LUNG_MEDSCAPE_POC|1
OVERALL_M|RET|RET|THYROID_MEDSCAPE_EMAIL|OVERALL_HQ_EMAIL|1
OVERALL_M|RET|RET|THYROID_MEDSCAPE_EMAIL|OVERALL_MEDSCAPE_ALERT|7
OVERALL_M|RET|RET|THYROID_MEDSCAPE_EMAIL|OVERALL_MEDSCAPE_BRANDSPOT|7
OVERALL_M|RET|RET|THYROID_MEDSCAPE_EMAIL|OVERALL_MEDSCAPE_POC|7
OVERALL_M|RET|RET|THYROID_MEDSCAPE_EMAIL|THYROID_HQ_EMAIL|1
OVERALL_M|RET|RET|THYROID_MEDSCAPE_EMAIL|THYROID_MEDSCAPE_ALERT|7
OVERALL_M|RET|RET|THYROID_MEDSCAPE_EMAIL|THYROID_MEDSCAPE_EMAIL|28
OVERALL_M|RET|RET|THYROID_MEDSCAPE_POC|LUNG_DOXIMITY_ALERT|1
OVERALL_M|RET|RET|THYROID_MEDSCAPE_POC|LUNG_MEDSCAPE_ALERT|14
OVERALL_M|RET|RET|THYROID_MEDSCAPE_POC|LUNG_MEDSCAPE_EMAIL|7
OVERALL_M|RET|RET|THYROID_MEDSCAPE_POC|LUNG_MEDSCAPE_POC|14
OVERALL_M|RET|RET|THYROID_MEDSCAPE_POC|LUNG_VEEVA_EMAIL|1
OVERALL_M|RET|RET|THYROID_MEDSCAPE_POC|OVERALL_DOXIMITY_ALERT|1
OVERALL_M|RET|RET|THYROID_MEDSCAPE_POC|OVERALL_MEDSCAPE_BRANDSPOT|14
OVERALL_M|RET|RET|THYROID_MEDSCAPE_POC|OVERALL_MEDSCAPE_POC|14
OVERALL_M|RET|RET|THYROID_MEDSCAPE_POC|OVERALL_P2P|1
OVERALL_M|RET|RET|THYROID_MEDSCAPE_POC|THYROID_DOXIMITY_ALERT|1
OVERALL_M|RET|RET|THYROID_MEDSCAPE_POC|THYROID_F2F_CALL|1
THYROID_M|RET|RET|OVERALL_MEDSCAPE_BRANDSPOT|LUNG_MEDSCAPE_BRANDSPOT|14
THYROID_M|RET|RET|OVERALL_MEDSCAPE_BRANDSPOT|LUNG_MEDSCAPE_EMAIL|7
THYROID_M|RET|RET|OVERALL_MEDSCAPE_BRANDSPOT|LUNG_VEEVA_EMAIL|1
THYROID_M|RET|RET|OVERALL_MEDSCAPE_BRANDSPOT|OVERALL_MEDSCAPE_ALERT|14
THYROID_M|RET|RET|OVERALL_MEDSCAPE_BRANDSPOT|OVERALL_MEDSCAPE_EMAIL|7
THYROID_M|RET|RET|OVERALL_MEDSCAPE_BRANDSPOT|OVERALL_MEDSCAPE_POC|14
THYROID_M|RET|RET|OVERALL_MEDSCAPE_BRANDSPOT|OVERALL_P2P|1
THYROID_M|RET|RET|OVERALL_MEDSCAPE_BRANDSPOT|THYROID_F2F_CALL|1
THYROID_M|RET|RET|OVERALL_MEDSCAPE_BRANDSPOT|THYROID_MEDSCAPE_BRANDSPOT|14
THYROID_M|RET|RET|OVERALL_MEDSCAPE_BRANDSPOT|THYROID_MEDSCAPE_POC|14
THYROID_M|RET|RET|OVERALL_MEDSCAPE_BRANDSPOT|THYROID_VEEVA_EMAIL|1
THYROID_M|RET|RET|OVERALL_MEDSCAPE_EMAIL|LUNG_DOXIMITY_ALERT|1
THYROID_M|RET|RET|OVERALL_MEDSCAPE_EMAIL|LUNG_HQ_EMAIL|1
THYROID_M|RET|RET|OVERALL_MEDSCAPE_EMAIL|LUNG_MEDSCAPE_BRANDSPOT|7
THYROID_M|RET|RET|OVERALL_MEDSCAPE_EMAIL|LUNG_MEDSCAPE_POC|1
THYROID_M|RET|RET|OVERALL_MEDSCAPE_EMAIL|LUNG_VEEVA_EMAIL|1
THYROID_M|RET|RET|OVERALL_MEDSCAPE_EMAIL|OVERALL_DOXIMITY_ALERT|1
THYROID_M|RET|RET|OVERALL_MEDSCAPE_EMAIL|OVERALL_F2F_CALL|1
THYROID_M|RET|RET|OVERALL_MEDSCAPE_EMAIL|OVERALL_HQ_EMAIL|1
THYROID_M|RET|RET|OVERALL_MEDSCAPE_EMAIL|OVERALL_VEEVA_EMAIL|1
THYROID_M|RET|RET|OVERALL_MEDSCAPE_EMAIL|THYROID_DOXIMITY_ALERT|1
THYROID_M|RET|RET|OVERALL_MEDSCAPE_EMAIL|THYROID_HQ_EMAIL|1
THYROID_M|RET|RET|OVERALL_MEDSCAPE_EMAIL|THYROID_MEDSCAPE_ALERT|7
THYROID_M|RET|RET|OVERALL_MEDSCAPE_EMAIL|THYROID_MEDSCAPE_EMAIL|28
THYROID_M|RET|RET|OVERALL_MEDSCAPE_EMAIL|THYROID_VEEVA_EMAIL|1
THYROID_M|RET|RET|OVERALL_MEDSCAPE_POC|LUNG_DOXIMITY_ALERT|1
THYROID_M|RET|RET|OVERALL_MEDSCAPE_POC|LUNG_MEDSCAPE_ALERT|14
THYROID_M|RET|RET|OVERALL_MEDSCAPE_POC|LUNG_MEDSCAPE_BRANDSPOT|14
THYROID_M|RET|RET|OVERALL_MEDSCAPE_POC|LUNG_MEDSCAPE_EMAIL|7
THYROID_M|RET|RET|OVERALL_MEDSCAPE_POC|OVERALL_HQ_EMAIL|1
THYROID_M|RET|RET|OVERALL_MEDSCAPE_POC|OVERALL_MEDSCAPE_ALERT|14
THYROID_M|RET|RET|OVERALL_MEDSCAPE_POC|OVERALL_MEDSCAPE_BRANDSPOT|14
THYROID_M|RET|RET|OVERALL_MEDSCAPE_POC|OVERALL_MEDSCAPE_EMAIL|7
THYROID_M|RET|RET|OVERALL_MEDSCAPE_POC|OVERALL_MEDSCAPE_POC|14
THYROID_M|RET|RET|OVERALL_MEDSCAPE_POC|OVERALL_VEEVA_EMAIL|1
THYROID_M|RET|RET|OVERALL_MEDSCAPE_POC|THYROID_MEDSCAPE_EMAIL|7
THYROID_M|RET|RET|OVERALL_P2P|LUNG_F2F_CALL|1
THYROID_M|RET|RET|OVERALL_P2P|LUNG_MEDSCAPE_POC|1
THYROID_M|RET|RET|OVERALL_P2P|LUNG_VEEVA_EMAIL|1
THYROID_M|RET|RET|OVERALL_P2P|OVERALL_F2F_CALL|1
THYROID_M|RET|RET|OVERALL_P2P|OVERALL_MEDSCAPE_BRANDSPOT|1
THYROID_M|RET|RET|OVERALL_P2P|OVERALL_MEDSCAPE_POC|1
THYROID_M|RET|RET|OVERALL_P2P|OVERALL_P2P|21
THYROID_M|RET|RET|OVERALL_P2P|THYROID_DOXIMITY_ALERT|1
THYROID_M|RET|RET|OVERALL_P2P|THYROID_F2F_CALL|1
THYROID_M|RET|RET|OVERALL_P2P|THYROID_MEDSCAPE_ALERT|1
THYROID_M|RET|RET|OVERALL_P2P|THYROID_MEDSCAPE_BRANDSPOT|1
THYROID_M|RET|RET|OVERALL_VEEVA_EMAIL|LUNG_F2F_CALL|14
THYROID_M|RET|RET|OVERALL_VEEVA_EMAIL|LUNG_HQ_EMAIL|1
THYROID_M|RET|RET|OVERALL_VEEVA_EMAIL|LUNG_MEDSCAPE_ALERT|1
THYROID_M|RET|RET|OVERALL_VEEVA_EMAIL|LUNG_MEDSCAPE_EMAIL|1
THYROID_M|RET|RET|OVERALL_VEEVA_EMAIL|LUNG_VEEVA_EMAIL|14
THYROID_M|RET|RET|OVERALL_VEEVA_EMAIL|OVERALL_MEDSCAPE_BRANDSPOT|1
THYROID_M|RET|RET|OVERALL_VEEVA_EMAIL|OVERALL_P2P|1
THYROID_M|RET|RET|OVERALL_VEEVA_EMAIL|THYROID_MEDSCAPE_ALERT|1
THYROID_M|RET|RET|OVERALL_VEEVA_EMAIL|THYROID_MEDSCAPE_POC|1
THYROID_M|RET|RET|THYROID_DOXIMITY_ALERT|LUNG_F2F_CALL|1
THYROID_M|RET|RET|THYROID_DOXIMITY_ALERT|LUNG_MEDSCAPE_EMAIL|1
THYROID_M|RET|RET|THYROID_DOXIMITY_ALERT|LUNG_VEEVA_EMAIL|1
THYROID_M|RET|RET|THYROID_DOXIMITY_ALERT|OVERALL_F2F_CALL|1
THYROID_M|RET|RET|THYROID_DOXIMITY_ALERT|OVERALL_HQ_EMAIL|1
THYROID_M|RET|RET|THYROID_DOXIMITY_ALERT|OVERALL_MEDSCAPE_BRANDSPOT|1
THYROID_M|RET|RET|THYROID_DOXIMITY_ALERT|THYROID_F2F_CALL|1
THYROID_M|RET|RET|THYROID_DOXIMITY_ALERT|THYROID_HQ_EMAIL|1
THYROID_M|RET|RET|THYROID_DOXIMITY_ALERT|THYROID_MEDSCAPE_POC|1
THYROID_M|RET|RET|THYROID_DOXIMITY_ALERT|THYROID_VEEVA_EMAIL|1
THYROID_M|RET|RET|THYROID_F2F_CALL|LUNG_DOXIMITY_ALERT|1
THYROID_M|RET|RET|THYROID_F2F_CALL|LUNG_HQ_EMAIL|1
THYROID_M|RET|RET|THYROID_F2F_CALL|LUNG_MEDSCAPE_BRANDSPOT|1
THYROID_M|RET|RET|THYROID_F2F_CALL|LUNG_MEDSCAPE_EMAIL|1
THYROID_M|RET|RET|THYROID_F2F_CALL|LUNG_MEDSCAPE_POC|1
THYROID_M|RET|RET|THYROID_F2F_CALL|LUNG_VEEVA_EMAIL|14
THYROID_M|RET|RET|THYROID_F2F_CALL|OVERALL_F2F_CALL|21
THYROID_M|RET|RET|THYROID_F2F_CALL|OVERALL_MEDSCAPE_ALERT|1
THYROID_M|RET|RET|THYROID_F2F_CALL|OVERALL_MEDSCAPE_EMAIL|1
LUNG_H|RET|RET|LUNG_DOXIMITY_ALERT|THYROID_MEDSCAPE_BRANDSPOT|1
LUNG_H|RET|RET|LUNG_DOXIMITY_ALERT|THYROID_MEDSCAPE_EMAIL|1
LUNG_H|RET|RET|LUNG_DOXIMITY_ALERT|THYROID_MEDSCAPE_POC|1
LUNG_H|RET|RET|LUNG_DOXIMITY_ALERT|THYROID_VEEVA_EMAIL|1
LUNG_H|RET|RET|LUNG_F2F_CALL|LUNG_F2F_CALL|21
LUNG_H|RET|RET|LUNG_F2F_CALL|LUNG_HQ_EMAIL|1
LUNG_H|RET|RET|LUNG_F2F_CALL|LUNG_MEDSCAPE_BRANDSPOT|1
LUNG_H|RET|RET|LUNG_F2F_CALL|OVERALL_F2F_CALL|21
LUNG_H|RET|RET|LUNG_F2F_CALL|OVERALL_HQ_EMAIL|1
LUNG_H|RET|RET|LUNG_F2F_CALL|OVERALL_VEEVA_EMAIL|14
LUNG_H|RET|RET|LUNG_F2F_CALL|THYROID_F2F_CALL|21
LUNG_H|RET|RET|LUNG_F2F_CALL|THYROID_HQ_EMAIL|1
LUNG_H|RET|RET|LUNG_F2F_CALL|THYROID_MEDSCAPE_ALERT|1
LUNG_H|RET|RET|LUNG_F2F_CALL|THYROID_MEDSCAPE_BRANDSPOT|1
LUNG_H|RET|RET|LUNG_F2F_CALL|THYROID_MEDSCAPE_EMAIL|1
LUNG_H|RET|RET|LUNG_F2F_CALL|THYROID_MEDSCAPE_POC|1
LUNG_H|RET|RET|LUNG_HQ_EMAIL|LUNG_MEDSCAPE_BRANDSPOT|1
LUNG_H|RET|RET|LUNG_HQ_EMAIL|LUNG_MEDSCAPE_EMAIL|1
LUNG_H|RET|RET|LUNG_HQ_EMAIL|LUNG_MEDSCAPE_POC|1
LUNG_H|RET|RET|LUNG_HQ_EMAIL|LUNG_VEEVA_EMAIL|1
LUNG_H|RET|RET|LUNG_HQ_EMAIL|OVERALL_DOXIMITY_ALERT|1
LUNG_H|RET|RET|LUNG_HQ_EMAIL|OVERALL_MEDSCAPE_ALERT|1
LUNG_H|RET|RET|LUNG_HQ_EMAIL|THYROID_F2F_CALL|1
LUNG_H|RET|RET|LUNG_HQ_EMAIL|THYROID_MEDSCAPE_ALERT|1
LUNG_H|RET|RET|LUNG_HQ_EMAIL|THYROID_MEDSCAPE_BRANDSPOT|1
LUNG_H|RET|RET|LUNG_HQ_EMAIL|THYROID_MEDSCAPE_POC|1
LUNG_H|RET|RET|LUNG_MEDSCAPE_ALERT|LUNG_DOXIMITY_ALERT|1
LUNG_H|RET|RET|LUNG_MEDSCAPE_ALERT|LUNG_HQ_EMAIL|1
LUNG_H|RET|RET|LUNG_MEDSCAPE_ALERT|LUNG_MEDSCAPE_BRANDSPOT|14
LUNG_H|RET|RET|LUNG_MEDSCAPE_ALERT|LUNG_VEEVA_EMAIL|1
LUNG_H|RET|RET|LUNG_MEDSCAPE_ALERT|OVERALL_DOXIMITY_ALERT|1
LUNG_H|RET|RET|LUNG_MEDSCAPE_ALERT|OVERALL_F2F_CALL|1
LUNG_H|RET|RET|LUNG_MEDSCAPE_ALERT|OVERALL_MEDSCAPE_ALERT|28
LUNG_H|RET|RET|LUNG_MEDSCAPE_ALERT|OVERALL_MEDSCAPE_POC|14
LUNG_H|RET|RET|LUNG_MEDSCAPE_ALERT|OVERALL_P2P|1
LUNG_H|RET|RET|LUNG_MEDSCAPE_ALERT|THYROID_F2F_CALL|1
LUNG_H|RET|RET|LUNG_MEDSCAPE_ALERT|THYROID_MEDSCAPE_ALERT|28
LUNG_H|RET|RET|LUNG_MEDSCAPE_ALERT|THYROID_MEDSCAPE_BRANDSPOT|1
LUNG_H|RET|RET|LUNG_MEDSCAPE_ALERT|THYROID_MEDSCAPE_POC|14
LUNG_H|RET|RET|LUNG_MEDSCAPE_BRANDSPOT|LUNG_DOXIMITY_ALERT|1
LUNG_H|RET|RET|LUNG_MEDSCAPE_BRANDSPOT|LUNG_F2F_CALL|1
LUNG_H|RET|RET|LUNG_MEDSCAPE_BRANDSPOT|LUNG_HQ_EMAIL|1
LUNG_H|RET|RET|LUNG_MEDSCAPE_BRANDSPOT|LUNG_MEDSCAPE_BRANDSPOT|14
LUNG_H|RET|RET|LUNG_MEDSCAPE_BRANDSPOT|OVERALL_F2F_CALL|1
LUNG_H|RET|RET|LUNG_MEDSCAPE_BRANDSPOT|OVERALL_MEDSCAPE_BRANDSPOT|14
LUNG_H|RET|RET|LUNG_MEDSCAPE_BRANDSPOT|OVERALL_MEDSCAPE_EMAIL|7
LUNG_H|RET|RET|LUNG_MEDSCAPE_BRANDSPOT|OVERALL_VEEVA_EMAIL|1
LUNG_H|RET|RET|LUNG_MEDSCAPE_BRANDSPOT|THYROID_DOXIMITY_ALERT|1
LUNG_H|RET|RET|LUNG_MEDSCAPE_BRANDSPOT|THYROID_F2F_CALL|1
LUNG_H|RET|RET|LUNG_MEDSCAPE_BRANDSPOT|THYROID_HQ_EMAIL|1
LUNG_H|RET|RET|LUNG_MEDSCAPE_BRANDSPOT|THYROID_MEDSCAPE_ALERT|1
LUNG_H|RET|RET|LUNG_MEDSCAPE_BRANDSPOT|THYROID_MEDSCAPE_BRANDSPOT|14
LUNG_H|RET|RET|LUNG_MEDSCAPE_BRANDSPOT|THYROID_VEEVA_EMAIL|1
LUNG_H|RET|RET|LUNG_MEDSCAPE_EMAIL|LUNG_DOXIMITY_ALERT|1
LUNG_H|RET|RET|LUNG_MEDSCAPE_EMAIL|LUNG_MEDSCAPE_ALERT|7
LUNG_H|RET|RET|LUNG_MEDSCAPE_EMAIL|LUNG_MEDSCAPE_BRANDSPOT|7
LUNG_H|RET|RET|LUNG_MEDSCAPE_EMAIL|OVERALL_F2F_CALL|1
LUNG_H|RET|RET|LUNG_MEDSCAPE_EMAIL|OVERALL_MEDSCAPE_ALERT|7
LUNG_H|RET|RET|LUNG_MEDSCAPE_EMAIL|OVERALL_MEDSCAPE_EMAIL|14
LUNG_H|RET|RET|LUNG_MEDSCAPE_EMAIL|OVERALL_MEDSCAPE_POC|7
LUNG_H|RET|RET|LUNG_MEDSCAPE_EMAIL|OVERALL_VEEVA_EMAIL|1
LUNG_H|RET|RET|LUNG_MEDSCAPE_EMAIL|THYROID_DOXIMITY_ALERT|1
LUNG_H|RET|RET|LUNG_MEDSCAPE_EMAIL|THYROID_F2F_CALL|1
LUNG_H|RET|RET|LUNG_MEDSCAPE_EMAIL|THYROID_MEDSCAPE_ALERT|7
LUNG_H|RET|RET|LUNG_MEDSCAPE_EMAIL|THYROID_MEDSCAPE_BRANDSPOT|7
LUNG_H|RET|RET|LUNG_MEDSCAPE_EMAIL|THYROID_MEDSCAPE_EMAIL|14
LUNG_H|RET|RET|LUNG_MEDSCAPE_EMAIL|THYROID_VEEVA_EMAIL|1
LUNG_H|RET|RET|LUNG_MEDSCAPE_POC|LUNG_HQ_EMAIL|1
LUNG_H|RET|RET|LUNG_MEDSCAPE_POC|LUNG_MEDSCAPE_POC|14
LUNG_H|RET|RET|LUNG_MEDSCAPE_POC|OVERALL_DOXIMITY_ALERT|1
LUNG_H|RET|RET|LUNG_MEDSCAPE_POC|OVERALL_HQ_EMAIL|1
LUNG_H|RET|RET|LUNG_MEDSCAPE_POC|OVERALL_MEDSCAPE_ALERT|14
LUNG_H|RET|RET|LUNG_MEDSCAPE_POC|OVERALL_MEDSCAPE_EMAIL|7
LUNG_H|RET|RET|LUNG_MEDSCAPE_POC|OVERALL_MEDSCAPE_POC|14
LUNG_H|RET|RET|LUNG_MEDSCAPE_POC|OVERALL_VEEVA_EMAIL|1
LUNG_H|RET|RET|LUNG_MEDSCAPE_POC|THYROID_MEDSCAPE_ALERT|14
LUNG_H|RET|RET|LUNG_MEDSCAPE_POC|THYROID_MEDSCAPE_BRANDSPOT|14
LUNG_H|RET|RET|LUNG_MEDSCAPE_POC|THYROID_MEDSCAPE_EMAIL|7
LUNG_H|RET|RET|LUNG_MEDSCAPE_POC|THYROID_VEEVA_EMAIL|1
LUNG_H|RET|RET|LUNG_VEEVA_EMAIL|LUNG_DOXIMITY_ALERT|1
LUNG_M|RET|RET|THYROID_MEDSCAPE_BRANDSPOT|THYROID_MEDSCAPE_ALERT|14
LUNG_M|RET|RET|THYROID_MEDSCAPE_BRANDSPOT|THYROID_MEDSCAPE_BRANDSPOT|14
LUNG_M|RET|RET|THYROID_MEDSCAPE_BRANDSPOT|THYROID_MEDSCAPE_POC|14
LUNG_M|RET|RET|THYROID_MEDSCAPE_BRANDSPOT|THYROID_VEEVA_EMAIL|1
LUNG_M|RET|RET|THYROID_MEDSCAPE_EMAIL|LUNG_F2F_CALL|1
LUNG_M|RET|RET|THYROID_MEDSCAPE_EMAIL|LUNG_HQ_EMAIL|1
LUNG_M|RET|RET|THYROID_MEDSCAPE_EMAIL|LUNG_MEDSCAPE_EMAIL|14
LUNG_M|RET|RET|THYROID_MEDSCAPE_EMAIL|LUNG_MEDSCAPE_POC|1
LUNG_M|RET|RET|THYROID_MEDSCAPE_EMAIL|LUNG_VEEVA_EMAIL|1
LUNG_M|RET|RET|THYROID_MEDSCAPE_EMAIL|OVERALL_DOXIMITY_ALERT|1
LUNG_M|RET|RET|THYROID_MEDSCAPE_EMAIL|OVERALL_MEDSCAPE_EMAIL|14
LUNG_M|RET|RET|THYROID_MEDSCAPE_EMAIL|OVERALL_MEDSCAPE_POC|7
LUNG_M|RET|RET|THYROID_MEDSCAPE_EMAIL|OVERALL_P2P|1
LUNG_M|RET|RET|THYROID_MEDSCAPE_EMAIL|OVERALL_VEEVA_EMAIL|1
LUNG_M|RET|RET|THYROID_MEDSCAPE_EMAIL|THYROID_DOXIMITY_ALERT|1
LUNG_M|RET|RET|THYROID_MEDSCAPE_EMAIL|THYROID_HQ_EMAIL|1
LUNG_M|RET|RET|THYROID_MEDSCAPE_EMAIL|THYROID_MEDSCAPE_BRANDSPOT|7
LUNG_M|RET|RET|THYROID_MEDSCAPE_EMAIL|THYROID_MEDSCAPE_POC|7
LUNG_M|RET|RET|THYROID_MEDSCAPE_EMAIL|THYROID_VEEVA_EMAIL|1
LUNG_M|RET|RET|THYROID_MEDSCAPE_POC|LUNG_F2F_CALL|1
LUNG_M|RET|RET|THYROID_MEDSCAPE_POC|LUNG_HQ_EMAIL|1
LUNG_M|RET|RET|THYROID_MEDSCAPE_POC|LUNG_MEDSCAPE_BRANDSPOT|14
LUNG_M|RET|RET|THYROID_MEDSCAPE_POC|LUNG_MEDSCAPE_EMAIL|7
LUNG_M|RET|RET|THYROID_MEDSCAPE_POC|LUNG_MEDSCAPE_POC|14
LUNG_M|RET|RET|THYROID_MEDSCAPE_POC|OVERALL_F2F_CALL|1
LUNG_M|RET|RET|THYROID_MEDSCAPE_POC|OVERALL_MEDSCAPE_BRANDSPOT|14
LUNG_M|RET|RET|THYROID_MEDSCAPE_POC|OVERALL_P2P|1
LUNG_M|RET|RET|THYROID_MEDSCAPE_POC|OVERALL_VEEVA_EMAIL|1
LUNG_M|RET|RET|THYROID_MEDSCAPE_POC|THYROID_HQ_EMAIL|1
LUNG_M|RET|RET|THYROID_MEDSCAPE_POC|THYROID_MEDSCAPE_ALERT|14
LUNG_M|RET|RET|THYROID_MEDSCAPE_POC|THYROID_MEDSCAPE_BRANDSPOT|14
LUNG_M|RET|RET|THYROID_MEDSCAPE_POC|THYROID_MEDSCAPE_EMAIL|7
LUNG_M|RET|RET|THYROID_MEDSCAPE_POC|THYROID_MEDSCAPE_POC|14
LUNG_M|RET|RET|THYROID_MEDSCAPE_POC|THYROID_VEEVA_EMAIL|1
LUNG_M|RET|RET|THYROID_VEEVA_EMAIL|LUNG_F2F_CALL|14
LUNG_M|RET|RET|THYROID_VEEVA_EMAIL|LUNG_HQ_EMAIL|1
LUNG_M|RET|RET|THYROID_VEEVA_EMAIL|LUNG_MEDSCAPE_ALERT|1
LUNG_M|RET|RET|THYROID_VEEVA_EMAIL|LUNG_MEDSCAPE_EMAIL|1
LUNG_M|RET|RET|THYROID_VEEVA_EMAIL|LUNG_MEDSCAPE_POC|1
LUNG_M|RET|RET|THYROID_VEEVA_EMAIL|LUNG_VEEVA_EMAIL|14
LUNG_M|RET|RET|THYROID_VEEVA_EMAIL|OVERALL_DOXIMITY_ALERT|1
LUNG_M|RET|RET|THYROID_VEEVA_EMAIL|OVERALL_MEDSCAPE_EMAIL|1
LUNG_M|RET|RET|THYROID_VEEVA_EMAIL|OVERALL_P2P|1
LUNG_M|RET|RET|THYROID_VEEVA_EMAIL|THYROID_MEDSCAPE_EMAIL|1
LUNG_M|RET|RET|THYROID_VEEVA_EMAIL|THYROID_MEDSCAPE_POC|1
LUNG_M|RET|RET|THYROID_VEEVA_EMAIL|THYROID_VEEVA_EMAIL|14
OVERALL_H|RET|RET|THYROID_VEEVA_EMAIL|THYROID_HQ_EMAIL|1
OVERALL_H|RET|RET|THYROID_VEEVA_EMAIL|THYROID_MEDSCAPE_ALERT|1
OVERALL_H|RET|RET|THYROID_VEEVA_EMAIL|THYROID_MEDSCAPE_POC|1
OVERALL_H|RET|RET|THYROID_VEEVA_EMAIL|THYROID_VEEVA_EMAIL|14
OVERALL_L|RET|RET|LUNG_DOXIMITY_ALERT|LUNG_DOXIMITY_ALERT|28
OVERALL_L|RET|RET|LUNG_DOXIMITY_ALERT|LUNG_F2F_CALL|1
OVERALL_L|RET|RET|LUNG_DOXIMITY_ALERT|LUNG_HQ_EMAIL|1
OVERALL_L|RET|RET|LUNG_DOXIMITY_ALERT|LUNG_MEDSCAPE_ALERT|1
OVERALL_L|RET|RET|LUNG_DOXIMITY_ALERT|LUNG_MEDSCAPE_BRANDSPOT|1
OVERALL_L|RET|RET|LUNG_DOXIMITY_ALERT|LUNG_MEDSCAPE_EMAIL|1
OVERALL_L|RET|RET|LUNG_DOXIMITY_ALERT|LUNG_MEDSCAPE_POC|1
OVERALL_L|RET|RET|LUNG_DOXIMITY_ALERT|OVERALL_F2F_CALL|1
OVERALL_L|RET|RET|LUNG_DOXIMITY_ALERT|OVERALL_HQ_EMAIL|1
OVERALL_L|RET|RET|LUNG_DOXIMITY_ALERT|THYROID_DOXIMITY_ALERT|28
OVERALL_L|RET|RET|LUNG_DOXIMITY_ALERT|THYROID_F2F_CALL|1
OVERALL_L|RET|RET|LUNG_DOXIMITY_ALERT|THYROID_HQ_EMAIL|1
OVERALL_L|RET|RET|LUNG_DOXIMITY_ALERT|THYROID_MEDSCAPE_ALERT|1
OVERALL_L|RET|RET|LUNG_DOXIMITY_ALERT|THYROID_MEDSCAPE_BRANDSPOT|1
OVERALL_L|RET|RET|LUNG_DOXIMITY_ALERT|THYROID_VEEVA_EMAIL|1
OVERALL_L|RET|RET|LUNG_F2F_CALL|LUNG_DOXIMITY_ALERT|1
OVERALL_L|RET|RET|LUNG_F2F_CALL|LUNG_MEDSCAPE_EMAIL|1
OVERALL_L|RET|RET|LUNG_F2F_CALL|LUNG_VEEVA_EMAIL|14
OVERALL_L|RET|RET|LUNG_F2F_CALL|OVERALL_DOXIMITY_ALERT|1
OVERALL_L|RET|RET|LUNG_F2F_CALL|OVERALL_F2F_CALL|21
OVERALL_L|RET|RET|LUNG_F2F_CALL|OVERALL_HQ_EMAIL|1
OVERALL_L|RET|RET|LUNG_F2F_CALL|OVERALL_MEDSCAPE_ALERT|1
OVERALL_L|RET|RET|LUNG_F2F_CALL|OVERALL_MEDSCAPE_EMAIL|1
OVERALL_L|RET|RET|LUNG_F2F_CALL|OVERALL_VEEVA_EMAIL|14
OVERALL_L|RET|RET|LUNG_F2F_CALL|THYROID_MEDSCAPE_ALERT|1
OVERALL_L|RET|RET|LUNG_F2F_CALL|THYROID_MEDSCAPE_BRANDSPOT|1
OVERALL_L|RET|RET|LUNG_F2F_CALL|THYROID_MEDSCAPE_POC|1
OVERALL_L|RET|RET|LUNG_F2F_CALL|THYROID_VEEVA_EMAIL|14
OVERALL_L|RET|RET|LUNG_HQ_EMAIL|LUNG_DOXIMITY_ALERT|1
OVERALL_L|RET|RET|LUNG_HQ_EMAIL|LUNG_F2F_CALL|1
OVERALL_L|RET|RET|LUNG_HQ_EMAIL|LUNG_MEDSCAPE_ALERT|1
OVERALL_L|RET|RET|LUNG_HQ_EMAIL|LUNG_MEDSCAPE_EMAIL|1
OVERALL_L|RET|RET|LUNG_HQ_EMAIL|LUNG_VEEVA_EMAIL|1
OVERALL_L|RET|RET|LUNG_HQ_EMAIL|OVERALL_DOXIMITY_ALERT|1
OVERALL_L|RET|RET|LUNG_HQ_EMAIL|OVERALL_HQ_EMAIL|7
OVERALL_L|RET|RET|LUNG_HQ_EMAIL|OVERALL_MEDSCAPE_ALERT|1
OVERALL_L|RET|RET|LUNG_HQ_EMAIL|OVERALL_P2P|1
OVERALL_L|RET|RET|LUNG_HQ_EMAIL|OVERALL_VEEVA_EMAIL|1
OVERALL_L|RET|RET|LUNG_HQ_EMAIL|THYROID_DOXIMITY_ALERT|1
OVERALL_L|RET|RET|LUNG_HQ_EMAIL|THYROID_F2F_CALL|1
OVERALL_L|RET|RET|LUNG_HQ_EMAIL|THYROID_HQ_EMAIL|7
OVERALL_L|RET|RET|LUNG_HQ_EMAIL|THYROID_MEDSCAPE_BRANDSPOT|1
OVERALL_L|RET|RET|LUNG_HQ_EMAIL|THYROID_MEDSCAPE_EMAIL|1
OVERALL_L|RET|RET|LUNG_HQ_EMAIL|THYROID_MEDSCAPE_POC|1
OVERALL_L|RET|RET|LUNG_HQ_EMAIL|THYROID_VEEVA_EMAIL|1
OVERALL_L|RET|RET|LUNG_MEDSCAPE_ALERT|LUNG_F2F_CALL|1
OVERALL_L|RET|RET|LUNG_MEDSCAPE_ALERT|LUNG_HQ_EMAIL|1
OVERALL_L|RET|RET|LUNG_MEDSCAPE_ALERT|LUNG_MEDSCAPE_POC|1
OVERALL_L|RET|RET|LUNG_MEDSCAPE_ALERT|OVERALL_F2F_CALL|1
OVERALL_L|RET|RET|LUNG_MEDSCAPE_ALERT|OVERALL_HQ_EMAIL|1
OVERALL_L|RET|RET|LUNG_MEDSCAPE_ALERT|OVERALL_MEDSCAPE_BRANDSPOT|14
OVERALL_L|RET|RET|LUNG_MEDSCAPE_ALERT|OVERALL_P2P|1
OVERALL_L|RET|RET|LUNG_MEDSCAPE_ALERT|THYROID_MEDSCAPE_BRANDSPOT|1
OVERALL_L|RET|RET|LUNG_MEDSCAPE_ALERT|THYROID_MEDSCAPE_EMAIL|7
OVERALL_L|RET|RET|LUNG_MEDSCAPE_ALERT|THYROID_MEDSCAPE_POC|14
OVERALL_L|RET|RET|LUNG_MEDSCAPE_ALERT|THYROID_VEEVA_EMAIL|1
OVERALL_L|RET|RET|LUNG_MEDSCAPE_BRANDSPOT|LUNG_DOXIMITY_ALERT|1
OVERALL_L|RET|RET|LUNG_MEDSCAPE_BRANDSPOT|LUNG_F2F_CALL|1
OVERALL_L|RET|RET|LUNG_MEDSCAPE_BRANDSPOT|LUNG_MEDSCAPE_POC|14
OVERALL_L|RET|RET|LUNG_MEDSCAPE_BRANDSPOT|LUNG_VEEVA_EMAIL|1
OVERALL_L|RET|RET|LUNG_MEDSCAPE_BRANDSPOT|OVERALL_MEDSCAPE_ALERT|1
OVERALL_L|RET|RET|LUNG_MEDSCAPE_BRANDSPOT|OVERALL_MEDSCAPE_BRANDSPOT|14
OVERALL_L|RET|RET|LUNG_MEDSCAPE_BRANDSPOT|OVERALL_MEDSCAPE_EMAIL|7
OVERALL_L|RET|RET|LUNG_MEDSCAPE_BRANDSPOT|OVERALL_MEDSCAPE_POC|14
OVERALL_L|RET|RET|LUNG_MEDSCAPE_BRANDSPOT|OVERALL_VEEVA_EMAIL|1
OVERALL_L|RET|RET|LUNG_MEDSCAPE_BRANDSPOT|THYROID_DOXIMITY_ALERT|1
OVERALL_L|RET|RET|LUNG_MEDSCAPE_BRANDSPOT|THYROID_F2F_CALL|1
OVERALL_L|RET|RET|LUNG_MEDSCAPE_BRANDSPOT|THYROID_HQ_EMAIL|1
OVERALL_L|RET|RET|LUNG_MEDSCAPE_BRANDSPOT|THYROID_MEDSCAPE_ALERT|1
OVERALL_L|RET|RET|LUNG_MEDSCAPE_BRANDSPOT|THYROID_MEDSCAPE_BRANDSPOT|14
OVERALL_L|RET|RET|LUNG_MEDSCAPE_BRANDSPOT|THYROID_MEDSCAPE_EMAIL|7
OVERALL_L|RET|RET|LUNG_MEDSCAPE_BRANDSPOT|THYROID_MEDSCAPE_POC|14
OVERALL_L|RET|RET|LUNG_MEDSCAPE_EMAIL|LUNG_F2F_CALL|1
OVERALL_L|RET|RET|LUNG_MEDSCAPE_EMAIL|LUNG_MEDSCAPE_ALERT|7
THYROID_M|RET|RET|LUNG_MEDSCAPE_BRANDSPOT|LUNG_MEDSCAPE_ALERT|1
THYROID_M|RET|RET|LUNG_MEDSCAPE_BRANDSPOT|LUNG_MEDSCAPE_BRANDSPOT|14
THYROID_M|RET|RET|LUNG_MEDSCAPE_BRANDSPOT|LUNG_MEDSCAPE_POC|14
THYROID_M|RET|RET|LUNG_MEDSCAPE_BRANDSPOT|OVERALL_DOXIMITY_ALERT|1
THYROID_M|RET|RET|LUNG_MEDSCAPE_BRANDSPOT|OVERALL_F2F_CALL|1
THYROID_M|RET|RET|LUNG_MEDSCAPE_BRANDSPOT|OVERALL_MEDSCAPE_ALERT|1
THYROID_M|RET|RET|LUNG_MEDSCAPE_BRANDSPOT|OVERALL_MEDSCAPE_BRANDSPOT|14
THYROID_M|RET|RET|LUNG_MEDSCAPE_BRANDSPOT|OVERALL_MEDSCAPE_EMAIL|7
THYROID_M|RET|RET|LUNG_MEDSCAPE_BRANDSPOT|OVERALL_VEEVA_EMAIL|1
THYROID_M|RET|RET|LUNG_MEDSCAPE_BRANDSPOT|THYROID_F2F_CALL|1
THYROID_M|RET|RET|LUNG_MEDSCAPE_BRANDSPOT|THYROID_HQ_EMAIL|1
THYROID_M|RET|RET|LUNG_MEDSCAPE_BRANDSPOT|THYROID_MEDSCAPE_BRANDSPOT|14
THYROID_M|RET|RET|LUNG_MEDSCAPE_BRANDSPOT|THYROID_MEDSCAPE_POC|14
THYROID_M|RET|RET|LUNG_MEDSCAPE_BRANDSPOT|THYROID_VEEVA_EMAIL|1
THYROID_M|RET|RET|LUNG_MEDSCAPE_EMAIL|LUNG_DOXIMITY_ALERT|1
THYROID_M|RET|RET|LUNG_MEDSCAPE_EMAIL|LUNG_HQ_EMAIL|1
THYROID_M|RET|RET|LUNG_MEDSCAPE_EMAIL|LUNG_MEDSCAPE_ALERT|7
THYROID_M|RET|RET|LUNG_MEDSCAPE_EMAIL|LUNG_VEEVA_EMAIL|1
THYROID_M|RET|RET|LUNG_MEDSCAPE_EMAIL|OVERALL_F2F_CALL|1
THYROID_M|RET|RET|LUNG_MEDSCAPE_EMAIL|OVERALL_HQ_EMAIL|1
THYROID_M|RET|RET|LUNG_MEDSCAPE_EMAIL|OVERALL_MEDSCAPE_BRANDSPOT|7
THYROID_M|RET|RET|LUNG_MEDSCAPE_EMAIL|OVERALL_MEDSCAPE_EMAIL|28
THYROID_M|RET|RET|LUNG_MEDSCAPE_EMAIL|OVERALL_MEDSCAPE_POC|7
THYROID_M|RET|RET|LUNG_MEDSCAPE_EMAIL|OVERALL_VEEVA_EMAIL|1
THYROID_M|RET|RET|LUNG_MEDSCAPE_EMAIL|THYROID_DOXIMITY_ALERT|1
THYROID_M|RET|RET|LUNG_MEDSCAPE_EMAIL|THYROID_HQ_EMAIL|1
THYROID_M|RET|RET|LUNG_MEDSCAPE_EMAIL|THYROID_MEDSCAPE_ALERT|7
THYROID_M|RET|RET|LUNG_MEDSCAPE_EMAIL|THYROID_MEDSCAPE_BRANDSPOT|7
THYROID_M|RET|RET|LUNG_MEDSCAPE_EMAIL|THYROID_MEDSCAPE_POC|7
THYROID_M|RET|RET|LUNG_MEDSCAPE_POC|LUNG_F2F_CALL|1
THYROID_M|RET|RET|LUNG_MEDSCAPE_POC|LUNG_HQ_EMAIL|1
THYROID_M|RET|RET|LUNG_MEDSCAPE_POC|LUNG_MEDSCAPE_ALERT|14
THYROID_M|RET|RET|LUNG_MEDSCAPE_POC|LUNG_MEDSCAPE_BRANDSPOT|14
THYROID_M|RET|RET|LUNG_MEDSCAPE_POC|LUNG_MEDSCAPE_EMAIL|7
THYROID_M|RET|RET|LUNG_MEDSCAPE_POC|LUNG_MEDSCAPE_POC|14
THYROID_M|RET|RET|LUNG_MEDSCAPE_POC|LUNG_VEEVA_EMAIL|1
THYROID_M|RET|RET|LUNG_MEDSCAPE_POC|OVERALL_DOXIMITY_ALERT|1
THYROID_M|RET|RET|LUNG_MEDSCAPE_POC|OVERALL_F2F_CALL|1
THYROID_M|RET|RET|LUNG_MEDSCAPE_POC|OVERALL_HQ_EMAIL|1
THYROID_M|RET|RET|LUNG_MEDSCAPE_POC|OVERALL_MEDSCAPE_ALERT|14
THYROID_M|RET|RET|LUNG_MEDSCAPE_POC|OVERALL_MEDSCAPE_EMAIL|7
THYROID_M|RET|RET|LUNG_MEDSCAPE_POC|OVERALL_P2P|1
THYROID_M|RET|RET|LUNG_MEDSCAPE_POC|THYROID_DOXIMITY_ALERT|1
THYROID_M|RET|RET|LUNG_MEDSCAPE_POC|THYROID_F2F_CALL|1
THYROID_M|RET|RET|LUNG_MEDSCAPE_POC|THYROID_HQ_EMAIL|1
THYROID_M|RET|RET|LUNG_MEDSCAPE_POC|THYROID_MEDSCAPE_ALERT|14
THYROID_M|RET|RET|LUNG_MEDSCAPE_POC|THYROID_MEDSCAPE_EMAIL|7
THYROID_M|RET|RET|LUNG_MEDSCAPE_POC|THYROID_MEDSCAPE_POC|14
THYROID_M|RET|RET|LUNG_MEDSCAPE_POC|THYROID_VEEVA_EMAIL|1
THYROID_M|RET|RET|LUNG_VEEVA_EMAIL|LUNG_DOXIMITY_ALERT|1
THYROID_M|RET|RET|LUNG_VEEVA_EMAIL|LUNG_F2F_CALL|14
THYROID_M|RET|RET|LUNG_VEEVA_EMAIL|LUNG_MEDSCAPE_BRANDSPOT|1
THYROID_M|RET|RET|LUNG_VEEVA_EMAIL|LUNG_MEDSCAPE_EMAIL|1
THYROID_M|RET|RET|LUNG_VEEVA_EMAIL|LUNG_MEDSCAPE_POC|1
THYROID_M|RET|RET|LUNG_VEEVA_EMAIL|OVERALL_HQ_EMAIL|1
THYROID_M|RET|RET|LUNG_VEEVA_EMAIL|OVERALL_MEDSCAPE_BRANDSPOT|1
THYROID_M|RET|RET|LUNG_VEEVA_EMAIL|OVERALL_P2P|1
THYROID_M|RET|RET|LUNG_VEEVA_EMAIL|THYROID_F2F_CALL|14
THYROID_M|RET|RET|LUNG_VEEVA_EMAIL|THYROID_HQ_EMAIL|1
THYROID_M|RET|RET|LUNG_VEEVA_EMAIL|THYROID_MEDSCAPE_ALERT|1
THYROID_M|RET|RET|LUNG_VEEVA_EMAIL|THYROID_MEDSCAPE_BRANDSPOT|1
THYROID_M|RET|RET|LUNG_VEEVA_EMAIL|THYROID_MEDSCAPE_POC|1
THYROID_M|RET|RET|LUNG_VEEVA_EMAIL|THYROID_VEEVA_EMAIL|14
THYROID_M|RET|RET|OVERALL_DOXIMITY_ALERT|LUNG_DOXIMITY_ALERT|28
THYROID_M|RET|RET|OVERALL_DOXIMITY_ALERT|LUNG_MEDSCAPE_BRANDSPOT|1
THYROID_M|RET|RET|OVERALL_DOXIMITY_ALERT|LUNG_MEDSCAPE_EMAIL|1
THYROID_M|RET|RET|OVERALL_DOXIMITY_ALERT|LUNG_MEDSCAPE_POC|1
THYROID_M|RET|RET|OVERALL_DOXIMITY_ALERT|OVERALL_DOXIMITY_ALERT|28
THYROID_M|RET|RET|OVERALL_DOXIMITY_ALERT|OVERALL_HQ_EMAIL|1
THYROID_M|RET|RET|OVERALL_DOXIMITY_ALERT|OVERALL_MEDSCAPE_BRANDSPOT|1
THYROID_M|RET|RET|OVERALL_DOXIMITY_ALERT|OVERALL_MEDSCAPE_EMAIL|1
THYROID_M|RET|RET|OVERALL_DOXIMITY_ALERT|OVERALL_MEDSCAPE_POC|1
THYROID_M|RET|RET|OVERALL_DOXIMITY_ALERT|OVERALL_VEEVA_EMAIL|1
THYROID_M|RET|RET|OVERALL_DOXIMITY_ALERT|THYROID_DOXIMITY_ALERT|28
THYROID_M|RET|RET|OVERALL_DOXIMITY_ALERT|THYROID_F2F_CALL|1
LUNG_M|RET|RET|LUNG_MEDSCAPE_BRANDSPOT|THYROID_MEDSCAPE_EMAIL|7
LUNG_M|RET|RET|LUNG_MEDSCAPE_BRANDSPOT|THYROID_VEEVA_EMAIL|1
LUNG_M|RET|RET|LUNG_MEDSCAPE_EMAIL|LUNG_F2F_CALL|1
LUNG_M|RET|RET|LUNG_MEDSCAPE_EMAIL|LUNG_MEDSCAPE_ALERT|7
LUNG_M|RET|RET|LUNG_MEDSCAPE_EMAIL|LUNG_MEDSCAPE_BRANDSPOT|7
LUNG_M|RET|RET|LUNG_MEDSCAPE_EMAIL|LUNG_MEDSCAPE_EMAIL|14
LUNG_M|RET|RET|LUNG_MEDSCAPE_EMAIL|LUNG_MEDSCAPE_POC|1
LUNG_M|RET|RET|LUNG_MEDSCAPE_EMAIL|LUNG_VEEVA_EMAIL|1
LUNG_M|RET|RET|LUNG_MEDSCAPE_EMAIL|OVERALL_HQ_EMAIL|1
LUNG_M|RET|RET|LUNG_MEDSCAPE_EMAIL|OVERALL_MEDSCAPE_BRANDSPOT|7
LUNG_M|RET|RET|LUNG_MEDSCAPE_EMAIL|OVERALL_MEDSCAPE_EMAIL|14
LUNG_M|RET|RET|LUNG_MEDSCAPE_EMAIL|OVERALL_MEDSCAPE_POC|7
LUNG_M|RET|RET|LUNG_MEDSCAPE_EMAIL|OVERALL_VEEVA_EMAIL|1
LUNG_M|RET|RET|LUNG_MEDSCAPE_EMAIL|THYROID_HQ_EMAIL|1
LUNG_M|RET|RET|LUNG_MEDSCAPE_EMAIL|THYROID_MEDSCAPE_BRANDSPOT|7
LUNG_M|RET|RET|LUNG_MEDSCAPE_EMAIL|THYROID_MEDSCAPE_EMAIL|14
LUNG_M|RET|RET|LUNG_MEDSCAPE_EMAIL|THYROID_MEDSCAPE_POC|7
LUNG_M|RET|RET|LUNG_MEDSCAPE_EMAIL|THYROID_VEEVA_EMAIL|1
LUNG_M|RET|RET|LUNG_MEDSCAPE_POC|LUNG_DOXIMITY_ALERT|1
LUNG_M|RET|RET|LUNG_MEDSCAPE_POC|LUNG_MEDSCAPE_ALERT|14
LUNG_M|RET|RET|LUNG_MEDSCAPE_POC|LUNG_MEDSCAPE_BRANDSPOT|14
LUNG_M|RET|RET|LUNG_MEDSCAPE_POC|OVERALL_DOXIMITY_ALERT|1
LUNG_M|RET|RET|LUNG_MEDSCAPE_POC|OVERALL_MEDSCAPE_BRANDSPOT|14
LUNG_M|RET|RET|LUNG_MEDSCAPE_POC|OVERALL_P2P|1
LUNG_M|RET|RET|LUNG_MEDSCAPE_POC|OVERALL_VEEVA_EMAIL|1
LUNG_M|RET|RET|LUNG_MEDSCAPE_POC|THYROID_HQ_EMAIL|1
LUNG_M|RET|RET|LUNG_MEDSCAPE_POC|THYROID_MEDSCAPE_BRANDSPOT|14
LUNG_M|RET|RET|LUNG_MEDSCAPE_POC|THYROID_MEDSCAPE_EMAIL|7
LUNG_M|RET|RET|LUNG_VEEVA_EMAIL|LUNG_F2F_CALL|14
LUNG_M|RET|RET|LUNG_VEEVA_EMAIL|LUNG_HQ_EMAIL|1
LUNG_M|RET|RET|LUNG_VEEVA_EMAIL|LUNG_MEDSCAPE_ALERT|1
LUNG_M|RET|RET|LUNG_VEEVA_EMAIL|OVERALL_HQ_EMAIL|1
LUNG_M|RET|RET|LUNG_VEEVA_EMAIL|OVERALL_MEDSCAPE_BRANDSPOT|1
LUNG_M|RET|RET|LUNG_VEEVA_EMAIL|OVERALL_MEDSCAPE_POC|1
LUNG_M|RET|RET|LUNG_VEEVA_EMAIL|OVERALL_P2P|1
LUNG_M|RET|RET|LUNG_VEEVA_EMAIL|OVERALL_VEEVA_EMAIL|14
LUNG_M|RET|RET|LUNG_VEEVA_EMAIL|THYROID_DOXIMITY_ALERT|1
LUNG_M|RET|RET|LUNG_VEEVA_EMAIL|THYROID_F2F_CALL|14
LUNG_M|RET|RET|LUNG_VEEVA_EMAIL|THYROID_HQ_EMAIL|1
LUNG_M|RET|RET|LUNG_VEEVA_EMAIL|THYROID_MEDSCAPE_POC|1
LUNG_M|RET|RET|OVERALL_DOXIMITY_ALERT|LUNG_HQ_EMAIL|1
LUNG_M|RET|RET|OVERALL_DOXIMITY_ALERT|LUNG_MEDSCAPE_ALERT|1
LUNG_M|RET|RET|OVERALL_DOXIMITY_ALERT|LUNG_MEDSCAPE_POC|1
LUNG_M|RET|RET|OVERALL_DOXIMITY_ALERT|OVERALL_HQ_EMAIL|1
LUNG_M|RET|RET|OVERALL_DOXIMITY_ALERT|THYROID_HQ_EMAIL|1
LUNG_M|RET|RET|OVERALL_DOXIMITY_ALERT|THYROID_MEDSCAPE_ALERT|1
LUNG_M|RET|RET|OVERALL_DOXIMITY_ALERT|THYROID_VEEVA_EMAIL|1
LUNG_M|RET|RET|OVERALL_F2F_CALL|LUNG_DOXIMITY_ALERT|1
LUNG_M|RET|RET|OVERALL_F2F_CALL|LUNG_F2F_CALL|21
LUNG_M|RET|RET|OVERALL_F2F_CALL|LUNG_VEEVA_EMAIL|14
LUNG_M|RET|RET|OVERALL_F2F_CALL|OVERALL_DOXIMITY_ALERT|1
LUNG_M|RET|RET|OVERALL_F2F_CALL|OVERALL_F2F_CALL|21
LUNG_M|RET|RET|OVERALL_F2F_CALL|OVERALL_MEDSCAPE_ALERT|1
LUNG_M|RET|RET|OVERALL_F2F_CALL|OVERALL_MEDSCAPE_BRANDSPOT|1
LUNG_M|RET|RET|OVERALL_F2F_CALL|OVERALL_MEDSCAPE_POC|1
LUNG_M|RET|RET|OVERALL_F2F_CALL|THYROID_F2F_CALL|21
LUNG_M|RET|RET|OVERALL_F2F_CALL|THYROID_MEDSCAPE_ALERT|1
LUNG_M|RET|RET|OVERALL_F2F_CALL|THYROID_MEDSCAPE_EMAIL|1
LUNG_M|RET|RET|OVERALL_F2F_CALL|THYROID_VEEVA_EMAIL|14
LUNG_M|RET|RET|OVERALL_HQ_EMAIL|LUNG_DOXIMITY_ALERT|1
LUNG_M|RET|RET|OVERALL_HQ_EMAIL|LUNG_F2F_CALL|1
LUNG_M|RET|RET|OVERALL_HQ_EMAIL|LUNG_MEDSCAPE_ALERT|1
LUNG_M|RET|RET|OVERALL_HQ_EMAIL|LUNG_MEDSCAPE_BRANDSPOT|1
LUNG_M|RET|RET|OVERALL_HQ_EMAIL|LUNG_MEDSCAPE_EMAIL|1
LUNG_M|RET|RET|OVERALL_HQ_EMAIL|LUNG_MEDSCAPE_POC|1
LUNG_M|RET|RET|OVERALL_HQ_EMAIL|OVERALL_DOXIMITY_ALERT|1
LUNG_M|RET|RET|OVERALL_HQ_EMAIL|OVERALL_F2F_CALL|1
LUNG_M|RET|RET|OVERALL_HQ_EMAIL|OVERALL_HQ_EMAIL|7
LUNG_M|RET|RET|OVERALL_HQ_EMAIL|OVERALL_MEDSCAPE_ALERT|1
LUNG_M|RET|RET|OVERALL_HQ_EMAIL|OVERALL_MEDSCAPE_BRANDSPOT|1
LUNG_M|RET|RET|OVERALL_HQ_EMAIL|OVERALL_MEDSCAPE_EMAIL|1
LUNG_M|RET|RET|OVERALL_HQ_EMAIL|OVERALL_MEDSCAPE_POC|1
LUNG_M|RET|RET|OVERALL_HQ_EMAIL|OVERALL_P2P|1
LUNG_M|RET|RET|OVERALL_HQ_EMAIL|THYROID_DOXIMITY_ALERT|1
LUNG_M|RET|RET|OVERALL_HQ_EMAIL|THYROID_F2F_CALL|1
LUNG_M|RET|RET|OVERALL_HQ_EMAIL|THYROID_MEDSCAPE_BRANDSPOT|1
LUNG_M|RET|RET|OVERALL_HQ_EMAIL|THYROID_MEDSCAPE_POC|1
LUNG_M|RET|RET|OVERALL_HQ_EMAIL|THYROID_VEEVA_EMAIL|1
LUNG_M|RET|RET|OVERALL_MEDSCAPE_ALERT|LUNG_F2F_CALL|1
LUNG_M|RET|RET|OVERALL_MEDSCAPE_ALERT|LUNG_HQ_EMAIL|1
LUNG_M|RET|RET|OVERALL_MEDSCAPE_ALERT|LUNG_MEDSCAPE_BRANDSPOT|14
OVERALL_H|RET|RET|LUNG_VEEVA_EMAIL|OVERALL_HQ_EMAIL|1
OVERALL_H|RET|RET|LUNG_VEEVA_EMAIL|OVERALL_MEDSCAPE_ALERT|1
OVERALL_H|RET|RET|LUNG_VEEVA_EMAIL|OVERALL_MEDSCAPE_EMAIL|1
OVERALL_H|RET|RET|LUNG_VEEVA_EMAIL|THYROID_F2F_CALL|14
OVERALL_H|RET|RET|LUNG_VEEVA_EMAIL|THYROID_HQ_EMAIL|1
OVERALL_H|RET|RET|LUNG_VEEVA_EMAIL|THYROID_MEDSCAPE_ALERT|1
OVERALL_H|RET|RET|LUNG_VEEVA_EMAIL|THYROID_MEDSCAPE_POC|1
OVERALL_H|RET|RET|LUNG_VEEVA_EMAIL|THYROID_VEEVA_EMAIL|14
OVERALL_H|RET|RET|OVERALL_DOXIMITY_ALERT|LUNG_DOXIMITY_ALERT|28
OVERALL_H|RET|RET|OVERALL_DOXIMITY_ALERT|LUNG_F2F_CALL|1
OVERALL_H|RET|RET|OVERALL_DOXIMITY_ALERT|LUNG_HQ_EMAIL|1
OVERALL_H|RET|RET|OVERALL_DOXIMITY_ALERT|LUNG_MEDSCAPE_EMAIL|1
OVERALL_H|RET|RET|OVERALL_DOXIMITY_ALERT|LUNG_VEEVA_EMAIL|1
OVERALL_H|RET|RET|OVERALL_DOXIMITY_ALERT|OVERALL_MEDSCAPE_ALERT|1
OVERALL_H|RET|RET|OVERALL_DOXIMITY_ALERT|OVERALL_MEDSCAPE_BRANDSPOT|1
OVERALL_H|RET|RET|OVERALL_DOXIMITY_ALERT|OVERALL_MEDSCAPE_EMAIL|1
OVERALL_H|RET|RET|OVERALL_DOXIMITY_ALERT|THYROID_F2F_CALL|1
OVERALL_H|RET|RET|OVERALL_DOXIMITY_ALERT|THYROID_MEDSCAPE_ALERT|1
OVERALL_H|RET|RET|OVERALL_DOXIMITY_ALERT|THYROID_MEDSCAPE_POC|1
OVERALL_H|RET|RET|OVERALL_F2F_CALL|LUNG_DOXIMITY_ALERT|1
OVERALL_H|RET|RET|OVERALL_F2F_CALL|LUNG_HQ_EMAIL|1
OVERALL_H|RET|RET|OVERALL_F2F_CALL|LUNG_MEDSCAPE_ALERT|1
OVERALL_H|RET|RET|OVERALL_F2F_CALL|LUNG_MEDSCAPE_EMAIL|1
OVERALL_H|RET|RET|OVERALL_F2F_CALL|OVERALL_F2F_CALL|21
OVERALL_H|RET|RET|OVERALL_F2F_CALL|OVERALL_MEDSCAPE_ALERT|1
OVERALL_H|RET|RET|OVERALL_F2F_CALL|OVERALL_MEDSCAPE_EMAIL|1
OVERALL_H|RET|RET|OVERALL_F2F_CALL|OVERALL_P2P|1
OVERALL_H|RET|RET|OVERALL_F2F_CALL|OVERALL_VEEVA_EMAIL|14
OVERALL_H|RET|RET|OVERALL_F2F_CALL|THYROID_DOXIMITY_ALERT|1
OVERALL_H|RET|RET|OVERALL_F2F_CALL|THYROID_F2F_CALL|21
OVERALL_H|RET|RET|OVERALL_F2F_CALL|THYROID_VEEVA_EMAIL|14
OVERALL_H|RET|RET|OVERALL_HQ_EMAIL|LUNG_VEEVA_EMAIL|1
OVERALL_H|RET|RET|OVERALL_HQ_EMAIL|OVERALL_DOXIMITY_ALERT|1
OVERALL_H|RET|RET|OVERALL_HQ_EMAIL|OVERALL_HQ_EMAIL|7
OVERALL_H|RET|RET|OVERALL_HQ_EMAIL|OVERALL_MEDSCAPE_EMAIL|1
OVERALL_H|RET|RET|OVERALL_HQ_EMAIL|OVERALL_MEDSCAPE_POC|1
OVERALL_H|RET|RET|OVERALL_HQ_EMAIL|OVERALL_VEEVA_EMAIL|1
OVERALL_H|RET|RET|OVERALL_HQ_EMAIL|THYROID_F2F_CALL|1
OVERALL_H|RET|RET|OVERALL_HQ_EMAIL|THYROID_HQ_EMAIL|7
OVERALL_H|RET|RET|OVERALL_HQ_EMAIL|THYROID_MEDSCAPE_BRANDSPOT|1
OVERALL_H|RET|RET|OVERALL_HQ_EMAIL|THYROID_VEEVA_EMAIL|1
OVERALL_H|RET|RET|OVERALL_MEDSCAPE_ALERT|LUNG_DOXIMITY_ALERT|1
OVERALL_H|RET|RET|OVERALL_MEDSCAPE_ALERT|LUNG_F2F_CALL|1
OVERALL_H|RET|RET|OVERALL_MEDSCAPE_ALERT|LUNG_HQ_EMAIL|1
OVERALL_H|RET|RET|OVERALL_MEDSCAPE_ALERT|LUNG_MEDSCAPE_EMAIL|7
OVERALL_H|RET|RET|OVERALL_MEDSCAPE_ALERT|OVERALL_MEDSCAPE_BRANDSPOT|14
OVERALL_H|RET|RET|OVERALL_MEDSCAPE_ALERT|OVERALL_MEDSCAPE_POC|14
OVERALL_H|RET|RET|OVERALL_MEDSCAPE_ALERT|OVERALL_P2P|1
OVERALL_H|RET|RET|OVERALL_MEDSCAPE_ALERT|THYROID_F2F_CALL|1
OVERALL_H|RET|RET|OVERALL_MEDSCAPE_ALERT|THYROID_HQ_EMAIL|1
OVERALL_H|RET|RET|OVERALL_MEDSCAPE_ALERT|THYROID_MEDSCAPE_ALERT|28
OVERALL_H|RET|RET|OVERALL_MEDSCAPE_ALERT|THYROID_VEEVA_EMAIL|1
OVERALL_H|RET|RET|OVERALL_MEDSCAPE_BRANDSPOT|LUNG_HQ_EMAIL|1
OVERALL_H|RET|RET|OVERALL_MEDSCAPE_BRANDSPOT|LUNG_MEDSCAPE_BRANDSPOT|14
OVERALL_H|RET|RET|OVERALL_MEDSCAPE_BRANDSPOT|LUNG_MEDSCAPE_POC|14
OVERALL_H|RET|RET|OVERALL_MEDSCAPE_BRANDSPOT|OVERALL_MEDSCAPE_ALERT|14
OVERALL_H|RET|RET|OVERALL_MEDSCAPE_BRANDSPOT|OVERALL_MEDSCAPE_BRANDSPOT|14
OVERALL_H|RET|RET|OVERALL_MEDSCAPE_BRANDSPOT|OVERALL_MEDSCAPE_EMAIL|7
OVERALL_H|RET|RET|OVERALL_MEDSCAPE_BRANDSPOT|OVERALL_MEDSCAPE_POC|14
OVERALL_H|RET|RET|OVERALL_MEDSCAPE_BRANDSPOT|OVERALL_VEEVA_EMAIL|1
OVERALL_H|RET|RET|OVERALL_MEDSCAPE_BRANDSPOT|THYROID_DOXIMITY_ALERT|1
OVERALL_H|RET|RET|OVERALL_MEDSCAPE_BRANDSPOT|THYROID_F2F_CALL|1
OVERALL_H|RET|RET|OVERALL_MEDSCAPE_BRANDSPOT|THYROID_MEDSCAPE_ALERT|14
OVERALL_H|RET|RET|OVERALL_MEDSCAPE_BRANDSPOT|THYROID_MEDSCAPE_EMAIL|7
OVERALL_H|RET|RET|OVERALL_MEDSCAPE_BRANDSPOT|THYROID_MEDSCAPE_POC|14
OVERALL_H|RET|RET|OVERALL_MEDSCAPE_EMAIL|LUNG_MEDSCAPE_ALERT|7
OVERALL_H|RET|RET|OVERALL_MEDSCAPE_EMAIL|LUNG_MEDSCAPE_POC|1
OVERALL_H|RET|RET|OVERALL_MEDSCAPE_EMAIL|LUNG_VEEVA_EMAIL|1
OVERALL_H|RET|RET|OVERALL_MEDSCAPE_EMAIL|OVERALL_MEDSCAPE_ALERT|7
OVERALL_H|RET|RET|OVERALL_MEDSCAPE_EMAIL|OVERALL_MEDSCAPE_BRANDSPOT|7
OVERALL_H|RET|RET|OVERALL_MEDSCAPE_EMAIL|OVERALL_MEDSCAPE_EMAIL|28
OVERALL_H|RET|RET|OVERALL_MEDSCAPE_EMAIL|OVERALL_MEDSCAPE_POC|7
OVERALL_H|RET|RET|OVERALL_MEDSCAPE_EMAIL|OVERALL_VEEVA_EMAIL|1
OVERALL_H|RET|RET|OVERALL_MEDSCAPE_EMAIL|THYROID_F2F_CALL|1
OVERALL_M|RET|RET|OVERALL_MEDSCAPE_BRANDSPOT|OVERALL_MEDSCAPE_ALERT|14
OVERALL_M|RET|RET|OVERALL_MEDSCAPE_BRANDSPOT|OVERALL_MEDSCAPE_BRANDSPOT|14
OVERALL_M|RET|RET|OVERALL_MEDSCAPE_BRANDSPOT|OVERALL_VEEVA_EMAIL|1
OVERALL_M|RET|RET|OVERALL_MEDSCAPE_BRANDSPOT|THYROID_F2F_CALL|1
OVERALL_M|RET|RET|OVERALL_MEDSCAPE_BRANDSPOT|THYROID_HQ_EMAIL|1
OVERALL_M|RET|RET|OVERALL_MEDSCAPE_BRANDSPOT|THYROID_MEDSCAPE_BRANDSPOT|14
OVERALL_M|RET|RET|OVERALL_MEDSCAPE_EMAIL|LUNG_DOXIMITY_ALERT|1
OVERALL_M|RET|RET|OVERALL_MEDSCAPE_EMAIL|LUNG_F2F_CALL|1
OVERALL_M|RET|RET|OVERALL_MEDSCAPE_EMAIL|LUNG_VEEVA_EMAIL|1
OVERALL_M|RET|RET|OVERALL_MEDSCAPE_EMAIL|OVERALL_HQ_EMAIL|1
OVERALL_M|RET|RET|OVERALL_MEDSCAPE_EMAIL|OVERALL_MEDSCAPE_ALERT|7
OVERALL_M|RET|RET|OVERALL_MEDSCAPE_EMAIL|OVERALL_MEDSCAPE_BRANDSPOT|7
OVERALL_M|RET|RET|OVERALL_MEDSCAPE_EMAIL|OVERALL_MEDSCAPE_POC|7
OVERALL_M|RET|RET|OVERALL_MEDSCAPE_EMAIL|OVERALL_P2P|1
OVERALL_M|RET|RET|OVERALL_MEDSCAPE_EMAIL|OVERALL_VEEVA_EMAIL|1
OVERALL_M|RET|RET|OVERALL_MEDSCAPE_EMAIL|THYROID_F2F_CALL|1
OVERALL_M|RET|RET|OVERALL_MEDSCAPE_EMAIL|THYROID_HQ_EMAIL|1
OVERALL_M|RET|RET|OVERALL_MEDSCAPE_EMAIL|THYROID_MEDSCAPE_ALERT|7
OVERALL_M|RET|RET|OVERALL_MEDSCAPE_POC|LUNG_DOXIMITY_ALERT|1
OVERALL_M|RET|RET|OVERALL_MEDSCAPE_POC|LUNG_F2F_CALL|1
OVERALL_M|RET|RET|OVERALL_MEDSCAPE_POC|LUNG_MEDSCAPE_ALERT|14
OVERALL_M|RET|RET|OVERALL_MEDSCAPE_POC|LUNG_MEDSCAPE_POC|14
OVERALL_M|RET|RET|OVERALL_MEDSCAPE_POC|LUNG_VEEVA_EMAIL|1
OVERALL_M|RET|RET|OVERALL_MEDSCAPE_POC|OVERALL_F2F_CALL|1
OVERALL_M|RET|RET|OVERALL_MEDSCAPE_POC|OVERALL_HQ_EMAIL|1
OVERALL_M|RET|RET|OVERALL_MEDSCAPE_POC|OVERALL_MEDSCAPE_ALERT|14
OVERALL_M|RET|RET|OVERALL_MEDSCAPE_POC|OVERALL_VEEVA_EMAIL|1
OVERALL_M|RET|RET|OVERALL_MEDSCAPE_POC|THYROID_DOXIMITY_ALERT|1
OVERALL_M|RET|RET|OVERALL_MEDSCAPE_POC|THYROID_F2F_CALL|1
OVERALL_M|RET|RET|OVERALL_MEDSCAPE_POC|THYROID_MEDSCAPE_BRANDSPOT|14
OVERALL_M|RET|RET|OVERALL_MEDSCAPE_POC|THYROID_MEDSCAPE_EMAIL|7
OVERALL_M|RET|RET|OVERALL_MEDSCAPE_POC|THYROID_VEEVA_EMAIL|1
OVERALL_M|RET|RET|OVERALL_P2P|LUNG_DOXIMITY_ALERT|1
OVERALL_M|RET|RET|OVERALL_P2P|LUNG_F2F_CALL|1
OVERALL_M|RET|RET|OVERALL_P2P|LUNG_HQ_EMAIL|1
OVERALL_M|RET|RET|OVERALL_P2P|LUNG_MEDSCAPE_ALERT|1
OVERALL_M|RET|RET|OVERALL_P2P|LUNG_MEDSCAPE_BRANDSPOT|1
OVERALL_M|RET|RET|OVERALL_P2P|LUNG_MEDSCAPE_EMAIL|1
OVERALL_M|RET|RET|OVERALL_P2P|LUNG_VEEVA_EMAIL|1
OVERALL_M|RET|RET|OVERALL_P2P|OVERALL_HQ_EMAIL|1
OVERALL_M|RET|RET|OVERALL_P2P|OVERALL_MEDSCAPE_ALERT|1
OVERALL_M|RET|RET|OVERALL_P2P|THYROID_DOXIMITY_ALERT|1
OVERALL_M|RET|RET|OVERALL_P2P|THYROID_F2F_CALL|1
OVERALL_M|RET|RET|OVERALL_P2P|THYROID_MEDSCAPE_BRANDSPOT|1
OVERALL_M|RET|RET|OVERALL_P2P|THYROID_MEDSCAPE_POC|1
OVERALL_M|RET|RET|OVERALL_P2P|THYROID_VEEVA_EMAIL|1
OVERALL_M|RET|RET|OVERALL_VEEVA_EMAIL|LUNG_F2F_CALL|14
OVERALL_M|RET|RET|OVERALL_VEEVA_EMAIL|LUNG_MEDSCAPE_ALERT|1
OVERALL_M|RET|RET|OVERALL_VEEVA_EMAIL|LUNG_MEDSCAPE_BRANDSPOT|1
OVERALL_M|RET|RET|OVERALL_VEEVA_EMAIL|LUNG_MEDSCAPE_EMAIL|1
OVERALL_M|RET|RET|OVERALL_VEEVA_EMAIL|LUNG_MEDSCAPE_POC|1
OVERALL_M|RET|RET|OVERALL_VEEVA_EMAIL|LUNG_VEEVA_EMAIL|14
OVERALL_M|RET|RET|OVERALL_VEEVA_EMAIL|OVERALL_MEDSCAPE_ALERT|1
OVERALL_M|RET|RET|OVERALL_VEEVA_EMAIL|OVERALL_MEDSCAPE_BRANDSPOT|1
OVERALL_M|RET|RET|OVERALL_VEEVA_EMAIL|OVERALL_MEDSCAPE_EMAIL|1
OVERALL_M|RET|RET|OVERALL_VEEVA_EMAIL|OVERALL_MEDSCAPE_POC|1
OVERALL_M|RET|RET|OVERALL_VEEVA_EMAIL|OVERALL_P2P|1
OVERALL_M|RET|RET|OVERALL_VEEVA_EMAIL|OVERALL_VEEVA_EMAIL|14
OVERALL_M|RET|RET|OVERALL_VEEVA_EMAIL|THYROID_MEDSCAPE_ALERT|1
OVERALL_M|RET|RET|OVERALL_VEEVA_EMAIL|THYROID_MEDSCAPE_EMAIL|1
OVERALL_M|RET|RET|OVERALL_VEEVA_EMAIL|THYROID_MEDSCAPE_POC|1
OVERALL_M|RET|RET|OVERALL_VEEVA_EMAIL|THYROID_VEEVA_EMAIL|14
OVERALL_M|RET|RET|THYROID_DOXIMITY_ALERT|LUNG_DOXIMITY_ALERT|28
OVERALL_M|RET|RET|THYROID_DOXIMITY_ALERT|LUNG_HQ_EMAIL|1
OVERALL_M|RET|RET|THYROID_DOXIMITY_ALERT|LUNG_MEDSCAPE_ALERT|1
OVERALL_M|RET|RET|THYROID_DOXIMITY_ALERT|LUNG_MEDSCAPE_EMAIL|1
OVERALL_M|RET|RET|THYROID_DOXIMITY_ALERT|LUNG_MEDSCAPE_POC|1
OVERALL_M|RET|RET|THYROID_DOXIMITY_ALERT|OVERALL_DOXIMITY_ALERT|28
OVERALL_M|RET|RET|THYROID_DOXIMITY_ALERT|OVERALL_MEDSCAPE_ALERT|1
OVERALL_M|RET|RET|THYROID_DOXIMITY_ALERT|OVERALL_MEDSCAPE_BRANDSPOT|1
OVERALL_M|RET|RET|THYROID_DOXIMITY_ALERT|OVERALL_MEDSCAPE_EMAIL|1
OVERALL_M|RET|RET|THYROID_DOXIMITY_ALERT|OVERALL_VEEVA_EMAIL|1
OVERALL_M|RET|RET|THYROID_DOXIMITY_ALERT|THYROID_DOXIMITY_ALERT|28
OVERALL_M|RET|RET|THYROID_DOXIMITY_ALERT|THYROID_F2F_CALL|1
OVERALL_M|RET|RET|THYROID_DOXIMITY_ALERT|THYROID_MEDSCAPE_EMAIL|1
THYROID_M|RET|RET|LUNG_MEDSCAPE_EMAIL|LUNG_F2F_CALL|1
THYROID_M|RET|RET|LUNG_MEDSCAPE_EMAIL|LUNG_MEDSCAPE_BRANDSPOT|7
THYROID_M|RET|RET|LUNG_MEDSCAPE_EMAIL|LUNG_MEDSCAPE_EMAIL|28
THYROID_M|RET|RET|LUNG_MEDSCAPE_EMAIL|LUNG_MEDSCAPE_POC|1
THYROID_M|RET|RET|LUNG_MEDSCAPE_EMAIL|OVERALL_DOXIMITY_ALERT|1
THYROID_M|RET|RET|LUNG_MEDSCAPE_EMAIL|OVERALL_MEDSCAPE_ALERT|7
THYROID_M|RET|RET|LUNG_MEDSCAPE_EMAIL|OVERALL_P2P|1
THYROID_M|RET|RET|LUNG_MEDSCAPE_EMAIL|THYROID_F2F_CALL|1
THYROID_M|RET|RET|LUNG_MEDSCAPE_EMAIL|THYROID_MEDSCAPE_EMAIL|28
THYROID_M|RET|RET|LUNG_MEDSCAPE_EMAIL|THYROID_VEEVA_EMAIL|1
THYROID_M|RET|RET|LUNG_MEDSCAPE_POC|LUNG_DOXIMITY_ALERT|1
THYROID_M|RET|RET|LUNG_MEDSCAPE_POC|OVERALL_MEDSCAPE_BRANDSPOT|14
THYROID_M|RET|RET|LUNG_MEDSCAPE_POC|OVERALL_MEDSCAPE_POC|14
THYROID_M|RET|RET|LUNG_MEDSCAPE_POC|OVERALL_VEEVA_EMAIL|1
THYROID_M|RET|RET|LUNG_MEDSCAPE_POC|THYROID_MEDSCAPE_BRANDSPOT|14
THYROID_M|RET|RET|LUNG_VEEVA_EMAIL|LUNG_HQ_EMAIL|1
THYROID_M|RET|RET|LUNG_VEEVA_EMAIL|LUNG_MEDSCAPE_ALERT|1
THYROID_M|RET|RET|LUNG_VEEVA_EMAIL|LUNG_VEEVA_EMAIL|14
THYROID_M|RET|RET|LUNG_VEEVA_EMAIL|OVERALL_DOXIMITY_ALERT|1
THYROID_M|RET|RET|LUNG_VEEVA_EMAIL|OVERALL_F2F_CALL|14
THYROID_M|RET|RET|LUNG_VEEVA_EMAIL|OVERALL_MEDSCAPE_ALERT|1
THYROID_M|RET|RET|LUNG_VEEVA_EMAIL|OVERALL_MEDSCAPE_EMAIL|1
THYROID_M|RET|RET|LUNG_VEEVA_EMAIL|OVERALL_MEDSCAPE_POC|1
THYROID_M|RET|RET|LUNG_VEEVA_EMAIL|OVERALL_VEEVA_EMAIL|14
THYROID_M|RET|RET|LUNG_VEEVA_EMAIL|THYROID_DOXIMITY_ALERT|1
THYROID_M|RET|RET|LUNG_VEEVA_EMAIL|THYROID_MEDSCAPE_EMAIL|1
THYROID_M|RET|RET|OVERALL_DOXIMITY_ALERT|LUNG_F2F_CALL|1
THYROID_M|RET|RET|OVERALL_DOXIMITY_ALERT|LUNG_HQ_EMAIL|1
THYROID_M|RET|RET|OVERALL_DOXIMITY_ALERT|LUNG_MEDSCAPE_ALERT|1
THYROID_M|RET|RET|OVERALL_DOXIMITY_ALERT|LUNG_VEEVA_EMAIL|1
THYROID_M|RET|RET|OVERALL_DOXIMITY_ALERT|OVERALL_F2F_CALL|1
THYROID_M|RET|RET|OVERALL_DOXIMITY_ALERT|OVERALL_MEDSCAPE_ALERT|1
THYROID_M|RET|RET|OVERALL_DOXIMITY_ALERT|OVERALL_P2P|1
THYROID_M|RET|RET|OVERALL_DOXIMITY_ALERT|THYROID_MEDSCAPE_BRANDSPOT|1
THYROID_M|RET|RET|OVERALL_DOXIMITY_ALERT|THYROID_MEDSCAPE_EMAIL|1
THYROID_M|RET|RET|OVERALL_F2F_CALL|LUNG_HQ_EMAIL|1
THYROID_M|RET|RET|OVERALL_F2F_CALL|LUNG_MEDSCAPE_BRANDSPOT|1
THYROID_M|RET|RET|OVERALL_F2F_CALL|LUNG_MEDSCAPE_POC|1
THYROID_M|RET|RET|OVERALL_F2F_CALL|OVERALL_DOXIMITY_ALERT|1
THYROID_M|RET|RET|OVERALL_F2F_CALL|OVERALL_HQ_EMAIL|1
THYROID_M|RET|RET|OVERALL_F2F_CALL|OVERALL_MEDSCAPE_ALERT|1
THYROID_M|RET|RET|OVERALL_F2F_CALL|OVERALL_MEDSCAPE_BRANDSPOT|1
THYROID_M|RET|RET|OVERALL_F2F_CALL|OVERALL_MEDSCAPE_EMAIL|1
THYROID_M|RET|RET|OVERALL_F2F_CALL|OVERALL_MEDSCAPE_POC|1
THYROID_M|RET|RET|OVERALL_F2F_CALL|OVERALL_VEEVA_EMAIL|14
THYROID_M|RET|RET|OVERALL_F2F_CALL|THYROID_F2F_CALL|21
THYROID_M|RET|RET|OVERALL_F2F_CALL|THYROID_HQ_EMAIL|1
THYROID_M|RET|RET|OVERALL_F2F_CALL|THYROID_MEDSCAPE_ALERT|1
THYROID_M|RET|RET|OVERALL_F2F_CALL|THYROID_MEDSCAPE_EMAIL|1
THYROID_M|RET|RET|OVERALL_F2F_CALL|THYROID_VEEVA_EMAIL|14
THYROID_M|RET|RET|OVERALL_HQ_EMAIL|LUNG_F2F_CALL|1
THYROID_M|RET|RET|OVERALL_HQ_EMAIL|LUNG_MEDSCAPE_BRANDSPOT|1
THYROID_M|RET|RET|OVERALL_HQ_EMAIL|LUNG_MEDSCAPE_POC|1
THYROID_M|RET|RET|OVERALL_HQ_EMAIL|LUNG_VEEVA_EMAIL|1
THYROID_M|RET|RET|OVERALL_HQ_EMAIL|OVERALL_DOXIMITY_ALERT|1
THYROID_M|RET|RET|OVERALL_HQ_EMAIL|OVERALL_P2P|1
THYROID_M|RET|RET|OVERALL_HQ_EMAIL|THYROID_F2F_CALL|1
THYROID_M|RET|RET|OVERALL_HQ_EMAIL|THYROID_MEDSCAPE_BRANDSPOT|1
THYROID_M|RET|RET|OVERALL_HQ_EMAIL|THYROID_MEDSCAPE_EMAIL|1
THYROID_M|RET|RET|OVERALL_MEDSCAPE_ALERT|LUNG_DOXIMITY_ALERT|1
THYROID_M|RET|RET|OVERALL_MEDSCAPE_ALERT|LUNG_F2F_CALL|1
THYROID_M|RET|RET|OVERALL_MEDSCAPE_ALERT|LUNG_HQ_EMAIL|1
THYROID_M|RET|RET|OVERALL_MEDSCAPE_ALERT|LUNG_MEDSCAPE_BRANDSPOT|14
THYROID_M|RET|RET|OVERALL_MEDSCAPE_ALERT|LUNG_VEEVA_EMAIL|1
THYROID_M|RET|RET|OVERALL_MEDSCAPE_ALERT|OVERALL_F2F_CALL|1
THYROID_M|RET|RET|OVERALL_MEDSCAPE_ALERT|OVERALL_MEDSCAPE_ALERT|28
THYROID_M|RET|RET|OVERALL_MEDSCAPE_ALERT|OVERALL_MEDSCAPE_EMAIL|7
THYROID_M|RET|RET|OVERALL_MEDSCAPE_ALERT|OVERALL_P2P|1
THYROID_M|RET|RET|OVERALL_MEDSCAPE_ALERT|OVERALL_VEEVA_EMAIL|1
THYROID_M|RET|RET|OVERALL_MEDSCAPE_ALERT|THYROID_DOXIMITY_ALERT|1
THYROID_M|RET|RET|OVERALL_MEDSCAPE_ALERT|THYROID_F2F_CALL|1
THYROID_M|RET|RET|OVERALL_MEDSCAPE_ALERT|THYROID_MEDSCAPE_BRANDSPOT|14
THYROID_M|RET|RET|OVERALL_MEDSCAPE_ALERT|THYROID_MEDSCAPE_POC|14
THYROID_M|RET|RET|OVERALL_MEDSCAPE_ALERT|THYROID_VEEVA_EMAIL|1
THYROID_M|RET|RET|OVERALL_MEDSCAPE_BRANDSPOT|LUNG_HQ_EMAIL|1
THYROID_M|RET|RET|OVERALL_MEDSCAPE_BRANDSPOT|LUNG_MEDSCAPE_ALERT|14
HIGH|TRU|TRU|DOXIMITY_DOCSPOT|DOXIMITY_DOCSPOT|14
HIGH|TRU|TRU|MEDSCAPE_ALERT|MEDSCAPE_ALERT|28
HIGH|TRU|TRU|MEDSCAPE_EMAIL|MEDSCAPE_EMAIL|30
HIGH|TRU|TRU|VEEVA_EMAIL|VEEVA_EMAIL|5
HIGH|US_304486|US_304486|F2F_CALL|F2F_CALL|14
HIGH|US_304486|US_304486|F2F_CALL|HQ_EMAIL|1
HIGH|US_304486|US_304486|F2F_CALL|MEDSCAPE_BRANDSPOT|1
HIGH|US_304486|US_304486|F2F_CALL|MEDSCAPE_POC|1
HIGH|US_304486|US_304486|F2F_CALL|VEEVA_EMAIL|1
HIGH|US_304486|US_304486|HQ_EMAIL|HQ_EMAIL|7
HIGH|US_304486|US_304486|HQ_EMAIL|MEDSCAPE_ALERT|1
HIGH|US_304486|US_304486|HQ_EMAIL|MEDSCAPE_BRANDSPOT|1
HIGH|US_304486|US_304486|MEDSCAPE_ALERT|F2F_CALL|1
HIGH|US_304486|US_304486|MEDSCAPE_ALERT|MEDSCAPE_ALERT|28
HIGH|US_304486|US_304486|MEDSCAPE_ALERT|MEDSCAPE_EMAIL|1
HIGH|US_304486|US_304486|MEDSCAPE_BRANDSPOT|F2F_CALL|1
HIGH|US_304486|US_304486|MEDSCAPE_BRANDSPOT|MEDSCAPE_ALERT|1
HIGH|US_304486|US_304486|MEDSCAPE_BRANDSPOT|MEDSCAPE_BRANDSPOT|14
HIGH|US_304486|US_304486|MEDSCAPE_EMAIL|F2F_CALL|1
HIGH|US_304486|US_304486|MEDSCAPE_EMAIL|MEDSCAPE_BRANDSPOT|1
HIGH|US_304486|US_304486|MEDSCAPE_EMAIL|MEDSCAPE_EMAIL|14
HIGH|US_304486|US_304486|MEDSCAPE_POC|MEDSCAPE_ALERT|1
HIGH|US_304486|US_304486|MEDSCAPE_POC|MEDSCAPE_BRANDSPOT|1
HIGH|US_304486|US_304486|MEDSCAPE_POC|MEDSCAPE_EMAIL|1
HIGH|US_304486|US_304486|MEDSCAPE_POC|VEEVA_EMAIL|1
HIGH|US_304486|US_304486|P2P|F2F_CALL|7
HIGH|US_304486|US_304486|P2P|HQ_EMAIL|1
HIGH|US_304486|US_304486|P2P|MEDSCAPE_POC|1
HIGH|US_304486|US_304486|P2P|VEEVA_EMAIL|7
HIGH|US_304486|US_304486|VEEVA_EMAIL|F2F_CALL|1
HIGH|US_304486|US_304486|VEEVA_EMAIL|MEDSCAPE_ALERT|1
HIGH|US_304528|US_304528|DOXIMITY_ALERT|EDH_PROFLOW_EDMU|1
HIGH|US_304528|US_304528|DOXIMITY_ALERT|EPOCRATES_ALERT|1
HIGH|US_304528|US_304528|DOXIMITY_ALERT|F2F_CALL|1
HIGH|US_304528|US_304528|DOXIMITY_ALERT|MEDSCAPE_ALERT|1
HIGH|US_304528|US_304528|DOXIMITY_ALERT|MEDSCAPE_POC|1
HIGH|US_304528|US_304528|DOXIMITY_ALERT|VEEVA_EMAIL|1
HIGH|US_304528|US_304528|DOXIMITY_DOCSPOT|DOXIMITY_DOCSPOT|7
HIGH|US_304528|US_304528|DOXIMITY_DOCSPOT|MEDSCAPE_POC|1
HIGH|US_304528|US_304528|DOXIMITY_DOCSPOT|NUMEDIS_MDMINUTE|1
HIGH|US_304528|US_304528|DOXIMITY_DOCSPOT|VEEVA_EMAIL|1
HIGH|US_304528|US_304528|EDH_PROFLOW_EDMU|EDH_PROFLOW_EDMU|7
HIGH|US_304528|US_304528|EDH_PROFLOW_EDMU|EDH_PROFLOW_RDMU|7
HIGH|US_304528|US_304528|EDH_PROFLOW_EDMU|EPOCRATES_ALERT|1
HIGH|US_304528|US_304528|EDH_PROFLOW_EDMU|F2F_CALL|1
HIGH|US_304528|US_304528|EDH_PROFLOW_EDMU|MEDSCAPE_ALERT|1
HIGH|US_304528|US_304528|EDH_PROFLOW_EDMU|NUMEDIS_MDMINUTE|1
HIGH|US_304528|US_304528|EDH_PROFLOW_RDMU|EDH_PROFLOW_WDMU|7
HIGH|US_304528|US_304528|EDH_PROFLOW_RDMU|HQ_EMAIL|1
HIGH|US_304528|US_304528|EDH_PROFLOW_RDMU|NUMEDIS_MDMINUTE|1
HIGH|US_304528|US_304528|EDH_PROFLOW_RDMU|VEEVA_EMAIL|1
HIGH|US_304528|US_304528|EDH_PROFLOW_WDMU|EDH_PROFLOW_EDMU|7
LUNG_M|RET|RET|LUNG_MEDSCAPE_ALERT|LUNG_DOXIMITY_ALERT|1
LUNG_M|RET|RET|LUNG_MEDSCAPE_ALERT|LUNG_HQ_EMAIL|1
LUNG_M|RET|RET|LUNG_MEDSCAPE_ALERT|LUNG_MEDSCAPE_ALERT|28
LUNG_M|RET|RET|LUNG_MEDSCAPE_ALERT|LUNG_MEDSCAPE_BRANDSPOT|14
LUNG_M|RET|RET|LUNG_MEDSCAPE_ALERT|LUNG_MEDSCAPE_EMAIL|7
LUNG_M|RET|RET|LUNG_MEDSCAPE_ALERT|OVERALL_MEDSCAPE_ALERT|28
LUNG_M|RET|RET|LUNG_MEDSCAPE_ALERT|OVERALL_MEDSCAPE_BRANDSPOT|14
LUNG_M|RET|RET|LUNG_MEDSCAPE_ALERT|OVERALL_MEDSCAPE_EMAIL|7
LUNG_M|RET|RET|LUNG_MEDSCAPE_ALERT|OVERALL_VEEVA_EMAIL|1
LUNG_M|RET|RET|LUNG_MEDSCAPE_ALERT|THYROID_F2F_CALL|1
LUNG_M|RET|RET|LUNG_MEDSCAPE_ALERT|THYROID_MEDSCAPE_ALERT|28
LUNG_M|RET|RET|LUNG_MEDSCAPE_ALERT|THYROID_MEDSCAPE_EMAIL|7
LUNG_M|RET|RET|LUNG_MEDSCAPE_ALERT|THYROID_MEDSCAPE_POC|14
LUNG_M|RET|RET|LUNG_MEDSCAPE_BRANDSPOT|LUNG_DOXIMITY_ALERT|1
LUNG_M|RET|RET|LUNG_MEDSCAPE_BRANDSPOT|LUNG_MEDSCAPE_ALERT|1
LUNG_M|RET|RET|LUNG_MEDSCAPE_BRANDSPOT|LUNG_MEDSCAPE_EMAIL|7
LUNG_M|RET|RET|LUNG_MEDSCAPE_BRANDSPOT|LUNG_MEDSCAPE_POC|14
LUNG_M|RET|RET|LUNG_MEDSCAPE_BRANDSPOT|OVERALL_HQ_EMAIL|1
LUNG_M|RET|RET|LUNG_MEDSCAPE_BRANDSPOT|OVERALL_MEDSCAPE_EMAIL|7
LUNG_M|RET|RET|LUNG_MEDSCAPE_BRANDSPOT|OVERALL_VEEVA_EMAIL|1
LUNG_M|RET|RET|LUNG_MEDSCAPE_BRANDSPOT|THYROID_DOXIMITY_ALERT|1
LUNG_M|RET|RET|LUNG_MEDSCAPE_BRANDSPOT|THYROID_HQ_EMAIL|1
LUNG_M|RET|RET|LUNG_MEDSCAPE_BRANDSPOT|THYROID_MEDSCAPE_ALERT|1
LUNG_M|RET|RET|LUNG_MEDSCAPE_BRANDSPOT|THYROID_MEDSCAPE_BRANDSPOT|14
LUNG_M|RET|RET|LUNG_MEDSCAPE_BRANDSPOT|THYROID_MEDSCAPE_POC|14
LUNG_M|RET|RET|LUNG_MEDSCAPE_EMAIL|LUNG_DOXIMITY_ALERT|1
LUNG_M|RET|RET|LUNG_MEDSCAPE_EMAIL|LUNG_HQ_EMAIL|1
LUNG_M|RET|RET|LUNG_MEDSCAPE_EMAIL|OVERALL_DOXIMITY_ALERT|1
LUNG_M|RET|RET|LUNG_MEDSCAPE_EMAIL|OVERALL_F2F_CALL|1
LUNG_M|RET|RET|LUNG_MEDSCAPE_EMAIL|OVERALL_MEDSCAPE_ALERT|7
LUNG_M|RET|RET|LUNG_MEDSCAPE_EMAIL|OVERALL_P2P|1
LUNG_M|RET|RET|LUNG_MEDSCAPE_EMAIL|THYROID_DOXIMITY_ALERT|1
LUNG_M|RET|RET|LUNG_MEDSCAPE_EMAIL|THYROID_F2F_CALL|1
LUNG_M|RET|RET|LUNG_MEDSCAPE_EMAIL|THYROID_MEDSCAPE_ALERT|7
LUNG_M|RET|RET|LUNG_MEDSCAPE_POC|LUNG_F2F_CALL|1
LUNG_M|RET|RET|LUNG_MEDSCAPE_POC|LUNG_HQ_EMAIL|1
LUNG_M|RET|RET|LUNG_MEDSCAPE_POC|LUNG_MEDSCAPE_EMAIL|7
LUNG_M|RET|RET|LUNG_MEDSCAPE_POC|LUNG_MEDSCAPE_POC|14
LUNG_M|RET|RET|LUNG_MEDSCAPE_POC|LUNG_VEEVA_EMAIL|1
LUNG_M|RET|RET|LUNG_MEDSCAPE_POC|OVERALL_F2F_CALL|1
LUNG_M|RET|RET|LUNG_MEDSCAPE_POC|OVERALL_HQ_EMAIL|1
LUNG_M|RET|RET|LUNG_MEDSCAPE_POC|OVERALL_MEDSCAPE_ALERT|14
LUNG_M|RET|RET|LUNG_MEDSCAPE_POC|OVERALL_MEDSCAPE_EMAIL|7
LUNG_M|RET|RET|LUNG_MEDSCAPE_POC|OVERALL_MEDSCAPE_POC|14
LUNG_M|RET|RET|LUNG_MEDSCAPE_POC|THYROID_DOXIMITY_ALERT|1
LUNG_M|RET|RET|LUNG_MEDSCAPE_POC|THYROID_F2F_CALL|1
LUNG_M|RET|RET|LUNG_MEDSCAPE_POC|THYROID_MEDSCAPE_ALERT|14
LUNG_M|RET|RET|LUNG_MEDSCAPE_POC|THYROID_MEDSCAPE_POC|14
LUNG_M|RET|RET|LUNG_MEDSCAPE_POC|THYROID_VEEVA_EMAIL|1
LUNG_M|RET|RET|LUNG_VEEVA_EMAIL|LUNG_DOXIMITY_ALERT|1
LUNG_M|RET|RET|LUNG_VEEVA_EMAIL|LUNG_MEDSCAPE_BRANDSPOT|1
LUNG_M|RET|RET|LUNG_VEEVA_EMAIL|LUNG_MEDSCAPE_EMAIL|1
LUNG_M|RET|RET|LUNG_VEEVA_EMAIL|LUNG_MEDSCAPE_POC|1
LUNG_M|RET|RET|LUNG_VEEVA_EMAIL|LUNG_VEEVA_EMAIL|14
LUNG_M|RET|RET|LUNG_VEEVA_EMAIL|OVERALL_DOXIMITY_ALERT|1
LUNG_M|RET|RET|LUNG_VEEVA_EMAIL|OVERALL_F2F_CALL|14
LUNG_M|RET|RET|LUNG_VEEVA_EMAIL|OVERALL_MEDSCAPE_ALERT|1
LUNG_M|RET|RET|LUNG_VEEVA_EMAIL|OVERALL_MEDSCAPE_EMAIL|1
LUNG_M|RET|RET|LUNG_VEEVA_EMAIL|THYROID_MEDSCAPE_ALERT|1
LUNG_M|RET|RET|LUNG_VEEVA_EMAIL|THYROID_MEDSCAPE_BRANDSPOT|1
LUNG_M|RET|RET|LUNG_VEEVA_EMAIL|THYROID_MEDSCAPE_EMAIL|1
LUNG_M|RET|RET|LUNG_VEEVA_EMAIL|THYROID_VEEVA_EMAIL|14
LUNG_M|RET|RET|OVERALL_DOXIMITY_ALERT|LUNG_DOXIMITY_ALERT|14
LUNG_M|RET|RET|OVERALL_DOXIMITY_ALERT|LUNG_F2F_CALL|1
LUNG_M|RET|RET|OVERALL_DOXIMITY_ALERT|LUNG_MEDSCAPE_BRANDSPOT|1
LUNG_M|RET|RET|OVERALL_DOXIMITY_ALERT|LUNG_MEDSCAPE_EMAIL|1
LUNG_M|RET|RET|OVERALL_DOXIMITY_ALERT|LUNG_VEEVA_EMAIL|1
LUNG_M|RET|RET|OVERALL_DOXIMITY_ALERT|OVERALL_DOXIMITY_ALERT|14
LUNG_M|RET|RET|OVERALL_DOXIMITY_ALERT|OVERALL_F2F_CALL|1
LUNG_M|RET|RET|OVERALL_DOXIMITY_ALERT|OVERALL_MEDSCAPE_ALERT|1
LUNG_M|RET|RET|OVERALL_DOXIMITY_ALERT|OVERALL_MEDSCAPE_BRANDSPOT|1
LUNG_M|RET|RET|OVERALL_DOXIMITY_ALERT|OVERALL_MEDSCAPE_EMAIL|1
LUNG_M|RET|RET|OVERALL_DOXIMITY_ALERT|OVERALL_MEDSCAPE_POC|1
LUNG_M|RET|RET|OVERALL_DOXIMITY_ALERT|OVERALL_P2P|1
LUNG_M|RET|RET|OVERALL_DOXIMITY_ALERT|OVERALL_VEEVA_EMAIL|1
LUNG_M|RET|RET|OVERALL_DOXIMITY_ALERT|THYROID_DOXIMITY_ALERT|14
LUNG_M|RET|RET|OVERALL_DOXIMITY_ALERT|THYROID_F2F_CALL|1
LUNG_M|RET|RET|OVERALL_DOXIMITY_ALERT|THYROID_MEDSCAPE_BRANDSPOT|1
OVERALL_H|RET|RET|LUNG_MEDSCAPE_POC|OVERALL_P2P|1
OVERALL_H|RET|RET|LUNG_MEDSCAPE_POC|OVERALL_VEEVA_EMAIL|1
OVERALL_H|RET|RET|LUNG_MEDSCAPE_POC|THYROID_DOXIMITY_ALERT|1
OVERALL_H|RET|RET|LUNG_MEDSCAPE_POC|THYROID_HQ_EMAIL|1
OVERALL_H|RET|RET|LUNG_MEDSCAPE_POC|THYROID_MEDSCAPE_BRANDSPOT|14
OVERALL_H|RET|RET|LUNG_MEDSCAPE_POC|THYROID_MEDSCAPE_POC|14
OVERALL_H|RET|RET|LUNG_VEEVA_EMAIL|LUNG_DOXIMITY_ALERT|1
OVERALL_H|RET|RET|LUNG_VEEVA_EMAIL|LUNG_MEDSCAPE_ALERT|1
OVERALL_H|RET|RET|LUNG_VEEVA_EMAIL|LUNG_MEDSCAPE_EMAIL|1
OVERALL_H|RET|RET|LUNG_VEEVA_EMAIL|OVERALL_DOXIMITY_ALERT|1
OVERALL_H|RET|RET|LUNG_VEEVA_EMAIL|OVERALL_MEDSCAPE_BRANDSPOT|1
OVERALL_H|RET|RET|LUNG_VEEVA_EMAIL|OVERALL_MEDSCAPE_POC|1
OVERALL_H|RET|RET|LUNG_VEEVA_EMAIL|OVERALL_P2P|1
OVERALL_H|RET|RET|LUNG_VEEVA_EMAIL|OVERALL_VEEVA_EMAIL|14
OVERALL_H|RET|RET|LUNG_VEEVA_EMAIL|THYROID_DOXIMITY_ALERT|1
OVERALL_H|RET|RET|LUNG_VEEVA_EMAIL|THYROID_MEDSCAPE_BRANDSPOT|1
OVERALL_H|RET|RET|LUNG_VEEVA_EMAIL|THYROID_MEDSCAPE_EMAIL|1
OVERALL_H|RET|RET|OVERALL_DOXIMITY_ALERT|LUNG_MEDSCAPE_ALERT|1
OVERALL_H|RET|RET|OVERALL_DOXIMITY_ALERT|LUNG_MEDSCAPE_BRANDSPOT|1
OVERALL_H|RET|RET|OVERALL_DOXIMITY_ALERT|LUNG_MEDSCAPE_POC|1
OVERALL_H|RET|RET|OVERALL_DOXIMITY_ALERT|OVERALL_DOXIMITY_ALERT|28
OVERALL_H|RET|RET|OVERALL_DOXIMITY_ALERT|OVERALL_F2F_CALL|1
OVERALL_H|RET|RET|OVERALL_DOXIMITY_ALERT|OVERALL_HQ_EMAIL|1
OVERALL_H|RET|RET|OVERALL_DOXIMITY_ALERT|OVERALL_MEDSCAPE_POC|1
OVERALL_H|RET|RET|OVERALL_DOXIMITY_ALERT|OVERALL_P2P|1
OVERALL_H|RET|RET|OVERALL_DOXIMITY_ALERT|OVERALL_VEEVA_EMAIL|1
OVERALL_H|RET|RET|OVERALL_DOXIMITY_ALERT|THYROID_DOXIMITY_ALERT|28
OVERALL_H|RET|RET|OVERALL_DOXIMITY_ALERT|THYROID_HQ_EMAIL|1
OVERALL_H|RET|RET|OVERALL_DOXIMITY_ALERT|THYROID_MEDSCAPE_BRANDSPOT|1
OVERALL_H|RET|RET|OVERALL_DOXIMITY_ALERT|THYROID_MEDSCAPE_EMAIL|1
OVERALL_H|RET|RET|OVERALL_DOXIMITY_ALERT|THYROID_VEEVA_EMAIL|1
OVERALL_H|RET|RET|OVERALL_F2F_CALL|LUNG_F2F_CALL|21
OVERALL_H|RET|RET|OVERALL_F2F_CALL|LUNG_MEDSCAPE_BRANDSPOT|1
OVERALL_H|RET|RET|OVERALL_F2F_CALL|LUNG_MEDSCAPE_POC|1
OVERALL_H|RET|RET|OVERALL_F2F_CALL|LUNG_VEEVA_EMAIL|14
OVERALL_H|RET|RET|OVERALL_F2F_CALL|OVERALL_DOXIMITY_ALERT|1
OVERALL_H|RET|RET|OVERALL_F2F_CALL|OVERALL_HQ_EMAIL|1
OVERALL_H|RET|RET|OVERALL_F2F_CALL|OVERALL_MEDSCAPE_BRANDSPOT|1
OVERALL_H|RET|RET|OVERALL_F2F_CALL|OVERALL_MEDSCAPE_POC|1
OVERALL_H|RET|RET|OVERALL_F2F_CALL|THYROID_HQ_EMAIL|1
OVERALL_H|RET|RET|OVERALL_F2F_CALL|THYROID_MEDSCAPE_ALERT|1
OVERALL_H|RET|RET|OVERALL_F2F_CALL|THYROID_MEDSCAPE_BRANDSPOT|1
OVERALL_H|RET|RET|OVERALL_F2F_CALL|THYROID_MEDSCAPE_EMAIL|1
OVERALL_H|RET|RET|OVERALL_F2F_CALL|THYROID_MEDSCAPE_POC|1
OVERALL_H|RET|RET|OVERALL_HQ_EMAIL|LUNG_DOXIMITY_ALERT|1
OVERALL_H|RET|RET|OVERALL_HQ_EMAIL|LUNG_F2F_CALL|1
OVERALL_H|RET|RET|OVERALL_HQ_EMAIL|LUNG_HQ_EMAIL|7
OVERALL_H|RET|RET|OVERALL_HQ_EMAIL|LUNG_MEDSCAPE_ALERT|1
OVERALL_H|RET|RET|OVERALL_HQ_EMAIL|LUNG_MEDSCAPE_BRANDSPOT|1
OVERALL_H|RET|RET|OVERALL_HQ_EMAIL|LUNG_MEDSCAPE_EMAIL|1
OVERALL_H|RET|RET|OVERALL_HQ_EMAIL|LUNG_MEDSCAPE_POC|1
OVERALL_H|RET|RET|OVERALL_HQ_EMAIL|OVERALL_F2F_CALL|1
OVERALL_H|RET|RET|OVERALL_HQ_EMAIL|OVERALL_MEDSCAPE_ALERT|1
OVERALL_H|RET|RET|OVERALL_HQ_EMAIL|OVERALL_MEDSCAPE_BRANDSPOT|1
OVERALL_H|RET|RET|OVERALL_HQ_EMAIL|OVERALL_P2P|1
OVERALL_H|RET|RET|OVERALL_HQ_EMAIL|THYROID_DOXIMITY_ALERT|1
OVERALL_H|RET|RET|OVERALL_HQ_EMAIL|THYROID_MEDSCAPE_ALERT|1
OVERALL_H|RET|RET|OVERALL_HQ_EMAIL|THYROID_MEDSCAPE_EMAIL|1
OVERALL_H|RET|RET|OVERALL_HQ_EMAIL|THYROID_MEDSCAPE_POC|1
OVERALL_H|RET|RET|OVERALL_MEDSCAPE_ALERT|LUNG_MEDSCAPE_ALERT|28
OVERALL_H|RET|RET|OVERALL_MEDSCAPE_ALERT|LUNG_MEDSCAPE_BRANDSPOT|14
OVERALL_H|RET|RET|OVERALL_MEDSCAPE_ALERT|LUNG_MEDSCAPE_POC|1
OVERALL_H|RET|RET|OVERALL_MEDSCAPE_ALERT|LUNG_VEEVA_EMAIL|1
OVERALL_H|RET|RET|OVERALL_MEDSCAPE_ALERT|OVERALL_DOXIMITY_ALERT|1
OVERALL_H|RET|RET|OVERALL_MEDSCAPE_ALERT|OVERALL_F2F_CALL|1
OVERALL_H|RET|RET|OVERALL_MEDSCAPE_ALERT|OVERALL_HQ_EMAIL|1
OVERALL_H|RET|RET|OVERALL_MEDSCAPE_ALERT|OVERALL_MEDSCAPE_ALERT|28
OVERALL_H|RET|RET|OVERALL_MEDSCAPE_ALERT|OVERALL_MEDSCAPE_EMAIL|7
OVERALL_H|RET|RET|OVERALL_MEDSCAPE_ALERT|OVERALL_VEEVA_EMAIL|1
OVERALL_H|RET|RET|OVERALL_MEDSCAPE_ALERT|THYROID_DOXIMITY_ALERT|1
OVERALL_H|RET|RET|OVERALL_MEDSCAPE_ALERT|THYROID_MEDSCAPE_BRANDSPOT|14
OVERALL_H|RET|RET|OVERALL_MEDSCAPE_ALERT|THYROID_MEDSCAPE_EMAIL|7
OVERALL_H|RET|RET|OVERALL_MEDSCAPE_ALERT|THYROID_MEDSCAPE_POC|14
OVERALL_H|RET|RET|OVERALL_MEDSCAPE_BRANDSPOT|LUNG_DOXIMITY_ALERT|1
OVERALL_H|RET|RET|OVERALL_MEDSCAPE_BRANDSPOT|LUNG_F2F_CALL|1
THYROID_C|RET|RET|OVERALL_F2F_CALL|OVERALL_VEEVA_EMAIL|14
THYROID_C|RET|RET|OVERALL_F2F_CALL|THYROID_DOXIMITY_ALERT|1
THYROID_C|RET|RET|OVERALL_F2F_CALL|THYROID_F2F_CALL|21
THYROID_C|RET|RET|OVERALL_F2F_CALL|THYROID_MEDSCAPE_BRANDSPOT|1
THYROID_C|RET|RET|OVERALL_F2F_CALL|THYROID_MEDSCAPE_EMAIL|1
THYROID_C|RET|RET|OVERALL_F2F_CALL|THYROID_MEDSCAPE_POC|1
THYROID_C|RET|RET|OVERALL_HQ_EMAIL|LUNG_F2F_CALL|1
THYROID_C|RET|RET|OVERALL_HQ_EMAIL|LUNG_MEDSCAPE_ALERT|1
THYROID_C|RET|RET|OVERALL_HQ_EMAIL|LUNG_MEDSCAPE_BRANDSPOT|1
THYROID_C|RET|RET|OVERALL_HQ_EMAIL|LUNG_MEDSCAPE_EMAIL|1
THYROID_C|RET|RET|OVERALL_HQ_EMAIL|OVERALL_DOXIMITY_ALERT|1
THYROID_C|RET|RET|OVERALL_HQ_EMAIL|OVERALL_F2F_CALL|1
THYROID_C|RET|RET|OVERALL_HQ_EMAIL|OVERALL_MEDSCAPE_POC|1
THYROID_C|RET|RET|OVERALL_HQ_EMAIL|OVERALL_VEEVA_EMAIL|1
THYROID_C|RET|RET|OVERALL_HQ_EMAIL|THYROID_DOXIMITY_ALERT|1
THYROID_C|RET|RET|OVERALL_HQ_EMAIL|THYROID_F2F_CALL|1
THYROID_C|RET|RET|OVERALL_HQ_EMAIL|THYROID_MEDSCAPE_BRANDSPOT|1
THYROID_C|RET|RET|OVERALL_HQ_EMAIL|THYROID_MEDSCAPE_EMAIL|1
THYROID_C|RET|RET|OVERALL_HQ_EMAIL|THYROID_MEDSCAPE_POC|1
THYROID_C|RET|RET|OVERALL_MEDSCAPE_ALERT|LUNG_DOXIMITY_ALERT|1
THYROID_C|RET|RET|OVERALL_MEDSCAPE_ALERT|LUNG_MEDSCAPE_ALERT|28
THYROID_C|RET|RET|OVERALL_MEDSCAPE_ALERT|LUNG_MEDSCAPE_BRANDSPOT|14
THYROID_C|RET|RET|OVERALL_MEDSCAPE_ALERT|LUNG_MEDSCAPE_POC|1
THYROID_C|RET|RET|OVERALL_MEDSCAPE_ALERT|OVERALL_HQ_EMAIL|1
THYROID_C|RET|RET|OVERALL_MEDSCAPE_ALERT|OVERALL_MEDSCAPE_ALERT|28
THYROID_C|RET|RET|OVERALL_MEDSCAPE_ALERT|OVERALL_MEDSCAPE_EMAIL|7
THYROID_C|RET|RET|OVERALL_MEDSCAPE_ALERT|OVERALL_P2P|1
THYROID_C|RET|RET|OVERALL_MEDSCAPE_ALERT|OVERALL_VEEVA_EMAIL|1
THYROID_C|RET|RET|OVERALL_MEDSCAPE_ALERT|THYROID_DOXIMITY_ALERT|1
THYROID_C|RET|RET|OVERALL_MEDSCAPE_ALERT|THYROID_HQ_EMAIL|1
THYROID_C|RET|RET|OVERALL_MEDSCAPE_ALERT|THYROID_MEDSCAPE_BRANDSPOT|14
THYROID_C|RET|RET|OVERALL_MEDSCAPE_ALERT|THYROID_MEDSCAPE_POC|14
THYROID_C|RET|RET|OVERALL_MEDSCAPE_BRANDSPOT|LUNG_DOXIMITY_ALERT|1
THYROID_C|RET|RET|OVERALL_MEDSCAPE_BRANDSPOT|LUNG_F2F_CALL|1
THYROID_C|RET|RET|OVERALL_MEDSCAPE_BRANDSPOT|LUNG_MEDSCAPE_ALERT|14
THYROID_C|RET|RET|OVERALL_MEDSCAPE_BRANDSPOT|OVERALL_HQ_EMAIL|1
THYROID_C|RET|RET|OVERALL_MEDSCAPE_BRANDSPOT|OVERALL_MEDSCAPE_BRANDSPOT|14
THYROID_C|RET|RET|OVERALL_MEDSCAPE_BRANDSPOT|OVERALL_VEEVA_EMAIL|1
THYROID_C|RET|RET|OVERALL_MEDSCAPE_BRANDSPOT|THYROID_DOXIMITY_ALERT|1
THYROID_C|RET|RET|OVERALL_MEDSCAPE_BRANDSPOT|THYROID_MEDSCAPE_BRANDSPOT|14
THYROID_C|RET|RET|OVERALL_MEDSCAPE_BRANDSPOT|THYROID_MEDSCAPE_POC|14
THYROID_C|RET|RET|OVERALL_MEDSCAPE_BRANDSPOT|THYROID_VEEVA_EMAIL|1
THYROID_C|RET|RET|OVERALL_MEDSCAPE_EMAIL|LUNG_F2F_CALL|1
THYROID_C|RET|RET|OVERALL_MEDSCAPE_EMAIL|LUNG_MEDSCAPE_EMAIL|28
THYROID_C|RET|RET|OVERALL_MEDSCAPE_EMAIL|OVERALL_DOXIMITY_ALERT|1
THYROID_C|RET|RET|OVERALL_MEDSCAPE_EMAIL|OVERALL_F2F_CALL|1
THYROID_C|RET|RET|OVERALL_MEDSCAPE_EMAIL|OVERALL_MEDSCAPE_POC|7
THYROID_C|RET|RET|OVERALL_MEDSCAPE_EMAIL|OVERALL_P2P|1
THYROID_C|RET|RET|OVERALL_MEDSCAPE_EMAIL|THYROID_DOXIMITY_ALERT|1
THYROID_C|RET|RET|OVERALL_MEDSCAPE_EMAIL|THYROID_F2F_CALL|1
THYROID_C|RET|RET|OVERALL_MEDSCAPE_POC|LUNG_MEDSCAPE_ALERT|14
THYROID_C|RET|RET|OVERALL_MEDSCAPE_POC|LUNG_MEDSCAPE_BRANDSPOT|14
THYROID_C|RET|RET|OVERALL_MEDSCAPE_POC|OVERALL_DOXIMITY_ALERT|1
THYROID_C|RET|RET|OVERALL_MEDSCAPE_POC|OVERALL_MEDSCAPE_POC|14
THYROID_C|RET|RET|OVERALL_MEDSCAPE_POC|OVERALL_VEEVA_EMAIL|1
THYROID_C|RET|RET|OVERALL_MEDSCAPE_POC|THYROID_MEDSCAPE_ALERT|14
THYROID_C|RET|RET|OVERALL_MEDSCAPE_POC|THYROID_MEDSCAPE_BRANDSPOT|14
THYROID_C|RET|RET|OVERALL_MEDSCAPE_POC|THYROID_MEDSCAPE_EMAIL|7
THYROID_C|RET|RET|OVERALL_MEDSCAPE_POC|THYROID_VEEVA_EMAIL|1
THYROID_C|RET|RET|OVERALL_P2P|LUNG_DOXIMITY_ALERT|1
THYROID_C|RET|RET|OVERALL_P2P|LUNG_HQ_EMAIL|1
THYROID_C|RET|RET|OVERALL_P2P|LUNG_MEDSCAPE_ALERT|1
THYROID_C|RET|RET|OVERALL_P2P|LUNG_MEDSCAPE_EMAIL|1
THYROID_C|RET|RET|OVERALL_P2P|LUNG_VEEVA_EMAIL|1
THYROID_C|RET|RET|OVERALL_P2P|OVERALL_DOXIMITY_ALERT|1
THYROID_C|RET|RET|OVERALL_P2P|OVERALL_F2F_CALL|1
THYROID_C|RET|RET|OVERALL_P2P|OVERALL_HQ_EMAIL|1
THYROID_C|RET|RET|OVERALL_P2P|OVERALL_MEDSCAPE_ALERT|1
THYROID_C|RET|RET|OVERALL_P2P|OVERALL_MEDSCAPE_EMAIL|1
THYROID_C|RET|RET|OVERALL_P2P|OVERALL_P2P|21
THYROID_C|RET|RET|OVERALL_P2P|OVERALL_VEEVA_EMAIL|1
THYROID_C|RET|RET|OVERALL_P2P|THYROID_DOXIMITY_ALERT|1
THYROID_C|RET|RET|OVERALL_P2P|THYROID_F2F_CALL|1
THYROID_C|RET|RET|OVERALL_P2P|THYROID_MEDSCAPE_ALERT|1
THYROID_C|RET|RET|OVERALL_P2P|THYROID_MEDSCAPE_BRANDSPOT|1
THYROID_L|RET|RET|OVERALL_VEEVA_EMAIL|THYROID_MEDSCAPE_POC|1
THYROID_L|RET|RET|OVERALL_VEEVA_EMAIL|THYROID_VEEVA_EMAIL|14
THYROID_L|RET|RET|THYROID_DOXIMITY_ALERT|LUNG_HQ_EMAIL|1
THYROID_L|RET|RET|THYROID_DOXIMITY_ALERT|LUNG_MEDSCAPE_ALERT|1
THYROID_L|RET|RET|THYROID_DOXIMITY_ALERT|LUNG_MEDSCAPE_EMAIL|1
THYROID_L|RET|RET|THYROID_DOXIMITY_ALERT|LUNG_MEDSCAPE_POC|1
THYROID_L|RET|RET|THYROID_DOXIMITY_ALERT|LUNG_VEEVA_EMAIL|1
THYROID_L|RET|RET|THYROID_DOXIMITY_ALERT|THYROID_F2F_CALL|1
THYROID_L|RET|RET|THYROID_DOXIMITY_ALERT|THYROID_HQ_EMAIL|1
THYROID_L|RET|RET|THYROID_DOXIMITY_ALERT|THYROID_MEDSCAPE_BRANDSPOT|1
THYROID_L|RET|RET|THYROID_DOXIMITY_ALERT|THYROID_MEDSCAPE_POC|1
THYROID_L|RET|RET|THYROID_DOXIMITY_ALERT|THYROID_VEEVA_EMAIL|1
THYROID_L|RET|RET|THYROID_F2F_CALL|LUNG_DOXIMITY_ALERT|1
THYROID_L|RET|RET|THYROID_F2F_CALL|LUNG_F2F_CALL|21
THYROID_L|RET|RET|THYROID_F2F_CALL|LUNG_MEDSCAPE_ALERT|1
THYROID_L|RET|RET|THYROID_F2F_CALL|LUNG_MEDSCAPE_EMAIL|1
THYROID_L|RET|RET|THYROID_F2F_CALL|LUNG_VEEVA_EMAIL|14
THYROID_L|RET|RET|THYROID_F2F_CALL|OVERALL_MEDSCAPE_ALERT|1
THYROID_L|RET|RET|THYROID_F2F_CALL|OVERALL_MEDSCAPE_BRANDSPOT|1
THYROID_L|RET|RET|THYROID_F2F_CALL|OVERALL_MEDSCAPE_POC|1
THYROID_L|RET|RET|THYROID_F2F_CALL|THYROID_F2F_CALL|21
THYROID_L|RET|RET|THYROID_F2F_CALL|THYROID_HQ_EMAIL|1
THYROID_L|RET|RET|THYROID_F2F_CALL|THYROID_MEDSCAPE_EMAIL|1
THYROID_L|RET|RET|THYROID_F2F_CALL|THYROID_VEEVA_EMAIL|14
THYROID_L|RET|RET|THYROID_HQ_EMAIL|LUNG_DOXIMITY_ALERT|1
THYROID_L|RET|RET|THYROID_HQ_EMAIL|LUNG_F2F_CALL|1
THYROID_L|RET|RET|THYROID_HQ_EMAIL|LUNG_HQ_EMAIL|7
THYROID_L|RET|RET|THYROID_HQ_EMAIL|LUNG_MEDSCAPE_EMAIL|1
THYROID_L|RET|RET|THYROID_HQ_EMAIL|LUNG_VEEVA_EMAIL|1
THYROID_L|RET|RET|THYROID_HQ_EMAIL|OVERALL_DOXIMITY_ALERT|1
THYROID_L|RET|RET|THYROID_HQ_EMAIL|OVERALL_MEDSCAPE_ALERT|1
THYROID_L|RET|RET|THYROID_HQ_EMAIL|OVERALL_MEDSCAPE_BRANDSPOT|1
THYROID_L|RET|RET|THYROID_HQ_EMAIL|OVERALL_MEDSCAPE_EMAIL|1
THYROID_L|RET|RET|THYROID_HQ_EMAIL|THYROID_DOXIMITY_ALERT|1
THYROID_L|RET|RET|THYROID_HQ_EMAIL|THYROID_F2F_CALL|1
THYROID_L|RET|RET|THYROID_HQ_EMAIL|THYROID_HQ_EMAIL|7
THYROID_L|RET|RET|THYROID_HQ_EMAIL|THYROID_MEDSCAPE_POC|1
THYROID_L|RET|RET|THYROID_MEDSCAPE_ALERT|LUNG_VEEVA_EMAIL|1
THYROID_L|RET|RET|THYROID_MEDSCAPE_ALERT|OVERALL_DOXIMITY_ALERT|1
THYROID_L|RET|RET|THYROID_MEDSCAPE_ALERT|OVERALL_MEDSCAPE_ALERT|28
THYROID_L|RET|RET|THYROID_MEDSCAPE_ALERT|OVERALL_MEDSCAPE_POC|14
THYROID_L|RET|RET|THYROID_MEDSCAPE_ALERT|OVERALL_P2P|1
THYROID_L|RET|RET|THYROID_MEDSCAPE_ALERT|THYROID_DOXIMITY_ALERT|1
THYROID_L|RET|RET|THYROID_MEDSCAPE_ALERT|THYROID_F2F_CALL|1
THYROID_L|RET|RET|THYROID_MEDSCAPE_ALERT|THYROID_MEDSCAPE_BRANDSPOT|14
THYROID_L|RET|RET|THYROID_MEDSCAPE_ALERT|THYROID_MEDSCAPE_POC|14
THYROID_L|RET|RET|THYROID_MEDSCAPE_BRANDSPOT|LUNG_F2F_CALL|1
THYROID_L|RET|RET|THYROID_MEDSCAPE_BRANDSPOT|LUNG_MEDSCAPE_ALERT|14
THYROID_L|RET|RET|THYROID_MEDSCAPE_BRANDSPOT|LUNG_MEDSCAPE_BRANDSPOT|14
THYROID_L|RET|RET|THYROID_MEDSCAPE_BRANDSPOT|LUNG_MEDSCAPE_EMAIL|7
THYROID_L|RET|RET|THYROID_MEDSCAPE_BRANDSPOT|OVERALL_F2F_CALL|1
THYROID_L|RET|RET|THYROID_MEDSCAPE_BRANDSPOT|OVERALL_HQ_EMAIL|1
THYROID_L|RET|RET|THYROID_MEDSCAPE_BRANDSPOT|OVERALL_MEDSCAPE_ALERT|14
THYROID_L|RET|RET|THYROID_MEDSCAPE_BRANDSPOT|OVERALL_MEDSCAPE_BRANDSPOT|14
THYROID_L|RET|RET|THYROID_MEDSCAPE_BRANDSPOT|OVERALL_P2P|1
THYROID_L|RET|RET|THYROID_MEDSCAPE_BRANDSPOT|THYROID_DOXIMITY_ALERT|1
THYROID_L|RET|RET|THYROID_MEDSCAPE_BRANDSPOT|THYROID_F2F_CALL|1
THYROID_L|RET|RET|THYROID_MEDSCAPE_BRANDSPOT|THYROID_HQ_EMAIL|1
THYROID_L|RET|RET|THYROID_MEDSCAPE_BRANDSPOT|THYROID_MEDSCAPE_BRANDSPOT|14
THYROID_L|RET|RET|THYROID_MEDSCAPE_BRANDSPOT|THYROID_MEDSCAPE_EMAIL|7
THYROID_L|RET|RET|THYROID_MEDSCAPE_BRANDSPOT|THYROID_VEEVA_EMAIL|1
THYROID_L|RET|RET|THYROID_MEDSCAPE_EMAIL|LUNG_DOXIMITY_ALERT|1
THYROID_L|RET|RET|THYROID_MEDSCAPE_EMAIL|LUNG_F2F_CALL|1
THYROID_L|RET|RET|THYROID_MEDSCAPE_EMAIL|LUNG_MEDSCAPE_ALERT|7
THYROID_L|RET|RET|THYROID_MEDSCAPE_EMAIL|LUNG_MEDSCAPE_BRANDSPOT|7
THYROID_L|RET|RET|THYROID_MEDSCAPE_EMAIL|OVERALL_HQ_EMAIL|1
THYROID_L|RET|RET|THYROID_MEDSCAPE_EMAIL|OVERALL_MEDSCAPE_BRANDSPOT|7
THYROID_L|RET|RET|THYROID_MEDSCAPE_EMAIL|OVERALL_MEDSCAPE_EMAIL|28
THYROID_L|RET|RET|THYROID_MEDSCAPE_EMAIL|OVERALL_P2P|1
THYROID_L|RET|RET|THYROID_MEDSCAPE_EMAIL|THYROID_F2F_CALL|1
THYROID_L|RET|RET|THYROID_MEDSCAPE_EMAIL|THYROID_MEDSCAPE_ALERT|7
THYROID_L|RET|RET|THYROID_MEDSCAPE_EMAIL|THYROID_MEDSCAPE_BRANDSPOT|7
THYROID_L|RET|RET|THYROID_MEDSCAPE_EMAIL|THYROID_MEDSCAPE_EMAIL|28
HIGH|TRU|TRU|DOXIMITY_ALERT|DOXIMITY_ALERT|14
HIGH|TRU|TRU|F2F_CALL|F2F_CALL|7
HIGH|TRU|TRU|HQ_EMAIL|HQ_EMAIL|7
HIGH|TRU|TRU|MEDSCAPE_EMAIL|MEDSCAPE_ALERT|7
HIGH|US_304486|US_304486|F2F_CALL|MEDSCAPE_ALERT|1
HIGH|US_304486|US_304486|F2F_CALL|MEDSCAPE_EMAIL|1
HIGH|US_304486|US_304486|HQ_EMAIL|F2F_CALL|1
HIGH|US_304486|US_304486|HQ_EMAIL|MEDSCAPE_EMAIL|1
HIGH|US_304486|US_304486|HQ_EMAIL|MEDSCAPE_POC|1
HIGH|US_304486|US_304486|HQ_EMAIL|VEEVA_EMAIL|1
HIGH|US_304486|US_304486|MEDSCAPE_ALERT|HQ_EMAIL|1
HIGH|US_304486|US_304486|MEDSCAPE_ALERT|MEDSCAPE_BRANDSPOT|1
HIGH|US_304486|US_304486|MEDSCAPE_ALERT|MEDSCAPE_POC|1
HIGH|US_304486|US_304486|MEDSCAPE_ALERT|VEEVA_EMAIL|1
HIGH|US_304486|US_304486|MEDSCAPE_BRANDSPOT|HQ_EMAIL|1
HIGH|US_304486|US_304486|MEDSCAPE_BRANDSPOT|MEDSCAPE_EMAIL|1
HIGH|US_304486|US_304486|MEDSCAPE_BRANDSPOT|MEDSCAPE_POC|1
HIGH|US_304486|US_304486|MEDSCAPE_BRANDSPOT|VEEVA_EMAIL|1
HIGH|US_304486|US_304486|MEDSCAPE_EMAIL|HQ_EMAIL|1
HIGH|US_304486|US_304486|MEDSCAPE_EMAIL|MEDSCAPE_ALERT|1
HIGH|US_304486|US_304486|MEDSCAPE_EMAIL|MEDSCAPE_POC|1
HIGH|US_304486|US_304486|MEDSCAPE_EMAIL|VEEVA_EMAIL|1
HIGH|US_304486|US_304486|MEDSCAPE_POC|F2F_CALL|1
HIGH|US_304486|US_304486|MEDSCAPE_POC|HQ_EMAIL|1
HIGH|US_304486|US_304486|MEDSCAPE_POC|MEDSCAPE_POC|14
HIGH|US_304486|US_304486|P2P|MEDSCAPE_ALERT|1
HIGH|US_304486|US_304486|P2P|MEDSCAPE_EMAIL|1
HIGH|US_304486|US_304486|VEEVA_EMAIL|HQ_EMAIL|1
HIGH|US_304486|US_304486|VEEVA_EMAIL|MEDSCAPE_BRANDSPOT|1
HIGH|US_304486|US_304486|VEEVA_EMAIL|MEDSCAPE_EMAIL|1
HIGH|US_304486|US_304486|VEEVA_EMAIL|MEDSCAPE_POC|1
HIGH|US_304486|US_304486|VEEVA_EMAIL|VEEVA_EMAIL|7
HIGH|US_304528|US_304528|DOXIMITY_ALERT|DOXIMITY_ALERT|14
HIGH|US_304528|US_304528|DOXIMITY_ALERT|DOXIMITY_DOCSPOT|1
HIGH|US_304528|US_304528|DOXIMITY_ALERT|EDH_PROFLOW_RDMU|1
HIGH|US_304528|US_304528|DOXIMITY_ALERT|EDH_PROFLOW_WDMU|1
HIGH|US_304528|US_304528|DOXIMITY_ALERT|HQ_EMAIL|1
HIGH|US_304528|US_304528|DOXIMITY_ALERT|MEDSCAPE_EMAIL|1
HIGH|US_304528|US_304528|DOXIMITY_ALERT|NUMEDIS_MDMINUTE|1
HIGH|US_304528|US_304528|DOXIMITY_ALERT|P2P|1
HIGH|US_304528|US_304528|DOXIMITY_DOCSPOT|DOXIMITY_ALERT|1
HIGH|US_304528|US_304528|DOXIMITY_DOCSPOT|EDH_PROFLOW_EDMU|1
HIGH|US_304528|US_304528|DOXIMITY_DOCSPOT|EDH_PROFLOW_RDMU|1
HIGH|US_304528|US_304528|DOXIMITY_DOCSPOT|EDH_PROFLOW_WDMU|1
THYROID_C|RET|RET|OVERALL_VEEVA_EMAIL|OVERALL_MEDSCAPE_BRANDSPOT|1
THYROID_C|RET|RET|OVERALL_VEEVA_EMAIL|OVERALL_MEDSCAPE_EMAIL|1
THYROID_C|RET|RET|OVERALL_VEEVA_EMAIL|OVERALL_VEEVA_EMAIL|14
THYROID_C|RET|RET|OVERALL_VEEVA_EMAIL|THYROID_F2F_CALL|14
THYROID_C|RET|RET|OVERALL_VEEVA_EMAIL|THYROID_HQ_EMAIL|1
THYROID_C|RET|RET|OVERALL_VEEVA_EMAIL|THYROID_MEDSCAPE_ALERT|1
THYROID_C|RET|RET|OVERALL_VEEVA_EMAIL|THYROID_MEDSCAPE_EMAIL|1
THYROID_C|RET|RET|OVERALL_VEEVA_EMAIL|THYROID_MEDSCAPE_POC|1
THYROID_C|RET|RET|OVERALL_VEEVA_EMAIL|THYROID_VEEVA_EMAIL|14
THYROID_C|RET|RET|THYROID_DOXIMITY_ALERT|LUNG_MEDSCAPE_ALERT|1
THYROID_C|RET|RET|THYROID_DOXIMITY_ALERT|LUNG_MEDSCAPE_BRANDSPOT|1
THYROID_C|RET|RET|THYROID_DOXIMITY_ALERT|OVERALL_F2F_CALL|1
THYROID_C|RET|RET|THYROID_DOXIMITY_ALERT|OVERALL_MEDSCAPE_EMAIL|1
THYROID_C|RET|RET|THYROID_DOXIMITY_ALERT|OVERALL_MEDSCAPE_POC|1
THYROID_C|RET|RET|THYROID_DOXIMITY_ALERT|OVERALL_P2P|1
THYROID_C|RET|RET|THYROID_DOXIMITY_ALERT|OVERALL_VEEVA_EMAIL|1
THYROID_C|RET|RET|THYROID_DOXIMITY_ALERT|THYROID_DOXIMITY_ALERT|28
THYROID_C|RET|RET|THYROID_DOXIMITY_ALERT|THYROID_F2F_CALL|1
THYROID_C|RET|RET|THYROID_DOXIMITY_ALERT|THYROID_MEDSCAPE_BRANDSPOT|1
THYROID_C|RET|RET|THYROID_DOXIMITY_ALERT|THYROID_VEEVA_EMAIL|1
THYROID_C|RET|RET|THYROID_F2F_CALL|LUNG_DOXIMITY_ALERT|1
THYROID_C|RET|RET|THYROID_F2F_CALL|LUNG_HQ_EMAIL|1
THYROID_C|RET|RET|THYROID_F2F_CALL|LUNG_MEDSCAPE_ALERT|1
THYROID_C|RET|RET|THYROID_F2F_CALL|LUNG_MEDSCAPE_POC|1
THYROID_C|RET|RET|THYROID_F2F_CALL|LUNG_VEEVA_EMAIL|14
THYROID_C|RET|RET|THYROID_F2F_CALL|OVERALL_DOXIMITY_ALERT|1
THYROID_C|RET|RET|THYROID_F2F_CALL|OVERALL_F2F_CALL|21
THYROID_C|RET|RET|THYROID_F2F_CALL|OVERALL_MEDSCAPE_ALERT|1
THYROID_C|RET|RET|THYROID_F2F_CALL|OVERALL_MEDSCAPE_BRANDSPOT|1
THYROID_C|RET|RET|THYROID_F2F_CALL|OVERALL_MEDSCAPE_EMAIL|1
THYROID_C|RET|RET|THYROID_F2F_CALL|OVERALL_P2P|1
THYROID_C|RET|RET|THYROID_F2F_CALL|THYROID_HQ_EMAIL|1
THYROID_C|RET|RET|THYROID_F2F_CALL|THYROID_MEDSCAPE_EMAIL|1
THYROID_C|RET|RET|THYROID_F2F_CALL|THYROID_VEEVA_EMAIL|14
THYROID_C|RET|RET|THYROID_HQ_EMAIL|LUNG_DOXIMITY_ALERT|1
THYROID_C|RET|RET|THYROID_HQ_EMAIL|LUNG_HQ_EMAIL|7
THYROID_C|RET|RET|THYROID_HQ_EMAIL|LUNG_MEDSCAPE_ALERT|1
THYROID_C|RET|RET|THYROID_HQ_EMAIL|LUNG_MEDSCAPE_BRANDSPOT|1
THYROID_C|RET|RET|THYROID_HQ_EMAIL|OVERALL_HQ_EMAIL|7
THYROID_C|RET|RET|THYROID_HQ_EMAIL|OVERALL_MEDSCAPE_BRANDSPOT|1
THYROID_C|RET|RET|THYROID_HQ_EMAIL|OVERALL_MEDSCAPE_EMAIL|1
THYROID_C|RET|RET|THYROID_HQ_EMAIL|THYROID_F2F_CALL|1
THYROID_C|RET|RET|THYROID_HQ_EMAIL|THYROID_HQ_EMAIL|7
THYROID_C|RET|RET|THYROID_HQ_EMAIL|THYROID_MEDSCAPE_BRANDSPOT|1
THYROID_C|RET|RET|THYROID_HQ_EMAIL|THYROID_MEDSCAPE_POC|1
THYROID_C|RET|RET|THYROID_MEDSCAPE_ALERT|LUNG_DOXIMITY_ALERT|1
THYROID_C|RET|RET|THYROID_MEDSCAPE_ALERT|LUNG_F2F_CALL|1
THYROID_C|RET|RET|THYROID_MEDSCAPE_ALERT|LUNG_MEDSCAPE_ALERT|28
THYROID_C|RET|RET|THYROID_MEDSCAPE_ALERT|LUNG_MEDSCAPE_POC|1
THYROID_C|RET|RET|THYROID_MEDSCAPE_ALERT|LUNG_VEEVA_EMAIL|1
THYROID_C|RET|RET|THYROID_MEDSCAPE_ALERT|OVERALL_HQ_EMAIL|1
THYROID_C|RET|RET|THYROID_MEDSCAPE_ALERT|OVERALL_MEDSCAPE_EMAIL|7
THYROID_C|RET|RET|THYROID_MEDSCAPE_ALERT|OVERALL_MEDSCAPE_POC|14
THYROID_C|RET|RET|THYROID_MEDSCAPE_ALERT|OVERALL_P2P|1
THYROID_C|RET|RET|THYROID_MEDSCAPE_ALERT|THYROID_F2F_CALL|1
THYROID_C|RET|RET|THYROID_MEDSCAPE_ALERT|THYROID_HQ_EMAIL|1
THYROID_C|RET|RET|THYROID_MEDSCAPE_ALERT|THYROID_MEDSCAPE_EMAIL|7
THYROID_C|RET|RET|THYROID_MEDSCAPE_BRANDSPOT|LUNG_F2F_CALL|1
THYROID_C|RET|RET|THYROID_MEDSCAPE_BRANDSPOT|LUNG_HQ_EMAIL|1
THYROID_C|RET|RET|THYROID_MEDSCAPE_BRANDSPOT|LUNG_MEDSCAPE_ALERT|14
THYROID_C|RET|RET|THYROID_MEDSCAPE_BRANDSPOT|LUNG_MEDSCAPE_BRANDSPOT|14
THYROID_C|RET|RET|THYROID_MEDSCAPE_BRANDSPOT|LUNG_MEDSCAPE_EMAIL|7
THYROID_C|RET|RET|THYROID_MEDSCAPE_BRANDSPOT|LUNG_VEEVA_EMAIL|1
THYROID_C|RET|RET|THYROID_MEDSCAPE_BRANDSPOT|OVERALL_DOXIMITY_ALERT|1
THYROID_C|RET|RET|THYROID_MEDSCAPE_BRANDSPOT|OVERALL_MEDSCAPE_BRANDSPOT|14
THYROID_C|RET|RET|THYROID_MEDSCAPE_BRANDSPOT|OVERALL_MEDSCAPE_EMAIL|7
THYROID_C|RET|RET|THYROID_MEDSCAPE_BRANDSPOT|OVERALL_MEDSCAPE_POC|14
THYROID_C|RET|RET|THYROID_MEDSCAPE_BRANDSPOT|THYROID_DOXIMITY_ALERT|1
THYROID_C|RET|RET|THYROID_MEDSCAPE_BRANDSPOT|THYROID_F2F_CALL|1
THYROID_C|RET|RET|THYROID_MEDSCAPE_BRANDSPOT|THYROID_MEDSCAPE_ALERT|14
THYROID_C|RET|RET|THYROID_MEDSCAPE_BRANDSPOT|THYROID_MEDSCAPE_POC|14
THYROID_C|RET|RET|THYROID_MEDSCAPE_BRANDSPOT|THYROID_VEEVA_EMAIL|1
THYROID_C|RET|RET|THYROID_MEDSCAPE_EMAIL|LUNG_HQ_EMAIL|1
THYROID_C|RET|RET|THYROID_MEDSCAPE_EMAIL|LUNG_MEDSCAPE_ALERT|7
THYROID_M|RET|RET|THYROID_VEEVA_EMAIL|OVERALL_MEDSCAPE_EMAIL|1
THYROID_M|RET|RET|THYROID_VEEVA_EMAIL|OVERALL_MEDSCAPE_POC|1
THYROID_M|RET|RET|THYROID_VEEVA_EMAIL|THYROID_DOXIMITY_ALERT|1
THYROID_M|RET|RET|THYROID_VEEVA_EMAIL|THYROID_F2F_CALL|14
UNKNOWN|RET|RET|LUNG_DOXIMITY_ALERT|LUNG_DOXIMITY_ALERT|28
UNKNOWN|RET|RET|LUNG_DOXIMITY_ALERT|LUNG_HQ_EMAIL|1
UNKNOWN|RET|RET|LUNG_DOXIMITY_ALERT|LUNG_MEDSCAPE_ALERT|1
UNKNOWN|RET|RET|LUNG_DOXIMITY_ALERT|LUNG_MEDSCAPE_POC|1
UNKNOWN|RET|RET|LUNG_DOXIMITY_ALERT|LUNG_VEEVA_EMAIL|1
UNKNOWN|RET|RET|LUNG_DOXIMITY_ALERT|OVERALL_DOXIMITY_ALERT|28
UNKNOWN|RET|RET|LUNG_DOXIMITY_ALERT|OVERALL_MEDSCAPE_BRANDSPOT|1
UNKNOWN|RET|RET|LUNG_DOXIMITY_ALERT|OVERALL_P2P|1
UNKNOWN|RET|RET|LUNG_DOXIMITY_ALERT|THYROID_DOXIMITY_ALERT|28
UNKNOWN|RET|RET|LUNG_DOXIMITY_ALERT|THYROID_F2F_CALL|1
UNKNOWN|RET|RET|LUNG_DOXIMITY_ALERT|THYROID_MEDSCAPE_BRANDSPOT|1
UNKNOWN|RET|RET|LUNG_DOXIMITY_ALERT|THYROID_MEDSCAPE_EMAIL|1
UNKNOWN|RET|RET|LUNG_DOXIMITY_ALERT|THYROID_MEDSCAPE_POC|1
UNKNOWN|RET|RET|LUNG_F2F_CALL|LUNG_DOXIMITY_ALERT|1
UNKNOWN|RET|RET|LUNG_F2F_CALL|LUNG_F2F_CALL|28
UNKNOWN|RET|RET|LUNG_F2F_CALL|LUNG_HQ_EMAIL|1
UNKNOWN|RET|RET|LUNG_F2F_CALL|LUNG_MEDSCAPE_ALERT|1
UNKNOWN|RET|RET|LUNG_F2F_CALL|LUNG_MEDSCAPE_BRANDSPOT|1
UNKNOWN|RET|RET|LUNG_F2F_CALL|LUNG_MEDSCAPE_POC|1
UNKNOWN|RET|RET|LUNG_F2F_CALL|OVERALL_F2F_CALL|28
UNKNOWN|RET|RET|LUNG_F2F_CALL|OVERALL_MEDSCAPE_ALERT|1
UNKNOWN|RET|RET|LUNG_F2F_CALL|OVERALL_MEDSCAPE_EMAIL|1
UNKNOWN|RET|RET|LUNG_F2F_CALL|OVERALL_P2P|1
UNKNOWN|RET|RET|LUNG_F2F_CALL|OVERALL_VEEVA_EMAIL|21
UNKNOWN|RET|RET|LUNG_F2F_CALL|THYROID_VEEVA_EMAIL|21
UNKNOWN|RET|RET|LUNG_HQ_EMAIL|LUNG_F2F_CALL|1
UNKNOWN|RET|RET|LUNG_HQ_EMAIL|LUNG_HQ_EMAIL|7
UNKNOWN|RET|RET|LUNG_HQ_EMAIL|LUNG_MEDSCAPE_EMAIL|1
UNKNOWN|RET|RET|LUNG_HQ_EMAIL|LUNG_VEEVA_EMAIL|1
UNKNOWN|RET|RET|LUNG_HQ_EMAIL|OVERALL_F2F_CALL|1
UNKNOWN|RET|RET|LUNG_HQ_EMAIL|OVERALL_HQ_EMAIL|7
UNKNOWN|RET|RET|LUNG_HQ_EMAIL|OVERALL_MEDSCAPE_BRANDSPOT|1
UNKNOWN|RET|RET|LUNG_HQ_EMAIL|OVERALL_MEDSCAPE_EMAIL|1
UNKNOWN|RET|RET|LUNG_HQ_EMAIL|OVERALL_MEDSCAPE_POC|1
UNKNOWN|RET|RET|LUNG_HQ_EMAIL|OVERALL_VEEVA_EMAIL|1
UNKNOWN|RET|RET|LUNG_HQ_EMAIL|THYROID_DOXIMITY_ALERT|1
UNKNOWN|RET|RET|LUNG_HQ_EMAIL|THYROID_HQ_EMAIL|7
UNKNOWN|RET|RET|LUNG_HQ_EMAIL|THYROID_MEDSCAPE_ALERT|1
UNKNOWN|RET|RET|LUNG_HQ_EMAIL|THYROID_MEDSCAPE_BRANDSPOT|1
UNKNOWN|RET|RET|LUNG_HQ_EMAIL|THYROID_MEDSCAPE_POC|1
UNKNOWN|RET|RET|LUNG_MEDSCAPE_ALERT|LUNG_HQ_EMAIL|1
UNKNOWN|RET|RET|LUNG_MEDSCAPE_ALERT|LUNG_MEDSCAPE_BRANDSPOT|14
UNKNOWN|RET|RET|LUNG_MEDSCAPE_ALERT|OVERALL_MEDSCAPE_BRANDSPOT|14
UNKNOWN|RET|RET|LUNG_MEDSCAPE_ALERT|OVERALL_MEDSCAPE_EMAIL|7
UNKNOWN|RET|RET|LUNG_MEDSCAPE_ALERT|OVERALL_VEEVA_EMAIL|1
UNKNOWN|RET|RET|LUNG_MEDSCAPE_ALERT|THYROID_DOXIMITY_ALERT|1
UNKNOWN|RET|RET|LUNG_MEDSCAPE_ALERT|THYROID_F2F_CALL|1
UNKNOWN|RET|RET|LUNG_MEDSCAPE_ALERT|THYROID_HQ_EMAIL|1
UNKNOWN|RET|RET|LUNG_MEDSCAPE_ALERT|THYROID_VEEVA_EMAIL|1
UNKNOWN|RET|RET|LUNG_MEDSCAPE_BRANDSPOT|LUNG_DOXIMITY_ALERT|1
UNKNOWN|RET|RET|LUNG_MEDSCAPE_BRANDSPOT|LUNG_MEDSCAPE_EMAIL|7
UNKNOWN|RET|RET|LUNG_MEDSCAPE_BRANDSPOT|LUNG_VEEVA_EMAIL|1
UNKNOWN|RET|RET|LUNG_MEDSCAPE_BRANDSPOT|OVERALL_HQ_EMAIL|1
UNKNOWN|RET|RET|LUNG_MEDSCAPE_BRANDSPOT|OVERALL_MEDSCAPE_POC|14
UNKNOWN|RET|RET|LUNG_MEDSCAPE_BRANDSPOT|THYROID_MEDSCAPE_ALERT|1
UNKNOWN|RET|RET|LUNG_MEDSCAPE_BRANDSPOT|THYROID_MEDSCAPE_BRANDSPOT|14
UNKNOWN|RET|RET|LUNG_MEDSCAPE_BRANDSPOT|THYROID_MEDSCAPE_EMAIL|7
UNKNOWN|RET|RET|LUNG_MEDSCAPE_EMAIL|LUNG_DOXIMITY_ALERT|1
UNKNOWN|RET|RET|LUNG_MEDSCAPE_EMAIL|LUNG_HQ_EMAIL|1
UNKNOWN|RET|RET|LUNG_MEDSCAPE_EMAIL|LUNG_MEDSCAPE_ALERT|7
UNKNOWN|RET|RET|LUNG_MEDSCAPE_EMAIL|LUNG_MEDSCAPE_EMAIL|28
UNKNOWN|RET|RET|LUNG_MEDSCAPE_EMAIL|OVERALL_HQ_EMAIL|1
UNKNOWN|RET|RET|LUNG_MEDSCAPE_EMAIL|OVERALL_MEDSCAPE_ALERT|7
UNKNOWN|RET|RET|LUNG_MEDSCAPE_EMAIL|OVERALL_MEDSCAPE_BRANDSPOT|7
UNKNOWN|RET|RET|LUNG_MEDSCAPE_EMAIL|OVERALL_MEDSCAPE_POC|7
UNKNOWN|RET|RET|LUNG_MEDSCAPE_EMAIL|OVERALL_P2P|1
UNKNOWN|RET|RET|LUNG_MEDSCAPE_EMAIL|THYROID_DOXIMITY_ALERT|1
UNKNOWN|RET|RET|LUNG_MEDSCAPE_EMAIL|THYROID_F2F_CALL|1
UNKNOWN|RET|RET|LUNG_MEDSCAPE_EMAIL|THYROID_HQ_EMAIL|1
UNKNOWN|RET|RET|LUNG_MEDSCAPE_EMAIL|THYROID_MEDSCAPE_BRANDSPOT|7
UNKNOWN|RET|RET|LUNG_MEDSCAPE_EMAIL|THYROID_MEDSCAPE_EMAIL|28
UNKNOWN|RET|RET|LUNG_MEDSCAPE_EMAIL|THYROID_MEDSCAPE_POC|7
UNKNOWN|RET|RET|LUNG_MEDSCAPE_EMAIL|THYROID_VEEVA_EMAIL|1
UNKNOWN|RET|RET|LUNG_MEDSCAPE_POC|LUNG_DOXIMITY_ALERT|1
UNKNOWN|RET|RET|LUNG_MEDSCAPE_POC|LUNG_HQ_EMAIL|1
UNKNOWN|RET|RET|LUNG_MEDSCAPE_POC|LUNG_MEDSCAPE_BRANDSPOT|14
LUNG_M|RET|RET|OVERALL_P2P|OVERALL_HQ_EMAIL|1
LUNG_M|RET|RET|OVERALL_P2P|OVERALL_MEDSCAPE_ALERT|1
LUNG_M|RET|RET|OVERALL_P2P|OVERALL_P2P|21
LUNG_M|RET|RET|OVERALL_P2P|THYROID_MEDSCAPE_ALERT|1
LUNG_M|RET|RET|OVERALL_P2P|THYROID_MEDSCAPE_BRANDSPOT|1
LUNG_M|RET|RET|OVERALL_P2P|THYROID_MEDSCAPE_EMAIL|1
LUNG_M|RET|RET|OVERALL_VEEVA_EMAIL|LUNG_F2F_CALL|14
LUNG_M|RET|RET|OVERALL_VEEVA_EMAIL|LUNG_HQ_EMAIL|1
LUNG_M|RET|RET|OVERALL_VEEVA_EMAIL|LUNG_MEDSCAPE_ALERT|1
LUNG_M|RET|RET|OVERALL_VEEVA_EMAIL|LUNG_MEDSCAPE_BRANDSPOT|1
LUNG_M|RET|RET|OVERALL_VEEVA_EMAIL|LUNG_VEEVA_EMAIL|14
LUNG_M|RET|RET|OVERALL_VEEVA_EMAIL|OVERALL_DOXIMITY_ALERT|1
LUNG_M|RET|RET|OVERALL_VEEVA_EMAIL|OVERALL_F2F_CALL|14
LUNG_M|RET|RET|OVERALL_VEEVA_EMAIL|OVERALL_MEDSCAPE_BRANDSPOT|1
LUNG_M|RET|RET|OVERALL_VEEVA_EMAIL|OVERALL_MEDSCAPE_EMAIL|1
LUNG_M|RET|RET|OVERALL_VEEVA_EMAIL|OVERALL_MEDSCAPE_POC|1
LUNG_M|RET|RET|OVERALL_VEEVA_EMAIL|THYROID_DOXIMITY_ALERT|1
LUNG_M|RET|RET|OVERALL_VEEVA_EMAIL|THYROID_HQ_EMAIL|1
LUNG_M|RET|RET|OVERALL_VEEVA_EMAIL|THYROID_MEDSCAPE_BRANDSPOT|1
LUNG_M|RET|RET|OVERALL_VEEVA_EMAIL|THYROID_MEDSCAPE_EMAIL|1
LUNG_M|RET|RET|OVERALL_VEEVA_EMAIL|THYROID_VEEVA_EMAIL|14
LUNG_M|RET|RET|THYROID_DOXIMITY_ALERT|LUNG_HQ_EMAIL|1
LUNG_M|RET|RET|THYROID_DOXIMITY_ALERT|LUNG_MEDSCAPE_BRANDSPOT|1
LUNG_M|RET|RET|THYROID_DOXIMITY_ALERT|LUNG_MEDSCAPE_EMAIL|1
LUNG_M|RET|RET|THYROID_DOXIMITY_ALERT|OVERALL_DOXIMITY_ALERT|14
LUNG_M|RET|RET|THYROID_DOXIMITY_ALERT|OVERALL_F2F_CALL|1
LUNG_M|RET|RET|THYROID_DOXIMITY_ALERT|OVERALL_MEDSCAPE_ALERT|1
LUNG_M|RET|RET|THYROID_DOXIMITY_ALERT|OVERALL_MEDSCAPE_BRANDSPOT|1
LUNG_M|RET|RET|THYROID_DOXIMITY_ALERT|OVERALL_MEDSCAPE_POC|1
LUNG_M|RET|RET|THYROID_DOXIMITY_ALERT|THYROID_HQ_EMAIL|1
LUNG_M|RET|RET|THYROID_DOXIMITY_ALERT|THYROID_MEDSCAPE_ALERT|1
LUNG_M|RET|RET|THYROID_DOXIMITY_ALERT|THYROID_MEDSCAPE_BRANDSPOT|1
LUNG_M|RET|RET|THYROID_DOXIMITY_ALERT|THYROID_MEDSCAPE_POC|1
LUNG_M|RET|RET|THYROID_DOXIMITY_ALERT|THYROID_VEEVA_EMAIL|1
LUNG_M|RET|RET|THYROID_F2F_CALL|LUNG_F2F_CALL|21
LUNG_M|RET|RET|THYROID_F2F_CALL|LUNG_HQ_EMAIL|1
LUNG_M|RET|RET|THYROID_F2F_CALL|LUNG_MEDSCAPE_POC|1
LUNG_M|RET|RET|THYROID_F2F_CALL|LUNG_VEEVA_EMAIL|14
LUNG_M|RET|RET|THYROID_F2F_CALL|OVERALL_HQ_EMAIL|1
LUNG_M|RET|RET|THYROID_F2F_CALL|OVERALL_MEDSCAPE_BRANDSPOT|1
LUNG_M|RET|RET|THYROID_F2F_CALL|OVERALL_MEDSCAPE_POC|1
LUNG_M|RET|RET|THYROID_F2F_CALL|OVERALL_P2P|1
LUNG_M|RET|RET|THYROID_F2F_CALL|OVERALL_VEEVA_EMAIL|14
LUNG_M|RET|RET|THYROID_F2F_CALL|THYROID_MEDSCAPE_EMAIL|1
LUNG_M|RET|RET|THYROID_HQ_EMAIL|LUNG_MEDSCAPE_ALERT|1
LUNG_M|RET|RET|THYROID_HQ_EMAIL|LUNG_MEDSCAPE_BRANDSPOT|1
LUNG_M|RET|RET|THYROID_HQ_EMAIL|LUNG_MEDSCAPE_EMAIL|1
LUNG_M|RET|RET|THYROID_HQ_EMAIL|LUNG_MEDSCAPE_POC|1
LUNG_M|RET|RET|THYROID_HQ_EMAIL|LUNG_VEEVA_EMAIL|1
LUNG_M|RET|RET|THYROID_HQ_EMAIL|OVERALL_HQ_EMAIL|7
LUNG_M|RET|RET|THYROID_HQ_EMAIL|OVERALL_MEDSCAPE_ALERT|1
LUNG_M|RET|RET|THYROID_HQ_EMAIL|OVERALL_MEDSCAPE_EMAIL|1
LUNG_M|RET|RET|THYROID_HQ_EMAIL|OVERALL_MEDSCAPE_POC|1
LUNG_M|RET|RET|THYROID_HQ_EMAIL|OVERALL_P2P|1
LUNG_M|RET|RET|THYROID_HQ_EMAIL|THYROID_F2F_CALL|1
LUNG_M|RET|RET|THYROID_HQ_EMAIL|THYROID_HQ_EMAIL|7
LUNG_M|RET|RET|THYROID_HQ_EMAIL|THYROID_MEDSCAPE_ALERT|1
LUNG_M|RET|RET|THYROID_HQ_EMAIL|THYROID_VEEVA_EMAIL|1
LUNG_M|RET|RET|THYROID_MEDSCAPE_ALERT|LUNG_DOXIMITY_ALERT|1
LUNG_M|RET|RET|THYROID_MEDSCAPE_ALERT|LUNG_MEDSCAPE_ALERT|28
LUNG_M|RET|RET|THYROID_MEDSCAPE_ALERT|LUNG_MEDSCAPE_BRANDSPOT|14
LUNG_M|RET|RET|THYROID_MEDSCAPE_ALERT|LUNG_MEDSCAPE_POC|1
LUNG_M|RET|RET|THYROID_MEDSCAPE_ALERT|OVERALL_DOXIMITY_ALERT|1
LUNG_M|RET|RET|THYROID_MEDSCAPE_ALERT|OVERALL_MEDSCAPE_ALERT|28
LUNG_M|RET|RET|THYROID_MEDSCAPE_ALERT|THYROID_DOXIMITY_ALERT|1
LUNG_M|RET|RET|THYROID_MEDSCAPE_ALERT|THYROID_F2F_CALL|1
LUNG_M|RET|RET|THYROID_MEDSCAPE_ALERT|THYROID_MEDSCAPE_POC|14
LUNG_M|RET|RET|THYROID_MEDSCAPE_BRANDSPOT|LUNG_DOXIMITY_ALERT|1
LUNG_M|RET|RET|THYROID_MEDSCAPE_BRANDSPOT|LUNG_MEDSCAPE_BRANDSPOT|14
LUNG_M|RET|RET|THYROID_MEDSCAPE_BRANDSPOT|LUNG_MEDSCAPE_EMAIL|7
LUNG_M|RET|RET|THYROID_MEDSCAPE_BRANDSPOT|LUNG_VEEVA_EMAIL|1
LUNG_M|RET|RET|THYROID_MEDSCAPE_BRANDSPOT|OVERALL_DOXIMITY_ALERT|1
LUNG_M|RET|RET|THYROID_MEDSCAPE_BRANDSPOT|OVERALL_F2F_CALL|1
LUNG_M|RET|RET|THYROID_MEDSCAPE_BRANDSPOT|OVERALL_MEDSCAPE_ALERT|14
LUNG_M|RET|RET|THYROID_MEDSCAPE_BRANDSPOT|OVERALL_MEDSCAPE_BRANDSPOT|14
LUNG_M|RET|RET|THYROID_MEDSCAPE_BRANDSPOT|OVERALL_MEDSCAPE_EMAIL|7
LUNG_M|RET|RET|THYROID_MEDSCAPE_BRANDSPOT|OVERALL_P2P|1
LUNG_M|RET|RET|THYROID_MEDSCAPE_BRANDSPOT|THYROID_DOXIMITY_ALERT|1
LUNG_M|RET|RET|THYROID_MEDSCAPE_BRANDSPOT|THYROID_F2F_CALL|1
OVERALL_M|RET|RET|THYROID_MEDSCAPE_EMAIL|OVERALL_DOXIMITY_ALERT|1
OVERALL_M|RET|RET|THYROID_MEDSCAPE_EMAIL|OVERALL_F2F_CALL|1
OVERALL_M|RET|RET|THYROID_MEDSCAPE_EMAIL|OVERALL_MEDSCAPE_EMAIL|28
OVERALL_M|RET|RET|THYROID_MEDSCAPE_EMAIL|OVERALL_P2P|1
OVERALL_M|RET|RET|THYROID_MEDSCAPE_EMAIL|OVERALL_VEEVA_EMAIL|1
OVERALL_M|RET|RET|THYROID_MEDSCAPE_EMAIL|THYROID_DOXIMITY_ALERT|1
OVERALL_M|RET|RET|THYROID_MEDSCAPE_EMAIL|THYROID_F2F_CALL|1
OVERALL_M|RET|RET|THYROID_MEDSCAPE_EMAIL|THYROID_MEDSCAPE_BRANDSPOT|7
OVERALL_M|RET|RET|THYROID_MEDSCAPE_EMAIL|THYROID_MEDSCAPE_POC|7
OVERALL_M|RET|RET|THYROID_MEDSCAPE_EMAIL|THYROID_VEEVA_EMAIL|1
OVERALL_M|RET|RET|THYROID_MEDSCAPE_POC|LUNG_F2F_CALL|1
OVERALL_M|RET|RET|THYROID_MEDSCAPE_POC|LUNG_HQ_EMAIL|1
OVERALL_M|RET|RET|THYROID_MEDSCAPE_POC|LUNG_MEDSCAPE_BRANDSPOT|14
OVERALL_M|RET|RET|THYROID_MEDSCAPE_POC|OVERALL_F2F_CALL|1
OVERALL_M|RET|RET|THYROID_MEDSCAPE_POC|OVERALL_HQ_EMAIL|1
OVERALL_M|RET|RET|THYROID_MEDSCAPE_POC|OVERALL_MEDSCAPE_ALERT|14
OVERALL_M|RET|RET|THYROID_MEDSCAPE_POC|OVERALL_MEDSCAPE_EMAIL|7
OVERALL_M|RET|RET|THYROID_MEDSCAPE_POC|OVERALL_VEEVA_EMAIL|1
OVERALL_M|RET|RET|THYROID_MEDSCAPE_POC|THYROID_MEDSCAPE_EMAIL|7
OVERALL_M|RET|RET|THYROID_MEDSCAPE_POC|THYROID_MEDSCAPE_POC|14
OVERALL_M|RET|RET|THYROID_MEDSCAPE_POC|THYROID_VEEVA_EMAIL|1
OVERALL_M|RET|RET|THYROID_VEEVA_EMAIL|LUNG_F2F_CALL|14
OVERALL_M|RET|RET|THYROID_VEEVA_EMAIL|LUNG_VEEVA_EMAIL|14
OVERALL_M|RET|RET|THYROID_VEEVA_EMAIL|OVERALL_DOXIMITY_ALERT|1
OVERALL_M|RET|RET|THYROID_VEEVA_EMAIL|OVERALL_F2F_CALL|14
OVERALL_M|RET|RET|THYROID_VEEVA_EMAIL|OVERALL_HQ_EMAIL|1
OVERALL_M|RET|RET|THYROID_VEEVA_EMAIL|OVERALL_MEDSCAPE_ALERT|1
OVERALL_M|RET|RET|THYROID_VEEVA_EMAIL|OVERALL_P2P|1
OVERALL_M|RET|RET|THYROID_VEEVA_EMAIL|OVERALL_VEEVA_EMAIL|14
OVERALL_M|RET|RET|THYROID_VEEVA_EMAIL|THYROID_MEDSCAPE_BRANDSPOT|1
OVERALL_M|RET|RET|THYROID_VEEVA_EMAIL|THYROID_MEDSCAPE_POC|1
THYROID_C|RET|RET|LUNG_DOXIMITY_ALERT|LUNG_F2F_CALL|1
THYROID_C|RET|RET|LUNG_DOXIMITY_ALERT|LUNG_MEDSCAPE_EMAIL|1
THYROID_C|RET|RET|LUNG_DOXIMITY_ALERT|LUNG_MEDSCAPE_POC|1
THYROID_C|RET|RET|LUNG_DOXIMITY_ALERT|OVERALL_HQ_EMAIL|1
THYROID_C|RET|RET|LUNG_DOXIMITY_ALERT|OVERALL_MEDSCAPE_ALERT|1
THYROID_C|RET|RET|LUNG_DOXIMITY_ALERT|OVERALL_MEDSCAPE_BRANDSPOT|1
THYROID_C|RET|RET|LUNG_DOXIMITY_ALERT|OVERALL_MEDSCAPE_POC|1
THYROID_C|RET|RET|LUNG_DOXIMITY_ALERT|OVERALL_VEEVA_EMAIL|1
THYROID_C|RET|RET|LUNG_DOXIMITY_ALERT|THYROID_F2F_CALL|1
THYROID_C|RET|RET|LUNG_DOXIMITY_ALERT|THYROID_HQ_EMAIL|1
THYROID_C|RET|RET|LUNG_DOXIMITY_ALERT|THYROID_MEDSCAPE_EMAIL|1
THYROID_C|RET|RET|LUNG_DOXIMITY_ALERT|THYROID_MEDSCAPE_POC|1
THYROID_C|RET|RET|LUNG_F2F_CALL|LUNG_DOXIMITY_ALERT|1
THYROID_C|RET|RET|LUNG_F2F_CALL|LUNG_HQ_EMAIL|1
THYROID_C|RET|RET|LUNG_F2F_CALL|LUNG_MEDSCAPE_BRANDSPOT|1
THYROID_C|RET|RET|LUNG_F2F_CALL|LUNG_MEDSCAPE_POC|1
THYROID_C|RET|RET|LUNG_F2F_CALL|OVERALL_HQ_EMAIL|1
THYROID_C|RET|RET|LUNG_F2F_CALL|OVERALL_MEDSCAPE_ALERT|1
THYROID_C|RET|RET|LUNG_F2F_CALL|OVERALL_MEDSCAPE_BRANDSPOT|1
THYROID_C|RET|RET|LUNG_F2F_CALL|OVERALL_MEDSCAPE_EMAIL|1
THYROID_C|RET|RET|LUNG_F2F_CALL|OVERALL_MEDSCAPE_POC|1
THYROID_C|RET|RET|LUNG_F2F_CALL|THYROID_DOXIMITY_ALERT|1
THYROID_C|RET|RET|LUNG_F2F_CALL|THYROID_F2F_CALL|21
THYROID_C|RET|RET|LUNG_F2F_CALL|THYROID_MEDSCAPE_ALERT|1
THYROID_C|RET|RET|LUNG_F2F_CALL|THYROID_MEDSCAPE_BRANDSPOT|1
THYROID_C|RET|RET|LUNG_F2F_CALL|THYROID_MEDSCAPE_EMAIL|1
THYROID_C|RET|RET|LUNG_F2F_CALL|THYROID_VEEVA_EMAIL|14
THYROID_C|RET|RET|LUNG_HQ_EMAIL|LUNG_F2F_CALL|1
THYROID_C|RET|RET|LUNG_HQ_EMAIL|LUNG_HQ_EMAIL|7
THYROID_C|RET|RET|LUNG_HQ_EMAIL|LUNG_MEDSCAPE_ALERT|1
THYROID_C|RET|RET|LUNG_HQ_EMAIL|LUNG_MEDSCAPE_BRANDSPOT|1
THYROID_C|RET|RET|LUNG_HQ_EMAIL|LUNG_VEEVA_EMAIL|1
THYROID_C|RET|RET|LUNG_HQ_EMAIL|OVERALL_DOXIMITY_ALERT|1
THYROID_C|RET|RET|LUNG_HQ_EMAIL|OVERALL_MEDSCAPE_ALERT|1
THYROID_C|RET|RET|LUNG_HQ_EMAIL|OVERALL_VEEVA_EMAIL|1
THYROID_C|RET|RET|LUNG_HQ_EMAIL|THYROID_MEDSCAPE_ALERT|1
THYROID_C|RET|RET|LUNG_HQ_EMAIL|THYROID_MEDSCAPE_BRANDSPOT|1
THYROID_C|RET|RET|LUNG_HQ_EMAIL|THYROID_MEDSCAPE_EMAIL|1
THYROID_C|RET|RET|LUNG_MEDSCAPE_ALERT|LUNG_F2F_CALL|1
THYROID_C|RET|RET|LUNG_MEDSCAPE_ALERT|LUNG_MEDSCAPE_ALERT|28
THYROID_C|RET|RET|LUNG_MEDSCAPE_ALERT|LUNG_MEDSCAPE_POC|1
THYROID_C|RET|RET|LUNG_MEDSCAPE_ALERT|LUNG_VEEVA_EMAIL|1
THYROID_C|RET|RET|LUNG_MEDSCAPE_ALERT|OVERALL_F2F_CALL|1
THYROID_C|RET|RET|LUNG_MEDSCAPE_ALERT|OVERALL_HQ_EMAIL|1
THYROID_C|RET|RET|LUNG_MEDSCAPE_ALERT|OVERALL_MEDSCAPE_ALERT|28
THYROID_C|RET|RET|LUNG_MEDSCAPE_ALERT|OVERALL_MEDSCAPE_BRANDSPOT|14
THYROID_C|RET|RET|LUNG_MEDSCAPE_ALERT|OVERALL_MEDSCAPE_EMAIL|7
THYROID_M|RET|RET|OVERALL_DOXIMITY_ALERT|THYROID_HQ_EMAIL|1
THYROID_M|RET|RET|OVERALL_DOXIMITY_ALERT|THYROID_MEDSCAPE_ALERT|1
THYROID_M|RET|RET|OVERALL_DOXIMITY_ALERT|THYROID_MEDSCAPE_POC|1
THYROID_M|RET|RET|OVERALL_DOXIMITY_ALERT|THYROID_VEEVA_EMAIL|1
THYROID_M|RET|RET|OVERALL_F2F_CALL|LUNG_DOXIMITY_ALERT|1
THYROID_M|RET|RET|OVERALL_F2F_CALL|LUNG_F2F_CALL|21
THYROID_M|RET|RET|OVERALL_F2F_CALL|LUNG_MEDSCAPE_ALERT|1
THYROID_M|RET|RET|OVERALL_F2F_CALL|LUNG_MEDSCAPE_EMAIL|1
THYROID_M|RET|RET|OVERALL_F2F_CALL|LUNG_VEEVA_EMAIL|14
THYROID_M|RET|RET|OVERALL_F2F_CALL|OVERALL_F2F_CALL|21
THYROID_M|RET|RET|OVERALL_F2F_CALL|OVERALL_P2P|1
THYROID_M|RET|RET|OVERALL_F2F_CALL|THYROID_DOXIMITY_ALERT|1
THYROID_M|RET|RET|OVERALL_F2F_CALL|THYROID_MEDSCAPE_BRANDSPOT|1
THYROID_M|RET|RET|OVERALL_F2F_CALL|THYROID_MEDSCAPE_POC|1
THYROID_M|RET|RET|OVERALL_HQ_EMAIL|LUNG_DOXIMITY_ALERT|1
THYROID_M|RET|RET|OVERALL_HQ_EMAIL|LUNG_HQ_EMAIL|7
THYROID_M|RET|RET|OVERALL_HQ_EMAIL|LUNG_MEDSCAPE_ALERT|1
THYROID_M|RET|RET|OVERALL_HQ_EMAIL|LUNG_MEDSCAPE_EMAIL|1
THYROID_M|RET|RET|OVERALL_HQ_EMAIL|OVERALL_F2F_CALL|1
THYROID_M|RET|RET|OVERALL_HQ_EMAIL|OVERALL_HQ_EMAIL|7
THYROID_M|RET|RET|OVERALL_HQ_EMAIL|OVERALL_MEDSCAPE_ALERT|1
THYROID_M|RET|RET|OVERALL_HQ_EMAIL|OVERALL_MEDSCAPE_BRANDSPOT|1
THYROID_M|RET|RET|OVERALL_HQ_EMAIL|OVERALL_MEDSCAPE_EMAIL|1
THYROID_M|RET|RET|OVERALL_HQ_EMAIL|OVERALL_MEDSCAPE_POC|1
THYROID_M|RET|RET|OVERALL_HQ_EMAIL|OVERALL_VEEVA_EMAIL|1
THYROID_M|RET|RET|OVERALL_HQ_EMAIL|THYROID_DOXIMITY_ALERT|1
THYROID_M|RET|RET|OVERALL_HQ_EMAIL|THYROID_HQ_EMAIL|7
THYROID_M|RET|RET|OVERALL_HQ_EMAIL|THYROID_MEDSCAPE_ALERT|1
THYROID_M|RET|RET|OVERALL_HQ_EMAIL|THYROID_MEDSCAPE_POC|1
THYROID_M|RET|RET|OVERALL_HQ_EMAIL|THYROID_VEEVA_EMAIL|1
THYROID_M|RET|RET|OVERALL_MEDSCAPE_ALERT|LUNG_MEDSCAPE_ALERT|28
THYROID_M|RET|RET|OVERALL_MEDSCAPE_ALERT|LUNG_MEDSCAPE_EMAIL|7
THYROID_M|RET|RET|OVERALL_MEDSCAPE_ALERT|LUNG_MEDSCAPE_POC|1
THYROID_M|RET|RET|OVERALL_MEDSCAPE_ALERT|OVERALL_DOXIMITY_ALERT|1
THYROID_M|RET|RET|OVERALL_MEDSCAPE_ALERT|OVERALL_HQ_EMAIL|1
THYROID_M|RET|RET|OVERALL_MEDSCAPE_ALERT|OVERALL_MEDSCAPE_BRANDSPOT|14
THYROID_M|RET|RET|OVERALL_MEDSCAPE_ALERT|OVERALL_MEDSCAPE_POC|14
THYROID_M|RET|RET|OVERALL_MEDSCAPE_ALERT|THYROID_HQ_EMAIL|1
THYROID_M|RET|RET|OVERALL_MEDSCAPE_ALERT|THYROID_MEDSCAPE_ALERT|28
THYROID_M|RET|RET|OVERALL_MEDSCAPE_ALERT|THYROID_MEDSCAPE_EMAIL|7
THYROID_M|RET|RET|OVERALL_MEDSCAPE_BRANDSPOT|LUNG_DOXIMITY_ALERT|1
THYROID_M|RET|RET|OVERALL_MEDSCAPE_BRANDSPOT|LUNG_F2F_CALL|1
THYROID_M|RET|RET|OVERALL_MEDSCAPE_BRANDSPOT|LUNG_MEDSCAPE_POC|14
THYROID_M|RET|RET|OVERALL_MEDSCAPE_BRANDSPOT|OVERALL_DOXIMITY_ALERT|1
THYROID_M|RET|RET|OVERALL_MEDSCAPE_BRANDSPOT|OVERALL_F2F_CALL|1
THYROID_M|RET|RET|OVERALL_MEDSCAPE_BRANDSPOT|OVERALL_HQ_EMAIL|1
THYROID_M|RET|RET|OVERALL_MEDSCAPE_BRANDSPOT|OVERALL_MEDSCAPE_BRANDSPOT|14
THYROID_M|RET|RET|OVERALL_MEDSCAPE_BRANDSPOT|OVERALL_VEEVA_EMAIL|1
THYROID_M|RET|RET|OVERALL_MEDSCAPE_BRANDSPOT|THYROID_DOXIMITY_ALERT|1
THYROID_M|RET|RET|OVERALL_MEDSCAPE_BRANDSPOT|THYROID_HQ_EMAIL|1
THYROID_M|RET|RET|OVERALL_MEDSCAPE_BRANDSPOT|THYROID_MEDSCAPE_ALERT|14
THYROID_M|RET|RET|OVERALL_MEDSCAPE_BRANDSPOT|THYROID_MEDSCAPE_EMAIL|7
THYROID_M|RET|RET|OVERALL_MEDSCAPE_EMAIL|LUNG_F2F_CALL|1
THYROID_M|RET|RET|OVERALL_MEDSCAPE_EMAIL|LUNG_MEDSCAPE_ALERT|7
THYROID_M|RET|RET|OVERALL_MEDSCAPE_EMAIL|LUNG_MEDSCAPE_EMAIL|28
THYROID_M|RET|RET|OVERALL_MEDSCAPE_EMAIL|OVERALL_MEDSCAPE_ALERT|7
THYROID_M|RET|RET|OVERALL_MEDSCAPE_EMAIL|OVERALL_MEDSCAPE_BRANDSPOT|7
THYROID_M|RET|RET|OVERALL_MEDSCAPE_EMAIL|OVERALL_MEDSCAPE_EMAIL|28
THYROID_M|RET|RET|OVERALL_MEDSCAPE_EMAIL|OVERALL_MEDSCAPE_POC|7
THYROID_M|RET|RET|OVERALL_MEDSCAPE_EMAIL|OVERALL_P2P|1
THYROID_M|RET|RET|OVERALL_MEDSCAPE_EMAIL|THYROID_F2F_CALL|1
THYROID_M|RET|RET|OVERALL_MEDSCAPE_EMAIL|THYROID_MEDSCAPE_BRANDSPOT|7
THYROID_M|RET|RET|OVERALL_MEDSCAPE_EMAIL|THYROID_MEDSCAPE_POC|7
THYROID_M|RET|RET|OVERALL_MEDSCAPE_POC|LUNG_F2F_CALL|1
THYROID_M|RET|RET|OVERALL_MEDSCAPE_POC|LUNG_HQ_EMAIL|1
THYROID_M|RET|RET|OVERALL_MEDSCAPE_POC|LUNG_MEDSCAPE_POC|14
THYROID_M|RET|RET|OVERALL_MEDSCAPE_POC|LUNG_VEEVA_EMAIL|1
THYROID_M|RET|RET|OVERALL_MEDSCAPE_POC|OVERALL_DOXIMITY_ALERT|1
THYROID_M|RET|RET|OVERALL_MEDSCAPE_POC|OVERALL_F2F_CALL|1
THYROID_M|RET|RET|OVERALL_MEDSCAPE_POC|OVERALL_P2P|1
THYROID_M|RET|RET|OVERALL_MEDSCAPE_POC|THYROID_DOXIMITY_ALERT|1
THYROID_M|RET|RET|OVERALL_MEDSCAPE_POC|THYROID_F2F_CALL|1
THYROID_M|RET|RET|OVERALL_MEDSCAPE_POC|THYROID_HQ_EMAIL|1
THYROID_M|RET|RET|OVERALL_MEDSCAPE_POC|THYROID_MEDSCAPE_ALERT|14
LOW|US_304528|US_304528|MEDSCAPE_POC|HQ_EMAIL|1
LOW|US_304528|US_304528|MEDSCAPE_POC|MEDSCAPE_ALERT|7
LOW|US_304528|US_304528|MEDSCAPE_POC|NUMEDIS_MDMINUTE|1
LOW|US_304528|US_304528|NUMEDIS_MDMINUTE|DOXIMITY_DOCSPOT|1
LOW|US_304528|US_304528|NUMEDIS_MDMINUTE|EDH_PROFLOW_WDMU|1
LOW|US_304528|US_304528|NUMEDIS_MDMINUTE|HQ_EMAIL|1
LOW|US_304528|US_304528|NUMEDIS_MDMINUTE|MEDSCAPE_ALERT|1
LOW|US_304528|US_304528|NUMEDIS_MDMINUTE|MEDSCAPE_EMAIL|1
LOW|US_304528|US_304528|NUMEDIS_MDMINUTE|MEDSCAPE_POC|1
LOW|US_304528|US_304528|NUMEDIS_MDMINUTE|NUMEDIS_MDMINUTE|7
LOW|US_304528|US_304528|NUMEDIS_MDMINUTE|VEEVA_EMAIL|1
LOW|US_304528|US_304528|P2P|DOXIMITY_ALERT|1
LOW|US_304528|US_304528|P2P|EDH_PROFLOW_RDMU|1
LOW|US_304528|US_304528|P2P|F2F_CALL|1
LOW|US_304528|US_304528|P2P|HQ_EMAIL|1
LOW|US_304528|US_304528|P2P|NUMEDIS_MDMINUTE|1
LOW|US_304528|US_304528|P2P|P2P|1
LOW|US_304528|US_304528|VEEVA_EMAIL|EDH_PROFLOW_EDMU|1
LOW|US_304528|US_304528|VEEVA_EMAIL|EPOCRATES_ALERT|1
LOW|US_304528|US_304528|VEEVA_EMAIL|F2F_CALL|1
LOW|US_304528|US_304528|VEEVA_EMAIL|MEDSCAPE_ALERT|1
LOW|US_304528|US_304528|VEEVA_EMAIL|MEDSCAPE_EMAIL|1
LOW|US_304528|US_304528|VEEVA_EMAIL|MEDSCAPE_POC|1
LOW|US_304528|US_304528|VEEVA_EMAIL|NUMEDIS_MDMINUTE|1
LOW|US_304528|US_304528|VEEVA_EMAIL|P2P|1
LOW|US_304528|US_304528|VEEVA_EMAIL|VEEVA_EMAIL|7
LUNG_C|RET|RET|LUNG_DOXIMITY_ALERT|LUNG_HQ_EMAIL|1
LUNG_C|RET|RET|LUNG_DOXIMITY_ALERT|LUNG_MEDSCAPE_BRANDSPOT|1
LUNG_C|RET|RET|LUNG_DOXIMITY_ALERT|LUNG_MEDSCAPE_EMAIL|1
LUNG_C|RET|RET|LUNG_DOXIMITY_ALERT|LUNG_MEDSCAPE_POC|1
LUNG_C|RET|RET|LUNG_DOXIMITY_ALERT|LUNG_VEEVA_EMAIL|1
LUNG_C|RET|RET|LUNG_DOXIMITY_ALERT|OVERALL_F2F_CALL|1
LUNG_C|RET|RET|LUNG_DOXIMITY_ALERT|OVERALL_HQ_EMAIL|1
LUNG_C|RET|RET|LUNG_DOXIMITY_ALERT|OVERALL_MEDSCAPE_POC|1
LUNG_C|RET|RET|LUNG_DOXIMITY_ALERT|OVERALL_VEEVA_EMAIL|1
LUNG_C|RET|RET|LUNG_DOXIMITY_ALERT|THYROID_F2F_CALL|1
LUNG_C|RET|RET|LUNG_DOXIMITY_ALERT|THYROID_MEDSCAPE_BRANDSPOT|1
LUNG_C|RET|RET|LUNG_DOXIMITY_ALERT|THYROID_MEDSCAPE_EMAIL|1
LUNG_C|RET|RET|LUNG_DOXIMITY_ALERT|THYROID_MEDSCAPE_POC|1
LUNG_C|RET|RET|LUNG_DOXIMITY_ALERT|THYROID_VEEVA_EMAIL|1
LUNG_C|RET|RET|LUNG_F2F_CALL|LUNG_MEDSCAPE_EMAIL|1
LUNG_C|RET|RET|LUNG_F2F_CALL|LUNG_VEEVA_EMAIL|14
LUNG_C|RET|RET|LUNG_F2F_CALL|OVERALL_HQ_EMAIL|1
LUNG_C|RET|RET|LUNG_F2F_CALL|OVERALL_MEDSCAPE_EMAIL|1
LUNG_C|RET|RET|LUNG_F2F_CALL|THYROID_HQ_EMAIL|1
LUNG_C|RET|RET|LUNG_F2F_CALL|THYROID_MEDSCAPE_ALERT|1
LUNG_C|RET|RET|LUNG_F2F_CALL|THYROID_MEDSCAPE_EMAIL|1
LUNG_C|RET|RET|LUNG_F2F_CALL|THYROID_MEDSCAPE_POC|1
LUNG_C|RET|RET|LUNG_F2F_CALL|THYROID_VEEVA_EMAIL|14
LUNG_C|RET|RET|LUNG_HQ_EMAIL|LUNG_DOXIMITY_ALERT|1
LUNG_C|RET|RET|LUNG_HQ_EMAIL|LUNG_F2F_CALL|1
LUNG_C|RET|RET|LUNG_HQ_EMAIL|LUNG_HQ_EMAIL|7
LUNG_C|RET|RET|LUNG_HQ_EMAIL|LUNG_MEDSCAPE_EMAIL|1
LUNG_C|RET|RET|LUNG_HQ_EMAIL|LUNG_MEDSCAPE_POC|1
LUNG_C|RET|RET|LUNG_HQ_EMAIL|LUNG_VEEVA_EMAIL|1
LUNG_C|RET|RET|LUNG_HQ_EMAIL|OVERALL_MEDSCAPE_ALERT|1
LUNG_C|RET|RET|LUNG_HQ_EMAIL|OVERALL_VEEVA_EMAIL|1
LUNG_C|RET|RET|LUNG_HQ_EMAIL|THYROID_DOXIMITY_ALERT|1
LUNG_C|RET|RET|LUNG_HQ_EMAIL|THYROID_HQ_EMAIL|7
LUNG_C|RET|RET|LUNG_HQ_EMAIL|THYROID_MEDSCAPE_BRANDSPOT|1
LUNG_C|RET|RET|LUNG_HQ_EMAIL|THYROID_VEEVA_EMAIL|1
LUNG_C|RET|RET|LUNG_MEDSCAPE_ALERT|LUNG_F2F_CALL|1
LUNG_C|RET|RET|LUNG_MEDSCAPE_ALERT|LUNG_HQ_EMAIL|1
LUNG_C|RET|RET|LUNG_MEDSCAPE_ALERT|LUNG_MEDSCAPE_POC|1
LUNG_C|RET|RET|LUNG_MEDSCAPE_ALERT|OVERALL_F2F_CALL|1
LUNG_C|RET|RET|LUNG_MEDSCAPE_ALERT|OVERALL_HQ_EMAIL|1
LUNG_C|RET|RET|LUNG_MEDSCAPE_ALERT|OVERALL_MEDSCAPE_ALERT|28
LUNG_C|RET|RET|LUNG_MEDSCAPE_ALERT|OVERALL_P2P|1
LUNG_C|RET|RET|LUNG_MEDSCAPE_ALERT|OVERALL_VEEVA_EMAIL|1
LUNG_C|RET|RET|LUNG_MEDSCAPE_ALERT|THYROID_HQ_EMAIL|1
LUNG_C|RET|RET|LUNG_MEDSCAPE_ALERT|THYROID_MEDSCAPE_BRANDSPOT|1
LUNG_C|RET|RET|LUNG_MEDSCAPE_ALERT|THYROID_MEDSCAPE_EMAIL|7
LUNG_C|RET|RET|LUNG_MEDSCAPE_BRANDSPOT|LUNG_DOXIMITY_ALERT|1
LUNG_C|RET|RET|LUNG_MEDSCAPE_BRANDSPOT|LUNG_MEDSCAPE_EMAIL|7
LUNG_C|RET|RET|LUNG_MEDSCAPE_BRANDSPOT|LUNG_VEEVA_EMAIL|1
LUNG_C|RET|RET|LUNG_MEDSCAPE_BRANDSPOT|OVERALL_HQ_EMAIL|1
LUNG_C|RET|RET|LUNG_MEDSCAPE_BRANDSPOT|OVERALL_MEDSCAPE_ALERT|1
LUNG_C|RET|RET|LUNG_MEDSCAPE_BRANDSPOT|OVERALL_MEDSCAPE_EMAIL|7
LUNG_C|RET|RET|LUNG_MEDSCAPE_BRANDSPOT|OVERALL_MEDSCAPE_POC|14
LUNG_C|RET|RET|LUNG_MEDSCAPE_BRANDSPOT|OVERALL_VEEVA_EMAIL|1
LUNG_C|RET|RET|LUNG_MEDSCAPE_BRANDSPOT|THYROID_HQ_EMAIL|1
LUNG_C|RET|RET|LUNG_MEDSCAPE_BRANDSPOT|THYROID_MEDSCAPE_BRANDSPOT|14
LUNG_C|RET|RET|LUNG_MEDSCAPE_BRANDSPOT|THYROID_MEDSCAPE_EMAIL|7
LUNG_C|RET|RET|LUNG_MEDSCAPE_BRANDSPOT|THYROID_MEDSCAPE_POC|14
LUNG_M|RET|RET|THYROID_DOXIMITY_ALERT|THYROID_F2F_CALL|1
LUNG_M|RET|RET|THYROID_DOXIMITY_ALERT|THYROID_MEDSCAPE_EMAIL|1
LUNG_M|RET|RET|THYROID_F2F_CALL|LUNG_DOXIMITY_ALERT|1
LUNG_M|RET|RET|THYROID_F2F_CALL|LUNG_MEDSCAPE_ALERT|1
LUNG_M|RET|RET|THYROID_F2F_CALL|LUNG_MEDSCAPE_BRANDSPOT|1
LUNG_M|RET|RET|THYROID_F2F_CALL|LUNG_MEDSCAPE_EMAIL|1
LUNG_M|RET|RET|THYROID_F2F_CALL|OVERALL_DOXIMITY_ALERT|1
LUNG_M|RET|RET|THYROID_F2F_CALL|OVERALL_F2F_CALL|21
LUNG_M|RET|RET|THYROID_F2F_CALL|OVERALL_MEDSCAPE_ALERT|1
LUNG_M|RET|RET|THYROID_F2F_CALL|OVERALL_MEDSCAPE_EMAIL|1
LUNG_M|RET|RET|THYROID_F2F_CALL|THYROID_DOXIMITY_ALERT|1
LUNG_M|RET|RET|THYROID_F2F_CALL|THYROID_F2F_CALL|21
LUNG_M|RET|RET|THYROID_F2F_CALL|THYROID_HQ_EMAIL|1
LUNG_M|RET|RET|THYROID_F2F_CALL|THYROID_MEDSCAPE_ALERT|1
LUNG_M|RET|RET|THYROID_F2F_CALL|THYROID_MEDSCAPE_BRANDSPOT|1
LUNG_M|RET|RET|THYROID_F2F_CALL|THYROID_MEDSCAPE_POC|1
LUNG_M|RET|RET|THYROID_F2F_CALL|THYROID_VEEVA_EMAIL|14
LUNG_M|RET|RET|THYROID_HQ_EMAIL|LUNG_DOXIMITY_ALERT|1
LUNG_M|RET|RET|THYROID_HQ_EMAIL|LUNG_F2F_CALL|1
LUNG_M|RET|RET|THYROID_HQ_EMAIL|LUNG_HQ_EMAIL|7
LUNG_M|RET|RET|THYROID_HQ_EMAIL|OVERALL_DOXIMITY_ALERT|1
LUNG_M|RET|RET|THYROID_HQ_EMAIL|OVERALL_F2F_CALL|1
LUNG_M|RET|RET|THYROID_HQ_EMAIL|OVERALL_MEDSCAPE_BRANDSPOT|1
LUNG_M|RET|RET|THYROID_HQ_EMAIL|OVERALL_VEEVA_EMAIL|1
LUNG_M|RET|RET|THYROID_HQ_EMAIL|THYROID_DOXIMITY_ALERT|1
LUNG_M|RET|RET|THYROID_HQ_EMAIL|THYROID_MEDSCAPE_BRANDSPOT|1
LUNG_M|RET|RET|THYROID_HQ_EMAIL|THYROID_MEDSCAPE_EMAIL|1
LUNG_M|RET|RET|THYROID_HQ_EMAIL|THYROID_MEDSCAPE_POC|1
LUNG_M|RET|RET|THYROID_MEDSCAPE_ALERT|LUNG_F2F_CALL|1
LUNG_M|RET|RET|THYROID_MEDSCAPE_ALERT|LUNG_HQ_EMAIL|1
LUNG_M|RET|RET|THYROID_MEDSCAPE_ALERT|LUNG_MEDSCAPE_EMAIL|7
LUNG_M|RET|RET|THYROID_MEDSCAPE_ALERT|LUNG_VEEVA_EMAIL|1
LUNG_M|RET|RET|THYROID_MEDSCAPE_ALERT|OVERALL_F2F_CALL|1
LUNG_M|RET|RET|THYROID_MEDSCAPE_ALERT|OVERALL_HQ_EMAIL|1
LUNG_M|RET|RET|THYROID_MEDSCAPE_ALERT|OVERALL_MEDSCAPE_BRANDSPOT|14
LUNG_M|RET|RET|THYROID_MEDSCAPE_ALERT|OVERALL_MEDSCAPE_EMAIL|7
LUNG_M|RET|RET|THYROID_MEDSCAPE_ALERT|OVERALL_MEDSCAPE_POC|14
LUNG_M|RET|RET|THYROID_MEDSCAPE_ALERT|OVERALL_P2P|1
LUNG_M|RET|RET|THYROID_MEDSCAPE_ALERT|OVERALL_VEEVA_EMAIL|1
LUNG_M|RET|RET|THYROID_MEDSCAPE_ALERT|THYROID_HQ_EMAIL|1
LUNG_M|RET|RET|THYROID_MEDSCAPE_ALERT|THYROID_MEDSCAPE_ALERT|28
LUNG_M|RET|RET|THYROID_MEDSCAPE_ALERT|THYROID_MEDSCAPE_BRANDSPOT|14
LUNG_M|RET|RET|THYROID_MEDSCAPE_ALERT|THYROID_MEDSCAPE_EMAIL|7
LUNG_M|RET|RET|THYROID_MEDSCAPE_ALERT|THYROID_VEEVA_EMAIL|1
LUNG_M|RET|RET|THYROID_MEDSCAPE_BRANDSPOT|LUNG_F2F_CALL|1
LUNG_M|RET|RET|THYROID_MEDSCAPE_BRANDSPOT|LUNG_HQ_EMAIL|1
LUNG_M|RET|RET|THYROID_MEDSCAPE_BRANDSPOT|LUNG_MEDSCAPE_ALERT|14
LUNG_M|RET|RET|THYROID_MEDSCAPE_BRANDSPOT|LUNG_MEDSCAPE_POC|14
LUNG_M|RET|RET|THYROID_MEDSCAPE_BRANDSPOT|OVERALL_HQ_EMAIL|1
LUNG_M|RET|RET|THYROID_MEDSCAPE_BRANDSPOT|OVERALL_MEDSCAPE_POC|14
LUNG_M|RET|RET|THYROID_MEDSCAPE_BRANDSPOT|OVERALL_VEEVA_EMAIL|1
LUNG_M|RET|RET|THYROID_MEDSCAPE_BRANDSPOT|THYROID_HQ_EMAIL|1
LUNG_M|RET|RET|THYROID_MEDSCAPE_BRANDSPOT|THYROID_MEDSCAPE_EMAIL|7
LUNG_M|RET|RET|THYROID_MEDSCAPE_EMAIL|LUNG_DOXIMITY_ALERT|1
LUNG_M|RET|RET|THYROID_MEDSCAPE_EMAIL|LUNG_MEDSCAPE_ALERT|7
LUNG_M|RET|RET|THYROID_MEDSCAPE_EMAIL|LUNG_MEDSCAPE_BRANDSPOT|7
LUNG_M|RET|RET|THYROID_MEDSCAPE_EMAIL|OVERALL_F2F_CALL|1
LUNG_M|RET|RET|THYROID_MEDSCAPE_EMAIL|OVERALL_HQ_EMAIL|1
LUNG_M|RET|RET|THYROID_MEDSCAPE_EMAIL|OVERALL_MEDSCAPE_ALERT|7
LUNG_M|RET|RET|THYROID_MEDSCAPE_EMAIL|OVERALL_MEDSCAPE_BRANDSPOT|7
LUNG_M|RET|RET|THYROID_MEDSCAPE_EMAIL|THYROID_F2F_CALL|1
LUNG_M|RET|RET|THYROID_MEDSCAPE_EMAIL|THYROID_MEDSCAPE_ALERT|7
LUNG_M|RET|RET|THYROID_MEDSCAPE_EMAIL|THYROID_MEDSCAPE_EMAIL|14
LUNG_M|RET|RET|THYROID_MEDSCAPE_POC|LUNG_DOXIMITY_ALERT|1
LUNG_M|RET|RET|THYROID_MEDSCAPE_POC|LUNG_MEDSCAPE_ALERT|14
LUNG_M|RET|RET|THYROID_MEDSCAPE_POC|LUNG_VEEVA_EMAIL|1
LUNG_M|RET|RET|THYROID_MEDSCAPE_POC|OVERALL_DOXIMITY_ALERT|1
LUNG_M|RET|RET|THYROID_MEDSCAPE_POC|OVERALL_HQ_EMAIL|1
LUNG_M|RET|RET|THYROID_MEDSCAPE_POC|OVERALL_MEDSCAPE_ALERT|14
LUNG_M|RET|RET|THYROID_MEDSCAPE_POC|OVERALL_MEDSCAPE_EMAIL|7
LUNG_M|RET|RET|THYROID_MEDSCAPE_POC|OVERALL_MEDSCAPE_POC|14
LUNG_M|RET|RET|THYROID_MEDSCAPE_POC|THYROID_DOXIMITY_ALERT|1
LUNG_M|RET|RET|THYROID_MEDSCAPE_POC|THYROID_F2F_CALL|1
LUNG_M|RET|RET|THYROID_VEEVA_EMAIL|LUNG_DOXIMITY_ALERT|1
LUNG_M|RET|RET|THYROID_VEEVA_EMAIL|LUNG_MEDSCAPE_BRANDSPOT|1
LUNG_M|RET|RET|THYROID_VEEVA_EMAIL|OVERALL_F2F_CALL|14
LUNG_M|RET|RET|THYROID_VEEVA_EMAIL|OVERALL_HQ_EMAIL|1
LUNG_H|RET|RET|LUNG_VEEVA_EMAIL|LUNG_F2F_CALL|14
LUNG_H|RET|RET|LUNG_VEEVA_EMAIL|LUNG_MEDSCAPE_EMAIL|1
LUNG_H|RET|RET|LUNG_VEEVA_EMAIL|OVERALL_F2F_CALL|14
LUNG_H|RET|RET|LUNG_VEEVA_EMAIL|OVERALL_HQ_EMAIL|1
LUNG_H|RET|RET|LUNG_VEEVA_EMAIL|OVERALL_MEDSCAPE_ALERT|1
LUNG_H|RET|RET|LUNG_VEEVA_EMAIL|OVERALL_MEDSCAPE_EMAIL|1
LUNG_H|RET|RET|LUNG_VEEVA_EMAIL|OVERALL_VEEVA_EMAIL|14
LUNG_H|RET|RET|LUNG_VEEVA_EMAIL|THYROID_DOXIMITY_ALERT|1
LUNG_H|RET|RET|LUNG_VEEVA_EMAIL|THYROID_MEDSCAPE_ALERT|1
LUNG_H|RET|RET|LUNG_VEEVA_EMAIL|THYROID_MEDSCAPE_BRANDSPOT|1
LUNG_H|RET|RET|LUNG_VEEVA_EMAIL|THYROID_MEDSCAPE_POC|1
LUNG_H|RET|RET|LUNG_VEEVA_EMAIL|THYROID_VEEVA_EMAIL|14
LUNG_H|RET|RET|OVERALL_DOXIMITY_ALERT|LUNG_MEDSCAPE_ALERT|1
LUNG_H|RET|RET|OVERALL_DOXIMITY_ALERT|LUNG_VEEVA_EMAIL|1
LUNG_H|RET|RET|OVERALL_DOXIMITY_ALERT|OVERALL_HQ_EMAIL|1
LUNG_H|RET|RET|OVERALL_DOXIMITY_ALERT|OVERALL_MEDSCAPE_ALERT|1
LUNG_H|RET|RET|OVERALL_DOXIMITY_ALERT|OVERALL_MEDSCAPE_BRANDSPOT|1
LUNG_H|RET|RET|OVERALL_DOXIMITY_ALERT|OVERALL_MEDSCAPE_POC|1
LUNG_H|RET|RET|OVERALL_DOXIMITY_ALERT|OVERALL_P2P|1
LUNG_H|RET|RET|OVERALL_DOXIMITY_ALERT|THYROID_MEDSCAPE_ALERT|1
LUNG_H|RET|RET|OVERALL_DOXIMITY_ALERT|THYROID_MEDSCAPE_POC|1
LUNG_H|RET|RET|OVERALL_F2F_CALL|LUNG_DOXIMITY_ALERT|1
LUNG_H|RET|RET|OVERALL_F2F_CALL|LUNG_F2F_CALL|21
LUNG_H|RET|RET|OVERALL_F2F_CALL|LUNG_MEDSCAPE_EMAIL|1
LUNG_H|RET|RET|OVERALL_F2F_CALL|OVERALL_DOXIMITY_ALERT|1
LUNG_H|RET|RET|OVERALL_F2F_CALL|OVERALL_F2F_CALL|21
LUNG_H|RET|RET|OVERALL_F2F_CALL|OVERALL_HQ_EMAIL|1
LUNG_H|RET|RET|OVERALL_F2F_CALL|OVERALL_MEDSCAPE_BRANDSPOT|1
LUNG_H|RET|RET|OVERALL_F2F_CALL|OVERALL_MEDSCAPE_POC|1
LUNG_H|RET|RET|OVERALL_F2F_CALL|OVERALL_VEEVA_EMAIL|14
LUNG_H|RET|RET|OVERALL_F2F_CALL|THYROID_HQ_EMAIL|1
LUNG_H|RET|RET|OVERALL_HQ_EMAIL|LUNG_F2F_CALL|1
LUNG_H|RET|RET|OVERALL_HQ_EMAIL|LUNG_MEDSCAPE_BRANDSPOT|1
LUNG_H|RET|RET|OVERALL_HQ_EMAIL|LUNG_VEEVA_EMAIL|1
LUNG_H|RET|RET|OVERALL_HQ_EMAIL|OVERALL_HQ_EMAIL|7
LUNG_H|RET|RET|OVERALL_HQ_EMAIL|OVERALL_MEDSCAPE_EMAIL|1
LUNG_H|RET|RET|OVERALL_HQ_EMAIL|OVERALL_VEEVA_EMAIL|1
LUNG_H|RET|RET|OVERALL_HQ_EMAIL|THYROID_F2F_CALL|1
LUNG_H|RET|RET|OVERALL_HQ_EMAIL|THYROID_MEDSCAPE_BRANDSPOT|1
LUNG_H|RET|RET|OVERALL_HQ_EMAIL|THYROID_VEEVA_EMAIL|1
LUNG_H|RET|RET|OVERALL_MEDSCAPE_ALERT|LUNG_MEDSCAPE_ALERT|28
LUNG_H|RET|RET|OVERALL_MEDSCAPE_ALERT|LUNG_MEDSCAPE_BRANDSPOT|14
LUNG_H|RET|RET|OVERALL_MEDSCAPE_ALERT|LUNG_VEEVA_EMAIL|1
LUNG_H|RET|RET|OVERALL_MEDSCAPE_ALERT|OVERALL_HQ_EMAIL|1
LUNG_H|RET|RET|OVERALL_MEDSCAPE_ALERT|OVERALL_MEDSCAPE_ALERT|28
LUNG_H|RET|RET|OVERALL_MEDSCAPE_ALERT|OVERALL_MEDSCAPE_BRANDSPOT|14
LUNG_H|RET|RET|OVERALL_MEDSCAPE_ALERT|OVERALL_MEDSCAPE_POC|14
LUNG_H|RET|RET|OVERALL_MEDSCAPE_ALERT|THYROID_F2F_CALL|1
LUNG_H|RET|RET|OVERALL_MEDSCAPE_ALERT|THYROID_MEDSCAPE_BRANDSPOT|14
LUNG_H|RET|RET|OVERALL_MEDSCAPE_ALERT|THYROID_MEDSCAPE_EMAIL|7
LUNG_H|RET|RET|OVERALL_MEDSCAPE_ALERT|THYROID_MEDSCAPE_POC|14
LUNG_H|RET|RET|OVERALL_MEDSCAPE_BRANDSPOT|LUNG_DOXIMITY_ALERT|1
LUNG_H|RET|RET|OVERALL_MEDSCAPE_BRANDSPOT|LUNG_F2F_CALL|1
LUNG_H|RET|RET|OVERALL_MEDSCAPE_BRANDSPOT|LUNG_MEDSCAPE_EMAIL|7
LUNG_H|RET|RET|OVERALL_MEDSCAPE_BRANDSPOT|OVERALL_DOXIMITY_ALERT|1
LUNG_H|RET|RET|OVERALL_MEDSCAPE_BRANDSPOT|OVERALL_HQ_EMAIL|1
LUNG_H|RET|RET|OVERALL_MEDSCAPE_BRANDSPOT|OVERALL_MEDSCAPE_POC|14
LUNG_H|RET|RET|OVERALL_MEDSCAPE_BRANDSPOT|OVERALL_P2P|1
LUNG_H|RET|RET|OVERALL_MEDSCAPE_BRANDSPOT|THYROID_F2F_CALL|1
LUNG_H|RET|RET|OVERALL_MEDSCAPE_BRANDSPOT|THYROID_HQ_EMAIL|1
LUNG_H|RET|RET|OVERALL_MEDSCAPE_BRANDSPOT|THYROID_MEDSCAPE_ALERT|14
LUNG_H|RET|RET|OVERALL_MEDSCAPE_BRANDSPOT|THYROID_MEDSCAPE_POC|14
LUNG_H|RET|RET|OVERALL_MEDSCAPE_BRANDSPOT|THYROID_VEEVA_EMAIL|1
LUNG_H|RET|RET|OVERALL_MEDSCAPE_EMAIL|LUNG_DOXIMITY_ALERT|1
LUNG_H|RET|RET|OVERALL_MEDSCAPE_EMAIL|LUNG_F2F_CALL|1
LUNG_H|RET|RET|OVERALL_MEDSCAPE_EMAIL|LUNG_MEDSCAPE_BRANDSPOT|7
LUNG_H|RET|RET|OVERALL_MEDSCAPE_EMAIL|LUNG_MEDSCAPE_POC|1
LUNG_H|RET|RET|OVERALL_MEDSCAPE_EMAIL|OVERALL_F2F_CALL|1
LUNG_H|RET|RET|OVERALL_MEDSCAPE_EMAIL|OVERALL_MEDSCAPE_ALERT|7
LUNG_H|RET|RET|OVERALL_MEDSCAPE_EMAIL|OVERALL_MEDSCAPE_BRANDSPOT|7
LUNG_H|RET|RET|OVERALL_MEDSCAPE_EMAIL|OVERALL_MEDSCAPE_EMAIL|14
LUNG_H|RET|RET|OVERALL_MEDSCAPE_EMAIL|THYROID_F2F_CALL|1
LUNG_H|RET|RET|OVERALL_MEDSCAPE_EMAIL|THYROID_HQ_EMAIL|1
LUNG_H|RET|RET|OVERALL_MEDSCAPE_EMAIL|THYROID_MEDSCAPE_ALERT|7
LUNG_H|RET|RET|OVERALL_MEDSCAPE_EMAIL|THYROID_MEDSCAPE_POC|7
LUNG_H|RET|RET|OVERALL_MEDSCAPE_POC|LUNG_HQ_EMAIL|1
LUNG_H|RET|RET|OVERALL_MEDSCAPE_POC|LUNG_MEDSCAPE_BRANDSPOT|14
OVERALL_H|RET|RET|OVERALL_MEDSCAPE_BRANDSPOT|LUNG_MEDSCAPE_ALERT|14
OVERALL_H|RET|RET|OVERALL_MEDSCAPE_BRANDSPOT|LUNG_MEDSCAPE_EMAIL|7
OVERALL_H|RET|RET|OVERALL_MEDSCAPE_BRANDSPOT|LUNG_VEEVA_EMAIL|1
OVERALL_H|RET|RET|OVERALL_MEDSCAPE_BRANDSPOT|OVERALL_DOXIMITY_ALERT|1
OVERALL_H|RET|RET|OVERALL_MEDSCAPE_BRANDSPOT|OVERALL_F2F_CALL|1
OVERALL_H|RET|RET|OVERALL_MEDSCAPE_BRANDSPOT|OVERALL_HQ_EMAIL|1
OVERALL_H|RET|RET|OVERALL_MEDSCAPE_BRANDSPOT|OVERALL_P2P|1
OVERALL_H|RET|RET|OVERALL_MEDSCAPE_BRANDSPOT|THYROID_HQ_EMAIL|1
OVERALL_H|RET|RET|OVERALL_MEDSCAPE_BRANDSPOT|THYROID_MEDSCAPE_BRANDSPOT|14
OVERALL_H|RET|RET|OVERALL_MEDSCAPE_BRANDSPOT|THYROID_VEEVA_EMAIL|1
OVERALL_H|RET|RET|OVERALL_MEDSCAPE_EMAIL|LUNG_DOXIMITY_ALERT|1
OVERALL_H|RET|RET|OVERALL_MEDSCAPE_EMAIL|LUNG_F2F_CALL|1
OVERALL_H|RET|RET|OVERALL_MEDSCAPE_EMAIL|LUNG_HQ_EMAIL|1
OVERALL_H|RET|RET|OVERALL_MEDSCAPE_EMAIL|LUNG_MEDSCAPE_BRANDSPOT|7
OVERALL_H|RET|RET|OVERALL_MEDSCAPE_EMAIL|LUNG_MEDSCAPE_EMAIL|28
OVERALL_H|RET|RET|OVERALL_MEDSCAPE_EMAIL|OVERALL_DOXIMITY_ALERT|1
OVERALL_H|RET|RET|OVERALL_MEDSCAPE_EMAIL|OVERALL_F2F_CALL|1
OVERALL_H|RET|RET|OVERALL_MEDSCAPE_EMAIL|OVERALL_HQ_EMAIL|1
OVERALL_H|RET|RET|OVERALL_MEDSCAPE_EMAIL|OVERALL_P2P|1
OVERALL_H|RET|RET|OVERALL_MEDSCAPE_EMAIL|THYROID_DOXIMITY_ALERT|1
OVERALL_H|RET|RET|OVERALL_MEDSCAPE_EMAIL|THYROID_MEDSCAPE_EMAIL|28
OVERALL_H|RET|RET|OVERALL_MEDSCAPE_EMAIL|THYROID_MEDSCAPE_POC|7
OVERALL_H|RET|RET|OVERALL_MEDSCAPE_EMAIL|THYROID_VEEVA_EMAIL|1
OVERALL_H|RET|RET|OVERALL_MEDSCAPE_POC|LUNG_DOXIMITY_ALERT|1
OVERALL_H|RET|RET|OVERALL_MEDSCAPE_POC|LUNG_MEDSCAPE_BRANDSPOT|14
OVERALL_H|RET|RET|OVERALL_MEDSCAPE_POC|LUNG_MEDSCAPE_EMAIL|7
OVERALL_H|RET|RET|OVERALL_MEDSCAPE_POC|LUNG_MEDSCAPE_POC|14
OVERALL_H|RET|RET|OVERALL_MEDSCAPE_POC|LUNG_VEEVA_EMAIL|1
OVERALL_H|RET|RET|OVERALL_MEDSCAPE_POC|OVERALL_DOXIMITY_ALERT|1
OVERALL_H|RET|RET|OVERALL_MEDSCAPE_POC|OVERALL_F2F_CALL|1
OVERALL_H|RET|RET|OVERALL_MEDSCAPE_POC|OVERALL_HQ_EMAIL|1
OVERALL_H|RET|RET|OVERALL_MEDSCAPE_POC|OVERALL_MEDSCAPE_ALERT|14
OVERALL_H|RET|RET|OVERALL_MEDSCAPE_POC|OVERALL_MEDSCAPE_POC|14
OVERALL_H|RET|RET|OVERALL_MEDSCAPE_POC|OVERALL_P2P|1
OVERALL_H|RET|RET|OVERALL_MEDSCAPE_POC|OVERALL_VEEVA_EMAIL|1
OVERALL_H|RET|RET|OVERALL_MEDSCAPE_POC|THYROID_F2F_CALL|1
OVERALL_H|RET|RET|OVERALL_MEDSCAPE_POC|THYROID_HQ_EMAIL|1
OVERALL_H|RET|RET|OVERALL_MEDSCAPE_POC|THYROID_MEDSCAPE_POC|14
OVERALL_H|RET|RET|OVERALL_MEDSCAPE_POC|THYROID_VEEVA_EMAIL|1
OVERALL_H|RET|RET|OVERALL_P2P|LUNG_F2F_CALL|1
OVERALL_H|RET|RET|OVERALL_P2P|LUNG_HQ_EMAIL|1
OVERALL_H|RET|RET|OVERALL_P2P|LUNG_MEDSCAPE_ALERT|1
OVERALL_H|RET|RET|OVERALL_P2P|LUNG_MEDSCAPE_BRANDSPOT|1
OVERALL_H|RET|RET|OVERALL_P2P|LUNG_MEDSCAPE_EMAIL|1
OVERALL_H|RET|RET|OVERALL_P2P|LUNG_MEDSCAPE_POC|1
OVERALL_H|RET|RET|OVERALL_P2P|LUNG_VEEVA_EMAIL|1
OVERALL_H|RET|RET|OVERALL_P2P|OVERALL_DOXIMITY_ALERT|1
OVERALL_H|RET|RET|OVERALL_P2P|OVERALL_MEDSCAPE_ALERT|1
OVERALL_H|RET|RET|OVERALL_P2P|OVERALL_MEDSCAPE_BRANDSPOT|1
OVERALL_H|RET|RET|OVERALL_P2P|OVERALL_MEDSCAPE_EMAIL|1
OVERALL_H|RET|RET|OVERALL_P2P|OVERALL_VEEVA_EMAIL|1
OVERALL_H|RET|RET|OVERALL_P2P|THYROID_DOXIMITY_ALERT|1
OVERALL_H|RET|RET|OVERALL_P2P|THYROID_F2F_CALL|1
OVERALL_H|RET|RET|OVERALL_P2P|THYROID_HQ_EMAIL|1
OVERALL_H|RET|RET|OVERALL_P2P|THYROID_VEEVA_EMAIL|1
OVERALL_H|RET|RET|OVERALL_VEEVA_EMAIL|LUNG_MEDSCAPE_ALERT|1
OVERALL_H|RET|RET|OVERALL_VEEVA_EMAIL|LUNG_MEDSCAPE_EMAIL|1
OVERALL_H|RET|RET|OVERALL_VEEVA_EMAIL|LUNG_MEDSCAPE_POC|1
OVERALL_H|RET|RET|OVERALL_VEEVA_EMAIL|LUNG_VEEVA_EMAIL|14
OVERALL_H|RET|RET|OVERALL_VEEVA_EMAIL|OVERALL_F2F_CALL|14
OVERALL_H|RET|RET|OVERALL_VEEVA_EMAIL|OVERALL_HQ_EMAIL|1
OVERALL_H|RET|RET|OVERALL_VEEVA_EMAIL|OVERALL_MEDSCAPE_EMAIL|1
OVERALL_H|RET|RET|OVERALL_VEEVA_EMAIL|OVERALL_MEDSCAPE_POC|1
OVERALL_H|RET|RET|OVERALL_VEEVA_EMAIL|OVERALL_P2P|1
OVERALL_H|RET|RET|OVERALL_VEEVA_EMAIL|THYROID_F2F_CALL|14
OVERALL_H|RET|RET|OVERALL_VEEVA_EMAIL|THYROID_MEDSCAPE_POC|1
OVERALL_H|RET|RET|OVERALL_VEEVA_EMAIL|THYROID_VEEVA_EMAIL|14
OVERALL_H|RET|RET|THYROID_DOXIMITY_ALERT|LUNG_DOXIMITY_ALERT|28
OVERALL_H|RET|RET|THYROID_DOXIMITY_ALERT|LUNG_MEDSCAPE_ALERT|1
OVERALL_H|RET|RET|THYROID_DOXIMITY_ALERT|LUNG_MEDSCAPE_EMAIL|1
OVERALL_H|RET|RET|THYROID_DOXIMITY_ALERT|LUNG_VEEVA_EMAIL|1
OVERALL_H|RET|RET|THYROID_DOXIMITY_ALERT|OVERALL_DOXIMITY_ALERT|28
OVERALL_H|RET|RET|THYROID_DOXIMITY_ALERT|OVERALL_F2F_CALL|1
OVERALL_H|RET|RET|THYROID_DOXIMITY_ALERT|OVERALL_MEDSCAPE_POC|1
OVERALL_H|RET|RET|THYROID_DOXIMITY_ALERT|OVERALL_P2P|1
OVERALL_H|RET|RET|THYROID_DOXIMITY_ALERT|OVERALL_VEEVA_EMAIL|1
OVERALL_M|RET|RET|LUNG_MEDSCAPE_BRANDSPOT|LUNG_MEDSCAPE_ALERT|1
OVERALL_M|RET|RET|LUNG_MEDSCAPE_BRANDSPOT|LUNG_MEDSCAPE_BRANDSPOT|14
OVERALL_M|RET|RET|LUNG_MEDSCAPE_BRANDSPOT|LUNG_MEDSCAPE_EMAIL|7
OVERALL_M|RET|RET|LUNG_MEDSCAPE_BRANDSPOT|LUNG_MEDSCAPE_POC|14
OVERALL_M|RET|RET|LUNG_MEDSCAPE_BRANDSPOT|OVERALL_F2F_CALL|1
OVERALL_M|RET|RET|LUNG_MEDSCAPE_BRANDSPOT|OVERALL_HQ_EMAIL|1
OVERALL_M|RET|RET|LUNG_MEDSCAPE_BRANDSPOT|OVERALL_P2P|1
OVERALL_M|RET|RET|LUNG_MEDSCAPE_BRANDSPOT|THYROID_DOXIMITY_ALERT|1
OVERALL_M|RET|RET|LUNG_MEDSCAPE_BRANDSPOT|THYROID_F2F_CALL|1
OVERALL_M|RET|RET|LUNG_MEDSCAPE_BRANDSPOT|THYROID_HQ_EMAIL|1
OVERALL_M|RET|RET|LUNG_MEDSCAPE_BRANDSPOT|THYROID_MEDSCAPE_BRANDSPOT|14
OVERALL_M|RET|RET|LUNG_MEDSCAPE_BRANDSPOT|THYROID_MEDSCAPE_EMAIL|7
OVERALL_M|RET|RET|LUNG_MEDSCAPE_BRANDSPOT|THYROID_VEEVA_EMAIL|1
OVERALL_M|RET|RET|LUNG_MEDSCAPE_EMAIL|LUNG_DOXIMITY_ALERT|1
OVERALL_M|RET|RET|LUNG_MEDSCAPE_EMAIL|LUNG_F2F_CALL|1
OVERALL_M|RET|RET|LUNG_MEDSCAPE_EMAIL|LUNG_HQ_EMAIL|1
OVERALL_M|RET|RET|LUNG_MEDSCAPE_EMAIL|LUNG_MEDSCAPE_BRANDSPOT|7
OVERALL_M|RET|RET|LUNG_MEDSCAPE_EMAIL|LUNG_MEDSCAPE_POC|1
OVERALL_M|RET|RET|LUNG_MEDSCAPE_EMAIL|LUNG_VEEVA_EMAIL|1
OVERALL_M|RET|RET|LUNG_MEDSCAPE_EMAIL|OVERALL_F2F_CALL|1
OVERALL_M|RET|RET|LUNG_MEDSCAPE_EMAIL|OVERALL_MEDSCAPE_ALERT|7
OVERALL_M|RET|RET|LUNG_MEDSCAPE_EMAIL|OVERALL_MEDSCAPE_BRANDSPOT|7
OVERALL_M|RET|RET|LUNG_MEDSCAPE_EMAIL|OVERALL_MEDSCAPE_EMAIL|28
OVERALL_M|RET|RET|LUNG_MEDSCAPE_EMAIL|OVERALL_MEDSCAPE_POC|7
OVERALL_M|RET|RET|LUNG_MEDSCAPE_EMAIL|OVERALL_VEEVA_EMAIL|1
OVERALL_M|RET|RET|LUNG_MEDSCAPE_EMAIL|THYROID_F2F_CALL|1
OVERALL_M|RET|RET|LUNG_MEDSCAPE_EMAIL|THYROID_HQ_EMAIL|1
OVERALL_M|RET|RET|LUNG_MEDSCAPE_EMAIL|THYROID_MEDSCAPE_EMAIL|28
OVERALL_M|RET|RET|LUNG_MEDSCAPE_EMAIL|THYROID_VEEVA_EMAIL|1
OVERALL_M|RET|RET|LUNG_MEDSCAPE_POC|LUNG_DOXIMITY_ALERT|1
OVERALL_M|RET|RET|LUNG_MEDSCAPE_POC|LUNG_HQ_EMAIL|1
OVERALL_M|RET|RET|LUNG_MEDSCAPE_POC|LUNG_MEDSCAPE_ALERT|14
OVERALL_M|RET|RET|LUNG_MEDSCAPE_POC|LUNG_MEDSCAPE_EMAIL|7
OVERALL_M|RET|RET|LUNG_MEDSCAPE_POC|LUNG_MEDSCAPE_POC|14
OVERALL_M|RET|RET|LUNG_MEDSCAPE_POC|OVERALL_MEDSCAPE_ALERT|14
OVERALL_M|RET|RET|LUNG_MEDSCAPE_POC|OVERALL_MEDSCAPE_EMAIL|7
OVERALL_M|RET|RET|LUNG_MEDSCAPE_POC|OVERALL_P2P|1
OVERALL_M|RET|RET|LUNG_MEDSCAPE_POC|THYROID_DOXIMITY_ALERT|1
OVERALL_M|RET|RET|LUNG_MEDSCAPE_POC|THYROID_MEDSCAPE_BRANDSPOT|14
OVERALL_M|RET|RET|LUNG_MEDSCAPE_POC|THYROID_MEDSCAPE_POC|14
OVERALL_M|RET|RET|LUNG_MEDSCAPE_POC|THYROID_VEEVA_EMAIL|1
OVERALL_M|RET|RET|LUNG_VEEVA_EMAIL|LUNG_DOXIMITY_ALERT|1
OVERALL_M|RET|RET|LUNG_VEEVA_EMAIL|LUNG_HQ_EMAIL|1
OVERALL_M|RET|RET|LUNG_VEEVA_EMAIL|LUNG_MEDSCAPE_POC|1
OVERALL_M|RET|RET|LUNG_VEEVA_EMAIL|LUNG_VEEVA_EMAIL|14
OVERALL_M|RET|RET|LUNG_VEEVA_EMAIL|OVERALL_MEDSCAPE_ALERT|1
OVERALL_M|RET|RET|LUNG_VEEVA_EMAIL|OVERALL_MEDSCAPE_BRANDSPOT|1
OVERALL_M|RET|RET|LUNG_VEEVA_EMAIL|OVERALL_MEDSCAPE_EMAIL|1
OVERALL_M|RET|RET|LUNG_VEEVA_EMAIL|OVERALL_VEEVA_EMAIL|14
OVERALL_M|RET|RET|LUNG_VEEVA_EMAIL|THYROID_F2F_CALL|14
OVERALL_M|RET|RET|LUNG_VEEVA_EMAIL|THYROID_HQ_EMAIL|1
OVERALL_M|RET|RET|LUNG_VEEVA_EMAIL|THYROID_MEDSCAPE_EMAIL|1
OVERALL_M|RET|RET|LUNG_VEEVA_EMAIL|THYROID_VEEVA_EMAIL|14
OVERALL_M|RET|RET|OVERALL_DOXIMITY_ALERT|LUNG_DOXIMITY_ALERT|28
OVERALL_M|RET|RET|OVERALL_DOXIMITY_ALERT|LUNG_HQ_EMAIL|1
OVERALL_M|RET|RET|OVERALL_DOXIMITY_ALERT|LUNG_MEDSCAPE_ALERT|1
OVERALL_M|RET|RET|OVERALL_DOXIMITY_ALERT|OVERALL_DOXIMITY_ALERT|28
OVERALL_M|RET|RET|OVERALL_DOXIMITY_ALERT|OVERALL_HQ_EMAIL|1
OVERALL_M|RET|RET|OVERALL_DOXIMITY_ALERT|OVERALL_MEDSCAPE_ALERT|1
OVERALL_M|RET|RET|OVERALL_DOXIMITY_ALERT|OVERALL_MEDSCAPE_EMAIL|1
OVERALL_M|RET|RET|OVERALL_DOXIMITY_ALERT|OVERALL_P2P|1
OVERALL_M|RET|RET|OVERALL_DOXIMITY_ALERT|THYROID_DOXIMITY_ALERT|28
OVERALL_M|RET|RET|OVERALL_DOXIMITY_ALERT|THYROID_F2F_CALL|1
OVERALL_M|RET|RET|OVERALL_DOXIMITY_ALERT|THYROID_HQ_EMAIL|1
OVERALL_M|RET|RET|OVERALL_DOXIMITY_ALERT|THYROID_MEDSCAPE_ALERT|1
OVERALL_M|RET|RET|OVERALL_DOXIMITY_ALERT|THYROID_MEDSCAPE_POC|1
OVERALL_M|RET|RET|OVERALL_F2F_CALL|LUNG_F2F_CALL|21
OVERALL_M|RET|RET|OVERALL_F2F_CALL|LUNG_HQ_EMAIL|1
OVERALL_M|RET|RET|OVERALL_F2F_CALL|LUNG_MEDSCAPE_ALERT|1
OVERALL_M|RET|RET|OVERALL_F2F_CALL|LUNG_MEDSCAPE_EMAIL|1
OVERALL_M|RET|RET|OVERALL_F2F_CALL|OVERALL_F2F_CALL|21
OVERALL_M|RET|RET|OVERALL_F2F_CALL|OVERALL_MEDSCAPE_BRANDSPOT|1
OVERALL_M|RET|RET|OVERALL_F2F_CALL|OVERALL_MEDSCAPE_POC|1
OVERALL_M|RET|RET|OVERALL_F2F_CALL|THYROID_MEDSCAPE_ALERT|1
OVERALL_M|RET|RET|OVERALL_F2F_CALL|THYROID_MEDSCAPE_BRANDSPOT|1
OVERALL_M|RET|RET|OVERALL_F2F_CALL|THYROID_MEDSCAPE_POC|1
C|VER|VER|EBC_F2F_CALL|EBC_F2F_CALL|21
C|VER|VER|EBC_F2F_CALL|EBC_VEEVA_EMAIL|14
C|VER|VER|EBC_F2F_CALL|EBC_HQ_EMAIL|1
C|VER|VER|EBC_F2F_CALL|EBC_EPOCRATES_ALERT|1
C|VER|VER|EBC_F2F_CALL|EBC_DOXIMITY_ALERT|1
C|VER|VER|EBC_F2F_CALL|EBC_DOXIMITY_DOCSPOT|1
C|VER|VER|EBC_F2F_CALL|EBC_MEDSCAPE_EMAIL|1
C|VER|VER|EBC_F2F_CALL|EBC_MEDSCAPE_ALERT|1
C|VER|VER|EBC_F2F_CALL|EBC_MEDSCAPE_POC|1
C|VER|VER|EBC_F2F_CALL|EBC_MEDSCAPE_BRANDSPOT|1
C|VER|VER|EBC_F2F_CALL|EBC_EDH_PROFLOW_EDMU|1
C|VER|VER|EBC_F2F_CALL|EBC_EDH_PROFLOW_WDMU|1
C|VER|VER|EBC_F2F_CALL|EBC_EDH_PROFLOW_RDMU|1
C|VER|VER|EBC_F2F_CALL|EBC_NUMEDIS_MDMINUTE|1
C|VER|VER|EBC_F2F_CALL|MBC_F2F_CALL|21
C|VER|VER|EBC_F2F_CALL|MBC_VEEVA_EMAIL|14
C|VER|VER|EBC_F2F_CALL|MBC_HQ_EMAIL|1
C|VER|VER|EBC_F2F_CALL|MBC_EPOCRATES_ALERT|1
C|VER|VER|EBC_F2F_CALL|MBC_DOXIMITY_ALERT|1
C|VER|VER|EBC_F2F_CALL|MBC_DOXIMITY_DOCSPOT|1
C|VER|VER|EBC_F2F_CALL|MBC_MEDSCAPE_EMAIL|1
C|VER|VER|EBC_F2F_CALL|MBC_MEDSCAPE_ALERT|1
C|VER|VER|EBC_F2F_CALL|MBC_MEDSCAPE_POC|1
C|VER|VER|EBC_F2F_CALL|MBC_MEDSCAPE_BRANDSPOT|1
C|VER|VER|EBC_F2F_CALL|MBC_EDH_PROFLOW_EDMU|1
C|VER|VER|EBC_F2F_CALL|MBC_EDH_PROFLOW_WDMU|1
C|VER|VER|EBC_F2F_CALL|MBC_EDH_PROFLOW_RDMU|1
C|VER|VER|EBC_F2F_CALL|MBC_NUMEDIS_MDMINUTE|1
C|VER|VER|EBC_VEEVA_EMAIL|EBC_F2F_CALL|1
C|VER|VER|EBC_VEEVA_EMAIL|EBC_VEEVA_EMAIL|1
C|VER|VER|EBC_VEEVA_EMAIL|EBC_HQ_EMAIL|1
C|VER|VER|EBC_VEEVA_EMAIL|EBC_EPOCRATES_ALERT|1
C|VER|VER|EBC_VEEVA_EMAIL|EBC_DOXIMITY_ALERT|1
C|VER|VER|EBC_VEEVA_EMAIL|EBC_DOXIMITY_DOCSPOT|1
C|VER|VER|EBC_VEEVA_EMAIL|EBC_MEDSCAPE_EMAIL|1
C|VER|VER|EBC_VEEVA_EMAIL|EBC_MEDSCAPE_ALERT|1
C|VER|VER|EBC_VEEVA_EMAIL|EBC_MEDSCAPE_POC|1
C|VER|VER|EBC_VEEVA_EMAIL|EBC_MEDSCAPE_BRANDSPOT|1
C|VER|VER|EBC_VEEVA_EMAIL|EBC_EDH_PROFLOW_EDMU|1
C|VER|VER|EBC_VEEVA_EMAIL|EBC_EDH_PROFLOW_WDMU|1
C|VER|VER|EBC_VEEVA_EMAIL|EBC_EDH_PROFLOW_RDMU|1
C|VER|VER|EBC_VEEVA_EMAIL|EBC_NUMEDIS_MDMINUTE|1
C|VER|VER|EBC_VEEVA_EMAIL|MBC_F2F_CALL|1
C|VER|VER|EBC_VEEVA_EMAIL|MBC_VEEVA_EMAIL|1
C|VER|VER|EBC_VEEVA_EMAIL|MBC_HQ_EMAIL|1
C|VER|VER|EBC_VEEVA_EMAIL|MBC_EPOCRATES_ALERT|1
C|VER|VER|EBC_VEEVA_EMAIL|MBC_DOXIMITY_ALERT|1
C|VER|VER|EBC_VEEVA_EMAIL|MBC_DOXIMITY_DOCSPOT|1
C|VER|VER|EBC_VEEVA_EMAIL|MBC_MEDSCAPE_EMAIL|1
C|VER|VER|EBC_VEEVA_EMAIL|MBC_MEDSCAPE_ALERT|1
C|VER|VER|EBC_VEEVA_EMAIL|MBC_MEDSCAPE_POC|1
C|VER|VER|EBC_VEEVA_EMAIL|MBC_MEDSCAPE_BRANDSPOT|1
C|VER|VER|EBC_VEEVA_EMAIL|MBC_EDH_PROFLOW_EDMU|1
C|VER|VER|EBC_VEEVA_EMAIL|MBC_EDH_PROFLOW_WDMU|1
C|VER|VER|EBC_VEEVA_EMAIL|MBC_EDH_PROFLOW_RDMU|1
C|VER|VER|EBC_VEEVA_EMAIL|MBC_NUMEDIS_MDMINUTE|1
C|VER|VER|EBC_HQ_EMAIL|EBC_F2F_CALL|1
C|VER|VER|EBC_HQ_EMAIL|EBC_VEEVA_EMAIL|1
C|VER|VER|EBC_HQ_EMAIL|EBC_HQ_EMAIL|30
C|VER|VER|EBC_HQ_EMAIL|EBC_EPOCRATES_ALERT|1
C|VER|VER|EBC_HQ_EMAIL|EBC_DOXIMITY_ALERT|1
C|VER|VER|EBC_HQ_EMAIL|EBC_DOXIMITY_DOCSPOT|1
C|VER|VER|EBC_HQ_EMAIL|EBC_MEDSCAPE_EMAIL|1
C|VER|VER|EBC_HQ_EMAIL|EBC_MEDSCAPE_ALERT|1
C|VER|VER|EBC_HQ_EMAIL|EBC_MEDSCAPE_POC|1
C|VER|VER|EBC_HQ_EMAIL|EBC_MEDSCAPE_BRANDSPOT|1
C|VER|VER|EBC_HQ_EMAIL|EBC_EDH_PROFLOW_EDMU|1
C|VER|VER|EBC_HQ_EMAIL|EBC_EDH_PROFLOW_WDMU|1
C|VER|VER|EBC_HQ_EMAIL|EBC_EDH_PROFLOW_RDMU|1
C|VER|VER|EBC_HQ_EMAIL|EBC_NUMEDIS_MDMINUTE|1
C|VER|VER|EBC_HQ_EMAIL|MBC_F2F_CALL|1
C|VER|VER|EBC_HQ_EMAIL|MBC_VEEVA_EMAIL|1
C|VER|VER|EBC_HQ_EMAIL|MBC_HQ_EMAIL|30
C|VER|VER|EBC_HQ_EMAIL|MBC_EPOCRATES_ALERT|1
C|VER|VER|EBC_HQ_EMAIL|MBC_DOXIMITY_ALERT|1
C|VER|VER|EBC_HQ_EMAIL|MBC_DOXIMITY_DOCSPOT|1
C|VER|VER|EBC_HQ_EMAIL|MBC_MEDSCAPE_EMAIL|1
C|VER|VER|EBC_HQ_EMAIL|MBC_MEDSCAPE_ALERT|1
C|VER|VER|EBC_HQ_EMAIL|MBC_MEDSCAPE_POC|1
C|VER|VER|EBC_HQ_EMAIL|MBC_MEDSCAPE_BRANDSPOT|1
C|VER|VER|EBC_HQ_EMAIL|MBC_EDH_PROFLOW_EDMU|1
C|VER|VER|EBC_HQ_EMAIL|MBC_EDH_PROFLOW_WDMU|1
C|VER|VER|EBC_HQ_EMAIL|MBC_EDH_PROFLOW_RDMU|1
C|VER|VER|EBC_HQ_EMAIL|MBC_NUMEDIS_MDMINUTE|1
C|VER|VER|EBC_EPOCRATES_ALERT|EBC_F2F_CALL|1
C|VER|VER|EBC_EPOCRATES_ALERT|EBC_VEEVA_EMAIL|1
C|VER|VER|EBC_EPOCRATES_ALERT|EBC_HQ_EMAIL|1
C|VER|VER|EBC_EPOCRATES_ALERT|EBC_EPOCRATES_ALERT|14
C|VER|VER|EBC_EPOCRATES_ALERT|EBC_DOXIMITY_ALERT|1
C|VER|VER|EBC_EPOCRATES_ALERT|EBC_DOXIMITY_DOCSPOT|1
C|VER|VER|EBC_EPOCRATES_ALERT|EBC_MEDSCAPE_EMAIL|1
C|VER|VER|EBC_EPOCRATES_ALERT|EBC_MEDSCAPE_ALERT|1
C|VER|VER|EBC_EPOCRATES_ALERT|EBC_MEDSCAPE_POC|1
C|VER|VER|EBC_EPOCRATES_ALERT|EBC_MEDSCAPE_BRANDSPOT|1
C|VER|VER|EBC_EPOCRATES_ALERT|EBC_EDH_PROFLOW_EDMU|1
C|VER|VER|EBC_EPOCRATES_ALERT|EBC_EDH_PROFLOW_WDMU|1
C|VER|VER|EBC_EPOCRATES_ALERT|EBC_EDH_PROFLOW_RDMU|1
C|VER|VER|EBC_EPOCRATES_ALERT|EBC_NUMEDIS_MDMINUTE|1
C|VER|VER|EBC_EPOCRATES_ALERT|MBC_F2F_CALL|1
C|VER|VER|EBC_EPOCRATES_ALERT|MBC_VEEVA_EMAIL|1
C|VER|VER|EBC_EPOCRATES_ALERT|MBC_HQ_EMAIL|1
C|VER|VER|EBC_EPOCRATES_ALERT|MBC_EPOCRATES_ALERT|14
C|VER|VER|EBC_EPOCRATES_ALERT|MBC_DOXIMITY_ALERT|1
C|VER|VER|EBC_EPOCRATES_ALERT|MBC_DOXIMITY_DOCSPOT|1
C|VER|VER|EBC_EPOCRATES_ALERT|MBC_MEDSCAPE_EMAIL|1
C|VER|VER|EBC_EPOCRATES_ALERT|MBC_MEDSCAPE_ALERT|1
C|VER|VER|EBC_EPOCRATES_ALERT|MBC_MEDSCAPE_POC|1
C|VER|VER|EBC_EPOCRATES_ALERT|MBC_MEDSCAPE_BRANDSPOT|1
C|VER|VER|EBC_EPOCRATES_ALERT|MBC_EDH_PROFLOW_EDMU|1
C|VER|VER|EBC_EPOCRATES_ALERT|MBC_EDH_PROFLOW_WDMU|1
C|VER|VER|EBC_EPOCRATES_ALERT|MBC_EDH_PROFLOW_RDMU|1
C|VER|VER|EBC_EPOCRATES_ALERT|MBC_NUMEDIS_MDMINUTE|1
C|VER|VER|EBC_DOXIMITY_ALERT|EBC_F2F_CALL|1
C|VER|VER|EBC_DOXIMITY_ALERT|EBC_VEEVA_EMAIL|1
C|VER|VER|EBC_DOXIMITY_ALERT|EBC_HQ_EMAIL|1
C|VER|VER|EBC_DOXIMITY_ALERT|EBC_EPOCRATES_ALERT|1
C|VER|VER|EBC_DOXIMITY_ALERT|EBC_DOXIMITY_ALERT|14
C|VER|VER|EBC_DOXIMITY_ALERT|EBC_DOXIMITY_DOCSPOT|14
C|VER|VER|EBC_DOXIMITY_ALERT|EBC_MEDSCAPE_EMAIL|1
C|VER|VER|EBC_DOXIMITY_ALERT|EBC_MEDSCAPE_ALERT|1
C|VER|VER|EBC_DOXIMITY_ALERT|EBC_MEDSCAPE_POC|1
C|VER|VER|EBC_DOXIMITY_ALERT|EBC_MEDSCAPE_BRANDSPOT|1
C|VER|VER|EBC_DOXIMITY_ALERT|EBC_EDH_PROFLOW_EDMU|1
C|VER|VER|EBC_DOXIMITY_ALERT|EBC_EDH_PROFLOW_WDMU|1
C|VER|VER|EBC_DOXIMITY_ALERT|EBC_EDH_PROFLOW_RDMU|1
C|VER|VER|EBC_DOXIMITY_ALERT|EBC_NUMEDIS_MDMINUTE|1
C|VER|VER|EBC_DOXIMITY_ALERT|MBC_F2F_CALL|1
C|VER|VER|EBC_DOXIMITY_ALERT|MBC_VEEVA_EMAIL|1
C|VER|VER|EBC_DOXIMITY_ALERT|MBC_HQ_EMAIL|1
C|VER|VER|EBC_DOXIMITY_ALERT|MBC_EPOCRATES_ALERT|1
C|VER|VER|EBC_DOXIMITY_ALERT|MBC_DOXIMITY_ALERT|14
C|VER|VER|EBC_DOXIMITY_ALERT|MBC_DOXIMITY_DOCSPOT|14
C|VER|VER|EBC_DOXIMITY_ALERT|MBC_MEDSCAPE_EMAIL|1
C|VER|VER|EBC_DOXIMITY_ALERT|MBC_MEDSCAPE_ALERT|1
C|VER|VER|EBC_DOXIMITY_ALERT|MBC_MEDSCAPE_POC|1
C|VER|VER|EBC_DOXIMITY_ALERT|MBC_MEDSCAPE_BRANDSPOT|1
C|VER|VER|EBC_DOXIMITY_ALERT|MBC_EDH_PROFLOW_EDMU|1
C|VER|VER|EBC_DOXIMITY_ALERT|MBC_EDH_PROFLOW_WDMU|1
C|VER|VER|EBC_DOXIMITY_ALERT|MBC_EDH_PROFLOW_RDMU|1
C|VER|VER|EBC_DOXIMITY_ALERT|MBC_NUMEDIS_MDMINUTE|1
C|VER|VER|EBC_DOXIMITY_DOCSPOT|EBC_F2F_CALL|1
C|VER|VER|EBC_DOXIMITY_DOCSPOT|EBC_VEEVA_EMAIL|1
C|VER|VER|EBC_DOXIMITY_DOCSPOT|EBC_HQ_EMAIL|1
C|VER|VER|EBC_DOXIMITY_DOCSPOT|EBC_EPOCRATES_ALERT|1
C|VER|VER|EBC_DOXIMITY_DOCSPOT|EBC_DOXIMITY_ALERT|14
C|VER|VER|EBC_DOXIMITY_DOCSPOT|EBC_DOXIMITY_DOCSPOT|14
C|VER|VER|EBC_DOXIMITY_DOCSPOT|EBC_MEDSCAPE_EMAIL|1
C|VER|VER|EBC_DOXIMITY_DOCSPOT|EBC_MEDSCAPE_ALERT|1
C|VER|VER|EBC_DOXIMITY_DOCSPOT|EBC_MEDSCAPE_POC|1
C|VER|VER|EBC_DOXIMITY_DOCSPOT|EBC_MEDSCAPE_BRANDSPOT|1
C|VER|VER|EBC_DOXIMITY_DOCSPOT|EBC_EDH_PROFLOW_EDMU|1
C|VER|VER|EBC_DOXIMITY_DOCSPOT|EBC_EDH_PROFLOW_WDMU|1
C|VER|VER|EBC_DOXIMITY_DOCSPOT|EBC_EDH_PROFLOW_RDMU|1
C|VER|VER|EBC_DOXIMITY_DOCSPOT|EBC_NUMEDIS_MDMINUTE|1
C|VER|VER|EBC_DOXIMITY_DOCSPOT|MBC_F2F_CALL|1
C|VER|VER|EBC_DOXIMITY_DOCSPOT|MBC_VEEVA_EMAIL|1
C|VER|VER|EBC_DOXIMITY_DOCSPOT|MBC_HQ_EMAIL|1
C|VER|VER|EBC_DOXIMITY_DOCSPOT|MBC_EPOCRATES_ALERT|1
C|VER|VER|EBC_DOXIMITY_DOCSPOT|MBC_DOXIMITY_ALERT|14
C|VER|VER|EBC_DOXIMITY_DOCSPOT|MBC_DOXIMITY_DOCSPOT|14
C|VER|VER|EBC_DOXIMITY_DOCSPOT|MBC_MEDSCAPE_EMAIL|1
C|VER|VER|EBC_DOXIMITY_DOCSPOT|MBC_MEDSCAPE_ALERT|1
C|VER|VER|EBC_DOXIMITY_DOCSPOT|MBC_MEDSCAPE_POC|1
C|VER|VER|EBC_DOXIMITY_DOCSPOT|MBC_MEDSCAPE_BRANDSPOT|1
C|VER|VER|EBC_DOXIMITY_DOCSPOT|MBC_EDH_PROFLOW_EDMU|1
C|VER|VER|EBC_DOXIMITY_DOCSPOT|MBC_EDH_PROFLOW_WDMU|1
C|VER|VER|EBC_DOXIMITY_DOCSPOT|MBC_EDH_PROFLOW_RDMU|1
C|VER|VER|EBC_DOXIMITY_DOCSPOT|MBC_NUMEDIS_MDMINUTE|1
C|VER|VER|EBC_MEDSCAPE_EMAIL|EBC_F2F_CALL|1
C|VER|VER|EBC_MEDSCAPE_EMAIL|EBC_VEEVA_EMAIL|1
C|VER|VER|EBC_MEDSCAPE_EMAIL|EBC_HQ_EMAIL|1
C|VER|VER|EBC_MEDSCAPE_EMAIL|EBC_EPOCRATES_ALERT|1
C|VER|VER|EBC_MEDSCAPE_EMAIL|EBC_DOXIMITY_ALERT|1
C|VER|VER|EBC_MEDSCAPE_EMAIL|EBC_DOXIMITY_DOCSPOT|1
C|VER|VER|EBC_MEDSCAPE_EMAIL|EBC_MEDSCAPE_EMAIL|14
C|VER|VER|EBC_MEDSCAPE_EMAIL|EBC_MEDSCAPE_ALERT|7
C|VER|VER|EBC_MEDSCAPE_EMAIL|EBC_MEDSCAPE_POC|7
C|VER|VER|EBC_MEDSCAPE_EMAIL|EBC_MEDSCAPE_BRANDSPOT|7
C|VER|VER|EBC_MEDSCAPE_EMAIL|EBC_EDH_PROFLOW_EDMU|1
C|VER|VER|EBC_MEDSCAPE_EMAIL|EBC_EDH_PROFLOW_WDMU|1
C|VER|VER|EBC_MEDSCAPE_EMAIL|EBC_EDH_PROFLOW_RDMU|1
C|VER|VER|EBC_MEDSCAPE_EMAIL|EBC_NUMEDIS_MDMINUTE|1
C|VER|VER|EBC_MEDSCAPE_EMAIL|MBC_F2F_CALL|1
C|VER|VER|EBC_MEDSCAPE_EMAIL|MBC_VEEVA_EMAIL|1
C|VER|VER|EBC_MEDSCAPE_EMAIL|MBC_HQ_EMAIL|1
C|VER|VER|EBC_MEDSCAPE_EMAIL|MBC_EPOCRATES_ALERT|1
C|VER|VER|EBC_MEDSCAPE_EMAIL|MBC_DOXIMITY_ALERT|1
C|VER|VER|EBC_MEDSCAPE_EMAIL|MBC_DOXIMITY_DOCSPOT|1
C|VER|VER|EBC_MEDSCAPE_EMAIL|MBC_MEDSCAPE_EMAIL|14
C|VER|VER|EBC_MEDSCAPE_EMAIL|MBC_MEDSCAPE_ALERT|7
C|VER|VER|EBC_MEDSCAPE_EMAIL|MBC_MEDSCAPE_POC|7
C|VER|VER|EBC_MEDSCAPE_EMAIL|MBC_MEDSCAPE_BRANDSPOT|7
C|VER|VER|EBC_MEDSCAPE_EMAIL|MBC_EDH_PROFLOW_EDMU|1
C|VER|VER|EBC_MEDSCAPE_EMAIL|MBC_EDH_PROFLOW_WDMU|1
C|VER|VER|EBC_MEDSCAPE_EMAIL|MBC_EDH_PROFLOW_RDMU|1
C|VER|VER|EBC_MEDSCAPE_EMAIL|MBC_NUMEDIS_MDMINUTE|1
C|VER|VER|EBC_MEDSCAPE_ALERT|EBC_F2F_CALL|1
C|VER|VER|EBC_MEDSCAPE_ALERT|EBC_VEEVA_EMAIL|1
C|VER|VER|EBC_MEDSCAPE_ALERT|EBC_HQ_EMAIL|1
C|VER|VER|EBC_MEDSCAPE_ALERT|EBC_EPOCRATES_ALERT|1
C|VER|VER|EBC_MEDSCAPE_ALERT|EBC_DOXIMITY_ALERT|1
C|VER|VER|EBC_MEDSCAPE_ALERT|EBC_DOXIMITY_DOCSPOT|1
C|VER|VER|EBC_MEDSCAPE_ALERT|EBC_MEDSCAPE_EMAIL|7
C|VER|VER|EBC_MEDSCAPE_ALERT|EBC_MEDSCAPE_ALERT|28
C|VER|VER|EBC_MEDSCAPE_ALERT|EBC_MEDSCAPE_POC|14
C|VER|VER|EBC_MEDSCAPE_ALERT|EBC_MEDSCAPE_BRANDSPOT|14
C|VER|VER|EBC_MEDSCAPE_ALERT|EBC_EDH_PROFLOW_EDMU|1
C|VER|VER|EBC_MEDSCAPE_ALERT|EBC_EDH_PROFLOW_WDMU|1
C|VER|VER|EBC_MEDSCAPE_ALERT|EBC_EDH_PROFLOW_RDMU|1
C|VER|VER|EBC_MEDSCAPE_ALERT|EBC_NUMEDIS_MDMINUTE|1
C|VER|VER|EBC_MEDSCAPE_ALERT|MBC_F2F_CALL|1
C|VER|VER|EBC_MEDSCAPE_ALERT|MBC_VEEVA_EMAIL|1
C|VER|VER|EBC_MEDSCAPE_ALERT|MBC_HQ_EMAIL|1
C|VER|VER|EBC_MEDSCAPE_ALERT|MBC_EPOCRATES_ALERT|1
C|VER|VER|EBC_MEDSCAPE_ALERT|MBC_DOXIMITY_ALERT|1
C|VER|VER|EBC_MEDSCAPE_ALERT|MBC_DOXIMITY_DOCSPOT|1
C|VER|VER|EBC_MEDSCAPE_ALERT|MBC_MEDSCAPE_EMAIL|7
C|VER|VER|EBC_MEDSCAPE_ALERT|MBC_MEDSCAPE_ALERT|28
C|VER|VER|EBC_MEDSCAPE_ALERT|MBC_MEDSCAPE_POC|14
C|VER|VER|EBC_MEDSCAPE_ALERT|MBC_MEDSCAPE_BRANDSPOT|14
C|VER|VER|EBC_MEDSCAPE_ALERT|MBC_EDH_PROFLOW_EDMU|1
C|VER|VER|EBC_MEDSCAPE_ALERT|MBC_EDH_PROFLOW_WDMU|1
C|VER|VER|EBC_MEDSCAPE_ALERT|MBC_EDH_PROFLOW_RDMU|1
C|VER|VER|EBC_MEDSCAPE_ALERT|MBC_NUMEDIS_MDMINUTE|1
C|VER|VER|EBC_MEDSCAPE_POC|EBC_F2F_CALL|1
C|VER|VER|EBC_MEDSCAPE_POC|EBC_VEEVA_EMAIL|1
C|VER|VER|EBC_MEDSCAPE_POC|EBC_HQ_EMAIL|1
C|VER|VER|EBC_MEDSCAPE_POC|EBC_EPOCRATES_ALERT|1
C|VER|VER|EBC_MEDSCAPE_POC|EBC_DOXIMITY_ALERT|1
C|VER|VER|EBC_MEDSCAPE_POC|EBC_DOXIMITY_DOCSPOT|1
C|VER|VER|EBC_MEDSCAPE_POC|EBC_MEDSCAPE_EMAIL|7
C|VER|VER|EBC_MEDSCAPE_POC|EBC_MEDSCAPE_ALERT|14
C|VER|VER|EBC_MEDSCAPE_POC|EBC_MEDSCAPE_POC|28
C|VER|VER|EBC_MEDSCAPE_POC|EBC_MEDSCAPE_BRANDSPOT|14
C|VER|VER|EBC_MEDSCAPE_POC|EBC_EDH_PROFLOW_EDMU|1
C|VER|VER|EBC_MEDSCAPE_POC|EBC_EDH_PROFLOW_WDMU|1
C|VER|VER|EBC_MEDSCAPE_POC|EBC_EDH_PROFLOW_RDMU|1
C|VER|VER|EBC_MEDSCAPE_POC|EBC_NUMEDIS_MDMINUTE|1
C|VER|VER|EBC_MEDSCAPE_POC|MBC_F2F_CALL|1
C|VER|VER|EBC_MEDSCAPE_POC|MBC_VEEVA_EMAIL|1
C|VER|VER|EBC_MEDSCAPE_POC|MBC_HQ_EMAIL|1
C|VER|VER|EBC_MEDSCAPE_POC|MBC_EPOCRATES_ALERT|1
C|VER|VER|EBC_MEDSCAPE_POC|MBC_DOXIMITY_ALERT|1
C|VER|VER|EBC_MEDSCAPE_POC|MBC_DOXIMITY_DOCSPOT|1
C|VER|VER|EBC_MEDSCAPE_POC|MBC_MEDSCAPE_EMAIL|7
C|VER|VER|EBC_MEDSCAPE_POC|MBC_MEDSCAPE_ALERT|14
C|VER|VER|EBC_MEDSCAPE_POC|MBC_MEDSCAPE_POC|28
C|VER|VER|EBC_MEDSCAPE_POC|MBC_MEDSCAPE_BRANDSPOT|14
C|VER|VER|EBC_MEDSCAPE_POC|MBC_EDH_PROFLOW_EDMU|1
C|VER|VER|EBC_MEDSCAPE_POC|MBC_EDH_PROFLOW_WDMU|1
C|VER|VER|EBC_MEDSCAPE_POC|MBC_EDH_PROFLOW_RDMU|1
C|VER|VER|EBC_MEDSCAPE_POC|MBC_NUMEDIS_MDMINUTE|1
C|VER|VER|EBC_EDH_PROFLOW_EDMU|EBC_F2F_CALL|1
C|VER|VER|EBC_EDH_PROFLOW_EDMU|EBC_VEEVA_EMAIL|1
C|VER|VER|EBC_EDH_PROFLOW_EDMU|EBC_HQ_EMAIL|1
C|VER|VER|EBC_EDH_PROFLOW_EDMU|EBC_EPOCRATES_ALERT|1
C|VER|VER|EBC_EDH_PROFLOW_EDMU|EBC_DOXIMITY_ALERT|1
C|VER|VER|EBC_EDH_PROFLOW_EDMU|EBC_DOXIMITY_DOCSPOT|1
C|VER|VER|EBC_EDH_PROFLOW_EDMU|EBC_MEDSCAPE_EMAIL|1
C|VER|VER|EBC_EDH_PROFLOW_EDMU|EBC_MEDSCAPE_ALERT|1
C|VER|VER|EBC_EDH_PROFLOW_EDMU|EBC_MEDSCAPE_POC|1
C|VER|VER|EBC_EDH_PROFLOW_EDMU|EBC_MEDSCAPE_BRANDSPOT|1
C|VER|VER|EBC_EDH_PROFLOW_EDMU|EBC_EDH_PROFLOW_EDMU|14
C|VER|VER|EBC_EDH_PROFLOW_EDMU|EBC_EDH_PROFLOW_WDMU|14
C|VER|VER|EBC_EDH_PROFLOW_EDMU|EBC_EDH_PROFLOW_RDMU|14
C|VER|VER|EBC_EDH_PROFLOW_EDMU|EBC_NUMEDIS_MDMINUTE|1
C|VER|VER|EBC_EDH_PROFLOW_EDMU|MBC_F2F_CALL|1
C|VER|VER|EBC_EDH_PROFLOW_EDMU|MBC_VEEVA_EMAIL|1
C|VER|VER|EBC_EDH_PROFLOW_EDMU|MBC_HQ_EMAIL|1
C|VER|VER|EBC_EDH_PROFLOW_EDMU|MBC_EPOCRATES_ALERT|1
C|VER|VER|EBC_EDH_PROFLOW_EDMU|MBC_DOXIMITY_ALERT|1
C|VER|VER|EBC_EDH_PROFLOW_EDMU|MBC_DOXIMITY_DOCSPOT|1
C|VER|VER|EBC_EDH_PROFLOW_EDMU|MBC_MEDSCAPE_EMAIL|1
C|VER|VER|EBC_EDH_PROFLOW_EDMU|MBC_MEDSCAPE_ALERT|1
C|VER|VER|EBC_EDH_PROFLOW_EDMU|MBC_MEDSCAPE_POC|1
C|VER|VER|EBC_EDH_PROFLOW_EDMU|MBC_MEDSCAPE_BRANDSPOT|1
C|VER|VER|EBC_EDH_PROFLOW_EDMU|MBC_EDH_PROFLOW_EDMU|14
C|VER|VER|EBC_EDH_PROFLOW_EDMU|MBC_EDH_PROFLOW_WDMU|14
C|VER|VER|EBC_EDH_PROFLOW_EDMU|MBC_EDH_PROFLOW_RDMU|14
C|VER|VER|EBC_EDH_PROFLOW_EDMU|MBC_NUMEDIS_MDMINUTE|1
C|VER|VER|EBC_EDH_PROFLOW_WDMU|EBC_F2F_CALL|1
C|VER|VER|EBC_EDH_PROFLOW_WDMU|EBC_VEEVA_EMAIL|1
C|VER|VER|EBC_EDH_PROFLOW_WDMU|EBC_HQ_EMAIL|1
C|VER|VER|EBC_EDH_PROFLOW_WDMU|EBC_EPOCRATES_ALERT|1
C|VER|VER|EBC_EDH_PROFLOW_WDMU|EBC_DOXIMITY_ALERT|1
C|VER|VER|EBC_EDH_PROFLOW_WDMU|EBC_DOXIMITY_DOCSPOT|1
C|VER|VER|EBC_EDH_PROFLOW_WDMU|EBC_MEDSCAPE_EMAIL|1
C|VER|VER|EBC_EDH_PROFLOW_WDMU|EBC_MEDSCAPE_ALERT|1
C|VER|VER|EBC_EDH_PROFLOW_WDMU|EBC_MEDSCAPE_POC|1
C|VER|VER|EBC_EDH_PROFLOW_WDMU|EBC_MEDSCAPE_BRANDSPOT|1
C|VER|VER|EBC_EDH_PROFLOW_WDMU|EBC_EDH_PROFLOW_EDMU|14
C|VER|VER|EBC_EDH_PROFLOW_WDMU|EBC_EDH_PROFLOW_WDMU|14
C|VER|VER|EBC_EDH_PROFLOW_WDMU|EBC_EDH_PROFLOW_RDMU|14
C|VER|VER|EBC_EDH_PROFLOW_WDMU|EBC_NUMEDIS_MDMINUTE|1
C|VER|VER|EBC_EDH_PROFLOW_WDMU|MBC_F2F_CALL|1
C|VER|VER|EBC_EDH_PROFLOW_WDMU|MBC_VEEVA_EMAIL|1
C|VER|VER|EBC_EDH_PROFLOW_WDMU|MBC_HQ_EMAIL|1
C|VER|VER|EBC_EDH_PROFLOW_WDMU|MBC_EPOCRATES_ALERT|1
C|VER|VER|EBC_EDH_PROFLOW_WDMU|MBC_DOXIMITY_ALERT|1
C|VER|VER|EBC_EDH_PROFLOW_WDMU|MBC_DOXIMITY_DOCSPOT|1
C|VER|VER|EBC_EDH_PROFLOW_WDMU|MBC_MEDSCAPE_EMAIL|1
C|VER|VER|EBC_EDH_PROFLOW_WDMU|MBC_MEDSCAPE_ALERT|1
C|VER|VER|EBC_EDH_PROFLOW_WDMU|MBC_MEDSCAPE_POC|1
C|VER|VER|EBC_EDH_PROFLOW_WDMU|MBC_MEDSCAPE_BRANDSPOT|1
C|VER|VER|EBC_EDH_PROFLOW_WDMU|MBC_EDH_PROFLOW_EDMU|14
C|VER|VER|EBC_EDH_PROFLOW_WDMU|MBC_EDH_PROFLOW_WDMU|14
C|VER|VER|EBC_EDH_PROFLOW_WDMU|MBC_EDH_PROFLOW_RDMU|14
C|VER|VER|EBC_EDH_PROFLOW_WDMU|MBC_NUMEDIS_MDMINUTE|1
C|VER|VER|EBC_EDH_PROFLOW_RDMU|EBC_F2F_CALL|1
C|VER|VER|EBC_EDH_PROFLOW_RDMU|EBC_VEEVA_EMAIL|1
C|VER|VER|EBC_EDH_PROFLOW_RDMU|EBC_HQ_EMAIL|1
C|VER|VER|EBC_EDH_PROFLOW_RDMU|EBC_EPOCRATES_ALERT|1
C|VER|VER|EBC_EDH_PROFLOW_RDMU|EBC_DOXIMITY_ALERT|1
C|VER|VER|EBC_EDH_PROFLOW_RDMU|EBC_DOXIMITY_DOCSPOT|1
C|VER|VER|EBC_EDH_PROFLOW_RDMU|EBC_MEDSCAPE_EMAIL|1
C|VER|VER|EBC_EDH_PROFLOW_RDMU|EBC_MEDSCAPE_ALERT|1
C|VER|VER|EBC_EDH_PROFLOW_RDMU|EBC_MEDSCAPE_POC|1
C|VER|VER|EBC_EDH_PROFLOW_RDMU|EBC_MEDSCAPE_BRANDSPOT|1
C|VER|VER|EBC_EDH_PROFLOW_RDMU|EBC_EDH_PROFLOW_EDMU|14
C|VER|VER|EBC_EDH_PROFLOW_RDMU|EBC_EDH_PROFLOW_WDMU|14
C|VER|VER|EBC_EDH_PROFLOW_RDMU|EBC_EDH_PROFLOW_RDMU|14
C|VER|VER|EBC_EDH_PROFLOW_RDMU|EBC_NUMEDIS_MDMINUTE|1
C|VER|VER|EBC_EDH_PROFLOW_RDMU|MBC_F2F_CALL|1
C|VER|VER|EBC_EDH_PROFLOW_RDMU|MBC_VEEVA_EMAIL|1
C|VER|VER|EBC_EDH_PROFLOW_RDMU|MBC_HQ_EMAIL|1
C|VER|VER|EBC_EDH_PROFLOW_RDMU|MBC_EPOCRATES_ALERT|1
C|VER|VER|EBC_EDH_PROFLOW_RDMU|MBC_DOXIMITY_ALERT|1
C|VER|VER|EBC_EDH_PROFLOW_RDMU|MBC_DOXIMITY_DOCSPOT|1
C|VER|VER|EBC_EDH_PROFLOW_RDMU|MBC_MEDSCAPE_EMAIL|1
C|VER|VER|EBC_EDH_PROFLOW_RDMU|MBC_MEDSCAPE_ALERT|1
C|VER|VER|EBC_EDH_PROFLOW_RDMU|MBC_MEDSCAPE_POC|1
C|VER|VER|EBC_EDH_PROFLOW_RDMU|MBC_MEDSCAPE_BRANDSPOT|1
C|VER|VER|EBC_EDH_PROFLOW_RDMU|MBC_EDH_PROFLOW_EDMU|14
C|VER|VER|EBC_EDH_PROFLOW_RDMU|MBC_EDH_PROFLOW_WDMU|14
C|VER|VER|EBC_EDH_PROFLOW_RDMU|MBC_EDH_PROFLOW_RDMU|14
C|VER|VER|EBC_EDH_PROFLOW_RDMU|MBC_NUMEDIS_MDMINUTE|1
C|VER|VER|EBC_NUMEDIS_MDMINUTE|EBC_F2F_CALL|1
C|VER|VER|EBC_NUMEDIS_MDMINUTE|EBC_VEEVA_EMAIL|1
C|VER|VER|EBC_NUMEDIS_MDMINUTE|EBC_HQ_EMAIL|1
C|VER|VER|EBC_NUMEDIS_MDMINUTE|EBC_EPOCRATES_ALERT|1
C|VER|VER|EBC_NUMEDIS_MDMINUTE|EBC_DOXIMITY_ALERT|1
C|VER|VER|EBC_NUMEDIS_MDMINUTE|EBC_DOXIMITY_DOCSPOT|1
C|VER|VER|EBC_NUMEDIS_MDMINUTE|EBC_MEDSCAPE_EMAIL|1
C|VER|VER|EBC_NUMEDIS_MDMINUTE|EBC_MEDSCAPE_ALERT|1
C|VER|VER|EBC_NUMEDIS_MDMINUTE|EBC_MEDSCAPE_POC|1
C|VER|VER|EBC_NUMEDIS_MDMINUTE|EBC_MEDSCAPE_BRANDSPOT|1
C|VER|VER|EBC_NUMEDIS_MDMINUTE|EBC_EDH_PROFLOW_EDMU|1
C|VER|VER|EBC_NUMEDIS_MDMINUTE|EBC_EDH_PROFLOW_WDMU|1
C|VER|VER|EBC_NUMEDIS_MDMINUTE|EBC_EDH_PROFLOW_RDMU|1
C|VER|VER|EBC_NUMEDIS_MDMINUTE|EBC_NUMEDIS_MDMINUTE|14
C|VER|VER|EBC_NUMEDIS_MDMINUTE|MBC_F2F_CALL|1
C|VER|VER|EBC_NUMEDIS_MDMINUTE|MBC_VEEVA_EMAIL|1
C|VER|VER|EBC_NUMEDIS_MDMINUTE|MBC_HQ_EMAIL|1
C|VER|VER|EBC_NUMEDIS_MDMINUTE|MBC_EPOCRATES_ALERT|1
C|VER|VER|EBC_NUMEDIS_MDMINUTE|MBC_DOXIMITY_ALERT|1
C|VER|VER|EBC_NUMEDIS_MDMINUTE|MBC_DOXIMITY_DOCSPOT|1
C|VER|VER|EBC_NUMEDIS_MDMINUTE|MBC_MEDSCAPE_EMAIL|1
C|VER|VER|EBC_NUMEDIS_MDMINUTE|MBC_MEDSCAPE_ALERT|1
C|VER|VER|EBC_NUMEDIS_MDMINUTE|MBC_MEDSCAPE_POC|1
C|VER|VER|EBC_NUMEDIS_MDMINUTE|MBC_MEDSCAPE_BRANDSPOT|1
C|VER|VER|EBC_NUMEDIS_MDMINUTE|MBC_EDH_PROFLOW_EDMU|1
C|VER|VER|EBC_NUMEDIS_MDMINUTE|MBC_EDH_PROFLOW_WDMU|1
C|VER|VER|EBC_NUMEDIS_MDMINUTE|MBC_EDH_PROFLOW_RDMU|1
C|VER|VER|EBC_NUMEDIS_MDMINUTE|MBC_NUMEDIS_MDMINUTE|14
C|VER|VER|MBC_F2F_CALL|EBC_F2F_CALL|21
C|VER|VER|MBC_F2F_CALL|EBC_VEEVA_EMAIL|14
C|VER|VER|MBC_F2F_CALL|EBC_HQ_EMAIL|1
C|VER|VER|MBC_F2F_CALL|EBC_EPOCRATES_ALERT|1
C|VER|VER|MBC_F2F_CALL|EBC_DOXIMITY_ALERT|1
C|VER|VER|MBC_F2F_CALL|EBC_DOXIMITY_DOCSPOT|1
C|VER|VER|MBC_F2F_CALL|EBC_MEDSCAPE_EMAIL|1
C|VER|VER|MBC_F2F_CALL|EBC_MEDSCAPE_ALERT|1
C|VER|VER|MBC_F2F_CALL|EBC_MEDSCAPE_POC|1
C|VER|VER|MBC_F2F_CALL|EBC_MEDSCAPE_BRANDSPOT|1
C|VER|VER|MBC_F2F_CALL|EBC_EDH_PROFLOW_EDMU|1
C|VER|VER|MBC_F2F_CALL|EBC_EDH_PROFLOW_WDMU|1
C|VER|VER|MBC_F2F_CALL|EBC_EDH_PROFLOW_RDMU|1
C|VER|VER|MBC_F2F_CALL|EBC_NUMEDIS_MDMINUTE|1
C|VER|VER|MBC_F2F_CALL|MBC_F2F_CALL|1
C|VER|VER|MBC_F2F_CALL|MBC_VEEVA_EMAIL|14
C|VER|VER|MBC_F2F_CALL|MBC_HQ_EMAIL|1
C|VER|VER|MBC_F2F_CALL|MBC_EPOCRATES_ALERT|1
C|VER|VER|MBC_F2F_CALL|MBC_DOXIMITY_ALERT|1
C|VER|VER|MBC_F2F_CALL|MBC_DOXIMITY_DOCSPOT|1
C|VER|VER|MBC_F2F_CALL|MBC_MEDSCAPE_EMAIL|1
C|VER|VER|MBC_F2F_CALL|MBC_MEDSCAPE_ALERT|1
C|VER|VER|MBC_F2F_CALL|MBC_MEDSCAPE_POC|1
C|VER|VER|MBC_F2F_CALL|MBC_MEDSCAPE_BRANDSPOT|1
C|VER|VER|MBC_F2F_CALL|MBC_EDH_PROFLOW_EDMU|1
C|VER|VER|MBC_F2F_CALL|MBC_EDH_PROFLOW_WDMU|1
C|VER|VER|MBC_F2F_CALL|MBC_EDH_PROFLOW_RDMU|1
C|VER|VER|MBC_F2F_CALL|MBC_NUMEDIS_MDMINUTE|1
C|VER|VER|MBC_VEEVA_EMAIL|EBC_F2F_CALL|1
C|VER|VER|MBC_VEEVA_EMAIL|EBC_VEEVA_EMAIL|1
C|VER|VER|MBC_VEEVA_EMAIL|EBC_HQ_EMAIL|1
C|VER|VER|MBC_VEEVA_EMAIL|EBC_EPOCRATES_ALERT|1
C|VER|VER|MBC_VEEVA_EMAIL|EBC_DOXIMITY_ALERT|1
C|VER|VER|MBC_VEEVA_EMAIL|EBC_DOXIMITY_DOCSPOT|1
C|VER|VER|MBC_VEEVA_EMAIL|EBC_MEDSCAPE_EMAIL|1
C|VER|VER|MBC_VEEVA_EMAIL|EBC_MEDSCAPE_ALERT|1
C|VER|VER|MBC_VEEVA_EMAIL|EBC_MEDSCAPE_POC|1
C|VER|VER|MBC_VEEVA_EMAIL|EBC_MEDSCAPE_BRANDSPOT|1
C|VER|VER|MBC_VEEVA_EMAIL|EBC_EDH_PROFLOW_EDMU|1
C|VER|VER|MBC_VEEVA_EMAIL|EBC_EDH_PROFLOW_WDMU|1
C|VER|VER|MBC_VEEVA_EMAIL|EBC_EDH_PROFLOW_RDMU|1
C|VER|VER|MBC_VEEVA_EMAIL|EBC_NUMEDIS_MDMINUTE|1
C|VER|VER|MBC_VEEVA_EMAIL|MBC_F2F_CALL|1
C|VER|VER|MBC_VEEVA_EMAIL|MBC_VEEVA_EMAIL|1
C|VER|VER|MBC_VEEVA_EMAIL|MBC_HQ_EMAIL|1
C|VER|VER|MBC_VEEVA_EMAIL|MBC_EPOCRATES_ALERT|1
C|VER|VER|MBC_VEEVA_EMAIL|MBC_DOXIMITY_ALERT|1
C|VER|VER|MBC_VEEVA_EMAIL|MBC_DOXIMITY_DOCSPOT|1
C|VER|VER|MBC_VEEVA_EMAIL|MBC_MEDSCAPE_EMAIL|1
C|VER|VER|MBC_VEEVA_EMAIL|MBC_MEDSCAPE_ALERT|1
C|VER|VER|MBC_VEEVA_EMAIL|MBC_MEDSCAPE_POC|1
C|VER|VER|MBC_VEEVA_EMAIL|MBC_MEDSCAPE_BRANDSPOT|1
C|VER|VER|MBC_VEEVA_EMAIL|MBC_EDH_PROFLOW_EDMU|1
C|VER|VER|MBC_VEEVA_EMAIL|MBC_EDH_PROFLOW_WDMU|1
C|VER|VER|MBC_VEEVA_EMAIL|MBC_EDH_PROFLOW_RDMU|1
C|VER|VER|MBC_VEEVA_EMAIL|MBC_NUMEDIS_MDMINUTE|1
C|VER|VER|MBC_HQ_EMAIL|EBC_F2F_CALL|1
C|VER|VER|MBC_HQ_EMAIL|EBC_VEEVA_EMAIL|1
C|VER|VER|MBC_HQ_EMAIL|EBC_HQ_EMAIL|30
C|VER|VER|MBC_HQ_EMAIL|EBC_EPOCRATES_ALERT|1
C|VER|VER|MBC_HQ_EMAIL|EBC_DOXIMITY_ALERT|1
C|VER|VER|MBC_HQ_EMAIL|EBC_DOXIMITY_DOCSPOT|1
C|VER|VER|MBC_HQ_EMAIL|EBC_MEDSCAPE_EMAIL|1
C|VER|VER|MBC_HQ_EMAIL|EBC_MEDSCAPE_ALERT|1
C|VER|VER|MBC_HQ_EMAIL|EBC_MEDSCAPE_POC|1
C|VER|VER|MBC_HQ_EMAIL|EBC_MEDSCAPE_BRANDSPOT|1
C|VER|VER|MBC_HQ_EMAIL|EBC_EDH_PROFLOW_EDMU|1
C|VER|VER|MBC_HQ_EMAIL|EBC_EDH_PROFLOW_WDMU|1
C|VER|VER|MBC_HQ_EMAIL|EBC_EDH_PROFLOW_RDMU|1
C|VER|VER|MBC_HQ_EMAIL|EBC_NUMEDIS_MDMINUTE|1
C|VER|VER|MBC_HQ_EMAIL|MBC_F2F_CALL|1
C|VER|VER|MBC_HQ_EMAIL|MBC_VEEVA_EMAIL|1
C|VER|VER|MBC_HQ_EMAIL|MBC_HQ_EMAIL|30
C|VER|VER|MBC_HQ_EMAIL|MBC_EPOCRATES_ALERT|1
C|VER|VER|MBC_HQ_EMAIL|MBC_DOXIMITY_ALERT|1
C|VER|VER|MBC_HQ_EMAIL|MBC_DOXIMITY_DOCSPOT|1
C|VER|VER|MBC_HQ_EMAIL|MBC_MEDSCAPE_EMAIL|1
C|VER|VER|MBC_HQ_EMAIL|MBC_MEDSCAPE_ALERT|1
C|VER|VER|MBC_HQ_EMAIL|MBC_MEDSCAPE_POC|1
C|VER|VER|MBC_HQ_EMAIL|MBC_MEDSCAPE_BRANDSPOT|1
C|VER|VER|MBC_HQ_EMAIL|MBC_EDH_PROFLOW_EDMU|1
C|VER|VER|MBC_HQ_EMAIL|MBC_EDH_PROFLOW_WDMU|1
C|VER|VER|MBC_HQ_EMAIL|MBC_EDH_PROFLOW_RDMU|1
C|VER|VER|MBC_HQ_EMAIL|MBC_NUMEDIS_MDMINUTE|1
C|VER|VER|MBC_EPOCRATES_ALERT|EBC_F2F_CALL|1
C|VER|VER|MBC_EPOCRATES_ALERT|EBC_VEEVA_EMAIL|1
C|VER|VER|MBC_EPOCRATES_ALERT|EBC_HQ_EMAIL|1
C|VER|VER|MBC_EPOCRATES_ALERT|EBC_EPOCRATES_ALERT|14
C|VER|VER|MBC_EPOCRATES_ALERT|EBC_DOXIMITY_ALERT|1
C|VER|VER|MBC_EPOCRATES_ALERT|EBC_DOXIMITY_DOCSPOT|1
C|VER|VER|MBC_EPOCRATES_ALERT|EBC_MEDSCAPE_EMAIL|1
C|VER|VER|MBC_EPOCRATES_ALERT|EBC_MEDSCAPE_ALERT|1
C|VER|VER|MBC_EPOCRATES_ALERT|EBC_MEDSCAPE_POC|1
C|VER|VER|MBC_EPOCRATES_ALERT|EBC_MEDSCAPE_BRANDSPOT|1
C|VER|VER|MBC_EPOCRATES_ALERT|EBC_EDH_PROFLOW_EDMU|1
C|VER|VER|MBC_EPOCRATES_ALERT|EBC_EDH_PROFLOW_WDMU|1
C|VER|VER|MBC_EPOCRATES_ALERT|EBC_EDH_PROFLOW_RDMU|1
C|VER|VER|MBC_EPOCRATES_ALERT|EBC_NUMEDIS_MDMINUTE|1
C|VER|VER|MBC_EPOCRATES_ALERT|MBC_F2F_CALL|1
C|VER|VER|MBC_EPOCRATES_ALERT|MBC_VEEVA_EMAIL|1
C|VER|VER|MBC_EPOCRATES_ALERT|MBC_HQ_EMAIL|1
C|VER|VER|MBC_EPOCRATES_ALERT|MBC_EPOCRATES_ALERT|14
C|VER|VER|MBC_EPOCRATES_ALERT|MBC_DOXIMITY_ALERT|1
C|VER|VER|MBC_EPOCRATES_ALERT|MBC_DOXIMITY_DOCSPOT|1
C|VER|VER|MBC_EPOCRATES_ALERT|MBC_MEDSCAPE_EMAIL|1
C|VER|VER|MBC_EPOCRATES_ALERT|MBC_MEDSCAPE_ALERT|1
C|VER|VER|MBC_EPOCRATES_ALERT|MBC_MEDSCAPE_POC|1
C|VER|VER|MBC_EPOCRATES_ALERT|MBC_MEDSCAPE_BRANDSPOT|1
C|VER|VER|MBC_EPOCRATES_ALERT|MBC_EDH_PROFLOW_EDMU|1
C|VER|VER|MBC_EPOCRATES_ALERT|MBC_EDH_PROFLOW_WDMU|1
C|VER|VER|MBC_EPOCRATES_ALERT|MBC_EDH_PROFLOW_RDMU|1
C|VER|VER|MBC_EPOCRATES_ALERT|MBC_NUMEDIS_MDMINUTE|1
C|VER|VER|MBC_DOXIMITY_ALERT|EBC_F2F_CALL|1
C|VER|VER|MBC_DOXIMITY_ALERT|EBC_VEEVA_EMAIL|1
C|VER|VER|MBC_DOXIMITY_ALERT|EBC_HQ_EMAIL|1
C|VER|VER|MBC_DOXIMITY_ALERT|EBC_EPOCRATES_ALERT|1
C|VER|VER|MBC_DOXIMITY_ALERT|EBC_DOXIMITY_ALERT|14
C|VER|VER|MBC_DOXIMITY_ALERT|EBC_DOXIMITY_DOCSPOT|14
C|VER|VER|MBC_DOXIMITY_ALERT|EBC_MEDSCAPE_EMAIL|1
C|VER|VER|MBC_DOXIMITY_ALERT|EBC_MEDSCAPE_ALERT|1
C|VER|VER|MBC_DOXIMITY_ALERT|EBC_MEDSCAPE_POC|1
C|VER|VER|MBC_DOXIMITY_ALERT|EBC_MEDSCAPE_BRANDSPOT|1
C|VER|VER|MBC_DOXIMITY_ALERT|EBC_EDH_PROFLOW_EDMU|1
C|VER|VER|MBC_DOXIMITY_ALERT|EBC_EDH_PROFLOW_WDMU|1
C|VER|VER|MBC_DOXIMITY_ALERT|EBC_EDH_PROFLOW_RDMU|1
C|VER|VER|MBC_DOXIMITY_ALERT|EBC_NUMEDIS_MDMINUTE|1
C|VER|VER|MBC_DOXIMITY_ALERT|MBC_F2F_CALL|1
C|VER|VER|MBC_DOXIMITY_ALERT|MBC_VEEVA_EMAIL|1
C|VER|VER|MBC_DOXIMITY_ALERT|MBC_HQ_EMAIL|1
C|VER|VER|MBC_DOXIMITY_ALERT|MBC_EPOCRATES_ALERT|1
C|VER|VER|MBC_DOXIMITY_ALERT|MBC_DOXIMITY_ALERT|14
C|VER|VER|MBC_DOXIMITY_ALERT|MBC_DOXIMITY_DOCSPOT|14
C|VER|VER|MBC_DOXIMITY_ALERT|MBC_MEDSCAPE_EMAIL|1
C|VER|VER|MBC_DOXIMITY_ALERT|MBC_MEDSCAPE_ALERT|1
C|VER|VER|MBC_DOXIMITY_ALERT|MBC_MEDSCAPE_POC|1
C|VER|VER|MBC_DOXIMITY_ALERT|MBC_MEDSCAPE_BRANDSPOT|1
C|VER|VER|MBC_DOXIMITY_ALERT|MBC_EDH_PROFLOW_EDMU|1
C|VER|VER|MBC_DOXIMITY_ALERT|MBC_EDH_PROFLOW_WDMU|1
C|VER|VER|MBC_DOXIMITY_ALERT|MBC_EDH_PROFLOW_RDMU|1
C|VER|VER|MBC_DOXIMITY_ALERT|MBC_NUMEDIS_MDMINUTE|1
C|VER|VER|MBC_DOXIMITY_DOCSPOT|EBC_F2F_CALL|1
C|VER|VER|MBC_DOXIMITY_DOCSPOT|EBC_VEEVA_EMAIL|1
C|VER|VER|MBC_DOXIMITY_DOCSPOT|EBC_HQ_EMAIL|1
C|VER|VER|MBC_DOXIMITY_DOCSPOT|EBC_EPOCRATES_ALERT|1
C|VER|VER|MBC_DOXIMITY_DOCSPOT|EBC_DOXIMITY_ALERT|14
C|VER|VER|MBC_DOXIMITY_DOCSPOT|EBC_DOXIMITY_DOCSPOT|14
C|VER|VER|MBC_DOXIMITY_DOCSPOT|EBC_MEDSCAPE_EMAIL|1
C|VER|VER|MBC_DOXIMITY_DOCSPOT|EBC_MEDSCAPE_ALERT|1
C|VER|VER|MBC_DOXIMITY_DOCSPOT|EBC_MEDSCAPE_POC|1
C|VER|VER|MBC_DOXIMITY_DOCSPOT|EBC_MEDSCAPE_BRANDSPOT|1
C|VER|VER|MBC_DOXIMITY_DOCSPOT|EBC_EDH_PROFLOW_EDMU|1
C|VER|VER|MBC_DOXIMITY_DOCSPOT|EBC_EDH_PROFLOW_WDMU|1
C|VER|VER|MBC_DOXIMITY_DOCSPOT|EBC_EDH_PROFLOW_RDMU|1
C|VER|VER|MBC_DOXIMITY_DOCSPOT|EBC_NUMEDIS_MDMINUTE|1
C|VER|VER|MBC_DOXIMITY_DOCSPOT|MBC_F2F_CALL|1
C|VER|VER|MBC_DOXIMITY_DOCSPOT|MBC_VEEVA_EMAIL|1
C|VER|VER|MBC_DOXIMITY_DOCSPOT|MBC_HQ_EMAIL|1
C|VER|VER|MBC_DOXIMITY_DOCSPOT|MBC_EPOCRATES_ALERT|1
C|VER|VER|MBC_DOXIMITY_DOCSPOT|MBC_DOXIMITY_ALERT|14
C|VER|VER|MBC_DOXIMITY_DOCSPOT|MBC_DOXIMITY_DOCSPOT|14
C|VER|VER|MBC_DOXIMITY_DOCSPOT|MBC_MEDSCAPE_EMAIL|1
C|VER|VER|MBC_DOXIMITY_DOCSPOT|MBC_MEDSCAPE_ALERT|1
C|VER|VER|MBC_DOXIMITY_DOCSPOT|MBC_MEDSCAPE_POC|1
C|VER|VER|MBC_DOXIMITY_DOCSPOT|MBC_MEDSCAPE_BRANDSPOT|1
C|VER|VER|MBC_DOXIMITY_DOCSPOT|MBC_EDH_PROFLOW_EDMU|1
C|VER|VER|MBC_DOXIMITY_DOCSPOT|MBC_EDH_PROFLOW_WDMU|1
C|VER|VER|MBC_DOXIMITY_DOCSPOT|MBC_EDH_PROFLOW_RDMU|1
C|VER|VER|MBC_DOXIMITY_DOCSPOT|MBC_NUMEDIS_MDMINUTE|1
C|VER|VER|MBC_MEDSCAPE_EMAIL|EBC_F2F_CALL|1
C|VER|VER|MBC_MEDSCAPE_EMAIL|EBC_VEEVA_EMAIL|1
C|VER|VER|MBC_MEDSCAPE_EMAIL|EBC_HQ_EMAIL|1
C|VER|VER|MBC_MEDSCAPE_EMAIL|EBC_EPOCRATES_ALERT|1
C|VER|VER|MBC_MEDSCAPE_EMAIL|EBC_DOXIMITY_ALERT|1
C|VER|VER|MBC_MEDSCAPE_EMAIL|EBC_DOXIMITY_DOCSPOT|1
C|VER|VER|MBC_MEDSCAPE_EMAIL|EBC_MEDSCAPE_EMAIL|14
C|VER|VER|MBC_MEDSCAPE_EMAIL|EBC_MEDSCAPE_ALERT|7
C|VER|VER|MBC_MEDSCAPE_EMAIL|EBC_MEDSCAPE_POC|7
C|VER|VER|MBC_MEDSCAPE_EMAIL|EBC_MEDSCAPE_BRANDSPOT|7
C|VER|VER|MBC_MEDSCAPE_EMAIL|EBC_EDH_PROFLOW_EDMU|1
C|VER|VER|MBC_MEDSCAPE_EMAIL|EBC_EDH_PROFLOW_WDMU|1
C|VER|VER|MBC_MEDSCAPE_EMAIL|EBC_EDH_PROFLOW_RDMU|1
C|VER|VER|MBC_MEDSCAPE_EMAIL|EBC_NUMEDIS_MDMINUTE|1
C|VER|VER|MBC_MEDSCAPE_EMAIL|MBC_F2F_CALL|1
C|VER|VER|MBC_MEDSCAPE_EMAIL|MBC_VEEVA_EMAIL|1
C|VER|VER|MBC_MEDSCAPE_EMAIL|MBC_HQ_EMAIL|1
C|VER|VER|MBC_MEDSCAPE_EMAIL|MBC_EPOCRATES_ALERT|1
C|VER|VER|MBC_MEDSCAPE_EMAIL|MBC_DOXIMITY_ALERT|1
C|VER|VER|MBC_MEDSCAPE_EMAIL|MBC_DOXIMITY_DOCSPOT|1
C|VER|VER|MBC_MEDSCAPE_EMAIL|MBC_MEDSCAPE_EMAIL|14
C|VER|VER|MBC_MEDSCAPE_EMAIL|MBC_MEDSCAPE_ALERT|7
C|VER|VER|MBC_MEDSCAPE_EMAIL|MBC_MEDSCAPE_POC|7
C|VER|VER|MBC_MEDSCAPE_EMAIL|MBC_MEDSCAPE_BRANDSPOT|7
C|VER|VER|MBC_MEDSCAPE_EMAIL|MBC_EDH_PROFLOW_EDMU|1
C|VER|VER|MBC_MEDSCAPE_EMAIL|MBC_EDH_PROFLOW_WDMU|1
C|VER|VER|MBC_MEDSCAPE_EMAIL|MBC_EDH_PROFLOW_RDMU|1
C|VER|VER|MBC_MEDSCAPE_EMAIL|MBC_NUMEDIS_MDMINUTE|1
C|VER|VER|MBC_MEDSCAPE_ALERT|EBC_F2F_CALL|1
C|VER|VER|MBC_MEDSCAPE_ALERT|EBC_VEEVA_EMAIL|1
C|VER|VER|MBC_MEDSCAPE_ALERT|EBC_HQ_EMAIL|1
C|VER|VER|MBC_MEDSCAPE_ALERT|EBC_EPOCRATES_ALERT|1
C|VER|VER|MBC_MEDSCAPE_ALERT|EBC_DOXIMITY_ALERT|1
C|VER|VER|MBC_MEDSCAPE_ALERT|EBC_DOXIMITY_DOCSPOT|1
C|VER|VER|MBC_MEDSCAPE_ALERT|EBC_MEDSCAPE_EMAIL|7
C|VER|VER|MBC_MEDSCAPE_ALERT|EBC_MEDSCAPE_ALERT|28
C|VER|VER|MBC_MEDSCAPE_ALERT|EBC_MEDSCAPE_POC|14
C|VER|VER|MBC_MEDSCAPE_ALERT|EBC_MEDSCAPE_BRANDSPOT|14
C|VER|VER|MBC_MEDSCAPE_ALERT|EBC_EDH_PROFLOW_EDMU|1
C|VER|VER|MBC_MEDSCAPE_ALERT|EBC_EDH_PROFLOW_WDMU|1
C|VER|VER|MBC_MEDSCAPE_ALERT|EBC_EDH_PROFLOW_RDMU|1
C|VER|VER|MBC_MEDSCAPE_ALERT|EBC_NUMEDIS_MDMINUTE|1
C|VER|VER|MBC_MEDSCAPE_ALERT|MBC_F2F_CALL|1
C|VER|VER|MBC_MEDSCAPE_ALERT|MBC_VEEVA_EMAIL|1
C|VER|VER|MBC_MEDSCAPE_ALERT|MBC_HQ_EMAIL|1
C|VER|VER|MBC_MEDSCAPE_ALERT|MBC_EPOCRATES_ALERT|1
C|VER|VER|MBC_MEDSCAPE_ALERT|MBC_DOXIMITY_ALERT|1
C|VER|VER|MBC_MEDSCAPE_ALERT|MBC_DOXIMITY_DOCSPOT|1
C|VER|VER|MBC_MEDSCAPE_ALERT|MBC_MEDSCAPE_EMAIL|7
C|VER|VER|MBC_MEDSCAPE_ALERT|MBC_MEDSCAPE_ALERT|28
C|VER|VER|MBC_MEDSCAPE_ALERT|MBC_MEDSCAPE_POC|14
C|VER|VER|MBC_MEDSCAPE_ALERT|MBC_MEDSCAPE_BRANDSPOT|14
C|VER|VER|MBC_MEDSCAPE_ALERT|MBC_EDH_PROFLOW_EDMU|1
C|VER|VER|MBC_MEDSCAPE_ALERT|MBC_EDH_PROFLOW_WDMU|1
C|VER|VER|MBC_MEDSCAPE_ALERT|MBC_EDH_PROFLOW_RDMU|1
C|VER|VER|MBC_MEDSCAPE_ALERT|MBC_NUMEDIS_MDMINUTE|1
C|VER|VER|MBC_MEDSCAPE_POC|EBC_F2F_CALL|1
C|VER|VER|MBC_MEDSCAPE_POC|EBC_VEEVA_EMAIL|1
C|VER|VER|MBC_MEDSCAPE_POC|EBC_HQ_EMAIL|1
C|VER|VER|MBC_MEDSCAPE_POC|EBC_EPOCRATES_ALERT|1
C|VER|VER|MBC_MEDSCAPE_POC|EBC_DOXIMITY_ALERT|1
C|VER|VER|MBC_MEDSCAPE_POC|EBC_DOXIMITY_DOCSPOT|1
C|VER|VER|MBC_MEDSCAPE_POC|EBC_MEDSCAPE_EMAIL|7
C|VER|VER|MBC_MEDSCAPE_POC|EBC_MEDSCAPE_ALERT|14
C|VER|VER|MBC_MEDSCAPE_POC|EBC_MEDSCAPE_POC|28
C|VER|VER|MBC_MEDSCAPE_POC|EBC_MEDSCAPE_BRANDSPOT|14
C|VER|VER|MBC_MEDSCAPE_POC|EBC_EDH_PROFLOW_EDMU|1
C|VER|VER|MBC_MEDSCAPE_POC|EBC_EDH_PROFLOW_WDMU|1
C|VER|VER|MBC_MEDSCAPE_POC|EBC_EDH_PROFLOW_RDMU|1
C|VER|VER|MBC_MEDSCAPE_POC|EBC_NUMEDIS_MDMINUTE|1
C|VER|VER|MBC_MEDSCAPE_POC|MBC_F2F_CALL|1
C|VER|VER|MBC_MEDSCAPE_POC|MBC_VEEVA_EMAIL|1
C|VER|VER|MBC_MEDSCAPE_POC|MBC_HQ_EMAIL|1
C|VER|VER|MBC_MEDSCAPE_POC|MBC_EPOCRATES_ALERT|1
C|VER|VER|MBC_MEDSCAPE_POC|MBC_DOXIMITY_ALERT|1
C|VER|VER|MBC_MEDSCAPE_POC|MBC_DOXIMITY_DOCSPOT|1
C|VER|VER|MBC_MEDSCAPE_POC|MBC_MEDSCAPE_EMAIL|7
C|VER|VER|MBC_MEDSCAPE_POC|MBC_MEDSCAPE_ALERT|14
C|VER|VER|MBC_MEDSCAPE_POC|MBC_MEDSCAPE_POC|28
C|VER|VER|MBC_MEDSCAPE_POC|MBC_MEDSCAPE_BRANDSPOT|14
C|VER|VER|MBC_MEDSCAPE_POC|MBC_EDH_PROFLOW_EDMU|1
C|VER|VER|MBC_MEDSCAPE_POC|MBC_EDH_PROFLOW_WDMU|1
C|VER|VER|MBC_MEDSCAPE_POC|MBC_EDH_PROFLOW_RDMU|1
C|VER|VER|MBC_MEDSCAPE_POC|MBC_NUMEDIS_MDMINUTE|1
C|VER|VER|MBC_EDH_PROFLOW_EDMU|EBC_F2F_CALL|1
C|VER|VER|MBC_EDH_PROFLOW_EDMU|EBC_VEEVA_EMAIL|1
C|VER|VER|MBC_EDH_PROFLOW_EDMU|EBC_HQ_EMAIL|1
C|VER|VER|MBC_EDH_PROFLOW_EDMU|EBC_EPOCRATES_ALERT|1
C|VER|VER|MBC_EDH_PROFLOW_EDMU|EBC_DOXIMITY_ALERT|1
C|VER|VER|MBC_EDH_PROFLOW_EDMU|EBC_DOXIMITY_DOCSPOT|1
C|VER|VER|MBC_EDH_PROFLOW_EDMU|EBC_MEDSCAPE_EMAIL|1
C|VER|VER|MBC_EDH_PROFLOW_EDMU|EBC_MEDSCAPE_ALERT|1
C|VER|VER|MBC_EDH_PROFLOW_EDMU|EBC_MEDSCAPE_POC|1
C|VER|VER|MBC_EDH_PROFLOW_EDMU|EBC_MEDSCAPE_BRANDSPOT|1
C|VER|VER|MBC_EDH_PROFLOW_EDMU|EBC_EDH_PROFLOW_EDMU|14
C|VER|VER|MBC_EDH_PROFLOW_EDMU|EBC_EDH_PROFLOW_WDMU|14
C|VER|VER|MBC_EDH_PROFLOW_EDMU|EBC_EDH_PROFLOW_RDMU|14
C|VER|VER|MBC_EDH_PROFLOW_EDMU|EBC_NUMEDIS_MDMINUTE|1
C|VER|VER|MBC_EDH_PROFLOW_EDMU|MBC_F2F_CALL|1
C|VER|VER|MBC_EDH_PROFLOW_EDMU|MBC_VEEVA_EMAIL|1
C|VER|VER|MBC_EDH_PROFLOW_EDMU|MBC_HQ_EMAIL|1
C|VER|VER|MBC_EDH_PROFLOW_EDMU|MBC_EPOCRATES_ALERT|1
C|VER|VER|MBC_EDH_PROFLOW_EDMU|MBC_DOXIMITY_ALERT|1
C|VER|VER|MBC_EDH_PROFLOW_EDMU|MBC_DOXIMITY_DOCSPOT|1
C|VER|VER|MBC_EDH_PROFLOW_EDMU|MBC_MEDSCAPE_EMAIL|1
C|VER|VER|MBC_EDH_PROFLOW_EDMU|MBC_MEDSCAPE_ALERT|1
C|VER|VER|MBC_EDH_PROFLOW_EDMU|MBC_MEDSCAPE_POC|1
C|VER|VER|MBC_EDH_PROFLOW_EDMU|MBC_MEDSCAPE_BRANDSPOT|1
C|VER|VER|MBC_EDH_PROFLOW_EDMU|MBC_EDH_PROFLOW_EDMU|14
C|VER|VER|MBC_EDH_PROFLOW_EDMU|MBC_EDH_PROFLOW_WDMU|14
C|VER|VER|MBC_EDH_PROFLOW_EDMU|MBC_EDH_PROFLOW_RDMU|14
C|VER|VER|MBC_EDH_PROFLOW_EDMU|MBC_NUMEDIS_MDMINUTE|1
C|VER|VER|MBC_EDH_PROFLOW_WDMU|EBC_F2F_CALL|1
C|VER|VER|MBC_EDH_PROFLOW_WDMU|EBC_VEEVA_EMAIL|1
C|VER|VER|MBC_EDH_PROFLOW_WDMU|EBC_HQ_EMAIL|1
C|VER|VER|MBC_EDH_PROFLOW_WDMU|EBC_EPOCRATES_ALERT|1
C|VER|VER|MBC_EDH_PROFLOW_WDMU|EBC_DOXIMITY_ALERT|1
C|VER|VER|MBC_EDH_PROFLOW_WDMU|EBC_DOXIMITY_DOCSPOT|1
C|VER|VER|MBC_EDH_PROFLOW_WDMU|EBC_MEDSCAPE_EMAIL|1
C|VER|VER|MBC_EDH_PROFLOW_WDMU|EBC_MEDSCAPE_ALERT|1
C|VER|VER|MBC_EDH_PROFLOW_WDMU|EBC_MEDSCAPE_POC|1
C|VER|VER|MBC_EDH_PROFLOW_WDMU|EBC_MEDSCAPE_BRANDSPOT|1
C|VER|VER|MBC_EDH_PROFLOW_WDMU|EBC_EDH_PROFLOW_EDMU|14
C|VER|VER|MBC_EDH_PROFLOW_WDMU|EBC_EDH_PROFLOW_WDMU|14
C|VER|VER|MBC_EDH_PROFLOW_WDMU|EBC_EDH_PROFLOW_RDMU|14
C|VER|VER|MBC_EDH_PROFLOW_WDMU|EBC_NUMEDIS_MDMINUTE|1
C|VER|VER|MBC_EDH_PROFLOW_WDMU|MBC_F2F_CALL|1
C|VER|VER|MBC_EDH_PROFLOW_WDMU|MBC_VEEVA_EMAIL|1
C|VER|VER|MBC_EDH_PROFLOW_WDMU|MBC_HQ_EMAIL|1
C|VER|VER|MBC_EDH_PROFLOW_WDMU|MBC_EPOCRATES_ALERT|1
C|VER|VER|MBC_EDH_PROFLOW_WDMU|MBC_DOXIMITY_ALERT|1
C|VER|VER|MBC_EDH_PROFLOW_WDMU|MBC_DOXIMITY_DOCSPOT|1
C|VER|VER|MBC_EDH_PROFLOW_WDMU|MBC_MEDSCAPE_EMAIL|1
C|VER|VER|MBC_EDH_PROFLOW_WDMU|MBC_MEDSCAPE_ALERT|1
C|VER|VER|MBC_EDH_PROFLOW_WDMU|MBC_MEDSCAPE_POC|1
C|VER|VER|MBC_EDH_PROFLOW_WDMU|MBC_MEDSCAPE_BRANDSPOT|1
C|VER|VER|MBC_EDH_PROFLOW_WDMU|MBC_EDH_PROFLOW_EDMU|14
C|VER|VER|MBC_EDH_PROFLOW_WDMU|MBC_EDH_PROFLOW_WDMU|14
C|VER|VER|MBC_EDH_PROFLOW_WDMU|MBC_EDH_PROFLOW_RDMU|14
C|VER|VER|MBC_EDH_PROFLOW_WDMU|MBC_NUMEDIS_MDMINUTE|1
C|VER|VER|MBC_EDH_PROFLOW_RDMU|EBC_F2F_CALL|1
C|VER|VER|MBC_EDH_PROFLOW_RDMU|EBC_VEEVA_EMAIL|1
C|VER|VER|MBC_EDH_PROFLOW_RDMU|EBC_HQ_EMAIL|1
C|VER|VER|MBC_EDH_PROFLOW_RDMU|EBC_EPOCRATES_ALERT|1
C|VER|VER|MBC_EDH_PROFLOW_RDMU|EBC_DOXIMITY_ALERT|1
C|VER|VER|MBC_EDH_PROFLOW_RDMU|EBC_DOXIMITY_DOCSPOT|1
C|VER|VER|MBC_EDH_PROFLOW_RDMU|EBC_MEDSCAPE_EMAIL|1
C|VER|VER|MBC_EDH_PROFLOW_RDMU|EBC_MEDSCAPE_ALERT|1
C|VER|VER|MBC_EDH_PROFLOW_RDMU|EBC_MEDSCAPE_POC|1
C|VER|VER|MBC_EDH_PROFLOW_RDMU|EBC_MEDSCAPE_BRANDSPOT|1
C|VER|VER|MBC_EDH_PROFLOW_RDMU|EBC_EDH_PROFLOW_EDMU|14
C|VER|VER|MBC_EDH_PROFLOW_RDMU|EBC_EDH_PROFLOW_WDMU|14
C|VER|VER|MBC_EDH_PROFLOW_RDMU|EBC_EDH_PROFLOW_RDMU|14
C|VER|VER|MBC_EDH_PROFLOW_RDMU|EBC_NUMEDIS_MDMINUTE|1
C|VER|VER|MBC_EDH_PROFLOW_RDMU|MBC_F2F_CALL|1
C|VER|VER|MBC_EDH_PROFLOW_RDMU|MBC_VEEVA_EMAIL|1
C|VER|VER|MBC_EDH_PROFLOW_RDMU|MBC_HQ_EMAIL|1
C|VER|VER|MBC_EDH_PROFLOW_RDMU|MBC_EPOCRATES_ALERT|1
C|VER|VER|MBC_EDH_PROFLOW_RDMU|MBC_DOXIMITY_ALERT|1
C|VER|VER|MBC_EDH_PROFLOW_RDMU|MBC_DOXIMITY_DOCSPOT|1
C|VER|VER|MBC_EDH_PROFLOW_RDMU|MBC_MEDSCAPE_EMAIL|1
C|VER|VER|MBC_EDH_PROFLOW_RDMU|MBC_MEDSCAPE_ALERT|1
C|VER|VER|MBC_EDH_PROFLOW_RDMU|MBC_MEDSCAPE_POC|1
C|VER|VER|MBC_EDH_PROFLOW_RDMU|MBC_MEDSCAPE_BRANDSPOT|1
C|VER|VER|MBC_EDH_PROFLOW_RDMU|MBC_EDH_PROFLOW_EDMU|14
C|VER|VER|MBC_EDH_PROFLOW_RDMU|MBC_EDH_PROFLOW_WDMU|14
C|VER|VER|MBC_EDH_PROFLOW_RDMU|MBC_EDH_PROFLOW_RDMU|14
C|VER|VER|MBC_EDH_PROFLOW_RDMU|MBC_NUMEDIS_MDMINUTE|1
C|VER|VER|MBC_NUMEDIS_MDMINUTE|EBC_F2F_CALL|1
C|VER|VER|MBC_NUMEDIS_MDMINUTE|EBC_VEEVA_EMAIL|1
C|VER|VER|MBC_NUMEDIS_MDMINUTE|EBC_HQ_EMAIL|1
C|VER|VER|MBC_NUMEDIS_MDMINUTE|EBC_EPOCRATES_ALERT|1
C|VER|VER|MBC_NUMEDIS_MDMINUTE|EBC_DOXIMITY_ALERT|1
C|VER|VER|MBC_NUMEDIS_MDMINUTE|EBC_DOXIMITY_DOCSPOT|1
C|VER|VER|MBC_NUMEDIS_MDMINUTE|EBC_MEDSCAPE_EMAIL|1
C|VER|VER|MBC_NUMEDIS_MDMINUTE|EBC_MEDSCAPE_ALERT|1
C|VER|VER|MBC_NUMEDIS_MDMINUTE|EBC_MEDSCAPE_POC|1
C|VER|VER|MBC_NUMEDIS_MDMINUTE|EBC_MEDSCAPE_BRANDSPOT|1
C|VER|VER|MBC_NUMEDIS_MDMINUTE|EBC_EDH_PROFLOW_EDMU|1
C|VER|VER|MBC_NUMEDIS_MDMINUTE|EBC_EDH_PROFLOW_WDMU|1
C|VER|VER|MBC_NUMEDIS_MDMINUTE|EBC_EDH_PROFLOW_RDMU|1
C|VER|VER|MBC_NUMEDIS_MDMINUTE|EBC_NUMEDIS_MDMINUTE|14
C|VER|VER|MBC_NUMEDIS_MDMINUTE|MBC_F2F_CALL|1
C|VER|VER|MBC_NUMEDIS_MDMINUTE|MBC_VEEVA_EMAIL|1
C|VER|VER|MBC_NUMEDIS_MDMINUTE|MBC_HQ_EMAIL|1
C|VER|VER|MBC_NUMEDIS_MDMINUTE|MBC_EPOCRATES_ALERT|1
C|VER|VER|MBC_NUMEDIS_MDMINUTE|MBC_DOXIMITY_ALERT|1
C|VER|VER|MBC_NUMEDIS_MDMINUTE|MBC_DOXIMITY_DOCSPOT|1
C|VER|VER|MBC_NUMEDIS_MDMINUTE|MBC_MEDSCAPE_EMAIL|1
C|VER|VER|MBC_NUMEDIS_MDMINUTE|MBC_MEDSCAPE_ALERT|1
C|VER|VER|MBC_NUMEDIS_MDMINUTE|MBC_MEDSCAPE_POC|1
C|VER|VER|MBC_NUMEDIS_MDMINUTE|MBC_MEDSCAPE_BRANDSPOT|1
C|VER|VER|MBC_NUMEDIS_MDMINUTE|MBC_EDH_PROFLOW_EDMU|1
C|VER|VER|MBC_NUMEDIS_MDMINUTE|MBC_EDH_PROFLOW_WDMU|1
C|VER|VER|MBC_NUMEDIS_MDMINUTE|MBC_EDH_PROFLOW_RDMU|1
C|VER|VER|MBC_NUMEDIS_MDMINUTE|MBC_NUMEDIS_MDMINUTE|14
C|VER|VER|EBC_MEDSCAPE_BRANDSPOT|EBC_F2F_CALL|1
C|VER|VER|EBC_MEDSCAPE_BRANDSPOT|EBC_VEEVA_EMAIL|1
C|VER|VER|EBC_MEDSCAPE_BRANDSPOT|EBC_HQ_EMAIL|1
C|VER|VER|EBC_MEDSCAPE_BRANDSPOT|EBC_EPOCRATES_ALERT|1
C|VER|VER|EBC_MEDSCAPE_BRANDSPOT|EBC_DOXIMITY_ALERT|1
C|VER|VER|EBC_MEDSCAPE_BRANDSPOT|EBC_DOXIMITY_DOCSPOT|1
C|VER|VER|EBC_MEDSCAPE_BRANDSPOT|EBC_MEDSCAPE_EMAIL|7
C|VER|VER|EBC_MEDSCAPE_BRANDSPOT|EBC_MEDSCAPE_ALERT|14
C|VER|VER|EBC_MEDSCAPE_BRANDSPOT|EBC_MEDSCAPE_POC|14
C|VER|VER|EBC_MEDSCAPE_BRANDSPOT|EBC_MEDSCAPE_BRANDSPOT|28
C|VER|VER|EBC_MEDSCAPE_BRANDSPOT|EBC_EDH_PROFLOW_EDMU|1
C|VER|VER|EBC_MEDSCAPE_BRANDSPOT|EBC_EDH_PROFLOW_WDMU|1
C|VER|VER|EBC_MEDSCAPE_BRANDSPOT|EBC_EDH_PROFLOW_RDMU|1
C|VER|VER|EBC_MEDSCAPE_BRANDSPOT|EBC_NUMEDIS_MDMINUTE|1
C|VER|VER|MBC_MEDSCAPE_BRANDSPOT|MBC_F2F_CALL|1
C|VER|VER|MBC_MEDSCAPE_BRANDSPOT|MBC_VEEVA_EMAIL|1
C|VER|VER|MBC_MEDSCAPE_BRANDSPOT|MBC_HQ_EMAIL|1
C|VER|VER|MBC_NUMEDIS_MDMINUTE|MBC_EPOCRATES_ALERT|1
C|VER|VER|MBC_MEDSCAPE_BRANDSPOT|MBC_DOXIMITY_ALERT|1
C|VER|VER|MBC_MEDSCAPE_BRANDSPOT|MBC_DOXIMITY_DOCSPOT|1
C|VER|VER|MBC_MEDSCAPE_BRANDSPOT|MBC_MEDSCAPE_EMAIL|7
C|VER|VER|MBC_MEDSCAPE_BRANDSPOT|MBC_MEDSCAPE_ALERT|14
C|VER|VER|MBC_MEDSCAPE_BRANDSPOT|MBC_MEDSCAPE_POC|14
C|VER|VER|MBC_MEDSCAPE_BRANDSPOT|MBC_MEDSCAPE_BRANDSPOT|28
C|VER|VER|MBC_MEDSCAPE_BRANDSPOT|MBC_EDH_PROFLOW_EDMU|1
C|VER|VER|MBC_MEDSCAPE_BRANDSPOT|MBC_EDH_PROFLOW_WDMU|1
C|VER|VER|MBC_MEDSCAPE_BRANDSPOT|MBC_EDH_PROFLOW_RDMU|1
C|VER|VER|MBC_MEDSCAPE_BRANDSPOT|MBC_NUMEDIS_MDMINUTE|1
H|VER|VER|EBC_F2F_CALL|EBC_F2F_CALL|21
H|VER|VER|EBC_F2F_CALL|EBC_VEEVA_EMAIL|14
H|VER|VER|EBC_F2F_CALL|EBC_HQ_EMAIL|1
H|VER|VER|EBC_F2F_CALL|EBC_EPOCRATES_ALERT|1
H|VER|VER|EBC_F2F_CALL|EBC_DOXIMITY_ALERT|1
H|VER|VER|EBC_F2F_CALL|EBC_DOXIMITY_DOCSPOT|1
H|VER|VER|EBC_F2F_CALL|EBC_MEDSCAPE_EMAIL|1
H|VER|VER|EBC_F2F_CALL|EBC_MEDSCAPE_ALERT|1
H|VER|VER|EBC_F2F_CALL|EBC_MEDSCAPE_POC|1
H|VER|VER|EBC_F2F_CALL|EBC_MEDSCAPE_BRANDSPOT|1
H|VER|VER|EBC_F2F_CALL|EBC_EDH_PROFLOW_EDMU|1
H|VER|VER|EBC_F2F_CALL|EBC_EDH_PROFLOW_WDMU|1
H|VER|VER|EBC_F2F_CALL|EBC_EDH_PROFLOW_RDMU|1
H|VER|VER|EBC_F2F_CALL|EBC_NUMEDIS_MDMINUTE|1
H|VER|VER|EBC_F2F_CALL|MBC_F2F_CALL|21
H|VER|VER|EBC_F2F_CALL|MBC_VEEVA_EMAIL|14
H|VER|VER|EBC_F2F_CALL|MBC_HQ_EMAIL|1
H|VER|VER|EBC_F2F_CALL|MBC_EPOCRATES_ALERT|1
H|VER|VER|EBC_F2F_CALL|MBC_DOXIMITY_ALERT|1
H|VER|VER|EBC_F2F_CALL|MBC_DOXIMITY_DOCSPOT|1
H|VER|VER|EBC_F2F_CALL|MBC_MEDSCAPE_EMAIL|1
H|VER|VER|EBC_F2F_CALL|MBC_MEDSCAPE_ALERT|1
H|VER|VER|EBC_F2F_CALL|MBC_MEDSCAPE_POC|1
H|VER|VER|EBC_F2F_CALL|MBC_MEDSCAPE_BRANDSPOT|1
H|VER|VER|EBC_F2F_CALL|MBC_EDH_PROFLOW_EDMU|1
H|VER|VER|EBC_F2F_CALL|MBC_EDH_PROFLOW_WDMU|1
H|VER|VER|EBC_F2F_CALL|MBC_EDH_PROFLOW_RDMU|1
H|VER|VER|EBC_F2F_CALL|MBC_NUMEDIS_MDMINUTE|1
H|VER|VER|EBC_VEEVA_EMAIL|EBC_F2F_CALL|1
H|VER|VER|EBC_VEEVA_EMAIL|EBC_VEEVA_EMAIL|1
H|VER|VER|EBC_VEEVA_EMAIL|EBC_HQ_EMAIL|1
H|VER|VER|EBC_VEEVA_EMAIL|EBC_EPOCRATES_ALERT|1
H|VER|VER|EBC_VEEVA_EMAIL|EBC_DOXIMITY_ALERT|1
H|VER|VER|EBC_VEEVA_EMAIL|EBC_DOXIMITY_DOCSPOT|1
H|VER|VER|EBC_VEEVA_EMAIL|EBC_MEDSCAPE_EMAIL|1
H|VER|VER|EBC_VEEVA_EMAIL|EBC_MEDSCAPE_ALERT|1
H|VER|VER|EBC_VEEVA_EMAIL|EBC_MEDSCAPE_POC|1
H|VER|VER|EBC_VEEVA_EMAIL|EBC_MEDSCAPE_BRANDSPOT|1
H|VER|VER|EBC_VEEVA_EMAIL|EBC_EDH_PROFLOW_EDMU|1
H|VER|VER|EBC_VEEVA_EMAIL|EBC_EDH_PROFLOW_WDMU|1
H|VER|VER|EBC_VEEVA_EMAIL|EBC_EDH_PROFLOW_RDMU|1
H|VER|VER|EBC_VEEVA_EMAIL|EBC_NUMEDIS_MDMINUTE|1
H|VER|VER|EBC_VEEVA_EMAIL|MBC_F2F_CALL|1
H|VER|VER|EBC_VEEVA_EMAIL|MBC_VEEVA_EMAIL|1
H|VER|VER|EBC_VEEVA_EMAIL|MBC_HQ_EMAIL|1
H|VER|VER|EBC_VEEVA_EMAIL|MBC_EPOCRATES_ALERT|1
H|VER|VER|EBC_VEEVA_EMAIL|MBC_DOXIMITY_ALERT|1
H|VER|VER|EBC_VEEVA_EMAIL|MBC_DOXIMITY_DOCSPOT|1
H|VER|VER|EBC_VEEVA_EMAIL|MBC_MEDSCAPE_EMAIL|1
H|VER|VER|EBC_VEEVA_EMAIL|MBC_MEDSCAPE_ALERT|1
H|VER|VER|EBC_VEEVA_EMAIL|MBC_MEDSCAPE_POC|1
H|VER|VER|EBC_VEEVA_EMAIL|MBC_MEDSCAPE_BRANDSPOT|1
H|VER|VER|EBC_VEEVA_EMAIL|MBC_EDH_PROFLOW_EDMU|1
H|VER|VER|EBC_VEEVA_EMAIL|MBC_EDH_PROFLOW_WDMU|1
H|VER|VER|EBC_VEEVA_EMAIL|MBC_EDH_PROFLOW_RDMU|1
H|VER|VER|EBC_VEEVA_EMAIL|MBC_NUMEDIS_MDMINUTE|1
H|VER|VER|EBC_HQ_EMAIL|EBC_F2F_CALL|1
H|VER|VER|EBC_HQ_EMAIL|EBC_VEEVA_EMAIL|1
H|VER|VER|EBC_HQ_EMAIL|EBC_HQ_EMAIL|30
H|VER|VER|EBC_HQ_EMAIL|EBC_EPOCRATES_ALERT|1
H|VER|VER|EBC_HQ_EMAIL|EBC_DOXIMITY_ALERT|1
H|VER|VER|EBC_HQ_EMAIL|EBC_DOXIMITY_DOCSPOT|1
H|VER|VER|EBC_HQ_EMAIL|EBC_MEDSCAPE_EMAIL|1
H|VER|VER|EBC_HQ_EMAIL|EBC_MEDSCAPE_ALERT|1
H|VER|VER|EBC_HQ_EMAIL|EBC_MEDSCAPE_POC|1
H|VER|VER|EBC_HQ_EMAIL|EBC_MEDSCAPE_BRANDSPOT|1
H|VER|VER|EBC_HQ_EMAIL|EBC_EDH_PROFLOW_EDMU|1
H|VER|VER|EBC_HQ_EMAIL|EBC_EDH_PROFLOW_WDMU|1
H|VER|VER|EBC_HQ_EMAIL|EBC_EDH_PROFLOW_RDMU|1
H|VER|VER|EBC_HQ_EMAIL|EBC_NUMEDIS_MDMINUTE|1
H|VER|VER|EBC_HQ_EMAIL|MBC_F2F_CALL|1
H|VER|VER|EBC_HQ_EMAIL|MBC_VEEVA_EMAIL|1
H|VER|VER|EBC_HQ_EMAIL|MBC_HQ_EMAIL|30
H|VER|VER|EBC_HQ_EMAIL|MBC_EPOCRATES_ALERT|1
H|VER|VER|EBC_HQ_EMAIL|MBC_DOXIMITY_ALERT|1
H|VER|VER|EBC_HQ_EMAIL|MBC_DOXIMITY_DOCSPOT|1
H|VER|VER|EBC_HQ_EMAIL|MBC_MEDSCAPE_EMAIL|1
H|VER|VER|EBC_HQ_EMAIL|MBC_MEDSCAPE_ALERT|1
H|VER|VER|EBC_HQ_EMAIL|MBC_MEDSCAPE_POC|1
H|VER|VER|EBC_HQ_EMAIL|MBC_MEDSCAPE_BRANDSPOT|1
H|VER|VER|EBC_HQ_EMAIL|MBC_EDH_PROFLOW_EDMU|1
H|VER|VER|EBC_HQ_EMAIL|MBC_EDH_PROFLOW_WDMU|1
H|VER|VER|EBC_HQ_EMAIL|MBC_EDH_PROFLOW_RDMU|1
H|VER|VER|EBC_HQ_EMAIL|MBC_NUMEDIS_MDMINUTE|1
H|VER|VER|EBC_EPOCRATES_ALERT|EBC_F2F_CALL|1
H|VER|VER|EBC_EPOCRATES_ALERT|EBC_VEEVA_EMAIL|1
H|VER|VER|EBC_EPOCRATES_ALERT|EBC_HQ_EMAIL|1
H|VER|VER|EBC_EPOCRATES_ALERT|EBC_EPOCRATES_ALERT|14
H|VER|VER|EBC_EPOCRATES_ALERT|EBC_DOXIMITY_ALERT|1
H|VER|VER|EBC_EPOCRATES_ALERT|EBC_DOXIMITY_DOCSPOT|1
H|VER|VER|EBC_EPOCRATES_ALERT|EBC_MEDSCAPE_EMAIL|1
H|VER|VER|EBC_EPOCRATES_ALERT|EBC_MEDSCAPE_ALERT|1
H|VER|VER|EBC_EPOCRATES_ALERT|EBC_MEDSCAPE_POC|1
H|VER|VER|EBC_EPOCRATES_ALERT|EBC_MEDSCAPE_BRANDSPOT|1
H|VER|VER|EBC_EPOCRATES_ALERT|EBC_EDH_PROFLOW_EDMU|1
H|VER|VER|EBC_EPOCRATES_ALERT|EBC_EDH_PROFLOW_WDMU|1
H|VER|VER|EBC_EPOCRATES_ALERT|EBC_EDH_PROFLOW_RDMU|1
H|VER|VER|EBC_EPOCRATES_ALERT|EBC_NUMEDIS_MDMINUTE|1
H|VER|VER|EBC_EPOCRATES_ALERT|MBC_F2F_CALL|1
H|VER|VER|EBC_EPOCRATES_ALERT|MBC_VEEVA_EMAIL|1
H|VER|VER|EBC_EPOCRATES_ALERT|MBC_HQ_EMAIL|1
H|VER|VER|EBC_EPOCRATES_ALERT|MBC_EPOCRATES_ALERT|14
H|VER|VER|EBC_EPOCRATES_ALERT|MBC_DOXIMITY_ALERT|1
H|VER|VER|EBC_EPOCRATES_ALERT|MBC_DOXIMITY_DOCSPOT|1
H|VER|VER|EBC_EPOCRATES_ALERT|MBC_MEDSCAPE_EMAIL|1
H|VER|VER|EBC_EPOCRATES_ALERT|MBC_MEDSCAPE_ALERT|1
H|VER|VER|EBC_EPOCRATES_ALERT|MBC_MEDSCAPE_POC|1
H|VER|VER|EBC_EPOCRATES_ALERT|MBC_MEDSCAPE_BRANDSPOT|1
H|VER|VER|EBC_EPOCRATES_ALERT|MBC_EDH_PROFLOW_EDMU|1
H|VER|VER|EBC_EPOCRATES_ALERT|MBC_EDH_PROFLOW_WDMU|1
H|VER|VER|EBC_EPOCRATES_ALERT|MBC_EDH_PROFLOW_RDMU|1
H|VER|VER|EBC_EPOCRATES_ALERT|MBC_NUMEDIS_MDMINUTE|1
H|VER|VER|EBC_DOXIMITY_ALERT|EBC_F2F_CALL|1
H|VER|VER|EBC_DOXIMITY_ALERT|EBC_VEEVA_EMAIL|1
H|VER|VER|EBC_DOXIMITY_ALERT|EBC_HQ_EMAIL|1
H|VER|VER|EBC_DOXIMITY_ALERT|EBC_EPOCRATES_ALERT|1
H|VER|VER|EBC_DOXIMITY_ALERT|EBC_DOXIMITY_ALERT|14
H|VER|VER|EBC_DOXIMITY_ALERT|EBC_DOXIMITY_DOCSPOT|14
H|VER|VER|EBC_DOXIMITY_ALERT|EBC_MEDSCAPE_EMAIL|1
H|VER|VER|EBC_DOXIMITY_ALERT|EBC_MEDSCAPE_ALERT|1
H|VER|VER|EBC_DOXIMITY_ALERT|EBC_MEDSCAPE_POC|1
H|VER|VER|EBC_DOXIMITY_ALERT|EBC_MEDSCAPE_BRANDSPOT|1
H|VER|VER|EBC_DOXIMITY_ALERT|EBC_EDH_PROFLOW_EDMU|1
H|VER|VER|EBC_DOXIMITY_ALERT|EBC_EDH_PROFLOW_WDMU|1
H|VER|VER|EBC_DOXIMITY_ALERT|EBC_EDH_PROFLOW_RDMU|1
H|VER|VER|EBC_DOXIMITY_ALERT|EBC_NUMEDIS_MDMINUTE|1
H|VER|VER|EBC_DOXIMITY_ALERT|MBC_F2F_CALL|1
H|VER|VER|EBC_DOXIMITY_ALERT|MBC_VEEVA_EMAIL|1
H|VER|VER|EBC_DOXIMITY_ALERT|MBC_HQ_EMAIL|1
H|VER|VER|EBC_DOXIMITY_ALERT|MBC_EPOCRATES_ALERT|1
H|VER|VER|EBC_DOXIMITY_ALERT|MBC_DOXIMITY_ALERT|14
H|VER|VER|EBC_DOXIMITY_ALERT|MBC_DOXIMITY_DOCSPOT|14
H|VER|VER|EBC_DOXIMITY_ALERT|MBC_MEDSCAPE_EMAIL|1
H|VER|VER|EBC_DOXIMITY_ALERT|MBC_MEDSCAPE_ALERT|1
H|VER|VER|EBC_DOXIMITY_ALERT|MBC_MEDSCAPE_POC|1
H|VER|VER|EBC_DOXIMITY_ALERT|MBC_MEDSCAPE_BRANDSPOT|1
H|VER|VER|EBC_DOXIMITY_ALERT|MBC_EDH_PROFLOW_EDMU|1
H|VER|VER|EBC_DOXIMITY_ALERT|MBC_EDH_PROFLOW_WDMU|1
H|VER|VER|EBC_DOXIMITY_ALERT|MBC_EDH_PROFLOW_RDMU|1
H|VER|VER|EBC_DOXIMITY_ALERT|MBC_NUMEDIS_MDMINUTE|1
H|VER|VER|EBC_DOXIMITY_DOCSPOT|EBC_F2F_CALL|1
H|VER|VER|EBC_DOXIMITY_DOCSPOT|EBC_VEEVA_EMAIL|1
H|VER|VER|EBC_DOXIMITY_DOCSPOT|EBC_HQ_EMAIL|1
H|VER|VER|EBC_DOXIMITY_DOCSPOT|EBC_EPOCRATES_ALERT|1
H|VER|VER|EBC_DOXIMITY_DOCSPOT|EBC_DOXIMITY_ALERT|14
H|VER|VER|EBC_DOXIMITY_DOCSPOT|EBC_DOXIMITY_DOCSPOT|14
H|VER|VER|EBC_DOXIMITY_DOCSPOT|EBC_MEDSCAPE_EMAIL|1
H|VER|VER|EBC_DOXIMITY_DOCSPOT|EBC_MEDSCAPE_ALERT|1
H|VER|VER|EBC_DOXIMITY_DOCSPOT|EBC_MEDSCAPE_POC|1
H|VER|VER|EBC_DOXIMITY_DOCSPOT|EBC_MEDSCAPE_BRANDSPOT|1
H|VER|VER|EBC_DOXIMITY_DOCSPOT|EBC_EDH_PROFLOW_EDMU|1
H|VER|VER|EBC_DOXIMITY_DOCSPOT|EBC_EDH_PROFLOW_WDMU|1
H|VER|VER|EBC_DOXIMITY_DOCSPOT|EBC_EDH_PROFLOW_RDMU|1
H|VER|VER|EBC_DOXIMITY_DOCSPOT|EBC_NUMEDIS_MDMINUTE|1
H|VER|VER|EBC_DOXIMITY_DOCSPOT|MBC_F2F_CALL|1
H|VER|VER|EBC_DOXIMITY_DOCSPOT|MBC_VEEVA_EMAIL|1
H|VER|VER|EBC_DOXIMITY_DOCSPOT|MBC_HQ_EMAIL|1
H|VER|VER|EBC_DOXIMITY_DOCSPOT|MBC_EPOCRATES_ALERT|1
H|VER|VER|EBC_DOXIMITY_DOCSPOT|MBC_DOXIMITY_ALERT|14
H|VER|VER|EBC_DOXIMITY_DOCSPOT|MBC_DOXIMITY_DOCSPOT|14
H|VER|VER|EBC_DOXIMITY_DOCSPOT|MBC_MEDSCAPE_EMAIL|1
H|VER|VER|EBC_DOXIMITY_DOCSPOT|MBC_MEDSCAPE_ALERT|1
H|VER|VER|EBC_DOXIMITY_DOCSPOT|MBC_MEDSCAPE_POC|1
H|VER|VER|EBC_DOXIMITY_DOCSPOT|MBC_MEDSCAPE_BRANDSPOT|1
H|VER|VER|EBC_DOXIMITY_DOCSPOT|MBC_EDH_PROFLOW_EDMU|1
H|VER|VER|EBC_DOXIMITY_DOCSPOT|MBC_EDH_PROFLOW_WDMU|1
H|VER|VER|EBC_DOXIMITY_DOCSPOT|MBC_EDH_PROFLOW_RDMU|1
H|VER|VER|EBC_DOXIMITY_DOCSPOT|MBC_NUMEDIS_MDMINUTE|1
H|VER|VER|EBC_MEDSCAPE_EMAIL|EBC_F2F_CALL|1
H|VER|VER|EBC_MEDSCAPE_EMAIL|EBC_VEEVA_EMAIL|1
H|VER|VER|EBC_MEDSCAPE_EMAIL|EBC_HQ_EMAIL|1
H|VER|VER|EBC_MEDSCAPE_EMAIL|EBC_EPOCRATES_ALERT|1
H|VER|VER|EBC_MEDSCAPE_EMAIL|EBC_DOXIMITY_ALERT|1
H|VER|VER|EBC_MEDSCAPE_EMAIL|EBC_DOXIMITY_DOCSPOT|1
H|VER|VER|EBC_MEDSCAPE_EMAIL|EBC_MEDSCAPE_EMAIL|14
H|VER|VER|EBC_MEDSCAPE_EMAIL|EBC_MEDSCAPE_ALERT|7
H|VER|VER|EBC_MEDSCAPE_EMAIL|EBC_MEDSCAPE_POC|7
H|VER|VER|EBC_MEDSCAPE_EMAIL|EBC_MEDSCAPE_BRANDSPOT|7
H|VER|VER|EBC_MEDSCAPE_EMAIL|EBC_EDH_PROFLOW_EDMU|1
H|VER|VER|EBC_MEDSCAPE_EMAIL|EBC_EDH_PROFLOW_WDMU|1
H|VER|VER|EBC_MEDSCAPE_EMAIL|EBC_EDH_PROFLOW_RDMU|1
H|VER|VER|EBC_MEDSCAPE_EMAIL|EBC_NUMEDIS_MDMINUTE|1
H|VER|VER|EBC_MEDSCAPE_EMAIL|MBC_F2F_CALL|1
H|VER|VER|EBC_MEDSCAPE_EMAIL|MBC_VEEVA_EMAIL|1
H|VER|VER|EBC_MEDSCAPE_EMAIL|MBC_HQ_EMAIL|1
H|VER|VER|EBC_MEDSCAPE_EMAIL|MBC_EPOCRATES_ALERT|1
H|VER|VER|EBC_MEDSCAPE_EMAIL|MBC_DOXIMITY_ALERT|1
H|VER|VER|EBC_MEDSCAPE_EMAIL|MBC_DOXIMITY_DOCSPOT|1
H|VER|VER|EBC_MEDSCAPE_EMAIL|MBC_MEDSCAPE_EMAIL|14
H|VER|VER|EBC_MEDSCAPE_EMAIL|MBC_MEDSCAPE_ALERT|7
H|VER|VER|EBC_MEDSCAPE_EMAIL|MBC_MEDSCAPE_POC|7
H|VER|VER|EBC_MEDSCAPE_EMAIL|MBC_MEDSCAPE_BRANDSPOT|7
H|VER|VER|EBC_MEDSCAPE_EMAIL|MBC_EDH_PROFLOW_EDMU|1
H|VER|VER|EBC_MEDSCAPE_EMAIL|MBC_EDH_PROFLOW_WDMU|1
H|VER|VER|EBC_MEDSCAPE_EMAIL|MBC_EDH_PROFLOW_RDMU|1
H|VER|VER|EBC_MEDSCAPE_EMAIL|MBC_NUMEDIS_MDMINUTE|1
H|VER|VER|EBC_MEDSCAPE_ALERT|EBC_F2F_CALL|1
H|VER|VER|EBC_MEDSCAPE_ALERT|EBC_VEEVA_EMAIL|1
H|VER|VER|EBC_MEDSCAPE_ALERT|EBC_HQ_EMAIL|1
H|VER|VER|EBC_MEDSCAPE_ALERT|EBC_EPOCRATES_ALERT|1
H|VER|VER|EBC_MEDSCAPE_ALERT|EBC_DOXIMITY_ALERT|1
H|VER|VER|EBC_MEDSCAPE_ALERT|EBC_DOXIMITY_DOCSPOT|1
H|VER|VER|EBC_MEDSCAPE_ALERT|EBC_MEDSCAPE_EMAIL|7
H|VER|VER|EBC_MEDSCAPE_ALERT|EBC_MEDSCAPE_ALERT|28
H|VER|VER|EBC_MEDSCAPE_ALERT|EBC_MEDSCAPE_POC|14
H|VER|VER|EBC_MEDSCAPE_ALERT|EBC_MEDSCAPE_BRANDSPOT|14
H|VER|VER|EBC_MEDSCAPE_ALERT|EBC_EDH_PROFLOW_EDMU|1
H|VER|VER|EBC_MEDSCAPE_ALERT|EBC_EDH_PROFLOW_WDMU|1
H|VER|VER|EBC_MEDSCAPE_ALERT|EBC_EDH_PROFLOW_RDMU|1
H|VER|VER|EBC_MEDSCAPE_ALERT|EBC_NUMEDIS_MDMINUTE|1
H|VER|VER|EBC_MEDSCAPE_ALERT|MBC_F2F_CALL|1
H|VER|VER|EBC_MEDSCAPE_ALERT|MBC_VEEVA_EMAIL|1
H|VER|VER|EBC_MEDSCAPE_ALERT|MBC_HQ_EMAIL|1
H|VER|VER|EBC_MEDSCAPE_ALERT|MBC_EPOCRATES_ALERT|1
H|VER|VER|EBC_MEDSCAPE_ALERT|MBC_DOXIMITY_ALERT|1
H|VER|VER|EBC_MEDSCAPE_ALERT|MBC_DOXIMITY_DOCSPOT|1
H|VER|VER|EBC_MEDSCAPE_ALERT|MBC_MEDSCAPE_EMAIL|7
H|VER|VER|EBC_MEDSCAPE_ALERT|MBC_MEDSCAPE_ALERT|28
H|VER|VER|EBC_MEDSCAPE_ALERT|MBC_MEDSCAPE_POC|14
H|VER|VER|EBC_MEDSCAPE_ALERT|MBC_MEDSCAPE_BRANDSPOT|14
H|VER|VER|EBC_MEDSCAPE_ALERT|MBC_EDH_PROFLOW_EDMU|1
H|VER|VER|EBC_MEDSCAPE_ALERT|MBC_EDH_PROFLOW_WDMU|1
H|VER|VER|EBC_MEDSCAPE_ALERT|MBC_EDH_PROFLOW_RDMU|1
H|VER|VER|EBC_MEDSCAPE_ALERT|MBC_NUMEDIS_MDMINUTE|1
H|VER|VER|EBC_MEDSCAPE_POC|EBC_F2F_CALL|1
H|VER|VER|EBC_MEDSCAPE_POC|EBC_VEEVA_EMAIL|1
H|VER|VER|EBC_MEDSCAPE_POC|EBC_HQ_EMAIL|1
H|VER|VER|EBC_MEDSCAPE_POC|EBC_EPOCRATES_ALERT|1
H|VER|VER|EBC_MEDSCAPE_POC|EBC_DOXIMITY_ALERT|1
H|VER|VER|EBC_MEDSCAPE_POC|EBC_DOXIMITY_DOCSPOT|1
H|VER|VER|EBC_MEDSCAPE_POC|EBC_MEDSCAPE_EMAIL|7
H|VER|VER|EBC_MEDSCAPE_POC|EBC_MEDSCAPE_ALERT|14
H|VER|VER|EBC_MEDSCAPE_POC|EBC_MEDSCAPE_POC|28
H|VER|VER|EBC_MEDSCAPE_POC|EBC_MEDSCAPE_BRANDSPOT|14
H|VER|VER|EBC_MEDSCAPE_POC|EBC_EDH_PROFLOW_EDMU|1
H|VER|VER|EBC_MEDSCAPE_POC|EBC_EDH_PROFLOW_WDMU|1
H|VER|VER|EBC_MEDSCAPE_POC|EBC_EDH_PROFLOW_RDMU|1
H|VER|VER|EBC_MEDSCAPE_POC|EBC_NUMEDIS_MDMINUTE|1
H|VER|VER|EBC_MEDSCAPE_POC|MBC_F2F_CALL|1
H|VER|VER|EBC_MEDSCAPE_POC|MBC_VEEVA_EMAIL|1
H|VER|VER|EBC_MEDSCAPE_POC|MBC_HQ_EMAIL|1
H|VER|VER|EBC_MEDSCAPE_POC|MBC_EPOCRATES_ALERT|1
H|VER|VER|EBC_MEDSCAPE_POC|MBC_DOXIMITY_ALERT|1
H|VER|VER|EBC_MEDSCAPE_POC|MBC_DOXIMITY_DOCSPOT|1
H|VER|VER|EBC_MEDSCAPE_POC|MBC_MEDSCAPE_EMAIL|7
H|VER|VER|EBC_MEDSCAPE_POC|MBC_MEDSCAPE_ALERT|14
H|VER|VER|EBC_MEDSCAPE_POC|MBC_MEDSCAPE_POC|28
H|VER|VER|EBC_MEDSCAPE_POC|MBC_MEDSCAPE_BRANDSPOT|14
H|VER|VER|EBC_MEDSCAPE_POC|MBC_EDH_PROFLOW_EDMU|1
H|VER|VER|EBC_MEDSCAPE_POC|MBC_EDH_PROFLOW_WDMU|1
H|VER|VER|EBC_MEDSCAPE_POC|MBC_EDH_PROFLOW_RDMU|1
H|VER|VER|EBC_MEDSCAPE_POC|MBC_NUMEDIS_MDMINUTE|1
H|VER|VER|EBC_EDH_PROFLOW_EDMU|EBC_F2F_CALL|1
H|VER|VER|EBC_EDH_PROFLOW_EDMU|EBC_VEEVA_EMAIL|1
H|VER|VER|EBC_EDH_PROFLOW_EDMU|EBC_HQ_EMAIL|1
H|VER|VER|EBC_EDH_PROFLOW_EDMU|EBC_EPOCRATES_ALERT|1
H|VER|VER|EBC_EDH_PROFLOW_EDMU|EBC_DOXIMITY_ALERT|1
H|VER|VER|EBC_EDH_PROFLOW_EDMU|EBC_DOXIMITY_DOCSPOT|1
H|VER|VER|EBC_EDH_PROFLOW_EDMU|EBC_MEDSCAPE_EMAIL|1
H|VER|VER|EBC_EDH_PROFLOW_EDMU|EBC_MEDSCAPE_ALERT|1
H|VER|VER|EBC_EDH_PROFLOW_EDMU|EBC_MEDSCAPE_POC|1
H|VER|VER|EBC_EDH_PROFLOW_EDMU|EBC_MEDSCAPE_BRANDSPOT|1
H|VER|VER|EBC_EDH_PROFLOW_EDMU|EBC_EDH_PROFLOW_EDMU|14
H|VER|VER|EBC_EDH_PROFLOW_EDMU|EBC_EDH_PROFLOW_WDMU|14
H|VER|VER|EBC_EDH_PROFLOW_EDMU|EBC_EDH_PROFLOW_RDMU|14
H|VER|VER|EBC_EDH_PROFLOW_EDMU|EBC_NUMEDIS_MDMINUTE|1
H|VER|VER|EBC_EDH_PROFLOW_EDMU|MBC_F2F_CALL|1
H|VER|VER|EBC_EDH_PROFLOW_EDMU|MBC_VEEVA_EMAIL|1
H|VER|VER|EBC_EDH_PROFLOW_EDMU|MBC_HQ_EMAIL|1
H|VER|VER|EBC_EDH_PROFLOW_EDMU|MBC_EPOCRATES_ALERT|1
H|VER|VER|EBC_EDH_PROFLOW_EDMU|MBC_DOXIMITY_ALERT|1
H|VER|VER|EBC_EDH_PROFLOW_EDMU|MBC_DOXIMITY_DOCSPOT|1
H|VER|VER|EBC_EDH_PROFLOW_EDMU|MBC_MEDSCAPE_EMAIL|1
H|VER|VER|EBC_EDH_PROFLOW_EDMU|MBC_MEDSCAPE_ALERT|1
H|VER|VER|EBC_EDH_PROFLOW_EDMU|MBC_MEDSCAPE_POC|1
H|VER|VER|EBC_EDH_PROFLOW_EDMU|MBC_MEDSCAPE_BRANDSPOT|1
H|VER|VER|EBC_EDH_PROFLOW_EDMU|MBC_EDH_PROFLOW_EDMU|14
H|VER|VER|EBC_EDH_PROFLOW_EDMU|MBC_EDH_PROFLOW_WDMU|14
H|VER|VER|EBC_EDH_PROFLOW_EDMU|MBC_EDH_PROFLOW_RDMU|14
H|VER|VER|EBC_EDH_PROFLOW_EDMU|MBC_NUMEDIS_MDMINUTE|1
H|VER|VER|EBC_EDH_PROFLOW_WDMU|EBC_F2F_CALL|1
H|VER|VER|EBC_EDH_PROFLOW_WDMU|EBC_VEEVA_EMAIL|1
H|VER|VER|EBC_EDH_PROFLOW_WDMU|EBC_HQ_EMAIL|1
H|VER|VER|EBC_EDH_PROFLOW_WDMU|EBC_EPOCRATES_ALERT|1
H|VER|VER|EBC_EDH_PROFLOW_WDMU|EBC_DOXIMITY_ALERT|1
H|VER|VER|EBC_EDH_PROFLOW_WDMU|EBC_DOXIMITY_DOCSPOT|1
H|VER|VER|EBC_EDH_PROFLOW_WDMU|EBC_MEDSCAPE_EMAIL|1
H|VER|VER|EBC_EDH_PROFLOW_WDMU|EBC_MEDSCAPE_ALERT|1
H|VER|VER|EBC_EDH_PROFLOW_WDMU|EBC_MEDSCAPE_POC|1
H|VER|VER|EBC_EDH_PROFLOW_WDMU|EBC_MEDSCAPE_BRANDSPOT|1
H|VER|VER|EBC_EDH_PROFLOW_WDMU|EBC_EDH_PROFLOW_EDMU|14
H|VER|VER|EBC_EDH_PROFLOW_WDMU|EBC_EDH_PROFLOW_WDMU|14
H|VER|VER|EBC_EDH_PROFLOW_WDMU|EBC_EDH_PROFLOW_RDMU|14
H|VER|VER|EBC_EDH_PROFLOW_WDMU|EBC_NUMEDIS_MDMINUTE|1
H|VER|VER|EBC_EDH_PROFLOW_WDMU|MBC_F2F_CALL|1
H|VER|VER|EBC_EDH_PROFLOW_WDMU|MBC_VEEVA_EMAIL|1
H|VER|VER|EBC_EDH_PROFLOW_WDMU|MBC_HQ_EMAIL|1
H|VER|VER|EBC_EDH_PROFLOW_WDMU|MBC_EPOCRATES_ALERT|1
H|VER|VER|EBC_EDH_PROFLOW_WDMU|MBC_DOXIMITY_ALERT|1
H|VER|VER|EBC_EDH_PROFLOW_WDMU|MBC_DOXIMITY_DOCSPOT|1
H|VER|VER|EBC_EDH_PROFLOW_WDMU|MBC_MEDSCAPE_EMAIL|1
H|VER|VER|EBC_EDH_PROFLOW_WDMU|MBC_MEDSCAPE_ALERT|1
H|VER|VER|EBC_EDH_PROFLOW_WDMU|MBC_MEDSCAPE_POC|1
H|VER|VER|EBC_EDH_PROFLOW_WDMU|MBC_MEDSCAPE_BRANDSPOT|1
H|VER|VER|EBC_EDH_PROFLOW_WDMU|MBC_EDH_PROFLOW_EDMU|14
H|VER|VER|EBC_EDH_PROFLOW_WDMU|MBC_EDH_PROFLOW_WDMU|14
H|VER|VER|EBC_EDH_PROFLOW_WDMU|MBC_EDH_PROFLOW_RDMU|14
H|VER|VER|EBC_EDH_PROFLOW_WDMU|MBC_NUMEDIS_MDMINUTE|1
H|VER|VER|EBC_EDH_PROFLOW_RDMU|EBC_F2F_CALL|1
H|VER|VER|EBC_EDH_PROFLOW_RDMU|EBC_VEEVA_EMAIL|1
H|VER|VER|EBC_EDH_PROFLOW_RDMU|EBC_HQ_EMAIL|1
H|VER|VER|EBC_EDH_PROFLOW_RDMU|EBC_EPOCRATES_ALERT|1
H|VER|VER|EBC_EDH_PROFLOW_RDMU|EBC_DOXIMITY_ALERT|1
H|VER|VER|EBC_EDH_PROFLOW_RDMU|EBC_DOXIMITY_DOCSPOT|1
H|VER|VER|EBC_EDH_PROFLOW_RDMU|EBC_MEDSCAPE_EMAIL|1
H|VER|VER|EBC_EDH_PROFLOW_RDMU|EBC_MEDSCAPE_ALERT|1
H|VER|VER|EBC_EDH_PROFLOW_RDMU|EBC_MEDSCAPE_POC|1
H|VER|VER|EBC_EDH_PROFLOW_RDMU|EBC_MEDSCAPE_BRANDSPOT|1
H|VER|VER|EBC_EDH_PROFLOW_RDMU|EBC_EDH_PROFLOW_EDMU|14
H|VER|VER|EBC_EDH_PROFLOW_RDMU|EBC_EDH_PROFLOW_WDMU|14
H|VER|VER|EBC_EDH_PROFLOW_RDMU|EBC_EDH_PROFLOW_RDMU|14
H|VER|VER|EBC_EDH_PROFLOW_RDMU|EBC_NUMEDIS_MDMINUTE|1
H|VER|VER|EBC_EDH_PROFLOW_RDMU|MBC_F2F_CALL|1
H|VER|VER|EBC_EDH_PROFLOW_RDMU|MBC_VEEVA_EMAIL|1
H|VER|VER|EBC_EDH_PROFLOW_RDMU|MBC_HQ_EMAIL|1
H|VER|VER|EBC_EDH_PROFLOW_RDMU|MBC_EPOCRATES_ALERT|1
H|VER|VER|EBC_EDH_PROFLOW_RDMU|MBC_DOXIMITY_ALERT|1
H|VER|VER|EBC_EDH_PROFLOW_RDMU|MBC_DOXIMITY_DOCSPOT|1
H|VER|VER|EBC_EDH_PROFLOW_RDMU|MBC_MEDSCAPE_EMAIL|1
H|VER|VER|EBC_EDH_PROFLOW_RDMU|MBC_MEDSCAPE_ALERT|1
H|VER|VER|EBC_EDH_PROFLOW_RDMU|MBC_MEDSCAPE_POC|1
H|VER|VER|EBC_EDH_PROFLOW_RDMU|MBC_MEDSCAPE_BRANDSPOT|1
H|VER|VER|EBC_EDH_PROFLOW_RDMU|MBC_EDH_PROFLOW_EDMU|14
H|VER|VER|EBC_EDH_PROFLOW_RDMU|MBC_EDH_PROFLOW_WDMU|14
H|VER|VER|EBC_EDH_PROFLOW_RDMU|MBC_EDH_PROFLOW_RDMU|14
H|VER|VER|EBC_EDH_PROFLOW_RDMU|MBC_NUMEDIS_MDMINUTE|1
H|VER|VER|EBC_NUMEDIS_MDMINUTE|EBC_F2F_CALL|1
H|VER|VER|EBC_NUMEDIS_MDMINUTE|EBC_VEEVA_EMAIL|1
H|VER|VER|EBC_NUMEDIS_MDMINUTE|EBC_HQ_EMAIL|1
H|VER|VER|EBC_NUMEDIS_MDMINUTE|EBC_EPOCRATES_ALERT|1
H|VER|VER|EBC_NUMEDIS_MDMINUTE|EBC_DOXIMITY_ALERT|1
H|VER|VER|EBC_NUMEDIS_MDMINUTE|EBC_DOXIMITY_DOCSPOT|1
H|VER|VER|EBC_NUMEDIS_MDMINUTE|EBC_MEDSCAPE_EMAIL|1
H|VER|VER|EBC_NUMEDIS_MDMINUTE|EBC_MEDSCAPE_ALERT|1
H|VER|VER|EBC_NUMEDIS_MDMINUTE|EBC_MEDSCAPE_POC|1
H|VER|VER|EBC_NUMEDIS_MDMINUTE|EBC_MEDSCAPE_BRANDSPOT|1
H|VER|VER|EBC_NUMEDIS_MDMINUTE|EBC_EDH_PROFLOW_EDMU|1
H|VER|VER|EBC_NUMEDIS_MDMINUTE|EBC_EDH_PROFLOW_WDMU|1
H|VER|VER|EBC_NUMEDIS_MDMINUTE|EBC_EDH_PROFLOW_RDMU|1
H|VER|VER|EBC_NUMEDIS_MDMINUTE|EBC_NUMEDIS_MDMINUTE|14
H|VER|VER|EBC_NUMEDIS_MDMINUTE|MBC_F2F_CALL|1
H|VER|VER|EBC_NUMEDIS_MDMINUTE|MBC_VEEVA_EMAIL|1
H|VER|VER|EBC_NUMEDIS_MDMINUTE|MBC_HQ_EMAIL|1
H|VER|VER|EBC_NUMEDIS_MDMINUTE|MBC_EPOCRATES_ALERT|1
H|VER|VER|EBC_NUMEDIS_MDMINUTE|MBC_DOXIMITY_ALERT|1
H|VER|VER|EBC_NUMEDIS_MDMINUTE|MBC_DOXIMITY_DOCSPOT|1
H|VER|VER|EBC_NUMEDIS_MDMINUTE|MBC_MEDSCAPE_EMAIL|1
H|VER|VER|EBC_NUMEDIS_MDMINUTE|MBC_MEDSCAPE_ALERT|1
H|VER|VER|EBC_NUMEDIS_MDMINUTE|MBC_MEDSCAPE_POC|1
H|VER|VER|EBC_NUMEDIS_MDMINUTE|MBC_MEDSCAPE_BRANDSPOT|1
H|VER|VER|EBC_NUMEDIS_MDMINUTE|MBC_EDH_PROFLOW_EDMU|1
H|VER|VER|EBC_NUMEDIS_MDMINUTE|MBC_EDH_PROFLOW_WDMU|1
H|VER|VER|EBC_NUMEDIS_MDMINUTE|MBC_EDH_PROFLOW_RDMU|1
H|VER|VER|EBC_NUMEDIS_MDMINUTE|MBC_NUMEDIS_MDMINUTE|14
H|VER|VER|MBC_F2F_CALL|EBC_F2F_CALL|21
H|VER|VER|MBC_F2F_CALL|EBC_VEEVA_EMAIL|14
H|VER|VER|MBC_F2F_CALL|EBC_HQ_EMAIL|1
H|VER|VER|MBC_F2F_CALL|EBC_EPOCRATES_ALERT|1
H|VER|VER|MBC_F2F_CALL|EBC_DOXIMITY_ALERT|1
H|VER|VER|MBC_F2F_CALL|EBC_DOXIMITY_DOCSPOT|1
H|VER|VER|MBC_F2F_CALL|EBC_MEDSCAPE_EMAIL|1
H|VER|VER|MBC_F2F_CALL|EBC_MEDSCAPE_ALERT|1
H|VER|VER|MBC_F2F_CALL|EBC_MEDSCAPE_POC|1
H|VER|VER|MBC_F2F_CALL|EBC_MEDSCAPE_BRANDSPOT|1
H|VER|VER|MBC_F2F_CALL|EBC_EDH_PROFLOW_EDMU|1
H|VER|VER|MBC_F2F_CALL|EBC_EDH_PROFLOW_WDMU|1
H|VER|VER|MBC_F2F_CALL|EBC_EDH_PROFLOW_RDMU|1
H|VER|VER|MBC_F2F_CALL|EBC_NUMEDIS_MDMINUTE|1
H|VER|VER|MBC_F2F_CALL|MBC_F2F_CALL|1
H|VER|VER|MBC_F2F_CALL|MBC_VEEVA_EMAIL|14
H|VER|VER|MBC_F2F_CALL|MBC_HQ_EMAIL|1
H|VER|VER|MBC_F2F_CALL|MBC_EPOCRATES_ALERT|1
H|VER|VER|MBC_F2F_CALL|MBC_DOXIMITY_ALERT|1
H|VER|VER|MBC_F2F_CALL|MBC_DOXIMITY_DOCSPOT|1
H|VER|VER|MBC_F2F_CALL|MBC_MEDSCAPE_EMAIL|1
H|VER|VER|MBC_F2F_CALL|MBC_MEDSCAPE_ALERT|1
H|VER|VER|MBC_F2F_CALL|MBC_MEDSCAPE_POC|1
H|VER|VER|MBC_F2F_CALL|MBC_MEDSCAPE_BRANDSPOT|1
H|VER|VER|MBC_F2F_CALL|MBC_EDH_PROFLOW_EDMU|1
H|VER|VER|MBC_F2F_CALL|MBC_EDH_PROFLOW_WDMU|1
H|VER|VER|MBC_F2F_CALL|MBC_EDH_PROFLOW_RDMU|1
H|VER|VER|MBC_F2F_CALL|MBC_NUMEDIS_MDMINUTE|1
H|VER|VER|MBC_VEEVA_EMAIL|EBC_F2F_CALL|1
H|VER|VER|MBC_VEEVA_EMAIL|EBC_VEEVA_EMAIL|1
H|VER|VER|MBC_VEEVA_EMAIL|EBC_HQ_EMAIL|1
H|VER|VER|MBC_VEEVA_EMAIL|EBC_EPOCRATES_ALERT|1
H|VER|VER|MBC_VEEVA_EMAIL|EBC_DOXIMITY_ALERT|1
H|VER|VER|MBC_VEEVA_EMAIL|EBC_DOXIMITY_DOCSPOT|1
H|VER|VER|MBC_VEEVA_EMAIL|EBC_MEDSCAPE_EMAIL|1
H|VER|VER|MBC_VEEVA_EMAIL|EBC_MEDSCAPE_ALERT|1
H|VER|VER|MBC_VEEVA_EMAIL|EBC_MEDSCAPE_POC|1
H|VER|VER|MBC_VEEVA_EMAIL|EBC_MEDSCAPE_BRANDSPOT|1
H|VER|VER|MBC_VEEVA_EMAIL|EBC_EDH_PROFLOW_EDMU|1
H|VER|VER|MBC_VEEVA_EMAIL|EBC_EDH_PROFLOW_WDMU|1
H|VER|VER|MBC_VEEVA_EMAIL|EBC_EDH_PROFLOW_RDMU|1
H|VER|VER|MBC_VEEVA_EMAIL|EBC_NUMEDIS_MDMINUTE|1
H|VER|VER|MBC_VEEVA_EMAIL|MBC_F2F_CALL|1
H|VER|VER|MBC_VEEVA_EMAIL|MBC_VEEVA_EMAIL|1
H|VER|VER|MBC_VEEVA_EMAIL|MBC_HQ_EMAIL|1
H|VER|VER|MBC_VEEVA_EMAIL|MBC_EPOCRATES_ALERT|1
H|VER|VER|MBC_VEEVA_EMAIL|MBC_DOXIMITY_ALERT|1
H|VER|VER|MBC_VEEVA_EMAIL|MBC_DOXIMITY_DOCSPOT|1
H|VER|VER|MBC_VEEVA_EMAIL|MBC_MEDSCAPE_EMAIL|1
H|VER|VER|MBC_VEEVA_EMAIL|MBC_MEDSCAPE_ALERT|1
H|VER|VER|MBC_VEEVA_EMAIL|MBC_MEDSCAPE_POC|1
H|VER|VER|MBC_VEEVA_EMAIL|MBC_MEDSCAPE_BRANDSPOT|1
H|VER|VER|MBC_VEEVA_EMAIL|MBC_EDH_PROFLOW_EDMU|1
H|VER|VER|MBC_VEEVA_EMAIL|MBC_EDH_PROFLOW_WDMU|1
H|VER|VER|MBC_VEEVA_EMAIL|MBC_EDH_PROFLOW_RDMU|1
H|VER|VER|MBC_VEEVA_EMAIL|MBC_NUMEDIS_MDMINUTE|1
H|VER|VER|MBC_HQ_EMAIL|EBC_F2F_CALL|1
H|VER|VER|MBC_HQ_EMAIL|EBC_VEEVA_EMAIL|1
H|VER|VER|MBC_HQ_EMAIL|EBC_HQ_EMAIL|30
H|VER|VER|MBC_HQ_EMAIL|EBC_EPOCRATES_ALERT|1
H|VER|VER|MBC_HQ_EMAIL|EBC_DOXIMITY_ALERT|1
H|VER|VER|MBC_HQ_EMAIL|EBC_DOXIMITY_DOCSPOT|1
H|VER|VER|MBC_HQ_EMAIL|EBC_MEDSCAPE_EMAIL|1
H|VER|VER|MBC_HQ_EMAIL|EBC_MEDSCAPE_ALERT|1
H|VER|VER|MBC_HQ_EMAIL|EBC_MEDSCAPE_POC|1
H|VER|VER|MBC_HQ_EMAIL|EBC_MEDSCAPE_BRANDSPOT|1
H|VER|VER|MBC_HQ_EMAIL|EBC_EDH_PROFLOW_EDMU|1
H|VER|VER|MBC_HQ_EMAIL|EBC_EDH_PROFLOW_WDMU|1
H|VER|VER|MBC_HQ_EMAIL|EBC_EDH_PROFLOW_RDMU|1
H|VER|VER|MBC_HQ_EMAIL|EBC_NUMEDIS_MDMINUTE|1
H|VER|VER|MBC_HQ_EMAIL|MBC_F2F_CALL|1
H|VER|VER|MBC_HQ_EMAIL|MBC_VEEVA_EMAIL|1
H|VER|VER|MBC_HQ_EMAIL|MBC_HQ_EMAIL|30
H|VER|VER|MBC_HQ_EMAIL|MBC_EPOCRATES_ALERT|1
H|VER|VER|MBC_HQ_EMAIL|MBC_DOXIMITY_ALERT|1
H|VER|VER|MBC_HQ_EMAIL|MBC_DOXIMITY_DOCSPOT|1
H|VER|VER|MBC_HQ_EMAIL|MBC_MEDSCAPE_EMAIL|1
H|VER|VER|MBC_HQ_EMAIL|MBC_MEDSCAPE_ALERT|1
H|VER|VER|MBC_HQ_EMAIL|MBC_MEDSCAPE_POC|1
H|VER|VER|MBC_HQ_EMAIL|MBC_MEDSCAPE_BRANDSPOT|1
H|VER|VER|MBC_HQ_EMAIL|MBC_EDH_PROFLOW_EDMU|1
H|VER|VER|MBC_HQ_EMAIL|MBC_EDH_PROFLOW_WDMU|1
H|VER|VER|MBC_HQ_EMAIL|MBC_EDH_PROFLOW_RDMU|1
H|VER|VER|MBC_HQ_EMAIL|MBC_NUMEDIS_MDMINUTE|1
H|VER|VER|MBC_EPOCRATES_ALERT|EBC_F2F_CALL|1
H|VER|VER|MBC_EPOCRATES_ALERT|EBC_VEEVA_EMAIL|1
H|VER|VER|MBC_EPOCRATES_ALERT|EBC_HQ_EMAIL|1
H|VER|VER|MBC_EPOCRATES_ALERT|EBC_EPOCRATES_ALERT|14
H|VER|VER|MBC_EPOCRATES_ALERT|EBC_DOXIMITY_ALERT|1
H|VER|VER|MBC_EPOCRATES_ALERT|EBC_DOXIMITY_DOCSPOT|1
H|VER|VER|MBC_EPOCRATES_ALERT|EBC_MEDSCAPE_EMAIL|1
H|VER|VER|MBC_EPOCRATES_ALERT|EBC_MEDSCAPE_ALERT|1
H|VER|VER|MBC_EPOCRATES_ALERT|EBC_MEDSCAPE_POC|1
H|VER|VER|MBC_EPOCRATES_ALERT|EBC_MEDSCAPE_BRANDSPOT|1
H|VER|VER|MBC_EPOCRATES_ALERT|EBC_EDH_PROFLOW_EDMU|1
H|VER|VER|MBC_EPOCRATES_ALERT|EBC_EDH_PROFLOW_WDMU|1
H|VER|VER|MBC_EPOCRATES_ALERT|EBC_EDH_PROFLOW_RDMU|1
H|VER|VER|MBC_EPOCRATES_ALERT|EBC_NUMEDIS_MDMINUTE|1
H|VER|VER|MBC_EPOCRATES_ALERT|MBC_F2F_CALL|1
H|VER|VER|MBC_EPOCRATES_ALERT|MBC_VEEVA_EMAIL|1
H|VER|VER|MBC_EPOCRATES_ALERT|MBC_HQ_EMAIL|1
H|VER|VER|MBC_EPOCRATES_ALERT|MBC_EPOCRATES_ALERT|14
H|VER|VER|MBC_EPOCRATES_ALERT|MBC_DOXIMITY_ALERT|1
H|VER|VER|MBC_EPOCRATES_ALERT|MBC_DOXIMITY_DOCSPOT|1
H|VER|VER|MBC_EPOCRATES_ALERT|MBC_MEDSCAPE_EMAIL|1
H|VER|VER|MBC_EPOCRATES_ALERT|MBC_MEDSCAPE_ALERT|1
H|VER|VER|MBC_EPOCRATES_ALERT|MBC_MEDSCAPE_POC|1
H|VER|VER|MBC_EPOCRATES_ALERT|MBC_MEDSCAPE_BRANDSPOT|1
H|VER|VER|MBC_EPOCRATES_ALERT|MBC_EDH_PROFLOW_EDMU|1
H|VER|VER|MBC_EPOCRATES_ALERT|MBC_EDH_PROFLOW_WDMU|1
H|VER|VER|MBC_EPOCRATES_ALERT|MBC_EDH_PROFLOW_RDMU|1
H|VER|VER|MBC_EPOCRATES_ALERT|MBC_NUMEDIS_MDMINUTE|1
H|VER|VER|MBC_DOXIMITY_ALERT|EBC_F2F_CALL|1
H|VER|VER|MBC_DOXIMITY_ALERT|EBC_VEEVA_EMAIL|1
H|VER|VER|MBC_DOXIMITY_ALERT|EBC_HQ_EMAIL|1
H|VER|VER|MBC_DOXIMITY_ALERT|EBC_EPOCRATES_ALERT|1
H|VER|VER|MBC_DOXIMITY_ALERT|EBC_DOXIMITY_ALERT|14
H|VER|VER|MBC_DOXIMITY_ALERT|EBC_DOXIMITY_DOCSPOT|14
H|VER|VER|MBC_DOXIMITY_ALERT|EBC_MEDSCAPE_EMAIL|1
H|VER|VER|MBC_DOXIMITY_ALERT|EBC_MEDSCAPE_ALERT|1
H|VER|VER|MBC_DOXIMITY_ALERT|EBC_MEDSCAPE_POC|1
H|VER|VER|MBC_DOXIMITY_ALERT|EBC_MEDSCAPE_BRANDSPOT|1
H|VER|VER|MBC_DOXIMITY_ALERT|EBC_EDH_PROFLOW_EDMU|1
H|VER|VER|MBC_DOXIMITY_ALERT|EBC_EDH_PROFLOW_WDMU|1
H|VER|VER|MBC_DOXIMITY_ALERT|EBC_EDH_PROFLOW_RDMU|1
H|VER|VER|MBC_DOXIMITY_ALERT|EBC_NUMEDIS_MDMINUTE|1
H|VER|VER|MBC_DOXIMITY_ALERT|MBC_F2F_CALL|1
H|VER|VER|MBC_DOXIMITY_ALERT|MBC_VEEVA_EMAIL|1
H|VER|VER|MBC_DOXIMITY_ALERT|MBC_HQ_EMAIL|1
H|VER|VER|MBC_DOXIMITY_ALERT|MBC_EPOCRATES_ALERT|1
H|VER|VER|MBC_DOXIMITY_ALERT|MBC_DOXIMITY_ALERT|14
H|VER|VER|MBC_DOXIMITY_ALERT|MBC_DOXIMITY_DOCSPOT|14
H|VER|VER|MBC_DOXIMITY_ALERT|MBC_MEDSCAPE_EMAIL|1
H|VER|VER|MBC_DOXIMITY_ALERT|MBC_MEDSCAPE_ALERT|1
H|VER|VER|MBC_DOXIMITY_ALERT|MBC_MEDSCAPE_POC|1
H|VER|VER|MBC_DOXIMITY_ALERT|MBC_MEDSCAPE_BRANDSPOT|1
H|VER|VER|MBC_DOXIMITY_ALERT|MBC_EDH_PROFLOW_EDMU|1
H|VER|VER|MBC_DOXIMITY_ALERT|MBC_EDH_PROFLOW_WDMU|1
H|VER|VER|MBC_DOXIMITY_ALERT|MBC_EDH_PROFLOW_RDMU|1
H|VER|VER|MBC_DOXIMITY_ALERT|MBC_NUMEDIS_MDMINUTE|1
H|VER|VER|MBC_DOXIMITY_DOCSPOT|EBC_F2F_CALL|1
H|VER|VER|MBC_DOXIMITY_DOCSPOT|EBC_VEEVA_EMAIL|1
H|VER|VER|MBC_DOXIMITY_DOCSPOT|EBC_HQ_EMAIL|1
H|VER|VER|MBC_DOXIMITY_DOCSPOT|EBC_EPOCRATES_ALERT|1
H|VER|VER|MBC_DOXIMITY_DOCSPOT|EBC_DOXIMITY_ALERT|14
H|VER|VER|MBC_DOXIMITY_DOCSPOT|EBC_DOXIMITY_DOCSPOT|14
H|VER|VER|MBC_DOXIMITY_DOCSPOT|EBC_MEDSCAPE_EMAIL|1
H|VER|VER|MBC_DOXIMITY_DOCSPOT|EBC_MEDSCAPE_ALERT|1
H|VER|VER|MBC_DOXIMITY_DOCSPOT|EBC_MEDSCAPE_POC|1
H|VER|VER|MBC_DOXIMITY_DOCSPOT|EBC_MEDSCAPE_BRANDSPOT|1
H|VER|VER|MBC_DOXIMITY_DOCSPOT|EBC_EDH_PROFLOW_EDMU|1
H|VER|VER|MBC_DOXIMITY_DOCSPOT|EBC_EDH_PROFLOW_WDMU|1
H|VER|VER|MBC_DOXIMITY_DOCSPOT|EBC_EDH_PROFLOW_RDMU|1
H|VER|VER|MBC_DOXIMITY_DOCSPOT|EBC_NUMEDIS_MDMINUTE|1
H|VER|VER|MBC_DOXIMITY_DOCSPOT|MBC_F2F_CALL|1
H|VER|VER|MBC_DOXIMITY_DOCSPOT|MBC_VEEVA_EMAIL|1
H|VER|VER|MBC_DOXIMITY_DOCSPOT|MBC_HQ_EMAIL|1
H|VER|VER|MBC_DOXIMITY_DOCSPOT|MBC_EPOCRATES_ALERT|1
H|VER|VER|MBC_DOXIMITY_DOCSPOT|MBC_DOXIMITY_ALERT|14
H|VER|VER|MBC_DOXIMITY_DOCSPOT|MBC_DOXIMITY_DOCSPOT|14
H|VER|VER|MBC_DOXIMITY_DOCSPOT|MBC_MEDSCAPE_EMAIL|1
H|VER|VER|MBC_DOXIMITY_DOCSPOT|MBC_MEDSCAPE_ALERT|1
H|VER|VER|MBC_DOXIMITY_DOCSPOT|MBC_MEDSCAPE_POC|1
H|VER|VER|MBC_DOXIMITY_DOCSPOT|MBC_MEDSCAPE_BRANDSPOT|1
H|VER|VER|MBC_DOXIMITY_DOCSPOT|MBC_EDH_PROFLOW_EDMU|1
H|VER|VER|MBC_DOXIMITY_DOCSPOT|MBC_EDH_PROFLOW_WDMU|1
H|VER|VER|MBC_DOXIMITY_DOCSPOT|MBC_EDH_PROFLOW_RDMU|1
H|VER|VER|MBC_DOXIMITY_DOCSPOT|MBC_NUMEDIS_MDMINUTE|1
H|VER|VER|MBC_MEDSCAPE_EMAIL|EBC_F2F_CALL|1
H|VER|VER|MBC_MEDSCAPE_EMAIL|EBC_VEEVA_EMAIL|1
H|VER|VER|MBC_MEDSCAPE_EMAIL|EBC_HQ_EMAIL|1
H|VER|VER|MBC_MEDSCAPE_EMAIL|EBC_EPOCRATES_ALERT|1
H|VER|VER|MBC_MEDSCAPE_EMAIL|EBC_DOXIMITY_ALERT|1
H|VER|VER|MBC_MEDSCAPE_EMAIL|EBC_DOXIMITY_DOCSPOT|1
H|VER|VER|MBC_MEDSCAPE_EMAIL|EBC_MEDSCAPE_EMAIL|14
H|VER|VER|MBC_MEDSCAPE_EMAIL|EBC_MEDSCAPE_ALERT|7
H|VER|VER|MBC_MEDSCAPE_EMAIL|EBC_MEDSCAPE_POC|7
H|VER|VER|MBC_MEDSCAPE_EMAIL|EBC_MEDSCAPE_BRANDSPOT|7
H|VER|VER|MBC_MEDSCAPE_EMAIL|EBC_EDH_PROFLOW_EDMU|1
H|VER|VER|MBC_MEDSCAPE_EMAIL|EBC_EDH_PROFLOW_WDMU|1
H|VER|VER|MBC_MEDSCAPE_EMAIL|EBC_EDH_PROFLOW_RDMU|1
H|VER|VER|MBC_MEDSCAPE_EMAIL|EBC_NUMEDIS_MDMINUTE|1
H|VER|VER|MBC_MEDSCAPE_EMAIL|MBC_F2F_CALL|1
H|VER|VER|MBC_MEDSCAPE_EMAIL|MBC_VEEVA_EMAIL|1
H|VER|VER|MBC_MEDSCAPE_EMAIL|MBC_HQ_EMAIL|1
H|VER|VER|MBC_MEDSCAPE_EMAIL|MBC_EPOCRATES_ALERT|1
H|VER|VER|MBC_MEDSCAPE_EMAIL|MBC_DOXIMITY_ALERT|1
H|VER|VER|MBC_MEDSCAPE_EMAIL|MBC_DOXIMITY_DOCSPOT|1
H|VER|VER|MBC_MEDSCAPE_EMAIL|MBC_MEDSCAPE_EMAIL|14
H|VER|VER|MBC_MEDSCAPE_EMAIL|MBC_MEDSCAPE_ALERT|7
H|VER|VER|MBC_MEDSCAPE_EMAIL|MBC_MEDSCAPE_POC|7
H|VER|VER|MBC_MEDSCAPE_EMAIL|MBC_MEDSCAPE_BRANDSPOT|7
H|VER|VER|MBC_MEDSCAPE_EMAIL|MBC_EDH_PROFLOW_EDMU|1
H|VER|VER|MBC_MEDSCAPE_EMAIL|MBC_EDH_PROFLOW_WDMU|1
H|VER|VER|MBC_MEDSCAPE_EMAIL|MBC_EDH_PROFLOW_RDMU|1
H|VER|VER|MBC_MEDSCAPE_EMAIL|MBC_NUMEDIS_MDMINUTE|1
H|VER|VER|MBC_MEDSCAPE_ALERT|EBC_F2F_CALL|1
H|VER|VER|MBC_MEDSCAPE_ALERT|EBC_VEEVA_EMAIL|1
H|VER|VER|MBC_MEDSCAPE_ALERT|EBC_HQ_EMAIL|1
H|VER|VER|MBC_MEDSCAPE_ALERT|EBC_EPOCRATES_ALERT|1
H|VER|VER|MBC_MEDSCAPE_ALERT|EBC_DOXIMITY_ALERT|1
H|VER|VER|MBC_MEDSCAPE_ALERT|EBC_DOXIMITY_DOCSPOT|1
H|VER|VER|MBC_MEDSCAPE_ALERT|EBC_MEDSCAPE_EMAIL|7
H|VER|VER|MBC_MEDSCAPE_ALERT|EBC_MEDSCAPE_ALERT|28
H|VER|VER|MBC_MEDSCAPE_ALERT|EBC_MEDSCAPE_POC|14
H|VER|VER|MBC_MEDSCAPE_ALERT|EBC_MEDSCAPE_BRANDSPOT|14
H|VER|VER|MBC_MEDSCAPE_ALERT|EBC_EDH_PROFLOW_EDMU|1
H|VER|VER|MBC_MEDSCAPE_ALERT|EBC_EDH_PROFLOW_WDMU|1
H|VER|VER|MBC_MEDSCAPE_ALERT|EBC_EDH_PROFLOW_RDMU|1
H|VER|VER|MBC_MEDSCAPE_ALERT|EBC_NUMEDIS_MDMINUTE|1
H|VER|VER|MBC_MEDSCAPE_ALERT|MBC_F2F_CALL|1
H|VER|VER|MBC_MEDSCAPE_ALERT|MBC_VEEVA_EMAIL|1
H|VER|VER|MBC_MEDSCAPE_ALERT|MBC_HQ_EMAIL|1
H|VER|VER|MBC_MEDSCAPE_ALERT|MBC_EPOCRATES_ALERT|1
H|VER|VER|MBC_MEDSCAPE_ALERT|MBC_DOXIMITY_ALERT|1
H|VER|VER|MBC_MEDSCAPE_ALERT|MBC_DOXIMITY_DOCSPOT|1
H|VER|VER|MBC_MEDSCAPE_ALERT|MBC_MEDSCAPE_EMAIL|7
H|VER|VER|MBC_MEDSCAPE_ALERT|MBC_MEDSCAPE_ALERT|28
H|VER|VER|MBC_MEDSCAPE_ALERT|MBC_MEDSCAPE_POC|14
H|VER|VER|MBC_MEDSCAPE_ALERT|MBC_MEDSCAPE_BRANDSPOT|14
H|VER|VER|MBC_MEDSCAPE_ALERT|MBC_EDH_PROFLOW_EDMU|1
H|VER|VER|MBC_MEDSCAPE_ALERT|MBC_EDH_PROFLOW_WDMU|1
H|VER|VER|MBC_MEDSCAPE_ALERT|MBC_EDH_PROFLOW_RDMU|1
H|VER|VER|MBC_MEDSCAPE_ALERT|MBC_NUMEDIS_MDMINUTE|1
H|VER|VER|MBC_MEDSCAPE_POC|EBC_F2F_CALL|1
H|VER|VER|MBC_MEDSCAPE_POC|EBC_VEEVA_EMAIL|1
H|VER|VER|MBC_MEDSCAPE_POC|EBC_HQ_EMAIL|1
H|VER|VER|MBC_MEDSCAPE_POC|EBC_EPOCRATES_ALERT|1
H|VER|VER|MBC_MEDSCAPE_POC|EBC_DOXIMITY_ALERT|1
H|VER|VER|MBC_MEDSCAPE_POC|EBC_DOXIMITY_DOCSPOT|1
H|VER|VER|MBC_MEDSCAPE_POC|EBC_MEDSCAPE_EMAIL|7
H|VER|VER|MBC_MEDSCAPE_POC|EBC_MEDSCAPE_ALERT|14
H|VER|VER|MBC_MEDSCAPE_POC|EBC_MEDSCAPE_POC|28
H|VER|VER|MBC_MEDSCAPE_POC|EBC_MEDSCAPE_BRANDSPOT|14
H|VER|VER|MBC_MEDSCAPE_POC|EBC_EDH_PROFLOW_EDMU|1
H|VER|VER|MBC_MEDSCAPE_POC|EBC_EDH_PROFLOW_WDMU|1
H|VER|VER|MBC_MEDSCAPE_POC|EBC_EDH_PROFLOW_RDMU|1
H|VER|VER|MBC_MEDSCAPE_POC|EBC_NUMEDIS_MDMINUTE|1
H|VER|VER|MBC_MEDSCAPE_POC|MBC_F2F_CALL|1
H|VER|VER|MBC_MEDSCAPE_POC|MBC_VEEVA_EMAIL|1
H|VER|VER|MBC_MEDSCAPE_POC|MBC_HQ_EMAIL|1
H|VER|VER|MBC_MEDSCAPE_POC|MBC_EPOCRATES_ALERT|1
H|VER|VER|MBC_MEDSCAPE_POC|MBC_DOXIMITY_ALERT|1
H|VER|VER|MBC_MEDSCAPE_POC|MBC_DOXIMITY_DOCSPOT|1
H|VER|VER|MBC_MEDSCAPE_POC|MBC_MEDSCAPE_EMAIL|7
H|VER|VER|MBC_MEDSCAPE_POC|MBC_MEDSCAPE_ALERT|14
H|VER|VER|MBC_MEDSCAPE_POC|MBC_MEDSCAPE_POC|28
H|VER|VER|MBC_MEDSCAPE_POC|MBC_MEDSCAPE_BRANDSPOT|14
H|VER|VER|MBC_MEDSCAPE_POC|MBC_EDH_PROFLOW_EDMU|1
H|VER|VER|MBC_MEDSCAPE_POC|MBC_EDH_PROFLOW_WDMU|1
H|VER|VER|MBC_MEDSCAPE_POC|MBC_EDH_PROFLOW_RDMU|1
H|VER|VER|MBC_MEDSCAPE_POC|MBC_NUMEDIS_MDMINUTE|1
H|VER|VER|MBC_EDH_PROFLOW_EDMU|EBC_F2F_CALL|1
H|VER|VER|MBC_EDH_PROFLOW_EDMU|EBC_VEEVA_EMAIL|1
H|VER|VER|MBC_EDH_PROFLOW_EDMU|EBC_HQ_EMAIL|1
H|VER|VER|MBC_EDH_PROFLOW_EDMU|EBC_EPOCRATES_ALERT|1
H|VER|VER|MBC_EDH_PROFLOW_EDMU|EBC_DOXIMITY_ALERT|1
H|VER|VER|MBC_EDH_PROFLOW_EDMU|EBC_DOXIMITY_DOCSPOT|1
H|VER|VER|MBC_EDH_PROFLOW_EDMU|EBC_MEDSCAPE_EMAIL|1
H|VER|VER|MBC_EDH_PROFLOW_EDMU|EBC_MEDSCAPE_ALERT|1
H|VER|VER|MBC_EDH_PROFLOW_EDMU|EBC_MEDSCAPE_POC|1
H|VER|VER|MBC_EDH_PROFLOW_EDMU|EBC_MEDSCAPE_BRANDSPOT|1
H|VER|VER|MBC_EDH_PROFLOW_EDMU|EBC_EDH_PROFLOW_EDMU|14
H|VER|VER|MBC_EDH_PROFLOW_EDMU|EBC_EDH_PROFLOW_WDMU|14
H|VER|VER|MBC_EDH_PROFLOW_EDMU|EBC_EDH_PROFLOW_RDMU|14
H|VER|VER|MBC_EDH_PROFLOW_EDMU|EBC_NUMEDIS_MDMINUTE|1
H|VER|VER|MBC_EDH_PROFLOW_EDMU|MBC_F2F_CALL|1
H|VER|VER|MBC_EDH_PROFLOW_EDMU|MBC_VEEVA_EMAIL|1
H|VER|VER|MBC_EDH_PROFLOW_EDMU|MBC_HQ_EMAIL|1
H|VER|VER|MBC_EDH_PROFLOW_EDMU|MBC_EPOCRATES_ALERT|1
H|VER|VER|MBC_EDH_PROFLOW_EDMU|MBC_DOXIMITY_ALERT|1
H|VER|VER|MBC_EDH_PROFLOW_EDMU|MBC_DOXIMITY_DOCSPOT|1
H|VER|VER|MBC_EDH_PROFLOW_EDMU|MBC_MEDSCAPE_EMAIL|1
H|VER|VER|MBC_EDH_PROFLOW_EDMU|MBC_MEDSCAPE_ALERT|1
H|VER|VER|MBC_EDH_PROFLOW_EDMU|MBC_MEDSCAPE_POC|1
H|VER|VER|MBC_EDH_PROFLOW_EDMU|MBC_MEDSCAPE_BRANDSPOT|1
H|VER|VER|MBC_EDH_PROFLOW_EDMU|MBC_EDH_PROFLOW_EDMU|14
H|VER|VER|MBC_EDH_PROFLOW_EDMU|MBC_EDH_PROFLOW_WDMU|14
H|VER|VER|MBC_EDH_PROFLOW_EDMU|MBC_EDH_PROFLOW_RDMU|14
H|VER|VER|MBC_EDH_PROFLOW_EDMU|MBC_NUMEDIS_MDMINUTE|1
H|VER|VER|MBC_EDH_PROFLOW_WDMU|EBC_F2F_CALL|1
H|VER|VER|MBC_EDH_PROFLOW_WDMU|EBC_VEEVA_EMAIL|1
H|VER|VER|MBC_EDH_PROFLOW_WDMU|EBC_HQ_EMAIL|1
H|VER|VER|MBC_EDH_PROFLOW_WDMU|EBC_EPOCRATES_ALERT|1
H|VER|VER|MBC_EDH_PROFLOW_WDMU|EBC_DOXIMITY_ALERT|1
H|VER|VER|MBC_EDH_PROFLOW_WDMU|EBC_DOXIMITY_DOCSPOT|1
H|VER|VER|MBC_EDH_PROFLOW_WDMU|EBC_MEDSCAPE_EMAIL|1
H|VER|VER|MBC_EDH_PROFLOW_WDMU|EBC_MEDSCAPE_ALERT|1
H|VER|VER|MBC_EDH_PROFLOW_WDMU|EBC_MEDSCAPE_POC|1
H|VER|VER|MBC_EDH_PROFLOW_WDMU|EBC_MEDSCAPE_BRANDSPOT|1
H|VER|VER|MBC_EDH_PROFLOW_WDMU|EBC_EDH_PROFLOW_EDMU|14
H|VER|VER|MBC_EDH_PROFLOW_WDMU|EBC_EDH_PROFLOW_WDMU|14
H|VER|VER|MBC_EDH_PROFLOW_WDMU|EBC_EDH_PROFLOW_RDMU|14
H|VER|VER|MBC_EDH_PROFLOW_WDMU|EBC_NUMEDIS_MDMINUTE|1
H|VER|VER|MBC_EDH_PROFLOW_WDMU|MBC_F2F_CALL|1
H|VER|VER|MBC_EDH_PROFLOW_WDMU|MBC_VEEVA_EMAIL|1
H|VER|VER|MBC_EDH_PROFLOW_WDMU|MBC_HQ_EMAIL|1
H|VER|VER|MBC_EDH_PROFLOW_WDMU|MBC_EPOCRATES_ALERT|1
H|VER|VER|MBC_EDH_PROFLOW_WDMU|MBC_DOXIMITY_ALERT|1
H|VER|VER|MBC_EDH_PROFLOW_WDMU|MBC_DOXIMITY_DOCSPOT|1
H|VER|VER|MBC_EDH_PROFLOW_WDMU|MBC_MEDSCAPE_EMAIL|1
H|VER|VER|MBC_EDH_PROFLOW_WDMU|MBC_MEDSCAPE_ALERT|1
H|VER|VER|MBC_EDH_PROFLOW_WDMU|MBC_MEDSCAPE_POC|1
H|VER|VER|MBC_EDH_PROFLOW_WDMU|MBC_MEDSCAPE_BRANDSPOT|1
H|VER|VER|MBC_EDH_PROFLOW_WDMU|MBC_EDH_PROFLOW_EDMU|14
H|VER|VER|MBC_EDH_PROFLOW_WDMU|MBC_EDH_PROFLOW_WDMU|14
H|VER|VER|MBC_EDH_PROFLOW_WDMU|MBC_EDH_PROFLOW_RDMU|14
H|VER|VER|MBC_EDH_PROFLOW_WDMU|MBC_NUMEDIS_MDMINUTE|1
H|VER|VER|MBC_EDH_PROFLOW_RDMU|EBC_F2F_CALL|1
H|VER|VER|MBC_EDH_PROFLOW_RDMU|EBC_VEEVA_EMAIL|1
H|VER|VER|MBC_EDH_PROFLOW_RDMU|EBC_HQ_EMAIL|1
H|VER|VER|MBC_EDH_PROFLOW_RDMU|EBC_EPOCRATES_ALERT|1
H|VER|VER|MBC_EDH_PROFLOW_RDMU|EBC_DOXIMITY_ALERT|1
H|VER|VER|MBC_EDH_PROFLOW_RDMU|EBC_DOXIMITY_DOCSPOT|1
H|VER|VER|MBC_EDH_PROFLOW_RDMU|EBC_MEDSCAPE_EMAIL|1
H|VER|VER|MBC_EDH_PROFLOW_RDMU|EBC_MEDSCAPE_ALERT|1
H|VER|VER|MBC_EDH_PROFLOW_RDMU|EBC_MEDSCAPE_POC|1
H|VER|VER|MBC_EDH_PROFLOW_RDMU|EBC_MEDSCAPE_BRANDSPOT|1
H|VER|VER|MBC_EDH_PROFLOW_RDMU|EBC_EDH_PROFLOW_EDMU|14
H|VER|VER|MBC_EDH_PROFLOW_RDMU|EBC_EDH_PROFLOW_WDMU|14
H|VER|VER|MBC_EDH_PROFLOW_RDMU|EBC_EDH_PROFLOW_RDMU|14
H|VER|VER|MBC_EDH_PROFLOW_RDMU|EBC_NUMEDIS_MDMINUTE|1
H|VER|VER|MBC_EDH_PROFLOW_RDMU|MBC_F2F_CALL|1
H|VER|VER|MBC_EDH_PROFLOW_RDMU|MBC_VEEVA_EMAIL|1
H|VER|VER|MBC_EDH_PROFLOW_RDMU|MBC_HQ_EMAIL|1
H|VER|VER|MBC_EDH_PROFLOW_RDMU|MBC_EPOCRATES_ALERT|1
H|VER|VER|MBC_EDH_PROFLOW_RDMU|MBC_DOXIMITY_ALERT|1
H|VER|VER|MBC_EDH_PROFLOW_RDMU|MBC_DOXIMITY_DOCSPOT|1
H|VER|VER|MBC_EDH_PROFLOW_RDMU|MBC_MEDSCAPE_EMAIL|1
H|VER|VER|MBC_EDH_PROFLOW_RDMU|MBC_MEDSCAPE_ALERT|1
H|VER|VER|MBC_EDH_PROFLOW_RDMU|MBC_MEDSCAPE_POC|1
H|VER|VER|MBC_EDH_PROFLOW_RDMU|MBC_MEDSCAPE_BRANDSPOT|1
H|VER|VER|MBC_EDH_PROFLOW_RDMU|MBC_EDH_PROFLOW_EDMU|14
H|VER|VER|MBC_EDH_PROFLOW_RDMU|MBC_EDH_PROFLOW_WDMU|14
H|VER|VER|MBC_EDH_PROFLOW_RDMU|MBC_EDH_PROFLOW_RDMU|14
H|VER|VER|MBC_EDH_PROFLOW_RDMU|MBC_NUMEDIS_MDMINUTE|1
H|VER|VER|MBC_NUMEDIS_MDMINUTE|EBC_F2F_CALL|1
H|VER|VER|MBC_NUMEDIS_MDMINUTE|EBC_VEEVA_EMAIL|1
H|VER|VER|MBC_NUMEDIS_MDMINUTE|EBC_HQ_EMAIL|1
H|VER|VER|MBC_NUMEDIS_MDMINUTE|EBC_EPOCRATES_ALERT|1
H|VER|VER|MBC_NUMEDIS_MDMINUTE|EBC_DOXIMITY_ALERT|1
H|VER|VER|MBC_NUMEDIS_MDMINUTE|EBC_DOXIMITY_DOCSPOT|1
H|VER|VER|MBC_NUMEDIS_MDMINUTE|EBC_MEDSCAPE_EMAIL|1
H|VER|VER|MBC_NUMEDIS_MDMINUTE|EBC_MEDSCAPE_ALERT|1
H|VER|VER|MBC_NUMEDIS_MDMINUTE|EBC_MEDSCAPE_POC|1
H|VER|VER|MBC_NUMEDIS_MDMINUTE|EBC_MEDSCAPE_BRANDSPOT|1
H|VER|VER|MBC_NUMEDIS_MDMINUTE|EBC_EDH_PROFLOW_EDMU|1
H|VER|VER|MBC_NUMEDIS_MDMINUTE|EBC_EDH_PROFLOW_WDMU|1
H|VER|VER|MBC_NUMEDIS_MDMINUTE|EBC_EDH_PROFLOW_RDMU|1
H|VER|VER|MBC_NUMEDIS_MDMINUTE|EBC_NUMEDIS_MDMINUTE|14
H|VER|VER|MBC_NUMEDIS_MDMINUTE|MBC_F2F_CALL|1
H|VER|VER|MBC_NUMEDIS_MDMINUTE|MBC_VEEVA_EMAIL|1
H|VER|VER|MBC_NUMEDIS_MDMINUTE|MBC_HQ_EMAIL|1
H|VER|VER|MBC_NUMEDIS_MDMINUTE|MBC_EPOCRATES_ALERT|1
H|VER|VER|MBC_NUMEDIS_MDMINUTE|MBC_DOXIMITY_ALERT|1
H|VER|VER|MBC_NUMEDIS_MDMINUTE|MBC_DOXIMITY_DOCSPOT|1
H|VER|VER|MBC_NUMEDIS_MDMINUTE|MBC_MEDSCAPE_EMAIL|1
H|VER|VER|MBC_NUMEDIS_MDMINUTE|MBC_MEDSCAPE_ALERT|1
H|VER|VER|MBC_NUMEDIS_MDMINUTE|MBC_MEDSCAPE_POC|1
H|VER|VER|MBC_NUMEDIS_MDMINUTE|MBC_MEDSCAPE_BRANDSPOT|1
H|VER|VER|MBC_NUMEDIS_MDMINUTE|MBC_EDH_PROFLOW_EDMU|1
H|VER|VER|MBC_NUMEDIS_MDMINUTE|MBC_EDH_PROFLOW_WDMU|1
H|VER|VER|MBC_NUMEDIS_MDMINUTE|MBC_EDH_PROFLOW_RDMU|1
H|VER|VER|MBC_NUMEDIS_MDMINUTE|MBC_NUMEDIS_MDMINUTE|14
H|VER|VER|EBC_MEDSCAPE_BRANDSPOT|EBC_F2F_CALL|1
H|VER|VER|EBC_MEDSCAPE_BRANDSPOT|EBC_VEEVA_EMAIL|1
H|VER|VER|EBC_MEDSCAPE_BRANDSPOT|EBC_HQ_EMAIL|1
H|VER|VER|EBC_MEDSCAPE_BRANDSPOT|EBC_EPOCRATES_ALERT|1
H|VER|VER|EBC_MEDSCAPE_BRANDSPOT|EBC_DOXIMITY_ALERT|1
H|VER|VER|EBC_MEDSCAPE_BRANDSPOT|EBC_DOXIMITY_DOCSPOT|1
H|VER|VER|EBC_MEDSCAPE_BRANDSPOT|EBC_MEDSCAPE_EMAIL|7
H|VER|VER|EBC_MEDSCAPE_BRANDSPOT|EBC_MEDSCAPE_ALERT|14
H|VER|VER|EBC_MEDSCAPE_BRANDSPOT|EBC_MEDSCAPE_POC|14
H|VER|VER|EBC_MEDSCAPE_BRANDSPOT|EBC_MEDSCAPE_BRANDSPOT|28
H|VER|VER|EBC_MEDSCAPE_BRANDSPOT|EBC_EDH_PROFLOW_EDMU|1
H|VER|VER|EBC_MEDSCAPE_BRANDSPOT|EBC_EDH_PROFLOW_WDMU|1
H|VER|VER|EBC_MEDSCAPE_BRANDSPOT|EBC_EDH_PROFLOW_RDMU|1
H|VER|VER|EBC_MEDSCAPE_BRANDSPOT|EBC_NUMEDIS_MDMINUTE|1
H|VER|VER|MBC_MEDSCAPE_BRANDSPOT|MBC_F2F_CALL|1
H|VER|VER|MBC_MEDSCAPE_BRANDSPOT|MBC_VEEVA_EMAIL|1
H|VER|VER|MBC_MEDSCAPE_BRANDSPOT|MBC_HQ_EMAIL|1
H|VER|VER|MBC_NUMEDIS_MDMINUTE|MBC_EPOCRATES_ALERT|1
H|VER|VER|MBC_MEDSCAPE_BRANDSPOT|MBC_DOXIMITY_ALERT|1
H|VER|VER|MBC_MEDSCAPE_BRANDSPOT|MBC_DOXIMITY_DOCSPOT|1
H|VER|VER|MBC_MEDSCAPE_BRANDSPOT|MBC_MEDSCAPE_EMAIL|7
H|VER|VER|MBC_MEDSCAPE_BRANDSPOT|MBC_MEDSCAPE_ALERT|14
H|VER|VER|MBC_MEDSCAPE_BRANDSPOT|MBC_MEDSCAPE_POC|14
H|VER|VER|MBC_MEDSCAPE_BRANDSPOT|MBC_MEDSCAPE_BRANDSPOT|28
H|VER|VER|MBC_MEDSCAPE_BRANDSPOT|MBC_EDH_PROFLOW_EDMU|1
H|VER|VER|MBC_MEDSCAPE_BRANDSPOT|MBC_EDH_PROFLOW_WDMU|1
H|VER|VER|MBC_MEDSCAPE_BRANDSPOT|MBC_EDH_PROFLOW_RDMU|1
H|VER|VER|MBC_MEDSCAPE_BRANDSPOT|MBC_NUMEDIS_MDMINUTE|1
M|VER|VER|EBC_F2F_CALL|EBC_F2F_CALL|21
M|VER|VER|EBC_F2F_CALL|EBC_VEEVA_EMAIL|14
M|VER|VER|EBC_F2F_CALL|EBC_HQ_EMAIL|1
M|VER|VER|EBC_F2F_CALL|EBC_EPOCRATES_ALERT|1
M|VER|VER|EBC_F2F_CALL|EBC_DOXIMITY_ALERT|1
M|VER|VER|EBC_F2F_CALL|EBC_DOXIMITY_DOCSPOT|1
M|VER|VER|EBC_F2F_CALL|EBC_MEDSCAPE_EMAIL|1
M|VER|VER|EBC_F2F_CALL|EBC_MEDSCAPE_ALERT|1
M|VER|VER|EBC_F2F_CALL|EBC_MEDSCAPE_POC|1
M|VER|VER|EBC_F2F_CALL|EBC_MEDSCAPE_BRANDSPOT|1
M|VER|VER|EBC_F2F_CALL|EBC_EDH_PROFLOW_EDMU|1
M|VER|VER|EBC_F2F_CALL|EBC_EDH_PROFLOW_WDMU|1
M|VER|VER|EBC_F2F_CALL|EBC_EDH_PROFLOW_RDMU|1
M|VER|VER|EBC_F2F_CALL|EBC_NUMEDIS_MDMINUTE|1
M|VER|VER|EBC_F2F_CALL|MBC_F2F_CALL|21
M|VER|VER|EBC_F2F_CALL|MBC_VEEVA_EMAIL|14
M|VER|VER|EBC_F2F_CALL|MBC_HQ_EMAIL|1
M|VER|VER|EBC_F2F_CALL|MBC_EPOCRATES_ALERT|1
M|VER|VER|EBC_F2F_CALL|MBC_DOXIMITY_ALERT|1
M|VER|VER|EBC_F2F_CALL|MBC_DOXIMITY_DOCSPOT|1
M|VER|VER|EBC_F2F_CALL|MBC_MEDSCAPE_EMAIL|1
M|VER|VER|EBC_F2F_CALL|MBC_MEDSCAPE_ALERT|1
M|VER|VER|EBC_F2F_CALL|MBC_MEDSCAPE_POC|1
M|VER|VER|EBC_F2F_CALL|MBC_MEDSCAPE_BRANDSPOT|1
M|VER|VER|EBC_F2F_CALL|MBC_EDH_PROFLOW_EDMU|1
M|VER|VER|EBC_F2F_CALL|MBC_EDH_PROFLOW_WDMU|1
M|VER|VER|EBC_F2F_CALL|MBC_EDH_PROFLOW_RDMU|1
M|VER|VER|EBC_F2F_CALL|MBC_NUMEDIS_MDMINUTE|1
M|VER|VER|EBC_VEEVA_EMAIL|EBC_F2F_CALL|1
M|VER|VER|EBC_VEEVA_EMAIL|EBC_VEEVA_EMAIL|1
M|VER|VER|EBC_VEEVA_EMAIL|EBC_HQ_EMAIL|1
M|VER|VER|EBC_VEEVA_EMAIL|EBC_EPOCRATES_ALERT|1
M|VER|VER|EBC_VEEVA_EMAIL|EBC_DOXIMITY_ALERT|1
M|VER|VER|EBC_VEEVA_EMAIL|EBC_DOXIMITY_DOCSPOT|1
M|VER|VER|EBC_VEEVA_EMAIL|EBC_MEDSCAPE_EMAIL|1
M|VER|VER|EBC_VEEVA_EMAIL|EBC_MEDSCAPE_ALERT|1
M|VER|VER|EBC_VEEVA_EMAIL|EBC_MEDSCAPE_POC|1
M|VER|VER|EBC_VEEVA_EMAIL|EBC_MEDSCAPE_BRANDSPOT|1
M|VER|VER|EBC_VEEVA_EMAIL|EBC_EDH_PROFLOW_EDMU|1
M|VER|VER|EBC_VEEVA_EMAIL|EBC_EDH_PROFLOW_WDMU|1
M|VER|VER|EBC_VEEVA_EMAIL|EBC_EDH_PROFLOW_RDMU|1
M|VER|VER|EBC_VEEVA_EMAIL|EBC_NUMEDIS_MDMINUTE|1
M|VER|VER|EBC_VEEVA_EMAIL|MBC_F2F_CALL|1
M|VER|VER|EBC_VEEVA_EMAIL|MBC_VEEVA_EMAIL|1
M|VER|VER|EBC_VEEVA_EMAIL|MBC_HQ_EMAIL|1
M|VER|VER|EBC_VEEVA_EMAIL|MBC_EPOCRATES_ALERT|1
M|VER|VER|EBC_VEEVA_EMAIL|MBC_DOXIMITY_ALERT|1
M|VER|VER|EBC_VEEVA_EMAIL|MBC_DOXIMITY_DOCSPOT|1
M|VER|VER|EBC_VEEVA_EMAIL|MBC_MEDSCAPE_EMAIL|1
M|VER|VER|EBC_VEEVA_EMAIL|MBC_MEDSCAPE_ALERT|1
M|VER|VER|EBC_VEEVA_EMAIL|MBC_MEDSCAPE_POC|1
M|VER|VER|EBC_VEEVA_EMAIL|MBC_MEDSCAPE_BRANDSPOT|1
M|VER|VER|EBC_VEEVA_EMAIL|MBC_EDH_PROFLOW_EDMU|1
M|VER|VER|EBC_VEEVA_EMAIL|MBC_EDH_PROFLOW_WDMU|1
M|VER|VER|EBC_VEEVA_EMAIL|MBC_EDH_PROFLOW_RDMU|1
M|VER|VER|EBC_VEEVA_EMAIL|MBC_NUMEDIS_MDMINUTE|1
M|VER|VER|EBC_HQ_EMAIL|EBC_F2F_CALL|1
M|VER|VER|EBC_HQ_EMAIL|EBC_VEEVA_EMAIL|1
M|VER|VER|EBC_HQ_EMAIL|EBC_HQ_EMAIL|30
M|VER|VER|EBC_HQ_EMAIL|EBC_EPOCRATES_ALERT|1
M|VER|VER|EBC_HQ_EMAIL|EBC_DOXIMITY_ALERT|1
M|VER|VER|EBC_HQ_EMAIL|EBC_DOXIMITY_DOCSPOT|1
M|VER|VER|EBC_HQ_EMAIL|EBC_MEDSCAPE_EMAIL|1
M|VER|VER|EBC_HQ_EMAIL|EBC_MEDSCAPE_ALERT|1
M|VER|VER|EBC_HQ_EMAIL|EBC_MEDSCAPE_POC|1
M|VER|VER|EBC_HQ_EMAIL|EBC_MEDSCAPE_BRANDSPOT|1
M|VER|VER|EBC_HQ_EMAIL|EBC_EDH_PROFLOW_EDMU|1
M|VER|VER|EBC_HQ_EMAIL|EBC_EDH_PROFLOW_WDMU|1
M|VER|VER|EBC_HQ_EMAIL|EBC_EDH_PROFLOW_RDMU|1
M|VER|VER|EBC_HQ_EMAIL|EBC_NUMEDIS_MDMINUTE|1
M|VER|VER|EBC_HQ_EMAIL|MBC_F2F_CALL|1
M|VER|VER|EBC_HQ_EMAIL|MBC_VEEVA_EMAIL|1
M|VER|VER|EBC_HQ_EMAIL|MBC_HQ_EMAIL|30
M|VER|VER|EBC_HQ_EMAIL|MBC_EPOCRATES_ALERT|1
M|VER|VER|EBC_HQ_EMAIL|MBC_DOXIMITY_ALERT|1
M|VER|VER|EBC_HQ_EMAIL|MBC_DOXIMITY_DOCSPOT|1
M|VER|VER|EBC_HQ_EMAIL|MBC_MEDSCAPE_EMAIL|1
M|VER|VER|EBC_HQ_EMAIL|MBC_MEDSCAPE_ALERT|1
M|VER|VER|EBC_HQ_EMAIL|MBC_MEDSCAPE_POC|1
M|VER|VER|EBC_HQ_EMAIL|MBC_MEDSCAPE_BRANDSPOT|1
M|VER|VER|EBC_HQ_EMAIL|MBC_EDH_PROFLOW_EDMU|1
M|VER|VER|EBC_HQ_EMAIL|MBC_EDH_PROFLOW_WDMU|1
M|VER|VER|EBC_HQ_EMAIL|MBC_EDH_PROFLOW_RDMU|1
M|VER|VER|EBC_HQ_EMAIL|MBC_NUMEDIS_MDMINUTE|1
M|VER|VER|EBC_EPOCRATES_ALERT|EBC_F2F_CALL|1
M|VER|VER|EBC_EPOCRATES_ALERT|EBC_VEEVA_EMAIL|1
M|VER|VER|EBC_EPOCRATES_ALERT|EBC_HQ_EMAIL|1
M|VER|VER|EBC_EPOCRATES_ALERT|EBC_EPOCRATES_ALERT|14
M|VER|VER|EBC_EPOCRATES_ALERT|EBC_DOXIMITY_ALERT|1
M|VER|VER|EBC_EPOCRATES_ALERT|EBC_DOXIMITY_DOCSPOT|1
M|VER|VER|EBC_EPOCRATES_ALERT|EBC_MEDSCAPE_EMAIL|1
M|VER|VER|EBC_EPOCRATES_ALERT|EBC_MEDSCAPE_ALERT|1
M|VER|VER|EBC_EPOCRATES_ALERT|EBC_MEDSCAPE_POC|1
M|VER|VER|EBC_EPOCRATES_ALERT|EBC_MEDSCAPE_BRANDSPOT|1
M|VER|VER|EBC_EPOCRATES_ALERT|EBC_EDH_PROFLOW_EDMU|1
M|VER|VER|EBC_EPOCRATES_ALERT|EBC_EDH_PROFLOW_WDMU|1
M|VER|VER|EBC_EPOCRATES_ALERT|EBC_EDH_PROFLOW_RDMU|1
M|VER|VER|EBC_EPOCRATES_ALERT|EBC_NUMEDIS_MDMINUTE|1
M|VER|VER|EBC_EPOCRATES_ALERT|MBC_F2F_CALL|1
M|VER|VER|EBC_EPOCRATES_ALERT|MBC_VEEVA_EMAIL|1
M|VER|VER|EBC_EPOCRATES_ALERT|MBC_HQ_EMAIL|1
M|VER|VER|EBC_EPOCRATES_ALERT|MBC_EPOCRATES_ALERT|14
M|VER|VER|EBC_EPOCRATES_ALERT|MBC_DOXIMITY_ALERT|1
M|VER|VER|EBC_EPOCRATES_ALERT|MBC_DOXIMITY_DOCSPOT|1
M|VER|VER|EBC_EPOCRATES_ALERT|MBC_MEDSCAPE_EMAIL|1
M|VER|VER|EBC_EPOCRATES_ALERT|MBC_MEDSCAPE_ALERT|1
M|VER|VER|EBC_EPOCRATES_ALERT|MBC_MEDSCAPE_POC|1
M|VER|VER|EBC_EPOCRATES_ALERT|MBC_MEDSCAPE_BRANDSPOT|1
M|VER|VER|EBC_EPOCRATES_ALERT|MBC_EDH_PROFLOW_EDMU|1
M|VER|VER|EBC_EPOCRATES_ALERT|MBC_EDH_PROFLOW_WDMU|1
M|VER|VER|EBC_EPOCRATES_ALERT|MBC_EDH_PROFLOW_RDMU|1
M|VER|VER|EBC_EPOCRATES_ALERT|MBC_NUMEDIS_MDMINUTE|1
M|VER|VER|EBC_DOXIMITY_ALERT|EBC_F2F_CALL|1
M|VER|VER|EBC_DOXIMITY_ALERT|EBC_VEEVA_EMAIL|1
M|VER|VER|EBC_DOXIMITY_ALERT|EBC_HQ_EMAIL|1
M|VER|VER|EBC_DOXIMITY_ALERT|EBC_EPOCRATES_ALERT|1
M|VER|VER|EBC_DOXIMITY_ALERT|EBC_DOXIMITY_ALERT|14
M|VER|VER|EBC_DOXIMITY_ALERT|EBC_DOXIMITY_DOCSPOT|14
M|VER|VER|EBC_DOXIMITY_ALERT|EBC_MEDSCAPE_EMAIL|1
M|VER|VER|EBC_DOXIMITY_ALERT|EBC_MEDSCAPE_ALERT|1
M|VER|VER|EBC_DOXIMITY_ALERT|EBC_MEDSCAPE_POC|1
M|VER|VER|EBC_DOXIMITY_ALERT|EBC_MEDSCAPE_BRANDSPOT|1
M|VER|VER|EBC_DOXIMITY_ALERT|EBC_EDH_PROFLOW_EDMU|1
M|VER|VER|EBC_DOXIMITY_ALERT|EBC_EDH_PROFLOW_WDMU|1
M|VER|VER|EBC_DOXIMITY_ALERT|EBC_EDH_PROFLOW_RDMU|1
M|VER|VER|EBC_DOXIMITY_ALERT|EBC_NUMEDIS_MDMINUTE|1
M|VER|VER|EBC_DOXIMITY_ALERT|MBC_F2F_CALL|1
M|VER|VER|EBC_DOXIMITY_ALERT|MBC_VEEVA_EMAIL|1
M|VER|VER|EBC_DOXIMITY_ALERT|MBC_HQ_EMAIL|1
M|VER|VER|EBC_DOXIMITY_ALERT|MBC_EPOCRATES_ALERT|1
M|VER|VER|EBC_DOXIMITY_ALERT|MBC_DOXIMITY_ALERT|14
M|VER|VER|EBC_DOXIMITY_ALERT|MBC_DOXIMITY_DOCSPOT|14
M|VER|VER|EBC_DOXIMITY_ALERT|MBC_MEDSCAPE_EMAIL|1
M|VER|VER|EBC_DOXIMITY_ALERT|MBC_MEDSCAPE_ALERT|1
M|VER|VER|EBC_DOXIMITY_ALERT|MBC_MEDSCAPE_POC|1
M|VER|VER|EBC_DOXIMITY_ALERT|MBC_MEDSCAPE_BRANDSPOT|1
M|VER|VER|EBC_DOXIMITY_ALERT|MBC_EDH_PROFLOW_EDMU|1
M|VER|VER|EBC_DOXIMITY_ALERT|MBC_EDH_PROFLOW_WDMU|1
M|VER|VER|EBC_DOXIMITY_ALERT|MBC_EDH_PROFLOW_RDMU|1
M|VER|VER|EBC_DOXIMITY_ALERT|MBC_NUMEDIS_MDMINUTE|1
M|VER|VER|EBC_DOXIMITY_DOCSPOT|EBC_F2F_CALL|1
M|VER|VER|EBC_DOXIMITY_DOCSPOT|EBC_VEEVA_EMAIL|1
M|VER|VER|EBC_DOXIMITY_DOCSPOT|EBC_HQ_EMAIL|1
M|VER|VER|EBC_DOXIMITY_DOCSPOT|EBC_EPOCRATES_ALERT|1
M|VER|VER|EBC_DOXIMITY_DOCSPOT|EBC_DOXIMITY_ALERT|14
M|VER|VER|EBC_DOXIMITY_DOCSPOT|EBC_DOXIMITY_DOCSPOT|14
M|VER|VER|EBC_DOXIMITY_DOCSPOT|EBC_MEDSCAPE_EMAIL|1
M|VER|VER|EBC_DOXIMITY_DOCSPOT|EBC_MEDSCAPE_ALERT|1
M|VER|VER|EBC_DOXIMITY_DOCSPOT|EBC_MEDSCAPE_POC|1
M|VER|VER|EBC_DOXIMITY_DOCSPOT|EBC_MEDSCAPE_BRANDSPOT|1
M|VER|VER|EBC_DOXIMITY_DOCSPOT|EBC_EDH_PROFLOW_EDMU|1
M|VER|VER|EBC_DOXIMITY_DOCSPOT|EBC_EDH_PROFLOW_WDMU|1
M|VER|VER|EBC_DOXIMITY_DOCSPOT|EBC_EDH_PROFLOW_RDMU|1
M|VER|VER|EBC_DOXIMITY_DOCSPOT|EBC_NUMEDIS_MDMINUTE|1
M|VER|VER|EBC_DOXIMITY_DOCSPOT|MBC_F2F_CALL|1
M|VER|VER|EBC_DOXIMITY_DOCSPOT|MBC_VEEVA_EMAIL|1
M|VER|VER|EBC_DOXIMITY_DOCSPOT|MBC_HQ_EMAIL|1
M|VER|VER|EBC_DOXIMITY_DOCSPOT|MBC_EPOCRATES_ALERT|1
M|VER|VER|EBC_DOXIMITY_DOCSPOT|MBC_DOXIMITY_ALERT|14
M|VER|VER|EBC_DOXIMITY_DOCSPOT|MBC_DOXIMITY_DOCSPOT|14
M|VER|VER|EBC_DOXIMITY_DOCSPOT|MBC_MEDSCAPE_EMAIL|1
M|VER|VER|EBC_DOXIMITY_DOCSPOT|MBC_MEDSCAPE_ALERT|1
M|VER|VER|EBC_DOXIMITY_DOCSPOT|MBC_MEDSCAPE_POC|1
M|VER|VER|EBC_DOXIMITY_DOCSPOT|MBC_MEDSCAPE_BRANDSPOT|1
M|VER|VER|EBC_DOXIMITY_DOCSPOT|MBC_EDH_PROFLOW_EDMU|1
M|VER|VER|EBC_DOXIMITY_DOCSPOT|MBC_EDH_PROFLOW_WDMU|1
M|VER|VER|EBC_DOXIMITY_DOCSPOT|MBC_EDH_PROFLOW_RDMU|1
M|VER|VER|EBC_DOXIMITY_DOCSPOT|MBC_NUMEDIS_MDMINUTE|1
M|VER|VER|EBC_MEDSCAPE_EMAIL|EBC_F2F_CALL|1
M|VER|VER|EBC_MEDSCAPE_EMAIL|EBC_VEEVA_EMAIL|1
M|VER|VER|EBC_MEDSCAPE_EMAIL|EBC_HQ_EMAIL|1
M|VER|VER|EBC_MEDSCAPE_EMAIL|EBC_EPOCRATES_ALERT|1
M|VER|VER|EBC_MEDSCAPE_EMAIL|EBC_DOXIMITY_ALERT|1
M|VER|VER|EBC_MEDSCAPE_EMAIL|EBC_DOXIMITY_DOCSPOT|1
M|VER|VER|EBC_MEDSCAPE_EMAIL|EBC_MEDSCAPE_EMAIL|14
M|VER|VER|EBC_MEDSCAPE_EMAIL|EBC_MEDSCAPE_ALERT|7
M|VER|VER|EBC_MEDSCAPE_EMAIL|EBC_MEDSCAPE_POC|7
M|VER|VER|EBC_MEDSCAPE_EMAIL|EBC_MEDSCAPE_BRANDSPOT|7
M|VER|VER|EBC_MEDSCAPE_EMAIL|EBC_EDH_PROFLOW_EDMU|1
M|VER|VER|EBC_MEDSCAPE_EMAIL|EBC_EDH_PROFLOW_WDMU|1
M|VER|VER|EBC_MEDSCAPE_EMAIL|EBC_EDH_PROFLOW_RDMU|1
M|VER|VER|EBC_MEDSCAPE_EMAIL|EBC_NUMEDIS_MDMINUTE|1
M|VER|VER|EBC_MEDSCAPE_EMAIL|MBC_F2F_CALL|1
M|VER|VER|EBC_MEDSCAPE_EMAIL|MBC_VEEVA_EMAIL|1
M|VER|VER|EBC_MEDSCAPE_EMAIL|MBC_HQ_EMAIL|1
M|VER|VER|EBC_MEDSCAPE_EMAIL|MBC_EPOCRATES_ALERT|1
M|VER|VER|EBC_MEDSCAPE_EMAIL|MBC_DOXIMITY_ALERT|1
M|VER|VER|EBC_MEDSCAPE_EMAIL|MBC_DOXIMITY_DOCSPOT|1
M|VER|VER|EBC_MEDSCAPE_EMAIL|MBC_MEDSCAPE_EMAIL|14
M|VER|VER|EBC_MEDSCAPE_EMAIL|MBC_MEDSCAPE_ALERT|7
M|VER|VER|EBC_MEDSCAPE_EMAIL|MBC_MEDSCAPE_POC|7
M|VER|VER|EBC_MEDSCAPE_EMAIL|MBC_MEDSCAPE_BRANDSPOT|7
M|VER|VER|EBC_MEDSCAPE_EMAIL|MBC_EDH_PROFLOW_EDMU|1
M|VER|VER|EBC_MEDSCAPE_EMAIL|MBC_EDH_PROFLOW_WDMU|1
M|VER|VER|EBC_MEDSCAPE_EMAIL|MBC_EDH_PROFLOW_RDMU|1
M|VER|VER|EBC_MEDSCAPE_EMAIL|MBC_NUMEDIS_MDMINUTE|1
M|VER|VER|EBC_MEDSCAPE_ALERT|EBC_F2F_CALL|1
M|VER|VER|EBC_MEDSCAPE_ALERT|EBC_VEEVA_EMAIL|1
M|VER|VER|EBC_MEDSCAPE_ALERT|EBC_HQ_EMAIL|1
M|VER|VER|EBC_MEDSCAPE_ALERT|EBC_EPOCRATES_ALERT|1
M|VER|VER|EBC_MEDSCAPE_ALERT|EBC_DOXIMITY_ALERT|1
M|VER|VER|EBC_MEDSCAPE_ALERT|EBC_DOXIMITY_DOCSPOT|1
M|VER|VER|EBC_MEDSCAPE_ALERT|EBC_MEDSCAPE_EMAIL|7
M|VER|VER|EBC_MEDSCAPE_ALERT|EBC_MEDSCAPE_ALERT|28
M|VER|VER|EBC_MEDSCAPE_ALERT|EBC_MEDSCAPE_POC|14
M|VER|VER|EBC_MEDSCAPE_ALERT|EBC_MEDSCAPE_BRANDSPOT|14
M|VER|VER|EBC_MEDSCAPE_ALERT|EBC_EDH_PROFLOW_EDMU|1
M|VER|VER|EBC_MEDSCAPE_ALERT|EBC_EDH_PROFLOW_WDMU|1
M|VER|VER|EBC_MEDSCAPE_ALERT|EBC_EDH_PROFLOW_RDMU|1
M|VER|VER|EBC_MEDSCAPE_ALERT|EBC_NUMEDIS_MDMINUTE|1
M|VER|VER|EBC_MEDSCAPE_ALERT|MBC_F2F_CALL|1
M|VER|VER|EBC_MEDSCAPE_ALERT|MBC_VEEVA_EMAIL|1
M|VER|VER|EBC_MEDSCAPE_ALERT|MBC_HQ_EMAIL|1
M|VER|VER|EBC_MEDSCAPE_ALERT|MBC_EPOCRATES_ALERT|1
M|VER|VER|EBC_MEDSCAPE_ALERT|MBC_DOXIMITY_ALERT|1
M|VER|VER|EBC_MEDSCAPE_ALERT|MBC_DOXIMITY_DOCSPOT|1
M|VER|VER|EBC_MEDSCAPE_ALERT|MBC_MEDSCAPE_EMAIL|7
M|VER|VER|EBC_MEDSCAPE_ALERT|MBC_MEDSCAPE_ALERT|28
M|VER|VER|EBC_MEDSCAPE_ALERT|MBC_MEDSCAPE_POC|14
M|VER|VER|EBC_MEDSCAPE_ALERT|MBC_MEDSCAPE_BRANDSPOT|14
M|VER|VER|EBC_MEDSCAPE_ALERT|MBC_EDH_PROFLOW_EDMU|1
M|VER|VER|EBC_MEDSCAPE_ALERT|MBC_EDH_PROFLOW_WDMU|1
M|VER|VER|EBC_MEDSCAPE_ALERT|MBC_EDH_PROFLOW_RDMU|1
M|VER|VER|EBC_MEDSCAPE_ALERT|MBC_NUMEDIS_MDMINUTE|1
M|VER|VER|EBC_MEDSCAPE_POC|EBC_F2F_CALL|1
M|VER|VER|EBC_MEDSCAPE_POC|EBC_VEEVA_EMAIL|1
M|VER|VER|EBC_MEDSCAPE_POC|EBC_HQ_EMAIL|1
M|VER|VER|EBC_MEDSCAPE_POC|EBC_EPOCRATES_ALERT|1
M|VER|VER|EBC_MEDSCAPE_POC|EBC_DOXIMITY_ALERT|1
M|VER|VER|EBC_MEDSCAPE_POC|EBC_DOXIMITY_DOCSPOT|1
M|VER|VER|EBC_MEDSCAPE_POC|EBC_MEDSCAPE_EMAIL|7
M|VER|VER|EBC_MEDSCAPE_POC|EBC_MEDSCAPE_ALERT|14
M|VER|VER|EBC_MEDSCAPE_POC|EBC_MEDSCAPE_POC|28
M|VER|VER|EBC_MEDSCAPE_POC|EBC_MEDSCAPE_BRANDSPOT|14
M|VER|VER|EBC_MEDSCAPE_POC|EBC_EDH_PROFLOW_EDMU|1
M|VER|VER|EBC_MEDSCAPE_POC|EBC_EDH_PROFLOW_WDMU|1
M|VER|VER|EBC_MEDSCAPE_POC|EBC_EDH_PROFLOW_RDMU|1
M|VER|VER|EBC_MEDSCAPE_POC|EBC_NUMEDIS_MDMINUTE|1
M|VER|VER|EBC_MEDSCAPE_POC|MBC_F2F_CALL|1
M|VER|VER|EBC_MEDSCAPE_POC|MBC_VEEVA_EMAIL|1
M|VER|VER|EBC_MEDSCAPE_POC|MBC_HQ_EMAIL|1
M|VER|VER|EBC_MEDSCAPE_POC|MBC_EPOCRATES_ALERT|1
M|VER|VER|EBC_MEDSCAPE_POC|MBC_DOXIMITY_ALERT|1
M|VER|VER|EBC_MEDSCAPE_POC|MBC_DOXIMITY_DOCSPOT|1
M|VER|VER|EBC_MEDSCAPE_POC|MBC_MEDSCAPE_EMAIL|7
M|VER|VER|EBC_MEDSCAPE_POC|MBC_MEDSCAPE_ALERT|14
M|VER|VER|EBC_MEDSCAPE_POC|MBC_MEDSCAPE_POC|28
M|VER|VER|EBC_MEDSCAPE_POC|MBC_MEDSCAPE_BRANDSPOT|14
M|VER|VER|EBC_MEDSCAPE_POC|MBC_EDH_PROFLOW_EDMU|1
M|VER|VER|EBC_MEDSCAPE_POC|MBC_EDH_PROFLOW_WDMU|1
M|VER|VER|EBC_MEDSCAPE_POC|MBC_EDH_PROFLOW_RDMU|1
M|VER|VER|EBC_MEDSCAPE_POC|MBC_NUMEDIS_MDMINUTE|1
M|VER|VER|EBC_EDH_PROFLOW_EDMU|EBC_F2F_CALL|1
M|VER|VER|EBC_EDH_PROFLOW_EDMU|EBC_VEEVA_EMAIL|1
M|VER|VER|EBC_EDH_PROFLOW_EDMU|EBC_HQ_EMAIL|1
M|VER|VER|EBC_EDH_PROFLOW_EDMU|EBC_EPOCRATES_ALERT|1
M|VER|VER|EBC_EDH_PROFLOW_EDMU|EBC_DOXIMITY_ALERT|1
M|VER|VER|EBC_EDH_PROFLOW_EDMU|EBC_DOXIMITY_DOCSPOT|1
M|VER|VER|EBC_EDH_PROFLOW_EDMU|EBC_MEDSCAPE_EMAIL|1
M|VER|VER|EBC_EDH_PROFLOW_EDMU|EBC_MEDSCAPE_ALERT|1
M|VER|VER|EBC_EDH_PROFLOW_EDMU|EBC_MEDSCAPE_POC|1
M|VER|VER|EBC_EDH_PROFLOW_EDMU|EBC_MEDSCAPE_BRANDSPOT|1
M|VER|VER|EBC_EDH_PROFLOW_EDMU|EBC_EDH_PROFLOW_EDMU|14
M|VER|VER|EBC_EDH_PROFLOW_EDMU|EBC_EDH_PROFLOW_WDMU|14
M|VER|VER|EBC_EDH_PROFLOW_EDMU|EBC_EDH_PROFLOW_RDMU|14
M|VER|VER|EBC_EDH_PROFLOW_EDMU|EBC_NUMEDIS_MDMINUTE|1
M|VER|VER|EBC_EDH_PROFLOW_EDMU|MBC_F2F_CALL|1
M|VER|VER|EBC_EDH_PROFLOW_EDMU|MBC_VEEVA_EMAIL|1
M|VER|VER|EBC_EDH_PROFLOW_EDMU|MBC_HQ_EMAIL|1
M|VER|VER|EBC_EDH_PROFLOW_EDMU|MBC_EPOCRATES_ALERT|1
M|VER|VER|EBC_EDH_PROFLOW_EDMU|MBC_DOXIMITY_ALERT|1
M|VER|VER|EBC_EDH_PROFLOW_EDMU|MBC_DOXIMITY_DOCSPOT|1
M|VER|VER|EBC_EDH_PROFLOW_EDMU|MBC_MEDSCAPE_EMAIL|1
M|VER|VER|EBC_EDH_PROFLOW_EDMU|MBC_MEDSCAPE_ALERT|1
M|VER|VER|EBC_EDH_PROFLOW_EDMU|MBC_MEDSCAPE_POC|1
M|VER|VER|EBC_EDH_PROFLOW_EDMU|MBC_MEDSCAPE_BRANDSPOT|1
M|VER|VER|EBC_EDH_PROFLOW_EDMU|MBC_EDH_PROFLOW_EDMU|14
M|VER|VER|EBC_EDH_PROFLOW_EDMU|MBC_EDH_PROFLOW_WDMU|14
M|VER|VER|EBC_EDH_PROFLOW_EDMU|MBC_EDH_PROFLOW_RDMU|14
M|VER|VER|EBC_EDH_PROFLOW_EDMU|MBC_NUMEDIS_MDMINUTE|1
M|VER|VER|EBC_EDH_PROFLOW_WDMU|EBC_F2F_CALL|1
M|VER|VER|EBC_EDH_PROFLOW_WDMU|EBC_VEEVA_EMAIL|1
M|VER|VER|EBC_EDH_PROFLOW_WDMU|EBC_HQ_EMAIL|1
M|VER|VER|EBC_EDH_PROFLOW_WDMU|EBC_EPOCRATES_ALERT|1
M|VER|VER|EBC_EDH_PROFLOW_WDMU|EBC_DOXIMITY_ALERT|1
M|VER|VER|EBC_EDH_PROFLOW_WDMU|EBC_DOXIMITY_DOCSPOT|1
M|VER|VER|EBC_EDH_PROFLOW_WDMU|EBC_MEDSCAPE_EMAIL|1
M|VER|VER|EBC_EDH_PROFLOW_WDMU|EBC_MEDSCAPE_ALERT|1
M|VER|VER|EBC_EDH_PROFLOW_WDMU|EBC_MEDSCAPE_POC|1
M|VER|VER|EBC_EDH_PROFLOW_WDMU|EBC_MEDSCAPE_BRANDSPOT|1
M|VER|VER|EBC_EDH_PROFLOW_WDMU|EBC_EDH_PROFLOW_EDMU|14
M|VER|VER|EBC_EDH_PROFLOW_WDMU|EBC_EDH_PROFLOW_WDMU|14
M|VER|VER|EBC_EDH_PROFLOW_WDMU|EBC_EDH_PROFLOW_RDMU|14
M|VER|VER|EBC_EDH_PROFLOW_WDMU|EBC_NUMEDIS_MDMINUTE|1
M|VER|VER|EBC_EDH_PROFLOW_WDMU|MBC_F2F_CALL|1
M|VER|VER|EBC_EDH_PROFLOW_WDMU|MBC_VEEVA_EMAIL|1
M|VER|VER|EBC_EDH_PROFLOW_WDMU|MBC_HQ_EMAIL|1
M|VER|VER|EBC_EDH_PROFLOW_WDMU|MBC_EPOCRATES_ALERT|1
M|VER|VER|EBC_EDH_PROFLOW_WDMU|MBC_DOXIMITY_ALERT|1
M|VER|VER|EBC_EDH_PROFLOW_WDMU|MBC_DOXIMITY_DOCSPOT|1
M|VER|VER|EBC_EDH_PROFLOW_WDMU|MBC_MEDSCAPE_EMAIL|1
M|VER|VER|EBC_EDH_PROFLOW_WDMU|MBC_MEDSCAPE_ALERT|1
M|VER|VER|EBC_EDH_PROFLOW_WDMU|MBC_MEDSCAPE_POC|1
M|VER|VER|EBC_EDH_PROFLOW_WDMU|MBC_MEDSCAPE_BRANDSPOT|1
M|VER|VER|EBC_EDH_PROFLOW_WDMU|MBC_EDH_PROFLOW_EDMU|14
M|VER|VER|EBC_EDH_PROFLOW_WDMU|MBC_EDH_PROFLOW_WDMU|14
M|VER|VER|EBC_EDH_PROFLOW_WDMU|MBC_EDH_PROFLOW_RDMU|14
M|VER|VER|EBC_EDH_PROFLOW_WDMU|MBC_NUMEDIS_MDMINUTE|1
M|VER|VER|EBC_EDH_PROFLOW_RDMU|EBC_F2F_CALL|1
M|VER|VER|EBC_EDH_PROFLOW_RDMU|EBC_VEEVA_EMAIL|1
M|VER|VER|EBC_EDH_PROFLOW_RDMU|EBC_HQ_EMAIL|1
M|VER|VER|EBC_EDH_PROFLOW_RDMU|EBC_EPOCRATES_ALERT|1
M|VER|VER|EBC_EDH_PROFLOW_RDMU|EBC_DOXIMITY_ALERT|1
M|VER|VER|EBC_EDH_PROFLOW_RDMU|EBC_DOXIMITY_DOCSPOT|1
M|VER|VER|EBC_EDH_PROFLOW_RDMU|EBC_MEDSCAPE_EMAIL|1
M|VER|VER|EBC_EDH_PROFLOW_RDMU|EBC_MEDSCAPE_ALERT|1
M|VER|VER|EBC_EDH_PROFLOW_RDMU|EBC_MEDSCAPE_POC|1
M|VER|VER|EBC_EDH_PROFLOW_RDMU|EBC_MEDSCAPE_BRANDSPOT|1
M|VER|VER|EBC_EDH_PROFLOW_RDMU|EBC_EDH_PROFLOW_EDMU|14
M|VER|VER|EBC_EDH_PROFLOW_RDMU|EBC_EDH_PROFLOW_WDMU|14
M|VER|VER|EBC_EDH_PROFLOW_RDMU|EBC_EDH_PROFLOW_RDMU|14
M|VER|VER|EBC_EDH_PROFLOW_RDMU|EBC_NUMEDIS_MDMINUTE|1
M|VER|VER|EBC_EDH_PROFLOW_RDMU|MBC_F2F_CALL|1
M|VER|VER|EBC_EDH_PROFLOW_RDMU|MBC_VEEVA_EMAIL|1
M|VER|VER|EBC_EDH_PROFLOW_RDMU|MBC_HQ_EMAIL|1
M|VER|VER|EBC_EDH_PROFLOW_RDMU|MBC_EPOCRATES_ALERT|1
M|VER|VER|EBC_EDH_PROFLOW_RDMU|MBC_DOXIMITY_ALERT|1
M|VER|VER|EBC_EDH_PROFLOW_RDMU|MBC_DOXIMITY_DOCSPOT|1
M|VER|VER|EBC_EDH_PROFLOW_RDMU|MBC_MEDSCAPE_EMAIL|1
M|VER|VER|EBC_EDH_PROFLOW_RDMU|MBC_MEDSCAPE_ALERT|1
M|VER|VER|EBC_EDH_PROFLOW_RDMU|MBC_MEDSCAPE_POC|1
M|VER|VER|EBC_EDH_PROFLOW_RDMU|MBC_MEDSCAPE_BRANDSPOT|1
M|VER|VER|EBC_EDH_PROFLOW_RDMU|MBC_EDH_PROFLOW_EDMU|14
M|VER|VER|EBC_EDH_PROFLOW_RDMU|MBC_EDH_PROFLOW_WDMU|14
M|VER|VER|EBC_EDH_PROFLOW_RDMU|MBC_EDH_PROFLOW_RDMU|14
M|VER|VER|EBC_EDH_PROFLOW_RDMU|MBC_NUMEDIS_MDMINUTE|1
M|VER|VER|EBC_NUMEDIS_MDMINUTE|EBC_F2F_CALL|1
M|VER|VER|EBC_NUMEDIS_MDMINUTE|EBC_VEEVA_EMAIL|1
M|VER|VER|EBC_NUMEDIS_MDMINUTE|EBC_HQ_EMAIL|1
M|VER|VER|EBC_NUMEDIS_MDMINUTE|EBC_EPOCRATES_ALERT|1
M|VER|VER|EBC_NUMEDIS_MDMINUTE|EBC_DOXIMITY_ALERT|1
M|VER|VER|EBC_NUMEDIS_MDMINUTE|EBC_DOXIMITY_DOCSPOT|1
M|VER|VER|EBC_NUMEDIS_MDMINUTE|EBC_MEDSCAPE_EMAIL|1
M|VER|VER|EBC_NUMEDIS_MDMINUTE|EBC_MEDSCAPE_ALERT|1
M|VER|VER|EBC_NUMEDIS_MDMINUTE|EBC_MEDSCAPE_POC|1
M|VER|VER|EBC_NUMEDIS_MDMINUTE|EBC_MEDSCAPE_BRANDSPOT|1
M|VER|VER|EBC_NUMEDIS_MDMINUTE|EBC_EDH_PROFLOW_EDMU|1
M|VER|VER|EBC_NUMEDIS_MDMINUTE|EBC_EDH_PROFLOW_WDMU|1
M|VER|VER|EBC_NUMEDIS_MDMINUTE|EBC_EDH_PROFLOW_RDMU|1
M|VER|VER|EBC_NUMEDIS_MDMINUTE|EBC_NUMEDIS_MDMINUTE|14
M|VER|VER|EBC_NUMEDIS_MDMINUTE|MBC_F2F_CALL|1
M|VER|VER|EBC_NUMEDIS_MDMINUTE|MBC_VEEVA_EMAIL|1
M|VER|VER|EBC_NUMEDIS_MDMINUTE|MBC_HQ_EMAIL|1
M|VER|VER|EBC_NUMEDIS_MDMINUTE|MBC_EPOCRATES_ALERT|1
M|VER|VER|EBC_NUMEDIS_MDMINUTE|MBC_DOXIMITY_ALERT|1
M|VER|VER|EBC_NUMEDIS_MDMINUTE|MBC_DOXIMITY_DOCSPOT|1
M|VER|VER|EBC_NUMEDIS_MDMINUTE|MBC_MEDSCAPE_EMAIL|1
M|VER|VER|EBC_NUMEDIS_MDMINUTE|MBC_MEDSCAPE_ALERT|1
M|VER|VER|EBC_NUMEDIS_MDMINUTE|MBC_MEDSCAPE_POC|1
M|VER|VER|EBC_NUMEDIS_MDMINUTE|MBC_MEDSCAPE_BRANDSPOT|1
M|VER|VER|EBC_NUMEDIS_MDMINUTE|MBC_EDH_PROFLOW_EDMU|1
M|VER|VER|EBC_NUMEDIS_MDMINUTE|MBC_EDH_PROFLOW_WDMU|1
M|VER|VER|EBC_NUMEDIS_MDMINUTE|MBC_EDH_PROFLOW_RDMU|1
M|VER|VER|EBC_NUMEDIS_MDMINUTE|MBC_NUMEDIS_MDMINUTE|14
M|VER|VER|MBC_F2F_CALL|EBC_F2F_CALL|21
M|VER|VER|MBC_F2F_CALL|EBC_VEEVA_EMAIL|14
M|VER|VER|MBC_F2F_CALL|EBC_HQ_EMAIL|1
M|VER|VER|MBC_F2F_CALL|EBC_EPOCRATES_ALERT|1
M|VER|VER|MBC_F2F_CALL|EBC_DOXIMITY_ALERT|1
M|VER|VER|MBC_F2F_CALL|EBC_DOXIMITY_DOCSPOT|1
M|VER|VER|MBC_F2F_CALL|EBC_MEDSCAPE_EMAIL|1
M|VER|VER|MBC_F2F_CALL|EBC_MEDSCAPE_ALERT|1
M|VER|VER|MBC_F2F_CALL|EBC_MEDSCAPE_POC|1
M|VER|VER|MBC_F2F_CALL|EBC_MEDSCAPE_BRANDSPOT|1
M|VER|VER|MBC_F2F_CALL|EBC_EDH_PROFLOW_EDMU|1
M|VER|VER|MBC_F2F_CALL|EBC_EDH_PROFLOW_WDMU|1
M|VER|VER|MBC_F2F_CALL|EBC_EDH_PROFLOW_RDMU|1
M|VER|VER|MBC_F2F_CALL|EBC_NUMEDIS_MDMINUTE|1
M|VER|VER|MBC_F2F_CALL|MBC_F2F_CALL|1
M|VER|VER|MBC_F2F_CALL|MBC_VEEVA_EMAIL|14
M|VER|VER|MBC_F2F_CALL|MBC_HQ_EMAIL|1
M|VER|VER|MBC_F2F_CALL|MBC_EPOCRATES_ALERT|1
M|VER|VER|MBC_F2F_CALL|MBC_DOXIMITY_ALERT|1
M|VER|VER|MBC_F2F_CALL|MBC_DOXIMITY_DOCSPOT|1
M|VER|VER|MBC_F2F_CALL|MBC_MEDSCAPE_EMAIL|1
M|VER|VER|MBC_F2F_CALL|MBC_MEDSCAPE_ALERT|1
M|VER|VER|MBC_F2F_CALL|MBC_MEDSCAPE_POC|1
M|VER|VER|MBC_F2F_CALL|MBC_MEDSCAPE_BRANDSPOT|1
M|VER|VER|MBC_F2F_CALL|MBC_EDH_PROFLOW_EDMU|1
M|VER|VER|MBC_F2F_CALL|MBC_EDH_PROFLOW_WDMU|1
M|VER|VER|MBC_F2F_CALL|MBC_EDH_PROFLOW_RDMU|1
M|VER|VER|MBC_F2F_CALL|MBC_NUMEDIS_MDMINUTE|1
M|VER|VER|MBC_VEEVA_EMAIL|EBC_F2F_CALL|1
M|VER|VER|MBC_VEEVA_EMAIL|EBC_VEEVA_EMAIL|1
M|VER|VER|MBC_VEEVA_EMAIL|EBC_HQ_EMAIL|1
M|VER|VER|MBC_VEEVA_EMAIL|EBC_EPOCRATES_ALERT|1
M|VER|VER|MBC_VEEVA_EMAIL|EBC_DOXIMITY_ALERT|1
M|VER|VER|MBC_VEEVA_EMAIL|EBC_DOXIMITY_DOCSPOT|1
M|VER|VER|MBC_VEEVA_EMAIL|EBC_MEDSCAPE_EMAIL|1
M|VER|VER|MBC_VEEVA_EMAIL|EBC_MEDSCAPE_ALERT|1
M|VER|VER|MBC_VEEVA_EMAIL|EBC_MEDSCAPE_POC|1
M|VER|VER|MBC_VEEVA_EMAIL|EBC_MEDSCAPE_BRANDSPOT|1
M|VER|VER|MBC_VEEVA_EMAIL|EBC_EDH_PROFLOW_EDMU|1
M|VER|VER|MBC_VEEVA_EMAIL|EBC_EDH_PROFLOW_WDMU|1
M|VER|VER|MBC_VEEVA_EMAIL|EBC_EDH_PROFLOW_RDMU|1
M|VER|VER|MBC_VEEVA_EMAIL|EBC_NUMEDIS_MDMINUTE|1
M|VER|VER|MBC_VEEVA_EMAIL|MBC_F2F_CALL|1
M|VER|VER|MBC_VEEVA_EMAIL|MBC_VEEVA_EMAIL|1
M|VER|VER|MBC_VEEVA_EMAIL|MBC_HQ_EMAIL|1
M|VER|VER|MBC_VEEVA_EMAIL|MBC_EPOCRATES_ALERT|1
M|VER|VER|MBC_VEEVA_EMAIL|MBC_DOXIMITY_ALERT|1
M|VER|VER|MBC_VEEVA_EMAIL|MBC_DOXIMITY_DOCSPOT|1
M|VER|VER|MBC_VEEVA_EMAIL|MBC_MEDSCAPE_EMAIL|1
M|VER|VER|MBC_VEEVA_EMAIL|MBC_MEDSCAPE_ALERT|1
M|VER|VER|MBC_VEEVA_EMAIL|MBC_MEDSCAPE_POC|1
M|VER|VER|MBC_VEEVA_EMAIL|MBC_MEDSCAPE_BRANDSPOT|1
M|VER|VER|MBC_VEEVA_EMAIL|MBC_EDH_PROFLOW_EDMU|1
M|VER|VER|MBC_VEEVA_EMAIL|MBC_EDH_PROFLOW_WDMU|1
M|VER|VER|MBC_VEEVA_EMAIL|MBC_EDH_PROFLOW_RDMU|1
M|VER|VER|MBC_VEEVA_EMAIL|MBC_NUMEDIS_MDMINUTE|1
M|VER|VER|MBC_HQ_EMAIL|EBC_F2F_CALL|1
M|VER|VER|MBC_HQ_EMAIL|EBC_VEEVA_EMAIL|1
M|VER|VER|MBC_HQ_EMAIL|EBC_HQ_EMAIL|30
M|VER|VER|MBC_HQ_EMAIL|EBC_EPOCRATES_ALERT|1
M|VER|VER|MBC_HQ_EMAIL|EBC_DOXIMITY_ALERT|1
M|VER|VER|MBC_HQ_EMAIL|EBC_DOXIMITY_DOCSPOT|1
M|VER|VER|MBC_HQ_EMAIL|EBC_MEDSCAPE_EMAIL|1
M|VER|VER|MBC_HQ_EMAIL|EBC_MEDSCAPE_ALERT|1
M|VER|VER|MBC_HQ_EMAIL|EBC_MEDSCAPE_POC|1
M|VER|VER|MBC_HQ_EMAIL|EBC_MEDSCAPE_BRANDSPOT|1
M|VER|VER|MBC_HQ_EMAIL|EBC_EDH_PROFLOW_EDMU|1
M|VER|VER|MBC_HQ_EMAIL|EBC_EDH_PROFLOW_WDMU|1
M|VER|VER|MBC_HQ_EMAIL|EBC_EDH_PROFLOW_RDMU|1
M|VER|VER|MBC_HQ_EMAIL|EBC_NUMEDIS_MDMINUTE|1
M|VER|VER|MBC_HQ_EMAIL|MBC_F2F_CALL|1
M|VER|VER|MBC_HQ_EMAIL|MBC_VEEVA_EMAIL|1
M|VER|VER|MBC_HQ_EMAIL|MBC_HQ_EMAIL|30
M|VER|VER|MBC_HQ_EMAIL|MBC_EPOCRATES_ALERT|1
M|VER|VER|MBC_HQ_EMAIL|MBC_DOXIMITY_ALERT|1
M|VER|VER|MBC_HQ_EMAIL|MBC_DOXIMITY_DOCSPOT|1
M|VER|VER|MBC_HQ_EMAIL|MBC_MEDSCAPE_EMAIL|1
M|VER|VER|MBC_HQ_EMAIL|MBC_MEDSCAPE_ALERT|1
M|VER|VER|MBC_HQ_EMAIL|MBC_MEDSCAPE_POC|1
M|VER|VER|MBC_HQ_EMAIL|MBC_MEDSCAPE_BRANDSPOT|1
M|VER|VER|MBC_HQ_EMAIL|MBC_EDH_PROFLOW_EDMU|1
M|VER|VER|MBC_HQ_EMAIL|MBC_EDH_PROFLOW_WDMU|1
M|VER|VER|MBC_HQ_EMAIL|MBC_EDH_PROFLOW_RDMU|1
M|VER|VER|MBC_HQ_EMAIL|MBC_NUMEDIS_MDMINUTE|1
M|VER|VER|MBC_EPOCRATES_ALERT|EBC_F2F_CALL|1
M|VER|VER|MBC_EPOCRATES_ALERT|EBC_VEEVA_EMAIL|1
M|VER|VER|MBC_EPOCRATES_ALERT|EBC_HQ_EMAIL|1
M|VER|VER|MBC_EPOCRATES_ALERT|EBC_EPOCRATES_ALERT|14
M|VER|VER|MBC_EPOCRATES_ALERT|EBC_DOXIMITY_ALERT|1
M|VER|VER|MBC_EPOCRATES_ALERT|EBC_DOXIMITY_DOCSPOT|1
M|VER|VER|MBC_EPOCRATES_ALERT|EBC_MEDSCAPE_EMAIL|1
M|VER|VER|MBC_EPOCRATES_ALERT|EBC_MEDSCAPE_ALERT|1
M|VER|VER|MBC_EPOCRATES_ALERT|EBC_MEDSCAPE_POC|1
M|VER|VER|MBC_EPOCRATES_ALERT|EBC_MEDSCAPE_BRANDSPOT|1
M|VER|VER|MBC_EPOCRATES_ALERT|EBC_EDH_PROFLOW_EDMU|1
M|VER|VER|MBC_EPOCRATES_ALERT|EBC_EDH_PROFLOW_WDMU|1
M|VER|VER|MBC_EPOCRATES_ALERT|EBC_EDH_PROFLOW_RDMU|1
M|VER|VER|MBC_EPOCRATES_ALERT|EBC_NUMEDIS_MDMINUTE|1
M|VER|VER|MBC_EPOCRATES_ALERT|MBC_F2F_CALL|1
M|VER|VER|MBC_EPOCRATES_ALERT|MBC_VEEVA_EMAIL|1
M|VER|VER|MBC_EPOCRATES_ALERT|MBC_HQ_EMAIL|1
M|VER|VER|MBC_EPOCRATES_ALERT|MBC_EPOCRATES_ALERT|14
M|VER|VER|MBC_EPOCRATES_ALERT|MBC_DOXIMITY_ALERT|1
M|VER|VER|MBC_EPOCRATES_ALERT|MBC_DOXIMITY_DOCSPOT|1
M|VER|VER|MBC_EPOCRATES_ALERT|MBC_MEDSCAPE_EMAIL|1
M|VER|VER|MBC_EPOCRATES_ALERT|MBC_MEDSCAPE_ALERT|1
M|VER|VER|MBC_EPOCRATES_ALERT|MBC_MEDSCAPE_POC|1
M|VER|VER|MBC_EPOCRATES_ALERT|MBC_MEDSCAPE_BRANDSPOT|1
M|VER|VER|MBC_EPOCRATES_ALERT|MBC_EDH_PROFLOW_EDMU|1
M|VER|VER|MBC_EPOCRATES_ALERT|MBC_EDH_PROFLOW_WDMU|1
M|VER|VER|MBC_EPOCRATES_ALERT|MBC_EDH_PROFLOW_RDMU|1
M|VER|VER|MBC_EPOCRATES_ALERT|MBC_NUMEDIS_MDMINUTE|1
M|VER|VER|MBC_DOXIMITY_ALERT|EBC_F2F_CALL|1
M|VER|VER|MBC_DOXIMITY_ALERT|EBC_VEEVA_EMAIL|1
M|VER|VER|MBC_DOXIMITY_ALERT|EBC_HQ_EMAIL|1
M|VER|VER|MBC_DOXIMITY_ALERT|EBC_EPOCRATES_ALERT|1
M|VER|VER|MBC_DOXIMITY_ALERT|EBC_DOXIMITY_ALERT|14
M|VER|VER|MBC_DOXIMITY_ALERT|EBC_DOXIMITY_DOCSPOT|14
M|VER|VER|MBC_DOXIMITY_ALERT|EBC_MEDSCAPE_EMAIL|1
M|VER|VER|MBC_DOXIMITY_ALERT|EBC_MEDSCAPE_ALERT|1
M|VER|VER|MBC_DOXIMITY_ALERT|EBC_MEDSCAPE_POC|1
M|VER|VER|MBC_DOXIMITY_ALERT|EBC_MEDSCAPE_BRANDSPOT|1
M|VER|VER|MBC_DOXIMITY_ALERT|EBC_EDH_PROFLOW_EDMU|1
M|VER|VER|MBC_DOXIMITY_ALERT|EBC_EDH_PROFLOW_WDMU|1
M|VER|VER|MBC_DOXIMITY_ALERT|EBC_EDH_PROFLOW_RDMU|1
M|VER|VER|MBC_DOXIMITY_ALERT|EBC_NUMEDIS_MDMINUTE|1
M|VER|VER|MBC_DOXIMITY_ALERT|MBC_F2F_CALL|1
M|VER|VER|MBC_DOXIMITY_ALERT|MBC_VEEVA_EMAIL|1
M|VER|VER|MBC_DOXIMITY_ALERT|MBC_HQ_EMAIL|1
M|VER|VER|MBC_DOXIMITY_ALERT|MBC_EPOCRATES_ALERT|1
M|VER|VER|MBC_DOXIMITY_ALERT|MBC_DOXIMITY_ALERT|14
M|VER|VER|MBC_DOXIMITY_ALERT|MBC_DOXIMITY_DOCSPOT|14
M|VER|VER|MBC_DOXIMITY_ALERT|MBC_MEDSCAPE_EMAIL|1
M|VER|VER|MBC_DOXIMITY_ALERT|MBC_MEDSCAPE_ALERT|1
M|VER|VER|MBC_DOXIMITY_ALERT|MBC_MEDSCAPE_POC|1
M|VER|VER|MBC_DOXIMITY_ALERT|MBC_MEDSCAPE_BRANDSPOT|1
M|VER|VER|MBC_DOXIMITY_ALERT|MBC_EDH_PROFLOW_EDMU|1
M|VER|VER|MBC_DOXIMITY_ALERT|MBC_EDH_PROFLOW_WDMU|1
M|VER|VER|MBC_DOXIMITY_ALERT|MBC_EDH_PROFLOW_RDMU|1
M|VER|VER|MBC_DOXIMITY_ALERT|MBC_NUMEDIS_MDMINUTE|1
M|VER|VER|MBC_DOXIMITY_DOCSPOT|EBC_F2F_CALL|1
M|VER|VER|MBC_DOXIMITY_DOCSPOT|EBC_VEEVA_EMAIL|1
M|VER|VER|MBC_DOXIMITY_DOCSPOT|EBC_HQ_EMAIL|1
M|VER|VER|MBC_DOXIMITY_DOCSPOT|EBC_EPOCRATES_ALERT|1
M|VER|VER|MBC_DOXIMITY_DOCSPOT|EBC_DOXIMITY_ALERT|14
M|VER|VER|MBC_DOXIMITY_DOCSPOT|EBC_DOXIMITY_DOCSPOT|14
M|VER|VER|MBC_DOXIMITY_DOCSPOT|EBC_MEDSCAPE_EMAIL|1
M|VER|VER|MBC_DOXIMITY_DOCSPOT|EBC_MEDSCAPE_ALERT|1
M|VER|VER|MBC_DOXIMITY_DOCSPOT|EBC_MEDSCAPE_POC|1
M|VER|VER|MBC_DOXIMITY_DOCSPOT|EBC_MEDSCAPE_BRANDSPOT|1
M|VER|VER|MBC_DOXIMITY_DOCSPOT|EBC_EDH_PROFLOW_EDMU|1
M|VER|VER|MBC_DOXIMITY_DOCSPOT|EBC_EDH_PROFLOW_WDMU|1
M|VER|VER|MBC_DOXIMITY_DOCSPOT|EBC_EDH_PROFLOW_RDMU|1
M|VER|VER|MBC_DOXIMITY_DOCSPOT|EBC_NUMEDIS_MDMINUTE|1
M|VER|VER|MBC_DOXIMITY_DOCSPOT|MBC_F2F_CALL|1
M|VER|VER|MBC_DOXIMITY_DOCSPOT|MBC_VEEVA_EMAIL|1
M|VER|VER|MBC_DOXIMITY_DOCSPOT|MBC_HQ_EMAIL|1
M|VER|VER|MBC_DOXIMITY_DOCSPOT|MBC_EPOCRATES_ALERT|1
M|VER|VER|MBC_DOXIMITY_DOCSPOT|MBC_DOXIMITY_ALERT|14
M|VER|VER|MBC_DOXIMITY_DOCSPOT|MBC_DOXIMITY_DOCSPOT|14
M|VER|VER|MBC_DOXIMITY_DOCSPOT|MBC_MEDSCAPE_EMAIL|1
M|VER|VER|MBC_DOXIMITY_DOCSPOT|MBC_MEDSCAPE_ALERT|1
M|VER|VER|MBC_DOXIMITY_DOCSPOT|MBC_MEDSCAPE_POC|1
M|VER|VER|MBC_DOXIMITY_DOCSPOT|MBC_MEDSCAPE_BRANDSPOT|1
M|VER|VER|MBC_DOXIMITY_DOCSPOT|MBC_EDH_PROFLOW_EDMU|1
M|VER|VER|MBC_DOXIMITY_DOCSPOT|MBC_EDH_PROFLOW_WDMU|1
M|VER|VER|MBC_DOXIMITY_DOCSPOT|MBC_EDH_PROFLOW_RDMU|1
M|VER|VER|MBC_DOXIMITY_DOCSPOT|MBC_NUMEDIS_MDMINUTE|1
M|VER|VER|MBC_MEDSCAPE_EMAIL|EBC_F2F_CALL|1
M|VER|VER|MBC_MEDSCAPE_EMAIL|EBC_VEEVA_EMAIL|1
M|VER|VER|MBC_MEDSCAPE_EMAIL|EBC_HQ_EMAIL|1
M|VER|VER|MBC_MEDSCAPE_EMAIL|EBC_EPOCRATES_ALERT|1
M|VER|VER|MBC_MEDSCAPE_EMAIL|EBC_DOXIMITY_ALERT|1
M|VER|VER|MBC_MEDSCAPE_EMAIL|EBC_DOXIMITY_DOCSPOT|1
M|VER|VER|MBC_MEDSCAPE_EMAIL|EBC_MEDSCAPE_EMAIL|14
M|VER|VER|MBC_MEDSCAPE_EMAIL|EBC_MEDSCAPE_ALERT|7
M|VER|VER|MBC_MEDSCAPE_EMAIL|EBC_MEDSCAPE_POC|7
M|VER|VER|MBC_MEDSCAPE_EMAIL|EBC_MEDSCAPE_BRANDSPOT|7
M|VER|VER|MBC_MEDSCAPE_EMAIL|EBC_EDH_PROFLOW_EDMU|1
M|VER|VER|MBC_MEDSCAPE_EMAIL|EBC_EDH_PROFLOW_WDMU|1
M|VER|VER|MBC_MEDSCAPE_EMAIL|EBC_EDH_PROFLOW_RDMU|1
M|VER|VER|MBC_MEDSCAPE_EMAIL|EBC_NUMEDIS_MDMINUTE|1
M|VER|VER|MBC_MEDSCAPE_EMAIL|MBC_F2F_CALL|1
M|VER|VER|MBC_MEDSCAPE_EMAIL|MBC_VEEVA_EMAIL|1
M|VER|VER|MBC_MEDSCAPE_EMAIL|MBC_HQ_EMAIL|1
M|VER|VER|MBC_MEDSCAPE_EMAIL|MBC_EPOCRATES_ALERT|1
M|VER|VER|MBC_MEDSCAPE_EMAIL|MBC_DOXIMITY_ALERT|1
M|VER|VER|MBC_MEDSCAPE_EMAIL|MBC_DOXIMITY_DOCSPOT|1
M|VER|VER|MBC_MEDSCAPE_EMAIL|MBC_MEDSCAPE_EMAIL|14
M|VER|VER|MBC_MEDSCAPE_EMAIL|MBC_MEDSCAPE_ALERT|7
M|VER|VER|MBC_MEDSCAPE_EMAIL|MBC_MEDSCAPE_POC|7
M|VER|VER|MBC_MEDSCAPE_EMAIL|MBC_MEDSCAPE_BRANDSPOT|7
M|VER|VER|MBC_MEDSCAPE_EMAIL|MBC_EDH_PROFLOW_EDMU|1
M|VER|VER|MBC_MEDSCAPE_EMAIL|MBC_EDH_PROFLOW_WDMU|1
M|VER|VER|MBC_MEDSCAPE_EMAIL|MBC_EDH_PROFLOW_RDMU|1
M|VER|VER|MBC_MEDSCAPE_EMAIL|MBC_NUMEDIS_MDMINUTE|1
M|VER|VER|MBC_MEDSCAPE_ALERT|EBC_F2F_CALL|1
M|VER|VER|MBC_MEDSCAPE_ALERT|EBC_VEEVA_EMAIL|1
M|VER|VER|MBC_MEDSCAPE_ALERT|EBC_HQ_EMAIL|1
M|VER|VER|MBC_MEDSCAPE_ALERT|EBC_EPOCRATES_ALERT|1
M|VER|VER|MBC_MEDSCAPE_ALERT|EBC_DOXIMITY_ALERT|1
M|VER|VER|MBC_MEDSCAPE_ALERT|EBC_DOXIMITY_DOCSPOT|1
M|VER|VER|MBC_MEDSCAPE_ALERT|EBC_MEDSCAPE_EMAIL|7
M|VER|VER|MBC_MEDSCAPE_ALERT|EBC_MEDSCAPE_ALERT|28
M|VER|VER|MBC_MEDSCAPE_ALERT|EBC_MEDSCAPE_POC|14
M|VER|VER|MBC_MEDSCAPE_ALERT|EBC_MEDSCAPE_BRANDSPOT|14
M|VER|VER|MBC_MEDSCAPE_ALERT|EBC_EDH_PROFLOW_EDMU|1
M|VER|VER|MBC_MEDSCAPE_ALERT|EBC_EDH_PROFLOW_WDMU|1
M|VER|VER|MBC_MEDSCAPE_ALERT|EBC_EDH_PROFLOW_RDMU|1
M|VER|VER|MBC_MEDSCAPE_ALERT|EBC_NUMEDIS_MDMINUTE|1
M|VER|VER|MBC_MEDSCAPE_ALERT|MBC_F2F_CALL|1
M|VER|VER|MBC_MEDSCAPE_ALERT|MBC_VEEVA_EMAIL|1
M|VER|VER|MBC_MEDSCAPE_ALERT|MBC_HQ_EMAIL|1
M|VER|VER|MBC_MEDSCAPE_ALERT|MBC_EPOCRATES_ALERT|1
M|VER|VER|MBC_MEDSCAPE_ALERT|MBC_DOXIMITY_ALERT|1
M|VER|VER|MBC_MEDSCAPE_ALERT|MBC_DOXIMITY_DOCSPOT|1
M|VER|VER|MBC_MEDSCAPE_ALERT|MBC_MEDSCAPE_EMAIL|7
M|VER|VER|MBC_MEDSCAPE_ALERT|MBC_MEDSCAPE_ALERT|28
M|VER|VER|MBC_MEDSCAPE_ALERT|MBC_MEDSCAPE_POC|14
M|VER|VER|MBC_MEDSCAPE_ALERT|MBC_MEDSCAPE_BRANDSPOT|14
M|VER|VER|MBC_MEDSCAPE_ALERT|MBC_EDH_PROFLOW_EDMU|1
M|VER|VER|MBC_MEDSCAPE_ALERT|MBC_EDH_PROFLOW_WDMU|1
M|VER|VER|MBC_MEDSCAPE_ALERT|MBC_EDH_PROFLOW_RDMU|1
M|VER|VER|MBC_MEDSCAPE_ALERT|MBC_NUMEDIS_MDMINUTE|1
M|VER|VER|MBC_MEDSCAPE_POC|EBC_F2F_CALL|1
M|VER|VER|MBC_MEDSCAPE_POC|EBC_VEEVA_EMAIL|1
M|VER|VER|MBC_MEDSCAPE_POC|EBC_HQ_EMAIL|1
M|VER|VER|MBC_MEDSCAPE_POC|EBC_EPOCRATES_ALERT|1
M|VER|VER|MBC_MEDSCAPE_POC|EBC_DOXIMITY_ALERT|1
M|VER|VER|MBC_MEDSCAPE_POC|EBC_DOXIMITY_DOCSPOT|1
M|VER|VER|MBC_MEDSCAPE_POC|EBC_MEDSCAPE_EMAIL|7
M|VER|VER|MBC_MEDSCAPE_POC|EBC_MEDSCAPE_ALERT|14
M|VER|VER|MBC_MEDSCAPE_POC|EBC_MEDSCAPE_POC|28
M|VER|VER|MBC_MEDSCAPE_POC|EBC_MEDSCAPE_BRANDSPOT|14
M|VER|VER|MBC_MEDSCAPE_POC|EBC_EDH_PROFLOW_EDMU|1
M|VER|VER|MBC_MEDSCAPE_POC|EBC_EDH_PROFLOW_WDMU|1
M|VER|VER|MBC_MEDSCAPE_POC|EBC_EDH_PROFLOW_RDMU|1
M|VER|VER|MBC_MEDSCAPE_POC|EBC_NUMEDIS_MDMINUTE|1
M|VER|VER|MBC_MEDSCAPE_POC|MBC_F2F_CALL|1
M|VER|VER|MBC_MEDSCAPE_POC|MBC_VEEVA_EMAIL|1
M|VER|VER|MBC_MEDSCAPE_POC|MBC_HQ_EMAIL|1
M|VER|VER|MBC_MEDSCAPE_POC|MBC_EPOCRATES_ALERT|1
M|VER|VER|MBC_MEDSCAPE_POC|MBC_DOXIMITY_ALERT|1
M|VER|VER|MBC_MEDSCAPE_POC|MBC_DOXIMITY_DOCSPOT|1
M|VER|VER|MBC_MEDSCAPE_POC|MBC_MEDSCAPE_EMAIL|7
M|VER|VER|MBC_MEDSCAPE_POC|MBC_MEDSCAPE_ALERT|14
M|VER|VER|MBC_MEDSCAPE_POC|MBC_MEDSCAPE_POC|28
M|VER|VER|MBC_MEDSCAPE_POC|MBC_MEDSCAPE_BRANDSPOT|14
M|VER|VER|MBC_MEDSCAPE_POC|MBC_EDH_PROFLOW_EDMU|1
M|VER|VER|MBC_MEDSCAPE_POC|MBC_EDH_PROFLOW_WDMU|1
M|VER|VER|MBC_MEDSCAPE_POC|MBC_EDH_PROFLOW_RDMU|1
M|VER|VER|MBC_MEDSCAPE_POC|MBC_NUMEDIS_MDMINUTE|1
M|VER|VER|MBC_EDH_PROFLOW_EDMU|EBC_F2F_CALL|1
M|VER|VER|MBC_EDH_PROFLOW_EDMU|EBC_VEEVA_EMAIL|1
M|VER|VER|MBC_EDH_PROFLOW_EDMU|EBC_HQ_EMAIL|1
M|VER|VER|MBC_EDH_PROFLOW_EDMU|EBC_EPOCRATES_ALERT|1
M|VER|VER|MBC_EDH_PROFLOW_EDMU|EBC_DOXIMITY_ALERT|1
M|VER|VER|MBC_EDH_PROFLOW_EDMU|EBC_DOXIMITY_DOCSPOT|1
M|VER|VER|MBC_EDH_PROFLOW_EDMU|EBC_MEDSCAPE_EMAIL|1
M|VER|VER|MBC_EDH_PROFLOW_EDMU|EBC_MEDSCAPE_ALERT|1
M|VER|VER|MBC_EDH_PROFLOW_EDMU|EBC_MEDSCAPE_POC|1
M|VER|VER|MBC_EDH_PROFLOW_EDMU|EBC_MEDSCAPE_BRANDSPOT|1
M|VER|VER|MBC_EDH_PROFLOW_EDMU|EBC_EDH_PROFLOW_EDMU|14
M|VER|VER|MBC_EDH_PROFLOW_EDMU|EBC_EDH_PROFLOW_WDMU|14
M|VER|VER|MBC_EDH_PROFLOW_EDMU|EBC_EDH_PROFLOW_RDMU|14
M|VER|VER|MBC_EDH_PROFLOW_EDMU|EBC_NUMEDIS_MDMINUTE|1
M|VER|VER|MBC_EDH_PROFLOW_EDMU|MBC_F2F_CALL|1
M|VER|VER|MBC_EDH_PROFLOW_EDMU|MBC_VEEVA_EMAIL|1
M|VER|VER|MBC_EDH_PROFLOW_EDMU|MBC_HQ_EMAIL|1
M|VER|VER|MBC_EDH_PROFLOW_EDMU|MBC_EPOCRATES_ALERT|1
M|VER|VER|MBC_EDH_PROFLOW_EDMU|MBC_DOXIMITY_ALERT|1
M|VER|VER|MBC_EDH_PROFLOW_EDMU|MBC_DOXIMITY_DOCSPOT|1
M|VER|VER|MBC_EDH_PROFLOW_EDMU|MBC_MEDSCAPE_EMAIL|1
M|VER|VER|MBC_EDH_PROFLOW_EDMU|MBC_MEDSCAPE_ALERT|1
M|VER|VER|MBC_EDH_PROFLOW_EDMU|MBC_MEDSCAPE_POC|1
M|VER|VER|MBC_EDH_PROFLOW_EDMU|MBC_MEDSCAPE_BRANDSPOT|1
M|VER|VER|MBC_EDH_PROFLOW_EDMU|MBC_EDH_PROFLOW_EDMU|14
M|VER|VER|MBC_EDH_PROFLOW_EDMU|MBC_EDH_PROFLOW_WDMU|14
M|VER|VER|MBC_EDH_PROFLOW_EDMU|MBC_EDH_PROFLOW_RDMU|14
M|VER|VER|MBC_EDH_PROFLOW_EDMU|MBC_NUMEDIS_MDMINUTE|1
M|VER|VER|MBC_EDH_PROFLOW_WDMU|EBC_F2F_CALL|1
M|VER|VER|MBC_EDH_PROFLOW_WDMU|EBC_VEEVA_EMAIL|1
M|VER|VER|MBC_EDH_PROFLOW_WDMU|EBC_HQ_EMAIL|1
M|VER|VER|MBC_EDH_PROFLOW_WDMU|EBC_EPOCRATES_ALERT|1
M|VER|VER|MBC_EDH_PROFLOW_WDMU|EBC_DOXIMITY_ALERT|1
M|VER|VER|MBC_EDH_PROFLOW_WDMU|EBC_DOXIMITY_DOCSPOT|1
M|VER|VER|MBC_EDH_PROFLOW_WDMU|EBC_MEDSCAPE_EMAIL|1
M|VER|VER|MBC_EDH_PROFLOW_WDMU|EBC_MEDSCAPE_ALERT|1
M|VER|VER|MBC_EDH_PROFLOW_WDMU|EBC_MEDSCAPE_POC|1
M|VER|VER|MBC_EDH_PROFLOW_WDMU|EBC_MEDSCAPE_BRANDSPOT|1
M|VER|VER|MBC_EDH_PROFLOW_WDMU|EBC_EDH_PROFLOW_EDMU|14
M|VER|VER|MBC_EDH_PROFLOW_WDMU|EBC_EDH_PROFLOW_WDMU|14
M|VER|VER|MBC_EDH_PROFLOW_WDMU|EBC_EDH_PROFLOW_RDMU|14
M|VER|VER|MBC_EDH_PROFLOW_WDMU|EBC_NUMEDIS_MDMINUTE|1
M|VER|VER|MBC_EDH_PROFLOW_WDMU|MBC_F2F_CALL|1
M|VER|VER|MBC_EDH_PROFLOW_WDMU|MBC_VEEVA_EMAIL|1
M|VER|VER|MBC_EDH_PROFLOW_WDMU|MBC_HQ_EMAIL|1
M|VER|VER|MBC_EDH_PROFLOW_WDMU|MBC_EPOCRATES_ALERT|1
M|VER|VER|MBC_EDH_PROFLOW_WDMU|MBC_DOXIMITY_ALERT|1
M|VER|VER|MBC_EDH_PROFLOW_WDMU|MBC_DOXIMITY_DOCSPOT|1
M|VER|VER|MBC_EDH_PROFLOW_WDMU|MBC_MEDSCAPE_EMAIL|1
M|VER|VER|MBC_EDH_PROFLOW_WDMU|MBC_MEDSCAPE_ALERT|1
M|VER|VER|MBC_EDH_PROFLOW_WDMU|MBC_MEDSCAPE_POC|1
M|VER|VER|MBC_EDH_PROFLOW_WDMU|MBC_MEDSCAPE_BRANDSPOT|1
M|VER|VER|MBC_EDH_PROFLOW_WDMU|MBC_EDH_PROFLOW_EDMU|14
M|VER|VER|MBC_EDH_PROFLOW_WDMU|MBC_EDH_PROFLOW_WDMU|14
M|VER|VER|MBC_EDH_PROFLOW_WDMU|MBC_EDH_PROFLOW_RDMU|14
M|VER|VER|MBC_EDH_PROFLOW_WDMU|MBC_NUMEDIS_MDMINUTE|1
M|VER|VER|MBC_EDH_PROFLOW_RDMU|EBC_F2F_CALL|1
M|VER|VER|MBC_EDH_PROFLOW_RDMU|EBC_VEEVA_EMAIL|1
M|VER|VER|MBC_EDH_PROFLOW_RDMU|EBC_HQ_EMAIL|1
M|VER|VER|MBC_EDH_PROFLOW_RDMU|EBC_EPOCRATES_ALERT|1
M|VER|VER|MBC_EDH_PROFLOW_RDMU|EBC_DOXIMITY_ALERT|1
M|VER|VER|MBC_EDH_PROFLOW_RDMU|EBC_DOXIMITY_DOCSPOT|1
M|VER|VER|MBC_EDH_PROFLOW_RDMU|EBC_MEDSCAPE_EMAIL|1
M|VER|VER|MBC_EDH_PROFLOW_RDMU|EBC_MEDSCAPE_ALERT|1
M|VER|VER|MBC_EDH_PROFLOW_RDMU|EBC_MEDSCAPE_POC|1
M|VER|VER|MBC_EDH_PROFLOW_RDMU|EBC_MEDSCAPE_BRANDSPOT|1
M|VER|VER|MBC_EDH_PROFLOW_RDMU|EBC_EDH_PROFLOW_EDMU|14
M|VER|VER|MBC_EDH_PROFLOW_RDMU|EBC_EDH_PROFLOW_WDMU|14
M|VER|VER|MBC_EDH_PROFLOW_RDMU|EBC_EDH_PROFLOW_RDMU|14
M|VER|VER|MBC_EDH_PROFLOW_RDMU|EBC_NUMEDIS_MDMINUTE|1
M|VER|VER|MBC_EDH_PROFLOW_RDMU|MBC_F2F_CALL|1
M|VER|VER|MBC_EDH_PROFLOW_RDMU|MBC_VEEVA_EMAIL|1
M|VER|VER|MBC_EDH_PROFLOW_RDMU|MBC_HQ_EMAIL|1
M|VER|VER|MBC_EDH_PROFLOW_RDMU|MBC_EPOCRATES_ALERT|1
M|VER|VER|MBC_EDH_PROFLOW_RDMU|MBC_DOXIMITY_ALERT|1
M|VER|VER|MBC_EDH_PROFLOW_RDMU|MBC_DOXIMITY_DOCSPOT|1
M|VER|VER|MBC_EDH_PROFLOW_RDMU|MBC_MEDSCAPE_EMAIL|1
M|VER|VER|MBC_EDH_PROFLOW_RDMU|MBC_MEDSCAPE_ALERT|1
M|VER|VER|MBC_EDH_PROFLOW_RDMU|MBC_MEDSCAPE_POC|1
M|VER|VER|MBC_EDH_PROFLOW_RDMU|MBC_MEDSCAPE_BRANDSPOT|1
M|VER|VER|MBC_EDH_PROFLOW_RDMU|MBC_EDH_PROFLOW_EDMU|14
M|VER|VER|MBC_EDH_PROFLOW_RDMU|MBC_EDH_PROFLOW_WDMU|14
M|VER|VER|MBC_EDH_PROFLOW_RDMU|MBC_EDH_PROFLOW_RDMU|14
M|VER|VER|MBC_EDH_PROFLOW_RDMU|MBC_NUMEDIS_MDMINUTE|1
M|VER|VER|MBC_NUMEDIS_MDMINUTE|EBC_F2F_CALL|1
M|VER|VER|MBC_NUMEDIS_MDMINUTE|EBC_VEEVA_EMAIL|1
M|VER|VER|MBC_NUMEDIS_MDMINUTE|EBC_HQ_EMAIL|1
M|VER|VER|MBC_NUMEDIS_MDMINUTE|EBC_EPOCRATES_ALERT|1
M|VER|VER|MBC_NUMEDIS_MDMINUTE|EBC_DOXIMITY_ALERT|1
M|VER|VER|MBC_NUMEDIS_MDMINUTE|EBC_DOXIMITY_DOCSPOT|1
M|VER|VER|MBC_NUMEDIS_MDMINUTE|EBC_MEDSCAPE_EMAIL|1
M|VER|VER|MBC_NUMEDIS_MDMINUTE|EBC_MEDSCAPE_ALERT|1
M|VER|VER|MBC_NUMEDIS_MDMINUTE|EBC_MEDSCAPE_POC|1
M|VER|VER|MBC_NUMEDIS_MDMINUTE|EBC_MEDSCAPE_BRANDSPOT|1
M|VER|VER|MBC_NUMEDIS_MDMINUTE|EBC_EDH_PROFLOW_EDMU|1
M|VER|VER|MBC_NUMEDIS_MDMINUTE|EBC_EDH_PROFLOW_WDMU|1
M|VER|VER|MBC_NUMEDIS_MDMINUTE|EBC_EDH_PROFLOW_RDMU|1
M|VER|VER|MBC_NUMEDIS_MDMINUTE|EBC_NUMEDIS_MDMINUTE|14
M|VER|VER|MBC_NUMEDIS_MDMINUTE|MBC_F2F_CALL|1
M|VER|VER|MBC_NUMEDIS_MDMINUTE|MBC_VEEVA_EMAIL|1
M|VER|VER|MBC_NUMEDIS_MDMINUTE|MBC_HQ_EMAIL|1
M|VER|VER|MBC_NUMEDIS_MDMINUTE|MBC_EPOCRATES_ALERT|1
M|VER|VER|MBC_NUMEDIS_MDMINUTE|MBC_DOXIMITY_ALERT|1
M|VER|VER|MBC_NUMEDIS_MDMINUTE|MBC_DOXIMITY_DOCSPOT|1
M|VER|VER|MBC_NUMEDIS_MDMINUTE|MBC_MEDSCAPE_EMAIL|1
M|VER|VER|MBC_NUMEDIS_MDMINUTE|MBC_MEDSCAPE_ALERT|1
M|VER|VER|MBC_NUMEDIS_MDMINUTE|MBC_MEDSCAPE_POC|1
M|VER|VER|MBC_NUMEDIS_MDMINUTE|MBC_MEDSCAPE_BRANDSPOT|1
M|VER|VER|MBC_NUMEDIS_MDMINUTE|MBC_EDH_PROFLOW_EDMU|1
M|VER|VER|MBC_NUMEDIS_MDMINUTE|MBC_EDH_PROFLOW_WDMU|1
M|VER|VER|MBC_NUMEDIS_MDMINUTE|MBC_EDH_PROFLOW_RDMU|1
M|VER|VER|MBC_NUMEDIS_MDMINUTE|MBC_NUMEDIS_MDMINUTE|14
M|VER|VER|EBC_MEDSCAPE_BRANDSPOT|EBC_F2F_CALL|1
M|VER|VER|EBC_MEDSCAPE_BRANDSPOT|EBC_VEEVA_EMAIL|1
M|VER|VER|EBC_MEDSCAPE_BRANDSPOT|EBC_HQ_EMAIL|1
M|VER|VER|EBC_MEDSCAPE_BRANDSPOT|EBC_EPOCRATES_ALERT|1
M|VER|VER|EBC_MEDSCAPE_BRANDSPOT|EBC_DOXIMITY_ALERT|1
M|VER|VER|EBC_MEDSCAPE_BRANDSPOT|EBC_DOXIMITY_DOCSPOT|1
M|VER|VER|EBC_MEDSCAPE_BRANDSPOT|EBC_MEDSCAPE_EMAIL|7
M|VER|VER|EBC_MEDSCAPE_BRANDSPOT|EBC_MEDSCAPE_ALERT|14
M|VER|VER|EBC_MEDSCAPE_BRANDSPOT|EBC_MEDSCAPE_POC|14
M|VER|VER|EBC_MEDSCAPE_BRANDSPOT|EBC_MEDSCAPE_BRANDSPOT|28
M|VER|VER|EBC_MEDSCAPE_BRANDSPOT|EBC_EDH_PROFLOW_EDMU|1
M|VER|VER|EBC_MEDSCAPE_BRANDSPOT|EBC_EDH_PROFLOW_WDMU|1
M|VER|VER|EBC_MEDSCAPE_BRANDSPOT|EBC_EDH_PROFLOW_RDMU|1
M|VER|VER|EBC_MEDSCAPE_BRANDSPOT|EBC_NUMEDIS_MDMINUTE|1
M|VER|VER|MBC_MEDSCAPE_BRANDSPOT|MBC_F2F_CALL|1
M|VER|VER|MBC_MEDSCAPE_BRANDSPOT|MBC_VEEVA_EMAIL|1
M|VER|VER|MBC_MEDSCAPE_BRANDSPOT|MBC_HQ_EMAIL|1
M|VER|VER|MBC_NUMEDIS_MDMINUTE|MBC_EPOCRATES_ALERT|1
M|VER|VER|MBC_MEDSCAPE_BRANDSPOT|MBC_DOXIMITY_ALERT|1
M|VER|VER|MBC_MEDSCAPE_BRANDSPOT|MBC_DOXIMITY_DOCSPOT|1
M|VER|VER|MBC_MEDSCAPE_BRANDSPOT|MBC_MEDSCAPE_EMAIL|7
M|VER|VER|MBC_MEDSCAPE_BRANDSPOT|MBC_MEDSCAPE_ALERT|14
M|VER|VER|MBC_MEDSCAPE_BRANDSPOT|MBC_MEDSCAPE_POC|14
M|VER|VER|MBC_MEDSCAPE_BRANDSPOT|MBC_MEDSCAPE_BRANDSPOT|28
M|VER|VER|MBC_MEDSCAPE_BRANDSPOT|MBC_EDH_PROFLOW_EDMU|1
M|VER|VER|MBC_MEDSCAPE_BRANDSPOT|MBC_EDH_PROFLOW_WDMU|1
M|VER|VER|MBC_MEDSCAPE_BRANDSPOT|MBC_EDH_PROFLOW_RDMU|1
M|VER|VER|MBC_MEDSCAPE_BRANDSPOT|MBC_NUMEDIS_MDMINUTE|1
L|VER|VER|EBC_F2F_CALL|EBC_F2F_CALL|21
L|VER|VER|EBC_F2F_CALL|EBC_VEEVA_EMAIL|14
L|VER|VER|EBC_F2F_CALL|EBC_HQ_EMAIL|1
L|VER|VER|EBC_F2F_CALL|EBC_EPOCRATES_ALERT|1
L|VER|VER|EBC_F2F_CALL|EBC_DOXIMITY_ALERT|1
L|VER|VER|EBC_F2F_CALL|EBC_DOXIMITY_DOCSPOT|1
L|VER|VER|EBC_F2F_CALL|EBC_MEDSCAPE_EMAIL|1
L|VER|VER|EBC_F2F_CALL|EBC_MEDSCAPE_ALERT|1
L|VER|VER|EBC_F2F_CALL|EBC_MEDSCAPE_POC|1
L|VER|VER|EBC_F2F_CALL|EBC_MEDSCAPE_BRANDSPOT|1
L|VER|VER|EBC_F2F_CALL|EBC_EDH_PROFLOW_EDMU|1
L|VER|VER|EBC_F2F_CALL|EBC_EDH_PROFLOW_WDMU|1
L|VER|VER|EBC_F2F_CALL|EBC_EDH_PROFLOW_RDMU|1
L|VER|VER|EBC_F2F_CALL|EBC_NUMEDIS_MDMINUTE|1
L|VER|VER|EBC_F2F_CALL|MBC_F2F_CALL|21
L|VER|VER|EBC_F2F_CALL|MBC_VEEVA_EMAIL|14
L|VER|VER|EBC_F2F_CALL|MBC_HQ_EMAIL|1
L|VER|VER|EBC_F2F_CALL|MBC_EPOCRATES_ALERT|1
L|VER|VER|EBC_F2F_CALL|MBC_DOXIMITY_ALERT|1
L|VER|VER|EBC_F2F_CALL|MBC_DOXIMITY_DOCSPOT|1
L|VER|VER|EBC_F2F_CALL|MBC_MEDSCAPE_EMAIL|1
L|VER|VER|EBC_F2F_CALL|MBC_MEDSCAPE_ALERT|1
L|VER|VER|EBC_F2F_CALL|MBC_MEDSCAPE_POC|1
L|VER|VER|EBC_F2F_CALL|MBC_MEDSCAPE_BRANDSPOT|1
L|VER|VER|EBC_F2F_CALL|MBC_EDH_PROFLOW_EDMU|1
L|VER|VER|EBC_F2F_CALL|MBC_EDH_PROFLOW_WDMU|1
L|VER|VER|EBC_F2F_CALL|MBC_EDH_PROFLOW_RDMU|1
L|VER|VER|EBC_F2F_CALL|MBC_NUMEDIS_MDMINUTE|1
L|VER|VER|EBC_VEEVA_EMAIL|EBC_F2F_CALL|1
L|VER|VER|EBC_VEEVA_EMAIL|EBC_VEEVA_EMAIL|1
L|VER|VER|EBC_VEEVA_EMAIL|EBC_HQ_EMAIL|1
L|VER|VER|EBC_VEEVA_EMAIL|EBC_EPOCRATES_ALERT|1
L|VER|VER|EBC_VEEVA_EMAIL|EBC_DOXIMITY_ALERT|1
L|VER|VER|EBC_VEEVA_EMAIL|EBC_DOXIMITY_DOCSPOT|1
L|VER|VER|EBC_VEEVA_EMAIL|EBC_MEDSCAPE_EMAIL|1
L|VER|VER|EBC_VEEVA_EMAIL|EBC_MEDSCAPE_ALERT|1
L|VER|VER|EBC_VEEVA_EMAIL|EBC_MEDSCAPE_POC|1
L|VER|VER|EBC_VEEVA_EMAIL|EBC_MEDSCAPE_BRANDSPOT|1
L|VER|VER|EBC_VEEVA_EMAIL|EBC_EDH_PROFLOW_EDMU|1
L|VER|VER|EBC_VEEVA_EMAIL|EBC_EDH_PROFLOW_WDMU|1
L|VER|VER|EBC_VEEVA_EMAIL|EBC_EDH_PROFLOW_RDMU|1
L|VER|VER|EBC_VEEVA_EMAIL|EBC_NUMEDIS_MDMINUTE|1
L|VER|VER|EBC_VEEVA_EMAIL|MBC_F2F_CALL|1
L|VER|VER|EBC_VEEVA_EMAIL|MBC_VEEVA_EMAIL|1
L|VER|VER|EBC_VEEVA_EMAIL|MBC_HQ_EMAIL|1
L|VER|VER|EBC_VEEVA_EMAIL|MBC_EPOCRATES_ALERT|1
L|VER|VER|EBC_VEEVA_EMAIL|MBC_DOXIMITY_ALERT|1
L|VER|VER|EBC_VEEVA_EMAIL|MBC_DOXIMITY_DOCSPOT|1
L|VER|VER|EBC_VEEVA_EMAIL|MBC_MEDSCAPE_EMAIL|1
L|VER|VER|EBC_VEEVA_EMAIL|MBC_MEDSCAPE_ALERT|1
L|VER|VER|EBC_VEEVA_EMAIL|MBC_MEDSCAPE_POC|1
L|VER|VER|EBC_VEEVA_EMAIL|MBC_MEDSCAPE_BRANDSPOT|1
L|VER|VER|EBC_VEEVA_EMAIL|MBC_EDH_PROFLOW_EDMU|1
L|VER|VER|EBC_VEEVA_EMAIL|MBC_EDH_PROFLOW_WDMU|1
L|VER|VER|EBC_VEEVA_EMAIL|MBC_EDH_PROFLOW_RDMU|1
L|VER|VER|EBC_VEEVA_EMAIL|MBC_NUMEDIS_MDMINUTE|1
L|VER|VER|EBC_HQ_EMAIL|EBC_F2F_CALL|1
L|VER|VER|EBC_HQ_EMAIL|EBC_VEEVA_EMAIL|1
L|VER|VER|EBC_HQ_EMAIL|EBC_HQ_EMAIL|30
L|VER|VER|EBC_HQ_EMAIL|EBC_EPOCRATES_ALERT|1
L|VER|VER|EBC_HQ_EMAIL|EBC_DOXIMITY_ALERT|1
L|VER|VER|EBC_HQ_EMAIL|EBC_DOXIMITY_DOCSPOT|1
L|VER|VER|EBC_HQ_EMAIL|EBC_MEDSCAPE_EMAIL|1
L|VER|VER|EBC_HQ_EMAIL|EBC_MEDSCAPE_ALERT|1
L|VER|VER|EBC_HQ_EMAIL|EBC_MEDSCAPE_POC|1
L|VER|VER|EBC_HQ_EMAIL|EBC_MEDSCAPE_BRANDSPOT|1
L|VER|VER|EBC_HQ_EMAIL|EBC_EDH_PROFLOW_EDMU|1
L|VER|VER|EBC_HQ_EMAIL|EBC_EDH_PROFLOW_WDMU|1
L|VER|VER|EBC_HQ_EMAIL|EBC_EDH_PROFLOW_RDMU|1
L|VER|VER|EBC_HQ_EMAIL|EBC_NUMEDIS_MDMINUTE|1
L|VER|VER|EBC_HQ_EMAIL|MBC_F2F_CALL|1
L|VER|VER|EBC_HQ_EMAIL|MBC_VEEVA_EMAIL|1
L|VER|VER|EBC_HQ_EMAIL|MBC_HQ_EMAIL|30
L|VER|VER|EBC_HQ_EMAIL|MBC_EPOCRATES_ALERT|1
L|VER|VER|EBC_HQ_EMAIL|MBC_DOXIMITY_ALERT|1
L|VER|VER|EBC_HQ_EMAIL|MBC_DOXIMITY_DOCSPOT|1
L|VER|VER|EBC_HQ_EMAIL|MBC_MEDSCAPE_EMAIL|1
L|VER|VER|EBC_HQ_EMAIL|MBC_MEDSCAPE_ALERT|1
L|VER|VER|EBC_HQ_EMAIL|MBC_MEDSCAPE_POC|1
L|VER|VER|EBC_HQ_EMAIL|MBC_MEDSCAPE_BRANDSPOT|1
L|VER|VER|EBC_HQ_EMAIL|MBC_EDH_PROFLOW_EDMU|1
L|VER|VER|EBC_HQ_EMAIL|MBC_EDH_PROFLOW_WDMU|1
L|VER|VER|EBC_HQ_EMAIL|MBC_EDH_PROFLOW_RDMU|1
L|VER|VER|EBC_HQ_EMAIL|MBC_NUMEDIS_MDMINUTE|1
L|VER|VER|EBC_EPOCRATES_ALERT|EBC_F2F_CALL|1
L|VER|VER|EBC_EPOCRATES_ALERT|EBC_VEEVA_EMAIL|1
L|VER|VER|EBC_EPOCRATES_ALERT|EBC_HQ_EMAIL|1
L|VER|VER|EBC_EPOCRATES_ALERT|EBC_EPOCRATES_ALERT|14
L|VER|VER|EBC_EPOCRATES_ALERT|EBC_DOXIMITY_ALERT|1
L|VER|VER|EBC_EPOCRATES_ALERT|EBC_DOXIMITY_DOCSPOT|1
L|VER|VER|EBC_EPOCRATES_ALERT|EBC_MEDSCAPE_EMAIL|1
L|VER|VER|EBC_EPOCRATES_ALERT|EBC_MEDSCAPE_ALERT|1
L|VER|VER|EBC_EPOCRATES_ALERT|EBC_MEDSCAPE_POC|1
L|VER|VER|EBC_EPOCRATES_ALERT|EBC_MEDSCAPE_BRANDSPOT|1
L|VER|VER|EBC_EPOCRATES_ALERT|EBC_EDH_PROFLOW_EDMU|1
L|VER|VER|EBC_EPOCRATES_ALERT|EBC_EDH_PROFLOW_WDMU|1
L|VER|VER|EBC_EPOCRATES_ALERT|EBC_EDH_PROFLOW_RDMU|1
L|VER|VER|EBC_EPOCRATES_ALERT|EBC_NUMEDIS_MDMINUTE|1
L|VER|VER|EBC_EPOCRATES_ALERT|MBC_F2F_CALL|1
L|VER|VER|EBC_EPOCRATES_ALERT|MBC_VEEVA_EMAIL|1
L|VER|VER|EBC_EPOCRATES_ALERT|MBC_HQ_EMAIL|1
L|VER|VER|EBC_EPOCRATES_ALERT|MBC_EPOCRATES_ALERT|14
L|VER|VER|EBC_EPOCRATES_ALERT|MBC_DOXIMITY_ALERT|1
L|VER|VER|EBC_EPOCRATES_ALERT|MBC_DOXIMITY_DOCSPOT|1
L|VER|VER|EBC_EPOCRATES_ALERT|MBC_MEDSCAPE_EMAIL|1
L|VER|VER|EBC_EPOCRATES_ALERT|MBC_MEDSCAPE_ALERT|1
L|VER|VER|EBC_EPOCRATES_ALERT|MBC_MEDSCAPE_POC|1
L|VER|VER|EBC_EPOCRATES_ALERT|MBC_MEDSCAPE_BRANDSPOT|1
L|VER|VER|EBC_EPOCRATES_ALERT|MBC_EDH_PROFLOW_EDMU|1
L|VER|VER|EBC_EPOCRATES_ALERT|MBC_EDH_PROFLOW_WDMU|1
L|VER|VER|EBC_EPOCRATES_ALERT|MBC_EDH_PROFLOW_RDMU|1
L|VER|VER|EBC_EPOCRATES_ALERT|MBC_NUMEDIS_MDMINUTE|1
L|VER|VER|EBC_DOXIMITY_ALERT|EBC_F2F_CALL|1
L|VER|VER|EBC_DOXIMITY_ALERT|EBC_VEEVA_EMAIL|1
L|VER|VER|EBC_DOXIMITY_ALERT|EBC_HQ_EMAIL|1
L|VER|VER|EBC_DOXIMITY_ALERT|EBC_EPOCRATES_ALERT|1
L|VER|VER|EBC_DOXIMITY_ALERT|EBC_DOXIMITY_ALERT|14
L|VER|VER|EBC_DOXIMITY_ALERT|EBC_DOXIMITY_DOCSPOT|14
L|VER|VER|EBC_DOXIMITY_ALERT|EBC_MEDSCAPE_EMAIL|1
L|VER|VER|EBC_DOXIMITY_ALERT|EBC_MEDSCAPE_ALERT|1
L|VER|VER|EBC_DOXIMITY_ALERT|EBC_MEDSCAPE_POC|1
L|VER|VER|EBC_DOXIMITY_ALERT|EBC_MEDSCAPE_BRANDSPOT|1
L|VER|VER|EBC_DOXIMITY_ALERT|EBC_EDH_PROFLOW_EDMU|1
L|VER|VER|EBC_DOXIMITY_ALERT|EBC_EDH_PROFLOW_WDMU|1
L|VER|VER|EBC_DOXIMITY_ALERT|EBC_EDH_PROFLOW_RDMU|1
L|VER|VER|EBC_DOXIMITY_ALERT|EBC_NUMEDIS_MDMINUTE|1
L|VER|VER|EBC_DOXIMITY_ALERT|MBC_F2F_CALL|1
L|VER|VER|EBC_DOXIMITY_ALERT|MBC_VEEVA_EMAIL|1
L|VER|VER|EBC_DOXIMITY_ALERT|MBC_HQ_EMAIL|1
L|VER|VER|EBC_DOXIMITY_ALERT|MBC_EPOCRATES_ALERT|1
L|VER|VER|EBC_DOXIMITY_ALERT|MBC_DOXIMITY_ALERT|14
L|VER|VER|EBC_DOXIMITY_ALERT|MBC_DOXIMITY_DOCSPOT|14
L|VER|VER|EBC_DOXIMITY_ALERT|MBC_MEDSCAPE_EMAIL|1
L|VER|VER|EBC_DOXIMITY_ALERT|MBC_MEDSCAPE_ALERT|1
L|VER|VER|EBC_DOXIMITY_ALERT|MBC_MEDSCAPE_POC|1
L|VER|VER|EBC_DOXIMITY_ALERT|MBC_MEDSCAPE_BRANDSPOT|1
L|VER|VER|EBC_DOXIMITY_ALERT|MBC_EDH_PROFLOW_EDMU|1
L|VER|VER|EBC_DOXIMITY_ALERT|MBC_EDH_PROFLOW_WDMU|1
L|VER|VER|EBC_DOXIMITY_ALERT|MBC_EDH_PROFLOW_RDMU|1
L|VER|VER|EBC_DOXIMITY_ALERT|MBC_NUMEDIS_MDMINUTE|1
L|VER|VER|EBC_DOXIMITY_DOCSPOT|EBC_F2F_CALL|1
L|VER|VER|EBC_DOXIMITY_DOCSPOT|EBC_VEEVA_EMAIL|1
L|VER|VER|EBC_DOXIMITY_DOCSPOT|EBC_HQ_EMAIL|1
L|VER|VER|EBC_DOXIMITY_DOCSPOT|EBC_EPOCRATES_ALERT|1
L|VER|VER|EBC_DOXIMITY_DOCSPOT|EBC_DOXIMITY_ALERT|14
L|VER|VER|EBC_DOXIMITY_DOCSPOT|EBC_DOXIMITY_DOCSPOT|14
L|VER|VER|EBC_DOXIMITY_DOCSPOT|EBC_MEDSCAPE_EMAIL|1
L|VER|VER|EBC_DOXIMITY_DOCSPOT|EBC_MEDSCAPE_ALERT|1
L|VER|VER|EBC_DOXIMITY_DOCSPOT|EBC_MEDSCAPE_POC|1
L|VER|VER|EBC_DOXIMITY_DOCSPOT|EBC_MEDSCAPE_BRANDSPOT|1
L|VER|VER|EBC_DOXIMITY_DOCSPOT|EBC_EDH_PROFLOW_EDMU|1
L|VER|VER|EBC_DOXIMITY_DOCSPOT|EBC_EDH_PROFLOW_WDMU|1
L|VER|VER|EBC_DOXIMITY_DOCSPOT|EBC_EDH_PROFLOW_RDMU|1
L|VER|VER|EBC_DOXIMITY_DOCSPOT|EBC_NUMEDIS_MDMINUTE|1
L|VER|VER|EBC_DOXIMITY_DOCSPOT|MBC_F2F_CALL|1
L|VER|VER|EBC_DOXIMITY_DOCSPOT|MBC_VEEVA_EMAIL|1
L|VER|VER|EBC_DOXIMITY_DOCSPOT|MBC_HQ_EMAIL|1
L|VER|VER|EBC_DOXIMITY_DOCSPOT|MBC_EPOCRATES_ALERT|1
L|VER|VER|EBC_DOXIMITY_DOCSPOT|MBC_DOXIMITY_ALERT|14
L|VER|VER|EBC_DOXIMITY_DOCSPOT|MBC_DOXIMITY_DOCSPOT|14
L|VER|VER|EBC_DOXIMITY_DOCSPOT|MBC_MEDSCAPE_EMAIL|1
L|VER|VER|EBC_DOXIMITY_DOCSPOT|MBC_MEDSCAPE_ALERT|1
L|VER|VER|EBC_DOXIMITY_DOCSPOT|MBC_MEDSCAPE_POC|1
L|VER|VER|EBC_DOXIMITY_DOCSPOT|MBC_MEDSCAPE_BRANDSPOT|1
L|VER|VER|EBC_DOXIMITY_DOCSPOT|MBC_EDH_PROFLOW_EDMU|1
L|VER|VER|EBC_DOXIMITY_DOCSPOT|MBC_EDH_PROFLOW_WDMU|1
L|VER|VER|EBC_DOXIMITY_DOCSPOT|MBC_EDH_PROFLOW_RDMU|1
L|VER|VER|EBC_DOXIMITY_DOCSPOT|MBC_NUMEDIS_MDMINUTE|1
L|VER|VER|EBC_MEDSCAPE_EMAIL|EBC_F2F_CALL|1
L|VER|VER|EBC_MEDSCAPE_EMAIL|EBC_VEEVA_EMAIL|1
L|VER|VER|EBC_MEDSCAPE_EMAIL|EBC_HQ_EMAIL|1
L|VER|VER|EBC_MEDSCAPE_EMAIL|EBC_EPOCRATES_ALERT|1
L|VER|VER|EBC_MEDSCAPE_EMAIL|EBC_DOXIMITY_ALERT|1
L|VER|VER|EBC_MEDSCAPE_EMAIL|EBC_DOXIMITY_DOCSPOT|1
L|VER|VER|EBC_MEDSCAPE_EMAIL|EBC_MEDSCAPE_EMAIL|14
L|VER|VER|EBC_MEDSCAPE_EMAIL|EBC_MEDSCAPE_ALERT|7
L|VER|VER|EBC_MEDSCAPE_EMAIL|EBC_MEDSCAPE_POC|7
L|VER|VER|EBC_MEDSCAPE_EMAIL|EBC_MEDSCAPE_BRANDSPOT|7
L|VER|VER|EBC_MEDSCAPE_EMAIL|EBC_EDH_PROFLOW_EDMU|1
L|VER|VER|EBC_MEDSCAPE_EMAIL|EBC_EDH_PROFLOW_WDMU|1
L|VER|VER|EBC_MEDSCAPE_EMAIL|EBC_EDH_PROFLOW_RDMU|1
L|VER|VER|EBC_MEDSCAPE_EMAIL|EBC_NUMEDIS_MDMINUTE|1
L|VER|VER|EBC_MEDSCAPE_EMAIL|MBC_F2F_CALL|1
L|VER|VER|EBC_MEDSCAPE_EMAIL|MBC_VEEVA_EMAIL|1
L|VER|VER|EBC_MEDSCAPE_EMAIL|MBC_HQ_EMAIL|1
L|VER|VER|EBC_MEDSCAPE_EMAIL|MBC_EPOCRATES_ALERT|1
L|VER|VER|EBC_MEDSCAPE_EMAIL|MBC_DOXIMITY_ALERT|1
L|VER|VER|EBC_MEDSCAPE_EMAIL|MBC_DOXIMITY_DOCSPOT|1
L|VER|VER|EBC_MEDSCAPE_EMAIL|MBC_MEDSCAPE_EMAIL|14
L|VER|VER|EBC_MEDSCAPE_EMAIL|MBC_MEDSCAPE_ALERT|7
L|VER|VER|EBC_MEDSCAPE_EMAIL|MBC_MEDSCAPE_POC|7
L|VER|VER|EBC_MEDSCAPE_EMAIL|MBC_MEDSCAPE_BRANDSPOT|7
L|VER|VER|EBC_MEDSCAPE_EMAIL|MBC_EDH_PROFLOW_EDMU|1
L|VER|VER|EBC_MEDSCAPE_EMAIL|MBC_EDH_PROFLOW_WDMU|1
L|VER|VER|EBC_MEDSCAPE_EMAIL|MBC_EDH_PROFLOW_RDMU|1
L|VER|VER|EBC_MEDSCAPE_EMAIL|MBC_NUMEDIS_MDMINUTE|1
L|VER|VER|EBC_MEDSCAPE_ALERT|EBC_F2F_CALL|1
L|VER|VER|EBC_MEDSCAPE_ALERT|EBC_VEEVA_EMAIL|1
L|VER|VER|EBC_MEDSCAPE_ALERT|EBC_HQ_EMAIL|1
L|VER|VER|EBC_MEDSCAPE_ALERT|EBC_EPOCRATES_ALERT|1
L|VER|VER|EBC_MEDSCAPE_ALERT|EBC_DOXIMITY_ALERT|1
L|VER|VER|EBC_MEDSCAPE_ALERT|EBC_DOXIMITY_DOCSPOT|1
L|VER|VER|EBC_MEDSCAPE_ALERT|EBC_MEDSCAPE_EMAIL|7
L|VER|VER|EBC_MEDSCAPE_ALERT|EBC_MEDSCAPE_ALERT|28
L|VER|VER|EBC_MEDSCAPE_ALERT|EBC_MEDSCAPE_POC|14
L|VER|VER|EBC_MEDSCAPE_ALERT|EBC_MEDSCAPE_BRANDSPOT|14
L|VER|VER|EBC_MEDSCAPE_ALERT|EBC_EDH_PROFLOW_EDMU|1
L|VER|VER|EBC_MEDSCAPE_ALERT|EBC_EDH_PROFLOW_WDMU|1
L|VER|VER|EBC_MEDSCAPE_ALERT|EBC_EDH_PROFLOW_RDMU|1
L|VER|VER|EBC_MEDSCAPE_ALERT|EBC_NUMEDIS_MDMINUTE|1
L|VER|VER|EBC_MEDSCAPE_ALERT|MBC_F2F_CALL|1
L|VER|VER|EBC_MEDSCAPE_ALERT|MBC_VEEVA_EMAIL|1
L|VER|VER|EBC_MEDSCAPE_ALERT|MBC_HQ_EMAIL|1
L|VER|VER|EBC_MEDSCAPE_ALERT|MBC_EPOCRATES_ALERT|1
L|VER|VER|EBC_MEDSCAPE_ALERT|MBC_DOXIMITY_ALERT|1
L|VER|VER|EBC_MEDSCAPE_ALERT|MBC_DOXIMITY_DOCSPOT|1
L|VER|VER|EBC_MEDSCAPE_ALERT|MBC_MEDSCAPE_EMAIL|7
L|VER|VER|EBC_MEDSCAPE_ALERT|MBC_MEDSCAPE_ALERT|28
L|VER|VER|EBC_MEDSCAPE_ALERT|MBC_MEDSCAPE_POC|14
L|VER|VER|EBC_MEDSCAPE_ALERT|MBC_MEDSCAPE_BRANDSPOT|14
L|VER|VER|EBC_MEDSCAPE_ALERT|MBC_EDH_PROFLOW_EDMU|1
L|VER|VER|EBC_MEDSCAPE_ALERT|MBC_EDH_PROFLOW_WDMU|1
L|VER|VER|EBC_MEDSCAPE_ALERT|MBC_EDH_PROFLOW_RDMU|1
L|VER|VER|EBC_MEDSCAPE_ALERT|MBC_NUMEDIS_MDMINUTE|1
L|VER|VER|EBC_MEDSCAPE_POC|EBC_F2F_CALL|1
L|VER|VER|EBC_MEDSCAPE_POC|EBC_VEEVA_EMAIL|1
L|VER|VER|EBC_MEDSCAPE_POC|EBC_HQ_EMAIL|1
L|VER|VER|EBC_MEDSCAPE_POC|EBC_EPOCRATES_ALERT|1
L|VER|VER|EBC_MEDSCAPE_POC|EBC_DOXIMITY_ALERT|1
L|VER|VER|EBC_MEDSCAPE_POC|EBC_DOXIMITY_DOCSPOT|1
L|VER|VER|EBC_MEDSCAPE_POC|EBC_MEDSCAPE_EMAIL|7
L|VER|VER|EBC_MEDSCAPE_POC|EBC_MEDSCAPE_ALERT|14
L|VER|VER|EBC_MEDSCAPE_POC|EBC_MEDSCAPE_POC|28
L|VER|VER|EBC_MEDSCAPE_POC|EBC_MEDSCAPE_BRANDSPOT|14
L|VER|VER|EBC_MEDSCAPE_POC|EBC_EDH_PROFLOW_EDMU|1
L|VER|VER|EBC_MEDSCAPE_POC|EBC_EDH_PROFLOW_WDMU|1
L|VER|VER|EBC_MEDSCAPE_POC|EBC_EDH_PROFLOW_RDMU|1
L|VER|VER|EBC_MEDSCAPE_POC|EBC_NUMEDIS_MDMINUTE|1
L|VER|VER|EBC_MEDSCAPE_POC|MBC_F2F_CALL|1
L|VER|VER|EBC_MEDSCAPE_POC|MBC_VEEVA_EMAIL|1
L|VER|VER|EBC_MEDSCAPE_POC|MBC_HQ_EMAIL|1
L|VER|VER|EBC_MEDSCAPE_POC|MBC_EPOCRATES_ALERT|1
L|VER|VER|EBC_MEDSCAPE_POC|MBC_DOXIMITY_ALERT|1
L|VER|VER|EBC_MEDSCAPE_POC|MBC_DOXIMITY_DOCSPOT|1
L|VER|VER|EBC_MEDSCAPE_POC|MBC_MEDSCAPE_EMAIL|7
L|VER|VER|EBC_MEDSCAPE_POC|MBC_MEDSCAPE_ALERT|14
L|VER|VER|EBC_MEDSCAPE_POC|MBC_MEDSCAPE_POC|28
L|VER|VER|EBC_MEDSCAPE_POC|MBC_MEDSCAPE_BRANDSPOT|14
L|VER|VER|EBC_MEDSCAPE_POC|MBC_EDH_PROFLOW_EDMU|1
L|VER|VER|EBC_MEDSCAPE_POC|MBC_EDH_PROFLOW_WDMU|1
L|VER|VER|EBC_MEDSCAPE_POC|MBC_EDH_PROFLOW_RDMU|1
L|VER|VER|EBC_MEDSCAPE_POC|MBC_NUMEDIS_MDMINUTE|1
L|VER|VER|EBC_EDH_PROFLOW_EDMU|EBC_F2F_CALL|1
L|VER|VER|EBC_EDH_PROFLOW_EDMU|EBC_VEEVA_EMAIL|1
L|VER|VER|EBC_EDH_PROFLOW_EDMU|EBC_HQ_EMAIL|1
L|VER|VER|EBC_EDH_PROFLOW_EDMU|EBC_EPOCRATES_ALERT|1
L|VER|VER|EBC_EDH_PROFLOW_EDMU|EBC_DOXIMITY_ALERT|1
L|VER|VER|EBC_EDH_PROFLOW_EDMU|EBC_DOXIMITY_DOCSPOT|1
L|VER|VER|EBC_EDH_PROFLOW_EDMU|EBC_MEDSCAPE_EMAIL|1
L|VER|VER|EBC_EDH_PROFLOW_EDMU|EBC_MEDSCAPE_ALERT|1
L|VER|VER|EBC_EDH_PROFLOW_EDMU|EBC_MEDSCAPE_POC|1
L|VER|VER|EBC_EDH_PROFLOW_EDMU|EBC_MEDSCAPE_BRANDSPOT|1
L|VER|VER|EBC_EDH_PROFLOW_EDMU|EBC_EDH_PROFLOW_EDMU|14
L|VER|VER|EBC_EDH_PROFLOW_EDMU|EBC_EDH_PROFLOW_WDMU|14
L|VER|VER|EBC_EDH_PROFLOW_EDMU|EBC_EDH_PROFLOW_RDMU|14
L|VER|VER|EBC_EDH_PROFLOW_EDMU|EBC_NUMEDIS_MDMINUTE|1
L|VER|VER|EBC_EDH_PROFLOW_EDMU|MBC_F2F_CALL|1
L|VER|VER|EBC_EDH_PROFLOW_EDMU|MBC_VEEVA_EMAIL|1
L|VER|VER|EBC_EDH_PROFLOW_EDMU|MBC_HQ_EMAIL|1
L|VER|VER|EBC_EDH_PROFLOW_EDMU|MBC_EPOCRATES_ALERT|1
L|VER|VER|EBC_EDH_PROFLOW_EDMU|MBC_DOXIMITY_ALERT|1
L|VER|VER|EBC_EDH_PROFLOW_EDMU|MBC_DOXIMITY_DOCSPOT|1
L|VER|VER|EBC_EDH_PROFLOW_EDMU|MBC_MEDSCAPE_EMAIL|1
L|VER|VER|EBC_EDH_PROFLOW_EDMU|MBC_MEDSCAPE_ALERT|1
L|VER|VER|EBC_EDH_PROFLOW_EDMU|MBC_MEDSCAPE_POC|1
L|VER|VER|EBC_EDH_PROFLOW_EDMU|MBC_MEDSCAPE_BRANDSPOT|1
L|VER|VER|EBC_EDH_PROFLOW_EDMU|MBC_EDH_PROFLOW_EDMU|14
L|VER|VER|EBC_EDH_PROFLOW_EDMU|MBC_EDH_PROFLOW_WDMU|14
L|VER|VER|EBC_EDH_PROFLOW_EDMU|MBC_EDH_PROFLOW_RDMU|14
L|VER|VER|EBC_EDH_PROFLOW_EDMU|MBC_NUMEDIS_MDMINUTE|1
L|VER|VER|EBC_EDH_PROFLOW_WDMU|EBC_F2F_CALL|1
L|VER|VER|EBC_EDH_PROFLOW_WDMU|EBC_VEEVA_EMAIL|1
L|VER|VER|EBC_EDH_PROFLOW_WDMU|EBC_HQ_EMAIL|1
L|VER|VER|EBC_EDH_PROFLOW_WDMU|EBC_EPOCRATES_ALERT|1
L|VER|VER|EBC_EDH_PROFLOW_WDMU|EBC_DOXIMITY_ALERT|1
L|VER|VER|EBC_EDH_PROFLOW_WDMU|EBC_DOXIMITY_DOCSPOT|1
L|VER|VER|EBC_EDH_PROFLOW_WDMU|EBC_MEDSCAPE_EMAIL|1
L|VER|VER|EBC_EDH_PROFLOW_WDMU|EBC_MEDSCAPE_ALERT|1
L|VER|VER|EBC_EDH_PROFLOW_WDMU|EBC_MEDSCAPE_POC|1
L|VER|VER|EBC_EDH_PROFLOW_WDMU|EBC_MEDSCAPE_BRANDSPOT|1
L|VER|VER|EBC_EDH_PROFLOW_WDMU|EBC_EDH_PROFLOW_EDMU|14
L|VER|VER|EBC_EDH_PROFLOW_WDMU|EBC_EDH_PROFLOW_WDMU|14
L|VER|VER|EBC_EDH_PROFLOW_WDMU|EBC_EDH_PROFLOW_RDMU|14
L|VER|VER|EBC_EDH_PROFLOW_WDMU|EBC_NUMEDIS_MDMINUTE|1
L|VER|VER|EBC_EDH_PROFLOW_WDMU|MBC_F2F_CALL|1
L|VER|VER|EBC_EDH_PROFLOW_WDMU|MBC_VEEVA_EMAIL|1
L|VER|VER|EBC_EDH_PROFLOW_WDMU|MBC_HQ_EMAIL|1
L|VER|VER|EBC_EDH_PROFLOW_WDMU|MBC_EPOCRATES_ALERT|1
L|VER|VER|EBC_EDH_PROFLOW_WDMU|MBC_DOXIMITY_ALERT|1
L|VER|VER|EBC_EDH_PROFLOW_WDMU|MBC_DOXIMITY_DOCSPOT|1
L|VER|VER|EBC_EDH_PROFLOW_WDMU|MBC_MEDSCAPE_EMAIL|1
L|VER|VER|EBC_EDH_PROFLOW_WDMU|MBC_MEDSCAPE_ALERT|1
L|VER|VER|EBC_EDH_PROFLOW_WDMU|MBC_MEDSCAPE_POC|1
L|VER|VER|EBC_EDH_PROFLOW_WDMU|MBC_MEDSCAPE_BRANDSPOT|1
L|VER|VER|EBC_EDH_PROFLOW_WDMU|MBC_EDH_PROFLOW_EDMU|14
L|VER|VER|EBC_EDH_PROFLOW_WDMU|MBC_EDH_PROFLOW_WDMU|14
L|VER|VER|EBC_EDH_PROFLOW_WDMU|MBC_EDH_PROFLOW_RDMU|14
L|VER|VER|EBC_EDH_PROFLOW_WDMU|MBC_NUMEDIS_MDMINUTE|1
L|VER|VER|EBC_EDH_PROFLOW_RDMU|EBC_F2F_CALL|1
L|VER|VER|EBC_EDH_PROFLOW_RDMU|EBC_VEEVA_EMAIL|1
L|VER|VER|EBC_EDH_PROFLOW_RDMU|EBC_HQ_EMAIL|1
L|VER|VER|EBC_EDH_PROFLOW_RDMU|EBC_EPOCRATES_ALERT|1
L|VER|VER|EBC_EDH_PROFLOW_RDMU|EBC_DOXIMITY_ALERT|1
L|VER|VER|EBC_EDH_PROFLOW_RDMU|EBC_DOXIMITY_DOCSPOT|1
L|VER|VER|EBC_EDH_PROFLOW_RDMU|EBC_MEDSCAPE_EMAIL|1
L|VER|VER|EBC_EDH_PROFLOW_RDMU|EBC_MEDSCAPE_ALERT|1
L|VER|VER|EBC_EDH_PROFLOW_RDMU|EBC_MEDSCAPE_POC|1
L|VER|VER|EBC_EDH_PROFLOW_RDMU|EBC_MEDSCAPE_BRANDSPOT|1
L|VER|VER|EBC_EDH_PROFLOW_RDMU|EBC_EDH_PROFLOW_EDMU|14
L|VER|VER|EBC_EDH_PROFLOW_RDMU|EBC_EDH_PROFLOW_WDMU|14
L|VER|VER|EBC_EDH_PROFLOW_RDMU|EBC_EDH_PROFLOW_RDMU|14
L|VER|VER|EBC_EDH_PROFLOW_RDMU|EBC_NUMEDIS_MDMINUTE|1
L|VER|VER|EBC_EDH_PROFLOW_RDMU|MBC_F2F_CALL|1
L|VER|VER|EBC_EDH_PROFLOW_RDMU|MBC_VEEVA_EMAIL|1
L|VER|VER|EBC_EDH_PROFLOW_RDMU|MBC_HQ_EMAIL|1
L|VER|VER|EBC_EDH_PROFLOW_RDMU|MBC_EPOCRATES_ALERT|1
L|VER|VER|EBC_EDH_PROFLOW_RDMU|MBC_DOXIMITY_ALERT|1
L|VER|VER|EBC_EDH_PROFLOW_RDMU|MBC_DOXIMITY_DOCSPOT|1
L|VER|VER|EBC_EDH_PROFLOW_RDMU|MBC_MEDSCAPE_EMAIL|1
L|VER|VER|EBC_EDH_PROFLOW_RDMU|MBC_MEDSCAPE_ALERT|1
L|VER|VER|EBC_EDH_PROFLOW_RDMU|MBC_MEDSCAPE_POC|1
L|VER|VER|EBC_EDH_PROFLOW_RDMU|MBC_MEDSCAPE_BRANDSPOT|1
L|VER|VER|EBC_EDH_PROFLOW_RDMU|MBC_EDH_PROFLOW_EDMU|14
L|VER|VER|EBC_EDH_PROFLOW_RDMU|MBC_EDH_PROFLOW_WDMU|14
L|VER|VER|EBC_EDH_PROFLOW_RDMU|MBC_EDH_PROFLOW_RDMU|14
L|VER|VER|EBC_EDH_PROFLOW_RDMU|MBC_NUMEDIS_MDMINUTE|1
L|VER|VER|EBC_NUMEDIS_MDMINUTE|EBC_F2F_CALL|1
L|VER|VER|EBC_NUMEDIS_MDMINUTE|EBC_VEEVA_EMAIL|1
L|VER|VER|EBC_NUMEDIS_MDMINUTE|EBC_HQ_EMAIL|1
L|VER|VER|EBC_NUMEDIS_MDMINUTE|EBC_EPOCRATES_ALERT|1
L|VER|VER|EBC_NUMEDIS_MDMINUTE|EBC_DOXIMITY_ALERT|1
L|VER|VER|EBC_NUMEDIS_MDMINUTE|EBC_DOXIMITY_DOCSPOT|1
L|VER|VER|EBC_NUMEDIS_MDMINUTE|EBC_MEDSCAPE_EMAIL|1
L|VER|VER|EBC_NUMEDIS_MDMINUTE|EBC_MEDSCAPE_ALERT|1
L|VER|VER|EBC_NUMEDIS_MDMINUTE|EBC_MEDSCAPE_POC|1
L|VER|VER|EBC_NUMEDIS_MDMINUTE|EBC_MEDSCAPE_BRANDSPOT|1
L|VER|VER|EBC_NUMEDIS_MDMINUTE|EBC_EDH_PROFLOW_EDMU|1
L|VER|VER|EBC_NUMEDIS_MDMINUTE|EBC_EDH_PROFLOW_WDMU|1
L|VER|VER|EBC_NUMEDIS_MDMINUTE|EBC_EDH_PROFLOW_RDMU|1
L|VER|VER|EBC_NUMEDIS_MDMINUTE|EBC_NUMEDIS_MDMINUTE|14
L|VER|VER|EBC_NUMEDIS_MDMINUTE|MBC_F2F_CALL|1
L|VER|VER|EBC_NUMEDIS_MDMINUTE|MBC_VEEVA_EMAIL|1
L|VER|VER|EBC_NUMEDIS_MDMINUTE|MBC_HQ_EMAIL|1
L|VER|VER|EBC_NUMEDIS_MDMINUTE|MBC_EPOCRATES_ALERT|1
L|VER|VER|EBC_NUMEDIS_MDMINUTE|MBC_DOXIMITY_ALERT|1
L|VER|VER|EBC_NUMEDIS_MDMINUTE|MBC_DOXIMITY_DOCSPOT|1
L|VER|VER|EBC_NUMEDIS_MDMINUTE|MBC_MEDSCAPE_EMAIL|1
L|VER|VER|EBC_NUMEDIS_MDMINUTE|MBC_MEDSCAPE_ALERT|1
L|VER|VER|EBC_NUMEDIS_MDMINUTE|MBC_MEDSCAPE_POC|1
L|VER|VER|EBC_NUMEDIS_MDMINUTE|MBC_MEDSCAPE_BRANDSPOT|1
L|VER|VER|EBC_NUMEDIS_MDMINUTE|MBC_EDH_PROFLOW_EDMU|1
L|VER|VER|EBC_NUMEDIS_MDMINUTE|MBC_EDH_PROFLOW_WDMU|1
L|VER|VER|EBC_NUMEDIS_MDMINUTE|MBC_EDH_PROFLOW_RDMU|1
L|VER|VER|EBC_NUMEDIS_MDMINUTE|MBC_NUMEDIS_MDMINUTE|14
L|VER|VER|MBC_F2F_CALL|EBC_F2F_CALL|21
L|VER|VER|MBC_F2F_CALL|EBC_VEEVA_EMAIL|14
L|VER|VER|MBC_F2F_CALL|EBC_HQ_EMAIL|1
L|VER|VER|MBC_F2F_CALL|EBC_EPOCRATES_ALERT|1
L|VER|VER|MBC_F2F_CALL|EBC_DOXIMITY_ALERT|1
L|VER|VER|MBC_F2F_CALL|EBC_DOXIMITY_DOCSPOT|1
L|VER|VER|MBC_F2F_CALL|EBC_MEDSCAPE_EMAIL|1
L|VER|VER|MBC_F2F_CALL|EBC_MEDSCAPE_ALERT|1
L|VER|VER|MBC_F2F_CALL|EBC_MEDSCAPE_POC|1
L|VER|VER|MBC_F2F_CALL|EBC_MEDSCAPE_BRANDSPOT|1
L|VER|VER|MBC_F2F_CALL|EBC_EDH_PROFLOW_EDMU|1
L|VER|VER|MBC_F2F_CALL|EBC_EDH_PROFLOW_WDMU|1
L|VER|VER|MBC_F2F_CALL|EBC_EDH_PROFLOW_RDMU|1
L|VER|VER|MBC_F2F_CALL|EBC_NUMEDIS_MDMINUTE|1
L|VER|VER|MBC_F2F_CALL|MBC_F2F_CALL|1
L|VER|VER|MBC_F2F_CALL|MBC_VEEVA_EMAIL|14
L|VER|VER|MBC_F2F_CALL|MBC_HQ_EMAIL|1
L|VER|VER|MBC_F2F_CALL|MBC_EPOCRATES_ALERT|1
L|VER|VER|MBC_F2F_CALL|MBC_DOXIMITY_ALERT|1
L|VER|VER|MBC_F2F_CALL|MBC_DOXIMITY_DOCSPOT|1
L|VER|VER|MBC_F2F_CALL|MBC_MEDSCAPE_EMAIL|1
L|VER|VER|MBC_F2F_CALL|MBC_MEDSCAPE_ALERT|1
L|VER|VER|MBC_F2F_CALL|MBC_MEDSCAPE_POC|1
L|VER|VER|MBC_F2F_CALL|MBC_MEDSCAPE_BRANDSPOT|1
L|VER|VER|MBC_F2F_CALL|MBC_EDH_PROFLOW_EDMU|1
L|VER|VER|MBC_F2F_CALL|MBC_EDH_PROFLOW_WDMU|1
L|VER|VER|MBC_F2F_CALL|MBC_EDH_PROFLOW_RDMU|1
L|VER|VER|MBC_F2F_CALL|MBC_NUMEDIS_MDMINUTE|1
L|VER|VER|MBC_VEEVA_EMAIL|EBC_F2F_CALL|1
L|VER|VER|MBC_VEEVA_EMAIL|EBC_VEEVA_EMAIL|1
L|VER|VER|MBC_VEEVA_EMAIL|EBC_HQ_EMAIL|1
L|VER|VER|MBC_VEEVA_EMAIL|EBC_EPOCRATES_ALERT|1
L|VER|VER|MBC_VEEVA_EMAIL|EBC_DOXIMITY_ALERT|1
L|VER|VER|MBC_VEEVA_EMAIL|EBC_DOXIMITY_DOCSPOT|1
L|VER|VER|MBC_VEEVA_EMAIL|EBC_MEDSCAPE_EMAIL|1
L|VER|VER|MBC_VEEVA_EMAIL|EBC_MEDSCAPE_ALERT|1
L|VER|VER|MBC_VEEVA_EMAIL|EBC_MEDSCAPE_POC|1
L|VER|VER|MBC_VEEVA_EMAIL|EBC_MEDSCAPE_BRANDSPOT|1
L|VER|VER|MBC_VEEVA_EMAIL|EBC_EDH_PROFLOW_EDMU|1
L|VER|VER|MBC_VEEVA_EMAIL|EBC_EDH_PROFLOW_WDMU|1
L|VER|VER|MBC_VEEVA_EMAIL|EBC_EDH_PROFLOW_RDMU|1
L|VER|VER|MBC_VEEVA_EMAIL|EBC_NUMEDIS_MDMINUTE|1
L|VER|VER|MBC_VEEVA_EMAIL|MBC_F2F_CALL|1
L|VER|VER|MBC_VEEVA_EMAIL|MBC_VEEVA_EMAIL|1
L|VER|VER|MBC_VEEVA_EMAIL|MBC_HQ_EMAIL|1
L|VER|VER|MBC_VEEVA_EMAIL|MBC_EPOCRATES_ALERT|1
L|VER|VER|MBC_VEEVA_EMAIL|MBC_DOXIMITY_ALERT|1
L|VER|VER|MBC_VEEVA_EMAIL|MBC_DOXIMITY_DOCSPOT|1
L|VER|VER|MBC_VEEVA_EMAIL|MBC_MEDSCAPE_EMAIL|1
L|VER|VER|MBC_VEEVA_EMAIL|MBC_MEDSCAPE_ALERT|1
L|VER|VER|MBC_VEEVA_EMAIL|MBC_MEDSCAPE_POC|1
L|VER|VER|MBC_VEEVA_EMAIL|MBC_MEDSCAPE_BRANDSPOT|1
L|VER|VER|MBC_VEEVA_EMAIL|MBC_EDH_PROFLOW_EDMU|1
L|VER|VER|MBC_VEEVA_EMAIL|MBC_EDH_PROFLOW_WDMU|1
L|VER|VER|MBC_VEEVA_EMAIL|MBC_EDH_PROFLOW_RDMU|1
L|VER|VER|MBC_VEEVA_EMAIL|MBC_NUMEDIS_MDMINUTE|1
L|VER|VER|MBC_HQ_EMAIL|EBC_F2F_CALL|1
L|VER|VER|MBC_HQ_EMAIL|EBC_VEEVA_EMAIL|1
L|VER|VER|MBC_HQ_EMAIL|EBC_HQ_EMAIL|30
L|VER|VER|MBC_HQ_EMAIL|EBC_EPOCRATES_ALERT|1
L|VER|VER|MBC_HQ_EMAIL|EBC_DOXIMITY_ALERT|1
L|VER|VER|MBC_HQ_EMAIL|EBC_DOXIMITY_DOCSPOT|1
L|VER|VER|MBC_HQ_EMAIL|EBC_MEDSCAPE_EMAIL|1
L|VER|VER|MBC_HQ_EMAIL|EBC_MEDSCAPE_ALERT|1
L|VER|VER|MBC_HQ_EMAIL|EBC_MEDSCAPE_POC|1
L|VER|VER|MBC_HQ_EMAIL|EBC_MEDSCAPE_BRANDSPOT|1
L|VER|VER|MBC_HQ_EMAIL|EBC_EDH_PROFLOW_EDMU|1
L|VER|VER|MBC_HQ_EMAIL|EBC_EDH_PROFLOW_WDMU|1
L|VER|VER|MBC_HQ_EMAIL|EBC_EDH_PROFLOW_RDMU|1
L|VER|VER|MBC_HQ_EMAIL|EBC_NUMEDIS_MDMINUTE|1
L|VER|VER|MBC_HQ_EMAIL|MBC_F2F_CALL|1
L|VER|VER|MBC_HQ_EMAIL|MBC_VEEVA_EMAIL|1
L|VER|VER|MBC_HQ_EMAIL|MBC_HQ_EMAIL|30
L|VER|VER|MBC_HQ_EMAIL|MBC_EPOCRATES_ALERT|1
L|VER|VER|MBC_HQ_EMAIL|MBC_DOXIMITY_ALERT|1
L|VER|VER|MBC_HQ_EMAIL|MBC_DOXIMITY_DOCSPOT|1
L|VER|VER|MBC_HQ_EMAIL|MBC_MEDSCAPE_EMAIL|1
L|VER|VER|MBC_HQ_EMAIL|MBC_MEDSCAPE_ALERT|1
L|VER|VER|MBC_HQ_EMAIL|MBC_MEDSCAPE_POC|1
L|VER|VER|MBC_HQ_EMAIL|MBC_MEDSCAPE_BRANDSPOT|1
L|VER|VER|MBC_HQ_EMAIL|MBC_EDH_PROFLOW_EDMU|1
L|VER|VER|MBC_HQ_EMAIL|MBC_EDH_PROFLOW_WDMU|1
L|VER|VER|MBC_HQ_EMAIL|MBC_EDH_PROFLOW_RDMU|1
L|VER|VER|MBC_HQ_EMAIL|MBC_NUMEDIS_MDMINUTE|1
L|VER|VER|MBC_EPOCRATES_ALERT|EBC_F2F_CALL|1
L|VER|VER|MBC_EPOCRATES_ALERT|EBC_VEEVA_EMAIL|1
L|VER|VER|MBC_EPOCRATES_ALERT|EBC_HQ_EMAIL|1
L|VER|VER|MBC_EPOCRATES_ALERT|EBC_EPOCRATES_ALERT|14
L|VER|VER|MBC_EPOCRATES_ALERT|EBC_DOXIMITY_ALERT|1
L|VER|VER|MBC_EPOCRATES_ALERT|EBC_DOXIMITY_DOCSPOT|1
L|VER|VER|MBC_EPOCRATES_ALERT|EBC_MEDSCAPE_EMAIL|1
L|VER|VER|MBC_EPOCRATES_ALERT|EBC_MEDSCAPE_ALERT|1
L|VER|VER|MBC_EPOCRATES_ALERT|EBC_MEDSCAPE_POC|1
L|VER|VER|MBC_EPOCRATES_ALERT|EBC_MEDSCAPE_BRANDSPOT|1
L|VER|VER|MBC_EPOCRATES_ALERT|EBC_EDH_PROFLOW_EDMU|1
L|VER|VER|MBC_EPOCRATES_ALERT|EBC_EDH_PROFLOW_WDMU|1
L|VER|VER|MBC_EPOCRATES_ALERT|EBC_EDH_PROFLOW_RDMU|1
L|VER|VER|MBC_EPOCRATES_ALERT|EBC_NUMEDIS_MDMINUTE|1
L|VER|VER|MBC_EPOCRATES_ALERT|MBC_F2F_CALL|1
L|VER|VER|MBC_EPOCRATES_ALERT|MBC_VEEVA_EMAIL|1
L|VER|VER|MBC_EPOCRATES_ALERT|MBC_HQ_EMAIL|1
L|VER|VER|MBC_EPOCRATES_ALERT|MBC_EPOCRATES_ALERT|14
L|VER|VER|MBC_EPOCRATES_ALERT|MBC_DOXIMITY_ALERT|1
L|VER|VER|MBC_EPOCRATES_ALERT|MBC_DOXIMITY_DOCSPOT|1
L|VER|VER|MBC_EPOCRATES_ALERT|MBC_MEDSCAPE_EMAIL|1
L|VER|VER|MBC_EPOCRATES_ALERT|MBC_MEDSCAPE_ALERT|1
L|VER|VER|MBC_EPOCRATES_ALERT|MBC_MEDSCAPE_POC|1
L|VER|VER|MBC_EPOCRATES_ALERT|MBC_MEDSCAPE_BRANDSPOT|1
L|VER|VER|MBC_EPOCRATES_ALERT|MBC_EDH_PROFLOW_EDMU|1
L|VER|VER|MBC_EPOCRATES_ALERT|MBC_EDH_PROFLOW_WDMU|1
L|VER|VER|MBC_EPOCRATES_ALERT|MBC_EDH_PROFLOW_RDMU|1
L|VER|VER|MBC_EPOCRATES_ALERT|MBC_NUMEDIS_MDMINUTE|1
L|VER|VER|MBC_DOXIMITY_ALERT|EBC_F2F_CALL|1
L|VER|VER|MBC_DOXIMITY_ALERT|EBC_VEEVA_EMAIL|1
L|VER|VER|MBC_DOXIMITY_ALERT|EBC_HQ_EMAIL|1
L|VER|VER|MBC_DOXIMITY_ALERT|EBC_EPOCRATES_ALERT|1
L|VER|VER|MBC_DOXIMITY_ALERT|EBC_DOXIMITY_ALERT|14
L|VER|VER|MBC_DOXIMITY_ALERT|EBC_DOXIMITY_DOCSPOT|14
L|VER|VER|MBC_DOXIMITY_ALERT|EBC_MEDSCAPE_EMAIL|1
L|VER|VER|MBC_DOXIMITY_ALERT|EBC_MEDSCAPE_ALERT|1
L|VER|VER|MBC_DOXIMITY_ALERT|EBC_MEDSCAPE_POC|1
L|VER|VER|MBC_DOXIMITY_ALERT|EBC_MEDSCAPE_BRANDSPOT|1
L|VER|VER|MBC_DOXIMITY_ALERT|EBC_EDH_PROFLOW_EDMU|1
L|VER|VER|MBC_DOXIMITY_ALERT|EBC_EDH_PROFLOW_WDMU|1
L|VER|VER|MBC_DOXIMITY_ALERT|EBC_EDH_PROFLOW_RDMU|1
L|VER|VER|MBC_DOXIMITY_ALERT|EBC_NUMEDIS_MDMINUTE|1
L|VER|VER|MBC_DOXIMITY_ALERT|MBC_F2F_CALL|1
L|VER|VER|MBC_DOXIMITY_ALERT|MBC_VEEVA_EMAIL|1
L|VER|VER|MBC_DOXIMITY_ALERT|MBC_HQ_EMAIL|1
L|VER|VER|MBC_DOXIMITY_ALERT|MBC_EPOCRATES_ALERT|1
L|VER|VER|MBC_DOXIMITY_ALERT|MBC_DOXIMITY_ALERT|14
L|VER|VER|MBC_DOXIMITY_ALERT|MBC_DOXIMITY_DOCSPOT|14
L|VER|VER|MBC_DOXIMITY_ALERT|MBC_MEDSCAPE_EMAIL|1
L|VER|VER|MBC_DOXIMITY_ALERT|MBC_MEDSCAPE_ALERT|1
L|VER|VER|MBC_DOXIMITY_ALERT|MBC_MEDSCAPE_POC|1
L|VER|VER|MBC_DOXIMITY_ALERT|MBC_MEDSCAPE_BRANDSPOT|1
L|VER|VER|MBC_DOXIMITY_ALERT|MBC_EDH_PROFLOW_EDMU|1
L|VER|VER|MBC_DOXIMITY_ALERT|MBC_EDH_PROFLOW_WDMU|1
L|VER|VER|MBC_DOXIMITY_ALERT|MBC_EDH_PROFLOW_RDMU|1
L|VER|VER|MBC_DOXIMITY_ALERT|MBC_NUMEDIS_MDMINUTE|1
L|VER|VER|MBC_DOXIMITY_DOCSPOT|EBC_F2F_CALL|1
L|VER|VER|MBC_DOXIMITY_DOCSPOT|EBC_VEEVA_EMAIL|1
L|VER|VER|MBC_DOXIMITY_DOCSPOT|EBC_HQ_EMAIL|1
L|VER|VER|MBC_DOXIMITY_DOCSPOT|EBC_EPOCRATES_ALERT|1
L|VER|VER|MBC_DOXIMITY_DOCSPOT|EBC_DOXIMITY_ALERT|14
L|VER|VER|MBC_DOXIMITY_DOCSPOT|EBC_DOXIMITY_DOCSPOT|14
L|VER|VER|MBC_DOXIMITY_DOCSPOT|EBC_MEDSCAPE_EMAIL|1
L|VER|VER|MBC_DOXIMITY_DOCSPOT|EBC_MEDSCAPE_ALERT|1
L|VER|VER|MBC_DOXIMITY_DOCSPOT|EBC_MEDSCAPE_POC|1
L|VER|VER|MBC_DOXIMITY_DOCSPOT|EBC_MEDSCAPE_BRANDSPOT|1
L|VER|VER|MBC_DOXIMITY_DOCSPOT|EBC_EDH_PROFLOW_EDMU|1
L|VER|VER|MBC_DOXIMITY_DOCSPOT|EBC_EDH_PROFLOW_WDMU|1
L|VER|VER|MBC_DOXIMITY_DOCSPOT|EBC_EDH_PROFLOW_RDMU|1
L|VER|VER|MBC_DOXIMITY_DOCSPOT|EBC_NUMEDIS_MDMINUTE|1
L|VER|VER|MBC_DOXIMITY_DOCSPOT|MBC_F2F_CALL|1
L|VER|VER|MBC_DOXIMITY_DOCSPOT|MBC_VEEVA_EMAIL|1
L|VER|VER|MBC_DOXIMITY_DOCSPOT|MBC_HQ_EMAIL|1
L|VER|VER|MBC_DOXIMITY_DOCSPOT|MBC_EPOCRATES_ALERT|1
L|VER|VER|MBC_DOXIMITY_DOCSPOT|MBC_DOXIMITY_ALERT|14
L|VER|VER|MBC_DOXIMITY_DOCSPOT|MBC_DOXIMITY_DOCSPOT|14
L|VER|VER|MBC_DOXIMITY_DOCSPOT|MBC_MEDSCAPE_EMAIL|1
L|VER|VER|MBC_DOXIMITY_DOCSPOT|MBC_MEDSCAPE_ALERT|1
L|VER|VER|MBC_DOXIMITY_DOCSPOT|MBC_MEDSCAPE_POC|1
L|VER|VER|MBC_DOXIMITY_DOCSPOT|MBC_MEDSCAPE_BRANDSPOT|1
L|VER|VER|MBC_DOXIMITY_DOCSPOT|MBC_EDH_PROFLOW_EDMU|1
L|VER|VER|MBC_DOXIMITY_DOCSPOT|MBC_EDH_PROFLOW_WDMU|1
L|VER|VER|MBC_DOXIMITY_DOCSPOT|MBC_EDH_PROFLOW_RDMU|1
L|VER|VER|MBC_DOXIMITY_DOCSPOT|MBC_NUMEDIS_MDMINUTE|1
L|VER|VER|MBC_MEDSCAPE_EMAIL|EBC_F2F_CALL|1
L|VER|VER|MBC_MEDSCAPE_EMAIL|EBC_VEEVA_EMAIL|1
L|VER|VER|MBC_MEDSCAPE_EMAIL|EBC_HQ_EMAIL|1
L|VER|VER|MBC_MEDSCAPE_EMAIL|EBC_EPOCRATES_ALERT|1
L|VER|VER|MBC_MEDSCAPE_EMAIL|EBC_DOXIMITY_ALERT|1
L|VER|VER|MBC_MEDSCAPE_EMAIL|EBC_DOXIMITY_DOCSPOT|1
L|VER|VER|MBC_MEDSCAPE_EMAIL|EBC_MEDSCAPE_EMAIL|14
L|VER|VER|MBC_MEDSCAPE_EMAIL|EBC_MEDSCAPE_ALERT|7
L|VER|VER|MBC_MEDSCAPE_EMAIL|EBC_MEDSCAPE_POC|7
L|VER|VER|MBC_MEDSCAPE_EMAIL|EBC_MEDSCAPE_BRANDSPOT|7
L|VER|VER|MBC_MEDSCAPE_EMAIL|EBC_EDH_PROFLOW_EDMU|1
L|VER|VER|MBC_MEDSCAPE_EMAIL|EBC_EDH_PROFLOW_WDMU|1
L|VER|VER|MBC_MEDSCAPE_EMAIL|EBC_EDH_PROFLOW_RDMU|1
L|VER|VER|MBC_MEDSCAPE_EMAIL|EBC_NUMEDIS_MDMINUTE|1
L|VER|VER|MBC_MEDSCAPE_EMAIL|MBC_F2F_CALL|1
L|VER|VER|MBC_MEDSCAPE_EMAIL|MBC_VEEVA_EMAIL|1
L|VER|VER|MBC_MEDSCAPE_EMAIL|MBC_HQ_EMAIL|1
L|VER|VER|MBC_MEDSCAPE_EMAIL|MBC_EPOCRATES_ALERT|1
L|VER|VER|MBC_MEDSCAPE_EMAIL|MBC_DOXIMITY_ALERT|1
L|VER|VER|MBC_MEDSCAPE_EMAIL|MBC_DOXIMITY_DOCSPOT|1
L|VER|VER|MBC_MEDSCAPE_EMAIL|MBC_MEDSCAPE_EMAIL|14
L|VER|VER|MBC_MEDSCAPE_EMAIL|MBC_MEDSCAPE_ALERT|7
L|VER|VER|MBC_MEDSCAPE_EMAIL|MBC_MEDSCAPE_POC|7
L|VER|VER|MBC_MEDSCAPE_EMAIL|MBC_MEDSCAPE_BRANDSPOT|7
L|VER|VER|MBC_MEDSCAPE_EMAIL|MBC_EDH_PROFLOW_EDMU|1
L|VER|VER|MBC_MEDSCAPE_EMAIL|MBC_EDH_PROFLOW_WDMU|1
L|VER|VER|MBC_MEDSCAPE_EMAIL|MBC_EDH_PROFLOW_RDMU|1
L|VER|VER|MBC_MEDSCAPE_EMAIL|MBC_NUMEDIS_MDMINUTE|1
L|VER|VER|MBC_MEDSCAPE_ALERT|EBC_F2F_CALL|1
L|VER|VER|MBC_MEDSCAPE_ALERT|EBC_VEEVA_EMAIL|1
L|VER|VER|MBC_MEDSCAPE_ALERT|EBC_HQ_EMAIL|1
L|VER|VER|MBC_MEDSCAPE_ALERT|EBC_EPOCRATES_ALERT|1
L|VER|VER|MBC_MEDSCAPE_ALERT|EBC_DOXIMITY_ALERT|1
L|VER|VER|MBC_MEDSCAPE_ALERT|EBC_DOXIMITY_DOCSPOT|1
L|VER|VER|MBC_MEDSCAPE_ALERT|EBC_MEDSCAPE_EMAIL|7
L|VER|VER|MBC_MEDSCAPE_ALERT|EBC_MEDSCAPE_ALERT|28
L|VER|VER|MBC_MEDSCAPE_ALERT|EBC_MEDSCAPE_POC|14
L|VER|VER|MBC_MEDSCAPE_ALERT|EBC_MEDSCAPE_BRANDSPOT|14
L|VER|VER|MBC_MEDSCAPE_ALERT|EBC_EDH_PROFLOW_EDMU|1
L|VER|VER|MBC_MEDSCAPE_ALERT|EBC_EDH_PROFLOW_WDMU|1
L|VER|VER|MBC_MEDSCAPE_ALERT|EBC_EDH_PROFLOW_RDMU|1
L|VER|VER|MBC_MEDSCAPE_ALERT|EBC_NUMEDIS_MDMINUTE|1
L|VER|VER|MBC_MEDSCAPE_ALERT|MBC_F2F_CALL|1
L|VER|VER|MBC_MEDSCAPE_ALERT|MBC_VEEVA_EMAIL|1
L|VER|VER|MBC_MEDSCAPE_ALERT|MBC_HQ_EMAIL|1
L|VER|VER|MBC_MEDSCAPE_ALERT|MBC_EPOCRATES_ALERT|1
L|VER|VER|MBC_MEDSCAPE_ALERT|MBC_DOXIMITY_ALERT|1
L|VER|VER|MBC_MEDSCAPE_ALERT|MBC_DOXIMITY_DOCSPOT|1
L|VER|VER|MBC_MEDSCAPE_ALERT|MBC_MEDSCAPE_EMAIL|7
L|VER|VER|MBC_MEDSCAPE_ALERT|MBC_MEDSCAPE_ALERT|28
L|VER|VER|MBC_MEDSCAPE_ALERT|MBC_MEDSCAPE_POC|14
L|VER|VER|MBC_MEDSCAPE_ALERT|MBC_MEDSCAPE_BRANDSPOT|14
L|VER|VER|MBC_MEDSCAPE_ALERT|MBC_EDH_PROFLOW_EDMU|1
L|VER|VER|MBC_MEDSCAPE_ALERT|MBC_EDH_PROFLOW_WDMU|1
L|VER|VER|MBC_MEDSCAPE_ALERT|MBC_EDH_PROFLOW_RDMU|1
L|VER|VER|MBC_MEDSCAPE_ALERT|MBC_NUMEDIS_MDMINUTE|1
L|VER|VER|MBC_MEDSCAPE_POC|EBC_F2F_CALL|1
L|VER|VER|MBC_MEDSCAPE_POC|EBC_VEEVA_EMAIL|1
L|VER|VER|MBC_MEDSCAPE_POC|EBC_HQ_EMAIL|1
L|VER|VER|MBC_MEDSCAPE_POC|EBC_EPOCRATES_ALERT|1
L|VER|VER|MBC_MEDSCAPE_POC|EBC_DOXIMITY_ALERT|1
L|VER|VER|MBC_MEDSCAPE_POC|EBC_DOXIMITY_DOCSPOT|1
L|VER|VER|MBC_MEDSCAPE_POC|EBC_MEDSCAPE_EMAIL|7
L|VER|VER|MBC_MEDSCAPE_POC|EBC_MEDSCAPE_ALERT|14
L|VER|VER|MBC_MEDSCAPE_POC|EBC_MEDSCAPE_POC|28
L|VER|VER|MBC_MEDSCAPE_POC|EBC_MEDSCAPE_BRANDSPOT|14
L|VER|VER|MBC_MEDSCAPE_POC|EBC_EDH_PROFLOW_EDMU|1
L|VER|VER|MBC_MEDSCAPE_POC|EBC_EDH_PROFLOW_WDMU|1
L|VER|VER|MBC_MEDSCAPE_POC|EBC_EDH_PROFLOW_RDMU|1
L|VER|VER|MBC_MEDSCAPE_POC|EBC_NUMEDIS_MDMINUTE|1
L|VER|VER|MBC_MEDSCAPE_POC|MBC_F2F_CALL|1
L|VER|VER|MBC_MEDSCAPE_POC|MBC_VEEVA_EMAIL|1
L|VER|VER|MBC_MEDSCAPE_POC|MBC_HQ_EMAIL|1
L|VER|VER|MBC_MEDSCAPE_POC|MBC_EPOCRATES_ALERT|1
L|VER|VER|MBC_MEDSCAPE_POC|MBC_DOXIMITY_ALERT|1
L|VER|VER|MBC_MEDSCAPE_POC|MBC_DOXIMITY_DOCSPOT|1
L|VER|VER|MBC_MEDSCAPE_POC|MBC_MEDSCAPE_EMAIL|7
L|VER|VER|MBC_MEDSCAPE_POC|MBC_MEDSCAPE_ALERT|14
L|VER|VER|MBC_MEDSCAPE_POC|MBC_MEDSCAPE_POC|28
L|VER|VER|MBC_MEDSCAPE_POC|MBC_MEDSCAPE_BRANDSPOT|14
L|VER|VER|MBC_MEDSCAPE_POC|MBC_EDH_PROFLOW_EDMU|1
L|VER|VER|MBC_MEDSCAPE_POC|MBC_EDH_PROFLOW_WDMU|1
L|VER|VER|MBC_MEDSCAPE_POC|MBC_EDH_PROFLOW_RDMU|1
L|VER|VER|MBC_MEDSCAPE_POC|MBC_NUMEDIS_MDMINUTE|1
L|VER|VER|MBC_EDH_PROFLOW_EDMU|EBC_F2F_CALL|1
L|VER|VER|MBC_EDH_PROFLOW_EDMU|EBC_VEEVA_EMAIL|1
L|VER|VER|MBC_EDH_PROFLOW_EDMU|EBC_HQ_EMAIL|1
L|VER|VER|MBC_EDH_PROFLOW_EDMU|EBC_EPOCRATES_ALERT|1
L|VER|VER|MBC_EDH_PROFLOW_EDMU|EBC_DOXIMITY_ALERT|1
L|VER|VER|MBC_EDH_PROFLOW_EDMU|EBC_DOXIMITY_DOCSPOT|1
L|VER|VER|MBC_EDH_PROFLOW_EDMU|EBC_MEDSCAPE_EMAIL|1
L|VER|VER|MBC_EDH_PROFLOW_EDMU|EBC_MEDSCAPE_ALERT|1
L|VER|VER|MBC_EDH_PROFLOW_EDMU|EBC_MEDSCAPE_POC|1
L|VER|VER|MBC_EDH_PROFLOW_EDMU|EBC_MEDSCAPE_BRANDSPOT|1
L|VER|VER|MBC_EDH_PROFLOW_EDMU|EBC_EDH_PROFLOW_EDMU|14
L|VER|VER|MBC_EDH_PROFLOW_EDMU|EBC_EDH_PROFLOW_WDMU|14
L|VER|VER|MBC_EDH_PROFLOW_EDMU|EBC_EDH_PROFLOW_RDMU|14
L|VER|VER|MBC_EDH_PROFLOW_EDMU|EBC_NUMEDIS_MDMINUTE|1
L|VER|VER|MBC_EDH_PROFLOW_EDMU|MBC_F2F_CALL|1
L|VER|VER|MBC_EDH_PROFLOW_EDMU|MBC_VEEVA_EMAIL|1
L|VER|VER|MBC_EDH_PROFLOW_EDMU|MBC_HQ_EMAIL|1
L|VER|VER|MBC_EDH_PROFLOW_EDMU|MBC_EPOCRATES_ALERT|1
L|VER|VER|MBC_EDH_PROFLOW_EDMU|MBC_DOXIMITY_ALERT|1
L|VER|VER|MBC_EDH_PROFLOW_EDMU|MBC_DOXIMITY_DOCSPOT|1
L|VER|VER|MBC_EDH_PROFLOW_EDMU|MBC_MEDSCAPE_EMAIL|1
L|VER|VER|MBC_EDH_PROFLOW_EDMU|MBC_MEDSCAPE_ALERT|1
L|VER|VER|MBC_EDH_PROFLOW_EDMU|MBC_MEDSCAPE_POC|1
L|VER|VER|MBC_EDH_PROFLOW_EDMU|MBC_MEDSCAPE_BRANDSPOT|1
L|VER|VER|MBC_EDH_PROFLOW_EDMU|MBC_EDH_PROFLOW_EDMU|14
L|VER|VER|MBC_EDH_PROFLOW_EDMU|MBC_EDH_PROFLOW_WDMU|14
L|VER|VER|MBC_EDH_PROFLOW_EDMU|MBC_EDH_PROFLOW_RDMU|14
L|VER|VER|MBC_EDH_PROFLOW_EDMU|MBC_NUMEDIS_MDMINUTE|1
L|VER|VER|MBC_EDH_PROFLOW_WDMU|EBC_F2F_CALL|1
L|VER|VER|MBC_EDH_PROFLOW_WDMU|EBC_VEEVA_EMAIL|1
L|VER|VER|MBC_EDH_PROFLOW_WDMU|EBC_HQ_EMAIL|1
L|VER|VER|MBC_EDH_PROFLOW_WDMU|EBC_EPOCRATES_ALERT|1
L|VER|VER|MBC_EDH_PROFLOW_WDMU|EBC_DOXIMITY_ALERT|1
L|VER|VER|MBC_EDH_PROFLOW_WDMU|EBC_DOXIMITY_DOCSPOT|1
L|VER|VER|MBC_EDH_PROFLOW_WDMU|EBC_MEDSCAPE_EMAIL|1
L|VER|VER|MBC_EDH_PROFLOW_WDMU|EBC_MEDSCAPE_ALERT|1
L|VER|VER|MBC_EDH_PROFLOW_WDMU|EBC_MEDSCAPE_POC|1
L|VER|VER|MBC_EDH_PROFLOW_WDMU|EBC_MEDSCAPE_BRANDSPOT|1
L|VER|VER|MBC_EDH_PROFLOW_WDMU|EBC_EDH_PROFLOW_EDMU|14
L|VER|VER|MBC_EDH_PROFLOW_WDMU|EBC_EDH_PROFLOW_WDMU|14
L|VER|VER|MBC_EDH_PROFLOW_WDMU|EBC_EDH_PROFLOW_RDMU|14
L|VER|VER|MBC_EDH_PROFLOW_WDMU|EBC_NUMEDIS_MDMINUTE|1
L|VER|VER|MBC_EDH_PROFLOW_WDMU|MBC_F2F_CALL|1
L|VER|VER|MBC_EDH_PROFLOW_WDMU|MBC_VEEVA_EMAIL|1
L|VER|VER|MBC_EDH_PROFLOW_WDMU|MBC_HQ_EMAIL|1
L|VER|VER|MBC_EDH_PROFLOW_WDMU|MBC_EPOCRATES_ALERT|1
L|VER|VER|MBC_EDH_PROFLOW_WDMU|MBC_DOXIMITY_ALERT|1
L|VER|VER|MBC_EDH_PROFLOW_WDMU|MBC_DOXIMITY_DOCSPOT|1
L|VER|VER|MBC_EDH_PROFLOW_WDMU|MBC_MEDSCAPE_EMAIL|1
L|VER|VER|MBC_EDH_PROFLOW_WDMU|MBC_MEDSCAPE_ALERT|1
L|VER|VER|MBC_EDH_PROFLOW_WDMU|MBC_MEDSCAPE_POC|1
L|VER|VER|MBC_EDH_PROFLOW_WDMU|MBC_MEDSCAPE_BRANDSPOT|1
L|VER|VER|MBC_EDH_PROFLOW_WDMU|MBC_EDH_PROFLOW_EDMU|14
L|VER|VER|MBC_EDH_PROFLOW_WDMU|MBC_EDH_PROFLOW_WDMU|14
L|VER|VER|MBC_EDH_PROFLOW_WDMU|MBC_EDH_PROFLOW_RDMU|14
L|VER|VER|MBC_EDH_PROFLOW_WDMU|MBC_NUMEDIS_MDMINUTE|1
L|VER|VER|MBC_EDH_PROFLOW_RDMU|EBC_F2F_CALL|1
L|VER|VER|MBC_EDH_PROFLOW_RDMU|EBC_VEEVA_EMAIL|1
L|VER|VER|MBC_EDH_PROFLOW_RDMU|EBC_HQ_EMAIL|1
L|VER|VER|MBC_EDH_PROFLOW_RDMU|EBC_EPOCRATES_ALERT|1
L|VER|VER|MBC_EDH_PROFLOW_RDMU|EBC_DOXIMITY_ALERT|1
L|VER|VER|MBC_EDH_PROFLOW_RDMU|EBC_DOXIMITY_DOCSPOT|1
L|VER|VER|MBC_EDH_PROFLOW_RDMU|EBC_MEDSCAPE_EMAIL|1
L|VER|VER|MBC_EDH_PROFLOW_RDMU|EBC_MEDSCAPE_ALERT|1
L|VER|VER|MBC_EDH_PROFLOW_RDMU|EBC_MEDSCAPE_POC|1
L|VER|VER|MBC_EDH_PROFLOW_RDMU|EBC_MEDSCAPE_BRANDSPOT|1
L|VER|VER|MBC_EDH_PROFLOW_RDMU|EBC_EDH_PROFLOW_EDMU|14
L|VER|VER|MBC_EDH_PROFLOW_RDMU|EBC_EDH_PROFLOW_WDMU|14
L|VER|VER|MBC_EDH_PROFLOW_RDMU|EBC_EDH_PROFLOW_RDMU|14
L|VER|VER|MBC_EDH_PROFLOW_RDMU|EBC_NUMEDIS_MDMINUTE|1
L|VER|VER|MBC_EDH_PROFLOW_RDMU|MBC_F2F_CALL|1
L|VER|VER|MBC_EDH_PROFLOW_RDMU|MBC_VEEVA_EMAIL|1
L|VER|VER|MBC_EDH_PROFLOW_RDMU|MBC_HQ_EMAIL|1
L|VER|VER|MBC_EDH_PROFLOW_RDMU|MBC_EPOCRATES_ALERT|1
L|VER|VER|MBC_EDH_PROFLOW_RDMU|MBC_DOXIMITY_ALERT|1
L|VER|VER|MBC_EDH_PROFLOW_RDMU|MBC_DOXIMITY_DOCSPOT|1
L|VER|VER|MBC_EDH_PROFLOW_RDMU|MBC_MEDSCAPE_EMAIL|1
L|VER|VER|MBC_EDH_PROFLOW_RDMU|MBC_MEDSCAPE_ALERT|1
L|VER|VER|MBC_EDH_PROFLOW_RDMU|MBC_MEDSCAPE_POC|1
L|VER|VER|MBC_EDH_PROFLOW_RDMU|MBC_MEDSCAPE_BRANDSPOT|1
L|VER|VER|MBC_EDH_PROFLOW_RDMU|MBC_EDH_PROFLOW_EDMU|14
L|VER|VER|MBC_EDH_PROFLOW_RDMU|MBC_EDH_PROFLOW_WDMU|14
L|VER|VER|MBC_EDH_PROFLOW_RDMU|MBC_EDH_PROFLOW_RDMU|14
L|VER|VER|MBC_EDH_PROFLOW_RDMU|MBC_NUMEDIS_MDMINUTE|1
L|VER|VER|MBC_NUMEDIS_MDMINUTE|EBC_F2F_CALL|1
L|VER|VER|MBC_NUMEDIS_MDMINUTE|EBC_VEEVA_EMAIL|1
L|VER|VER|MBC_NUMEDIS_MDMINUTE|EBC_HQ_EMAIL|1
L|VER|VER|MBC_NUMEDIS_MDMINUTE|EBC_EPOCRATES_ALERT|1
L|VER|VER|MBC_NUMEDIS_MDMINUTE|EBC_DOXIMITY_ALERT|1
L|VER|VER|MBC_NUMEDIS_MDMINUTE|EBC_DOXIMITY_DOCSPOT|1
L|VER|VER|MBC_NUMEDIS_MDMINUTE|EBC_MEDSCAPE_EMAIL|1
L|VER|VER|MBC_NUMEDIS_MDMINUTE|EBC_MEDSCAPE_ALERT|1
L|VER|VER|MBC_NUMEDIS_MDMINUTE|EBC_MEDSCAPE_POC|1
L|VER|VER|MBC_NUMEDIS_MDMINUTE|EBC_MEDSCAPE_BRANDSPOT|1
L|VER|VER|MBC_NUMEDIS_MDMINUTE|EBC_EDH_PROFLOW_EDMU|1
L|VER|VER|MBC_NUMEDIS_MDMINUTE|EBC_EDH_PROFLOW_WDMU|1
L|VER|VER|MBC_NUMEDIS_MDMINUTE|EBC_EDH_PROFLOW_RDMU|1
L|VER|VER|MBC_NUMEDIS_MDMINUTE|EBC_NUMEDIS_MDMINUTE|14
L|VER|VER|MBC_NUMEDIS_MDMINUTE|MBC_F2F_CALL|1
L|VER|VER|MBC_NUMEDIS_MDMINUTE|MBC_VEEVA_EMAIL|1
L|VER|VER|MBC_NUMEDIS_MDMINUTE|MBC_HQ_EMAIL|1
L|VER|VER|MBC_NUMEDIS_MDMINUTE|MBC_EPOCRATES_ALERT|1
L|VER|VER|MBC_NUMEDIS_MDMINUTE|MBC_DOXIMITY_ALERT|1
L|VER|VER|MBC_NUMEDIS_MDMINUTE|MBC_DOXIMITY_DOCSPOT|1
L|VER|VER|MBC_NUMEDIS_MDMINUTE|MBC_MEDSCAPE_EMAIL|1
L|VER|VER|MBC_NUMEDIS_MDMINUTE|MBC_MEDSCAPE_ALERT|1
L|VER|VER|MBC_NUMEDIS_MDMINUTE|MBC_MEDSCAPE_POC|1
L|VER|VER|MBC_NUMEDIS_MDMINUTE|MBC_MEDSCAPE_BRANDSPOT|1
L|VER|VER|MBC_NUMEDIS_MDMINUTE|MBC_EDH_PROFLOW_EDMU|1
L|VER|VER|MBC_NUMEDIS_MDMINUTE|MBC_EDH_PROFLOW_WDMU|1
L|VER|VER|MBC_NUMEDIS_MDMINUTE|MBC_EDH_PROFLOW_RDMU|1
L|VER|VER|MBC_NUMEDIS_MDMINUTE|MBC_NUMEDIS_MDMINUTE|14
L|VER|VER|EBC_MEDSCAPE_BRANDSPOT|EBC_F2F_CALL|1
L|VER|VER|EBC_MEDSCAPE_BRANDSPOT|EBC_VEEVA_EMAIL|1
L|VER|VER|EBC_MEDSCAPE_BRANDSPOT|EBC_HQ_EMAIL|1
L|VER|VER|EBC_MEDSCAPE_BRANDSPOT|EBC_EPOCRATES_ALERT|1
L|VER|VER|EBC_MEDSCAPE_BRANDSPOT|EBC_DOXIMITY_ALERT|1
L|VER|VER|EBC_MEDSCAPE_BRANDSPOT|EBC_DOXIMITY_DOCSPOT|1
L|VER|VER|EBC_MEDSCAPE_BRANDSPOT|EBC_MEDSCAPE_EMAIL|7
L|VER|VER|EBC_MEDSCAPE_BRANDSPOT|EBC_MEDSCAPE_ALERT|14
L|VER|VER|EBC_MEDSCAPE_BRANDSPOT|EBC_MEDSCAPE_POC|14
L|VER|VER|EBC_MEDSCAPE_BRANDSPOT|EBC_MEDSCAPE_BRANDSPOT|28
L|VER|VER|EBC_MEDSCAPE_BRANDSPOT|EBC_EDH_PROFLOW_EDMU|1
L|VER|VER|EBC_MEDSCAPE_BRANDSPOT|EBC_EDH_PROFLOW_WDMU|1
L|VER|VER|EBC_MEDSCAPE_BRANDSPOT|EBC_EDH_PROFLOW_RDMU|1
L|VER|VER|EBC_MEDSCAPE_BRANDSPOT|EBC_NUMEDIS_MDMINUTE|1
L|VER|VER|MBC_MEDSCAPE_BRANDSPOT|MBC_F2F_CALL|1
L|VER|VER|MBC_MEDSCAPE_BRANDSPOT|MBC_VEEVA_EMAIL|1
L|VER|VER|MBC_MEDSCAPE_BRANDSPOT|MBC_HQ_EMAIL|1
L|VER|VER|MBC_NUMEDIS_MDMINUTE|MBC_EPOCRATES_ALERT|1
L|VER|VER|MBC_MEDSCAPE_BRANDSPOT|MBC_DOXIMITY_ALERT|1
L|VER|VER|MBC_MEDSCAPE_BRANDSPOT|MBC_DOXIMITY_DOCSPOT|1
L|VER|VER|MBC_MEDSCAPE_BRANDSPOT|MBC_MEDSCAPE_EMAIL|7
L|VER|VER|MBC_MEDSCAPE_BRANDSPOT|MBC_MEDSCAPE_ALERT|14
L|VER|VER|MBC_MEDSCAPE_BRANDSPOT|MBC_MEDSCAPE_POC|14
L|VER|VER|MBC_MEDSCAPE_BRANDSPOT|MBC_MEDSCAPE_BRANDSPOT|28
L|VER|VER|MBC_MEDSCAPE_BRANDSPOT|MBC_EDH_PROFLOW_EDMU|1
L|VER|VER|MBC_MEDSCAPE_BRANDSPOT|MBC_EDH_PROFLOW_WDMU|1
L|VER|VER|MBC_MEDSCAPE_BRANDSPOT|MBC_EDH_PROFLOW_RDMU|1
L|VER|VER|MBC_MEDSCAPE_BRANDSPOT|MBC_NUMEDIS_MDMINUTE|1
