QC_ID,Step_Execution,LOC,File_Dir,File_Name,Delimiter,File_Format,Column_Name,Check_Type,Frequency,Status,Lower_Threshold,Upper_Threshold,Criticality_Flag,Parameter1,Parameter2,Write_Mode,File_Append_Location,Exception_Statement
1,Post,US,00_RAW_FILES/MASTER/HCP_TERR/,UV_HCP_TERR_Alignment_2,",",parquet,salesforce_code,Custom_Count_Check,Daily,Active,NA,NA,NA,prerequisite condition,"select 13 - count(distinct salesforce_code) from src 
where salesforce_code in ('USV4','USV5','USV6','USV7','USV8','US8D','US8E','US8F','US7P','US1U','US6M','US6N','US6L')",,,One or more salesforce_code required value is missing
2,Post,US,00_RAW_FILES/MASTER/HCP_TERR/,UV_HCP_TERR_Alignment_2,",",parquet,lilly_id,Custom_Count_Check,Daily,Inactive,NA,NA,NA,prerequisite condition,select count(*) from src where upper(trim(country))='US' and lilly_id is null and (UPPER(terr_hcp_current_flg) = 'TRUE' and ( upper(trim(department))='RETAIL' ) or (UPPER(terr_rep_current_flg) = 'FALSE' and rep_id is null) ),,,Lilly_id is null
3,Post,US,00_RAW_FILES/MASTER/HCP_TERR/,UV_HCP_TERR_Alignment_2,",",parquet,lilly_id,Custom_Count_Check,Daily,Inactive,NA,NA,NA,prerequisite condition,select count(distinct lilly_id) from src where upper(trim(country))='US' and length(lilly_id)!=11 and ( (UPPER(terr_hcp_current_flg) = 'TRUE' and upper(trim(department))='RETAIL' ) or (UPPER(terr_rep_current_flg) = 'FALSE' and rep_id is null) ),,,Warning : Lilly_id does not contain 11 characters
4,Post,US,00_RAW_FILES/MASTER/HCP_TERR/,UV_HCP_TERR_Alignment_2,",",parquet,territory_id,Custom_Count_Check,Daily,Active,NA,NA,NA,prerequisite condition,select count(*) from src where upper(trim(country))='US' and territory_id is null  and ( (UPPER(terr_current_flg) = 'TRUE' and upper(trim(department))='RETAIL' ) or (UPPER(terr_rep_current_flg) = 'FALSE' and rep_id is null) ),,,territory_id is null
5,Post,US,00_RAW_FILES/MASTER/HCP_TERR/,UV_HCP_TERR_Alignment_2,",",parquet,territory_id,Custom_Count_Check,Daily,Active,NA,NA,NA,prerequisite condition,"select count(*) from(
select distinct territory_id,salesforce_code from src where upper(country)='US' 
and  ( (UPPER(terr_current_flg) = 'TRUE' and upper(trim(department))='RETAIL' ) or (UPPER(terr_rep_current_flg) = 'FALSE' and rep_id is null) )
except 
select distinct territory_id,salesforce_code from eim_master_hierarchy where upper(country_code)='US' 
and upper(trim(department))='RETAIL'
)a where salesforce_code in ('USV4','USV5','USV6','USV7','USV8','US8D','US8E','US8F','US7P','US1U','US6M','US6N','US6L')",,,territory_id is not present in eim_master_hierarchy
6,Post,US,00_RAW_FILES/MASTER/HCP_TERR/,UV_HCP_TERR_Alignment_2,",",parquet,rep_id,Custom_Count_Check,Daily,Active,NA,NA,NA,prerequisite condition,"select count(*) from src where (rep_id is null or rep_id = '' or rep_id = 'NULL')
and upper(department)='RETAIL' and upper(country)='US' and UPPER(terr_rep_current_flg) = 'TRUE'",,,All rep_ids are null
7,Post,US,00_RAW_FILES/MASTER/HCP_TERR/,UV_HCP_TERR_Alignment_2,",",parquet,EPH_Reference_ID,Custom_Count_Check,Daily,Active,NA,NA,NA,prerequisite condition,"select count(*) from (select rep_id,lilly_id_f, SALESFORCE_CODE, count(distinct territory_id) from 


 (select  h.winnerhcpreferenceid as  lilly_id_f,*
from src  d  
left join  hcpreferencexref h
on eph_reference_id =loserhcpreferenceid ) a   


where upper(trim(department))='RETAIL' and upper(trim(country))='US' and rep_id is not null and UPPER(terr_rep_current_flg) = 'TRUE' group by rep_id, lilly_id_f, SALESFORCE_CODE having count(distinct territory_id) > 1) a",,,Multiple territory ids per rep. These duplicates at territory-rep level are handled in File Ingestion
8,Post,US,00_RAW_FILES/MASTER/HCP_TERR/,UV_HCP_TERR_Alignment_2,",",parquet,rep_id,Custom_Count_Check,Daily,Active,NA,NA,NA,prerequisite condition,select count(*) from src where upper(trim(department))='RETAIL' and upper(trim(country))='US' and length(rep_id)!=18 and UPPER(terr_rep_current_flg) = 'TRUE',,,rep_id does not contain 18 characters
9,Post,US,00_RAW_FILES/MASTER/HCP_TERR/,UV_HCP_TERR_Alignment_2,",",parquet,department,Custom_Count_Check,Daily,Active,NA,NA,NA,prerequisite condition,"select 1 - count(distinct department) from src 
where upper(department) in ('RETAIL')",,,One or more department required value is missing
10,Post,US,00_RAW_FILES/MASTER/HCP_TERR/,UV_HCP_TERR_Alignment_2,",",parquet,country,Custom_Count_Check,Daily,Active,NA,NA,NA,prerequisite condition,"select 1 - count(distinct country) from src 
where upper(country) in ('US')",,,One or more country required value is missing
11,Post,US,00_RAW_FILES/MASTER/HCP_TERR/,UV_HCP_TERR_Alignment_2,",",parquet,sleeve_name_short,Custom_Count_Check,Daily,Active,NA,NA,NA,prerequisite condition,select count(*) from src where upper(trim(country))='US' and sleeve_name_short is null and  ( (UPPER(terr_current_flg) = 'TRUE' and upper(trim(department))='RETAIL' ) or (UPPER(terr_rep_current_flg) = 'FALSE' and rep_id is null) ),,,sleeve_name_short is null
12,Post,US,00_RAW_FILES/MASTER/HCP_TERR/,UV_HCP_TERR_Alignment_2,",",parquet,sleeve_name,Custom_Count_Check,Daily,Active,NA,NA,NA,prerequisite condition,select count(*) from src where upper(trim(country))='US' and sleeve_name is null and  ( (UPPER(terr_current_flg) = 'TRUE' and upper(trim(department))='RETAIL' ) or (UPPER(terr_rep_current_flg) = 'FALSE' and rep_id is null) ),,,sleeve_name is null
13,Post,US,00_RAW_FILES/MASTER/HCP_TERR/,UV_HCP_TERR_Alignment_2,",",parquet,terr_rep_end_date,Custom_Count_Check,Daily,Active,NA,NA,NA,prerequisite condition,"select a from(select count(distinct territory_id) a from src 
where upper(trim(department))='RETAIL' 
and upper(trim(country))='US' 
and UPPER(terr_rep_current_flg) = 'TRUE'
and ((terr_rep_start_date<date_add('previous_date',7) 
and terr_rep_end_date<date_add('previous_date',7)) 
or (terr_rep_start_date>date_add('previous_date',14) 
and terr_rep_end_date>date_add('previous_date',14)))
and salesforce_code in ('USV4','USV5','USV6','USV7','USV8','US8D','US8E','US8F','US7P','US1U','US6M','US6N','US6L'))b",,,No active alignments found for next week
14,Post,US,00_RAW_FILES/MASTER/HCP_TERR/,UV_HCP_TERR_Alignment_2,",",parquet,terr_rep_current_flg,Custom_Count_Check,Daily,Active,NA,NA,NA,prerequisite condition,"select 1 - count(distinct terr_rep_current_flg) from src 
where upper(terr_rep_current_flg) in ('TRUE')",,,One or more Active required value is missing
15,Post,US,00_RAW_FILES/MASTER/HCP_TERR/,UV_HCP_TERR_Alignment_2,",",parquet,EPH_Reference_ID,Custom_Count_Check,Daily,Active,NA,NA,NA,prerequisite condition,"SELECT COUNT(*) FROM (SELECT h.winnerhcpreferenceid as lilly_id, rep_id, salesforce_code,territory_id,terr_rep_end_date,terr_hcp_end_date,
COUNT(*) from src left join   hcpreferencexref h
on eph_reference_id =loserhcpreferenceid where upper(trim(department))='RETAIL' and upper(trim(country))='US'
and UPPER(terr_current_flg) = 'TRUE' and salesforce_code in ('USV4','USV5','USV6','USV7','USV8','US8D','US8E','US8F','US7P','US1U','US6M','US6N','US6L') group by h.winnerhcpreferenceid, rep_id, salesforce_code,territory_id,terr_rep_end_date,terr_hcp_end_date having count(*) >1 )A",,,Duplicates at eph_reference_id : product : rep_id : salesforce_code : territory_id
16,Post,US,00_RAW_FILES/MASTER/HCP_TERR/,UV_HCP_TERR_Alignment_2,",",parquet,territory_id,Custom_Count_Check,Daily,Active,NA,NA,NA,prerequisite condition,"select count(*) from(
select distinct territory_id,salesforce_code from eim_master_hierarchy where upper(country_code)='US' 
and upper(trim(department))='RETAIL' and salesforce_code in ('USV4','USV5','USV6','USV7','USV8','US8D','US8E','US8F','US7P','US1U','US6M','US6N','US6L')
except
select distinct territory_id,salesforce_code from src where upper(country)='US' 
 and salesforce_code in ('USV4','USV5','USV6','USV7','USV8','US8D','US8E','US8F','US7P','US1U','US6M','US6N','US6L') and ( (UPPER(terr_current_flg) = 'TRUE' and upper(trim(department))='RETAIL' ) or (UPPER(terr_rep_current_flg) = 'FALSE' and rep_id is null) )
)a ",,,Warning: Territories from EIM file are not present. This has no impact on our system
17,Post,US,00_RAW_FILES/MASTER/HCP_TERR/,UV_HCP_TERR_Alignment_2,",",parquet,lilly_id,Custom_Query,Daily,Active,NA,NA,NA,prerequisite condition,"select count(distinct lilly_id) as HCP_Count,
count(distinct territory_id) as Terr_Count,
salesforce_code,sleeve_name
 from src
where upper(salesforce_code) in (select distinct config_type from m_verso_cnfg where parameter_type='RESP CODE MAPPING') and UPPER(terr_current_flg) = 'TRUE'
group by salesforce_code,sleeve_name",,,Not Applicable
18,Post,US,00_RAW_FILES/MASTER/HCP_TERR/,UV_HCP_TERR_Alignment_2,",",parquet,lilly_id,Custom_Query,Daily,Active,NA,NA,NA,prerequisite condition,"select 'DERM' AS Team,lilly_person_id, count(distinct territory_id) from 
(
select src.*,terr.territory_id,product_id from sftu src
inner join 
(select * from src where upper(trim(country))='US'  and  ( (UPPER(terr_rep_current_flg) = 'TRUE' and upper(trim(department))='RETAIL' ) or (UPPER(terr_rep_current_flg) = 'FALSE' and rep_id is null) ) ) terr
on lpad(src.lilly_person_id,11,0) = lpad(terr.lilly_id,11,0) 
and src.sales_force_code = terr.salesforce_code 
where src.sales_force_code in ('USV4','USV5','USV6','USV7','USV8') AND terr.territory_id is not null
)src_terr
 where sales_force_code in ('USV4','USV5') and product_id in ('US_304528','US_304547')
 group by lilly_person_id
 having count(distinct territory_id) > 4
union 
select 'RHEUM' AS Team,lilly_person_id, count(distinct territory_id) from 
(
select src.*,terr.territory_id,product_id from sftu src
inner join 
(select * from src where upper(trim(country))='US'  and  ( (UPPER(terr_rep_current_flg) = 'TRUE' and upper(trim(department))='RETAIL' ) or (UPPER(terr_rep_current_flg) = 'FALSE' and rep_id is null) )) terr
on lpad(src.lilly_person_id,11,0) = lpad(terr.lilly_id,11,0)
and src.sales_force_code = terr.salesforce_code 
where src.sales_force_code in ('USV4','USV5','USV6','USV7','USV8') AND terr.territory_id is not null
)src_terr
 where sales_force_code in ('USV6','USV7') and product_id in ('US_304528','US_304547')
 group by lilly_person_id
 having count(distinct territory_id) > 4
union 
select 'HYB' AS Team,lilly_person_id, count(distinct territory_id) from 
(
select src.*,terr.territory_id,product_id from sftu src
inner join 
(select * from src where upper(trim(country))='US'  and  ( (UPPER(terr_rep_current_flg) = 'TRUE' and upper(trim(department))='RETAIL' ) or (UPPER(terr_rep_current_flg) = 'FALSE' and rep_id is null) )) terr
on lpad(src.lilly_person_id,11,0) = lpad(terr.lilly_id,11,0) 
and src.sales_force_code = terr.salesforce_code 
where src.sales_force_code in ('USV4','USV5','USV6','USV7','USV8') AND terr.territory_id is not null
)src_terr
 where sales_force_code in ('USV8') and product_id in ('US_304528','US_304547')
 group by lilly_person_id
 having count(distinct territory_id) > 4",,,Not Applicable
19,Post,US,00_RAW_FILES/MASTER/HCP_TERR/,UV_HCP_TERR_Alignment_2,",",parquet,lilly_id,Custom_Query,Daily,Active,NA,NA,NA,prerequisite condition,"select 'DERM' AS Team,lilly_person_id, count(distinct territory_id) from 
(
select src.*,terr.territory_id,product_id from sftu src
inner join 
(select * from src where upper(trim(country))='US'  and  ( (UPPER(terr_rep_current_flg) = 'TRUE' and upper(trim(department))='RETAIL' ) or (UPPER(terr_rep_current_flg) = 'FALSE' and rep_id is null) )) terr
on lpad(src.lilly_person_id,11,0) = lpad(terr.lilly_id,11,0) 
and src.sales_force_code = terr.salesforce_code 
where src.sales_force_code in ('USV4','USV5','USV6','USV7','USV8') AND terr.territory_id is not null
)src_terr
 where sales_force_code in ('USV4','USV5') and product_id in ('US_304528','US_304547')
 group by lilly_person_id
 having count(distinct territory_id) > 6
union 
select 'RHEUM' AS Team,lilly_person_id, count(distinct territory_id) from 
(
select src.*,terr.territory_id,product_id from sftu src
inner join 
(select * from src where upper(trim(country))='US'  and  ( (UPPER(terr_rep_current_flg) = 'TRUE' and upper(trim(department))='RETAIL' ) or (UPPER(terr_rep_current_flg) = 'FALSE' and rep_id is null) )) terr
on lpad(src.lilly_person_id,11,0) = lpad(terr.lilly_id,11,0)
and src.sales_force_code = terr.salesforce_code 
where src.sales_force_code in ('USV4','USV5','USV6','USV7','USV8') AND terr.territory_id is not null
)src_terr
 where sales_force_code in ('USV6','USV7') and product_id in ('US_304528','US_304547')
 group by lilly_person_id
 having count(distinct territory_id) > 6
union 
select 'HYB' AS Team,lilly_person_id, count(distinct territory_id) from 
(
select src.*,terr.territory_id,product_id from sftu src
inner join 
(select * from src where upper(trim(country))='US'  and  ( (UPPER(terr_rep_current_flg) = 'TRUE' and upper(trim(department))='RETAIL' ) or (UPPER(terr_rep_current_flg) = 'FALSE' and rep_id is null) )) terr
on lpad(src.lilly_person_id,11,0) = lpad(terr.lilly_id,11,0) 
and src.sales_force_code = terr.salesforce_code 
where src.sales_force_code in ('USV4','USV5','USV6','USV7','USV8') AND terr.territory_id is not null
)src_terr
 where sales_force_code in ('USV8') and product_id in ('US_304528','US_304547')
 group by lilly_person_id
 having count(distinct territory_id) > 6",,,Not Applicable
20,Post,US,00_RAW_FILES/MASTER/HCP_TERR/,UV_HCP_TERR_Alignment_2,",",parquet,lilly_id,Custom_Count_Check,Daily,Inactive,NA,NA,NA,prerequisite condition,"select count(*) from(select 'DERM' AS Team,lilly_person_id, count(distinct territory_id) from 
(
select src.*,terr.territory_id,product_id from sftu src
inner join 
(select * from src where upper(trim(country))='US'  and  ( (UPPER(terr_rep_current_flg) = 'TRUE' and upper(trim(department))='RETAIL' ) or (UPPER(terr_rep_current_flg) = 'FALSE' and rep_id is null) )) terr
on lpad(src.lilly_person_id,11,0) = lpad(terr.lilly_id,11,0)
and src.sales_force_code = terr.salesforce_code 
where src.sales_force_code in ('USV4','USV5','USV6','USV7','USV8') AND terr.territory_id is not null
)src_terr
 where sales_force_code in ('USV4','USV5') and product_id in ('US_304528','US_304547')
 group by lilly_person_id
 having count(distinct territory_id) > 4
union 
select 'RHEUM' AS Team,lilly_person_id, count(distinct territory_id) from 
(
select src.*,terr.territory_id,product_id from sftu src
inner join 
(select * from src where upper(trim(country))='US'  and  ( (UPPER(terr_rep_current_flg) = 'TRUE' and upper(trim(department))='RETAIL' ) or (UPPER(terr_rep_current_flg) = 'FALSE' and rep_id is null) )) terr
on lpad(src.lilly_person_id,11,0) = lpad(terr.lilly_id,11,0)
and src.sales_force_code = terr.salesforce_code 
where src.sales_force_code in ('USV4','USV5','USV6','USV7','USV8') AND terr.territory_id is not null
)src_terr
 where sales_force_code in ('USV6','USV7') and product_id in ('US_304528','US_304547')
 group by lilly_person_id
 having count(distinct territory_id) > 4
union 
select 'HYB' AS Team,lilly_person_id, count(distinct territory_id) from 
(
select src.*,terr.territory_id ,product_id from sftu src
inner join 
(select * from src where upper(trim(country))='US'  and  ( (UPPER(terr_rep_current_flg) = 'TRUE' and upper(trim(department))='RETAIL' ) or (UPPER(terr_rep_current_flg) = 'FALSE' and rep_id is null) )) terr
on lpad(src.lilly_person_id,11,0) = lpad(terr.lilly_id,11,0)
and src.sales_force_code = terr.salesforce_code 
where src.sales_force_code in ('USV4','USV5','USV6','USV7','USV8') AND terr.territory_id is not null
)src_terr
 where sales_force_code in ('USV8') and product_id in ('US_304528','US_304547')
 group by lilly_person_id
 having count(distinct territory_id) > 4)a",,,HCPs with more than 4 territories
21,Post,US,00_RAW_FILES/MASTER/HCP_TERR/,UV_HCP_TERR_Alignment_2,",",parquet,lilly_id,Custom_Count_Check,Daily,Inactive,NA,NA,NA,prerequisite condition,"select count(*) from(select 'DERM' AS Team,lilly_person_id, count(distinct territory_id) from 
(
select src.*,terr.territory_id,product_id from sftu src
inner join 
(select * from src where upper(trim(country))='US'  and  ( (UPPER(terr_rep_current_flg) = 'TRUE' and upper(trim(department))='RETAIL' ) or (UPPER(terr_rep_current_flg) = 'FALSE' and rep_id is null) )) terr
on lpad(src.lilly_person_id,11,0) = lpad(terr.lilly_id,11,0) 
and src.sales_force_code = terr.salesforce_code 
where src.sales_force_code in ('USV4','USV5','USV6','USV7','USV8') AND terr.territory_id is not null
)src_terr
 where sales_force_code in ('USV4','USV5') and product_id in ('US_304528','US_304547')
 group by lilly_person_id
 having count(distinct territory_id) > 6
union 
select 'RHEUM' AS Team,lilly_person_id, count(distinct territory_id) from 
(
select src.*,terr.territory_id,product_id from sftu src
inner join 
(select * from src where upper(trim(country))='US'  and  ( (UPPER(terr_rep_current_flg) = 'TRUE' and upper(trim(department))='RETAIL' ) or (UPPER(terr_rep_current_flg) = 'FALSE' and rep_id is null) )) terr
on lpad(src.lilly_person_id,11,0) = lpad(terr.lilly_id,11,0) 
and src.sales_force_code = terr.salesforce_code 
where src.sales_force_code in ('USV4','USV5','USV6','USV7','USV8') AND terr.territory_id is not null
)src_terr
 where sales_force_code in ('USV6','USV7') and product_id in ('US_304528','US_304547')
 group by lilly_person_id
 having count(distinct territory_id) > 6
union 
select 'HYB' AS Team,lilly_person_id, count(distinct territory_id) from 
(
select src.*,terr.territory_id,product_id from sftu src
inner join 
(select * from src where upper(trim(country))='US'  and  ( (UPPER(terr_rep_current_flg) = 'TRUE' and upper(trim(department))='RETAIL' ) or (UPPER(terr_rep_current_flg) = 'FALSE' and rep_id is null) )) terr
on lpad(src.lilly_person_id,11,0) = lpad(terr.lilly_id,11,0) 
and src.sales_force_code = terr.salesforce_code 
where src.sales_force_code in ('USV4','USV5','USV6','USV7','USV8') AND terr.territory_id is not null
)src_terr
 where sales_force_code in ('USV8') and product_id in ('US_304528','US_304547')
 group by lilly_person_id
 having count(distinct territory_id) > 6)a""",,,HCPs with more than 6 territories
22,Post,US,00_RAW_FILES/MASTER/HCP_TERR/,UV_HCP_TERR_Alignment_2,",",parquet,lilly_id,Custom_Count_Check,Daily,Inactive,NA,NA,NA,prerequisite condition," select count(*) from(select distinct DERM.lilly_person_id from ( 
select sftu.*,terr.territory_id,product_id from sftu sftu
inner join
(select * from src where upper(trim(country))='US'  and  ( (UPPER(terr_rep_current_flg) = 'TRUE' and upper(trim(department))='RETAIL' ) or (UPPER(terr_rep_current_flg) = 'FALSE' and rep_id is null) )) terr
on lpad(sftu.lilly_person_id,11,0) = lpad(terr.lilly_id,11,0) 

and sftu.sales_force_code = terr.salesforce_code 
where sftu.sales_force_code in ('USV4','USV5') 
AND terr.territory_id is not null 
and product_id in ('US_304528')
)DERM
inner join
(select sftu.*,terr.territory_id,product_id from sftu sftu
inner join
(select * from src where upper(trim(country))='US'  and  ( (UPPER(terr_rep_current_flg) = 'TRUE' and upper(trim(department))='RETAIL' ) or (UPPER(terr_rep_current_flg) = 'FALSE' and rep_id is null) )) terr
on lpad(sftu.lilly_person_id,11,0) = lpad(terr.lilly_id,11,0) 

and sftu.sales_force_code = terr.salesforce_code 
where sftu.sales_force_code in ('USV6','USV7') 
AND terr.territory_id is not null
and product_id in ('US_304528')
)RHEUM
on lpad(DERM.lilly_person_id,11,0) = lpad(RHEUM.lilly_person_id,11,0))a",,,HCP overlap for Taltz between DERM and RHEUM sleeves
23,Post,US,00_RAW_FILES/MASTER/HCP_TERR/,UV_HCP_TERR_Alignment_2,",",parquet,lilly_id,Custom_Count_Check,Daily,Active,NA,NA,NA,prerequisite condition,"select count(distinct territory_id) as cnt
from src where upper(trim(country))='US' and rep_id is null and UPPER(terr_rep_current_flg) = 'FALSE' and terr_rep_start_date is null and terr_rep_end_date is null and department is null and salesforce_code in ('USV4','USV5','USV6','USV7','USV8','US8D','US8E','US8F','US7P','US1U','US6M','US6N','US6L')",,,Note: These are the #Vacant territories present in the data.
24,Post,US,00_RAW_FILES/MASTER/HCP_TERR/,UV_HCP_TERR_Alignment_2,",",parquet,lilly_id,Good_Records,Daily,Active,NA,NA,N,prerequisite condition,select * from src,Overwrite,,
25,Post,US,00_RAW_FILES/MASTER/HCP_TERR/,UV_HCP_TERR_Alignment_2,",",parquet,rep_id,Custom_Count_Check,Daily,Active,NA,NA,NA,prerequisite condition," select count(distinct rep_id) from(
 select distinct   rep_id,salesforce_code,territory_id,

   rank() over (PARTITION BY rep_id,salesforce_code order by territory_id )as rank_f 
   from src
   WHERE rep_id in (
	select DISTINCT rep_id from
	(
		select rep_id,salesforce_code,
		count(distinct territory_id) as terr_count from src
		WHERE UPPER(TRIM(DEPARTMENT))=""RETAIL"" 
		AND UPPER(TRIM(COUNTRY))=""US"" 
		AND length(UPPER(TRIM(lilly_id))) <= 11
		group by rep_id,salesforce_code having 
		terr_count>1
	)a 
					)
   and terr_rep_start_date<='previous_date'
   and terr_rep_end_date>='previous_date'
   )b where rank_f>1",,,Hcp Terr file has more than one active territory assigned to single Rep
26,Post,US,00_RAW_FILES/MASTER/HCP_TERR/,UV_HCP_TERR_Alignment_2,",",parquet,territory_id,Custom_Count_Check,Daily,Active,NA,NA,NA,prerequisite condition,"select count(*) from
(
select
case when terr_rep_start_date is null or terr_rep_end_date is null then
case when department is null and upper(trim(terr_rep_current_flg)) = 'FALSE' then 'Y' else 'N' end
when terr_rep_start_date is not null and terr_rep_end_date is not null then
case when  terr_rep_start_date < 'SUGGESTION_POSTED_DATE' or terr_rep_end_date > 'SUGGESTION_POSTED_DATE' then 'Y' else 'N' end end flag from
(
select distinct territory_id, terr_rep_start_date, terr_rep_end_date, department, terr_rep_current_flg from src
where rep_id is null and salesforce_code in ('USV4','USV5','USV6','USV7','USV8','US8D','US8E','US8F','US7P','US1U','US6M','US6N','US6L')
) x1
) x2
where nvl(flag,'N') != 'Y'",,,Range of dates in vacant territories does not match with suggestion_posted_date
27,Post,US,00_RAW_FILES/MASTER/HCP_TERR/,UV_HCP_TERR_Alignment_2,",",parquet,lilly_id,Custom_Query,Daily,Active,NA,NA,NA,prerequisite condition,"select 'HCP_TERR_ALIGNMENT' as FILE_NAME ,count(*) as RECORD_COUNT, max(load_dt) as LATEST_LOAD_DATE, 'load_dt' as COLUMN_USED from src
union
select 'EIM_MASTER_HIERARCHY' as FILE_NAME,count(*) as RECORD_COUNT, max(processingperiod_dt) as LATEST_LOAD_DATE, 'processingperiod_dt' as COLUMN_USED from eim_master_hierarchy
union
select 'SALESFORCE_TARGETING_UNIVERSE' as FILE_NAME,count(*) as RECORD_COUNT, max(load_date)as LATEST_LOAD_DATE, 'load_date' as COLUMN_USED from sftu
union
select 'EDB_CONTENT_XREF' as FILE_NAME, count(*) as RECORD_COUNT, max(ds_load_date)as LATEST_LOAD_DATE, 'ds_load_date' as COLUMN_USED from edb_content_xref
union
select 'ACTIVITY_METRICS' as FILE_NAME, count(*) as RECORD_COUNT, max(current_start_date)as LATEST_LOAD_DATE, 'current_start_date' as COLUMN_USED from activity_metrics
union
select 'GCCP' as FILE_NAME, count(*) as RECORD_COUNT , max(ds_load_date)as LATEST_LOAD_DATE, 'ds_load_date' as COLUMN_USED from gccp
union
select 'LILLY_EVENTS' as FILE_NAME, count(*) as RECORD_COUNT, max(ds_load_date)as LATEST_LOAD_DATE, 'ds_load_date' as COLUMN_USED from lilly_events
union
select 'SOA_BRAND_SENT_EMAILS' as FILE_NAME, count(*) as RECORD_COUNT , max(ds_load_date)as LATEST_LOAD_DATE, 'ds_load_date' as COLUMN_USED from soa_brand_sent_emails
union
select 'UNIVERSAL_CUSTOMER_LIST' as FILE_NAME, count(*) as RECORD_COUNT, max(ds_load_dt)as LATEST_LOAD_DATE, 'ds_load_dt' as COLUMN_USED from ucl
union
select 'PORTFOLIO_INSIGHTS' as FILE_NAME, count(*) as RECORD_COUNT, max(generated_date)as LATEST_LOAD_DATE, 'generated_date' as COLUMN_USED from portfolio_insights
union
select 'PORTFOLIO_OPTIMIZATION' as FILE_NAME, count(*) as RECORD_COUNT, max(po_start_date)as LATEST_LOAD_DATE, 'po_start_date' as COLUMN_USED from portfolio_optimization
union
select 'DBU_PREDICTIVE_TRIGGERS' as FILE_NAME, count(*) as RECORD_COUNT, max(load_date)as LATEST_LOAD_DATE, 'load_dt' as COLUMN_USED from dbu_predictive_triggers
union
select 'HCP_LEVEL_WEEKLY_DATA_DBU' as FILE_NAME, count(*) as RECORD_COUNT, max(load_date)as LATEST_LOAD_DATE, 'load_dt' as COLUMN_USED from hcp_level_weekly_data_dbu
union
select 'HCP_LEVEL_WEEKLY_DATA_OBESITY'as FILE_NAME, count(*) as RECORD_COUNT, max(load_date)as LATEST_LOAD_DATE, 'load_dt' as COLUMN_USED from hcp_level_weekly_data_obesity
union
select 'JARDIANCE_HCP_ATTRIBUTES' as FILE_NAME, count(*) as RECORD_COUNT, max(load_date)as LATEST_LOAD_DATE, 'load_date' as COLUMN_USED from jardiance_hcp_attributes
union
select 'JARDIANCE_TRIGGER_METRICS' as FILE_NAME, count(*) as RECORD_COUNT, max(load_date)as LATEST_LOAD_DATE, 'load_date' as COLUMN_USED from jardiance_trigger_metrics
union
select 'MOUNJARO_HCP_ATTRIBUTES' as FILE_NAME, count(*) as RECORD_COUNT, max(load_date)as LATEST_LOAD_DATE, 'load_date' as COLUMN_USED from mounjaro_hcp_attributes
union
select 'MOUNJARO_TRIGGER_METRICS' as FILE_NAME, count(*) as RECORD_COUNT, max(load_date)as LATEST_LOAD_DATE, 'load_date' as COLUMN_USED from mounjaro_trigger_metrics
union
select 'MOUNJARO_TRIGGERS_PAYER_BR_METRICS' as FILE_NAME, count(*) as RECORD_COUNT, max(load_date)as LATEST_LOAD_DATE, 'load_date' as COLUMN_USED from mounjaro_trigger_payer_br_metrics
union
select 'ZEPBOUND_HCP_ATTRIBUTES' as FILE_NAME, count(*) as RECORD_COUNT, max(load_date)as LATEST_LOAD_DATE, 'load_date' as COLUMN_USED from zepbound_hcp_attributes
union
select 'ZEPBOUND_TRIGGER_METRICS' as FILE_NAME, count(*) as RECORD_COUNT, max(load_date)as LATEST_LOAD_DATE, 'load_date' as COLUMN_USED from zepbound_trigger_metrics
union
select 'ZEPBOUND_TRIGGERS_PAYER_BR_METRICS' as FILE_NAME, count(*) as RECORD_COUNT, max(load_date)as LATEST_LOAD_DATE, 'load_date' as COLUMN_USED from zepbound_trigger_payer_br_metrics
union
select 'TALTZ_HCP_ATTRIBUTES' as FILE_NAME, count(*) as RECORD_COUNT, max(load_date)as LATEST_LOAD_DATE, 'load_date' as COLUMN_USED from taltz_hcp_attributes
union
select 'TALTZ_PSA_TRIGGER_METRICS' as FILE_NAME, count(*) as RECORD_COUNT, max(load_date)as LATEST_LOAD_DATE, 'load_date' as COLUMN_USED from taltz_psa_trigger_metrics
union
select 'TALTZ_PSA_TRIGGERS_PAYER_BR_METRICS' as FILE_NAME, count(*) as RECORD_COUNT, max(load_date)as LATEST_LOAD_DATE, 'load_date' as COLUMN_USED from taltz_psa_trigger_payer_br_metrics
union
select 'TALTZ_PSO_TRIGGERS_METRICS' as FILE_NAME, count(*) as RECORD_COUNT, max(load_date)as LATEST_LOAD_DATE, 'load_date' as COLUMN_USED from taltz_pso_trigger_metrics
union
select 'TALTZ_PSO_TRIGGERS_PAYER_BR_METRICS' as FILE_NAME, count(*) as RECORD_COUNT, max(load_date)as LATEST_LOAD_DATE, 'load_date' as COLUMN_USED from taltz_pso_trigger_payer_br_metrics
union
select 'LEBRI_TRIGGER_METRIC' as FILE_NAME,count(*) as RECORD_COUNT,max(load_date) as LATEST_LOAD_DATE,'load_date' as COLUMN_USED
from us_lebri_triggers_metrics
union
select 'LEBRI_HCP_ATTRIBUTE' as FILE_NAME,count(*) as RECORD_COUNT,max(load_date) as LATEST_LOAD_DATE,'load_date' as COLUMN_USED
from us_lebri_hcp_attributes
union
select 'LEBRI_PAYER_BR_METRIC' as FILE_NAME,count(*) as RECORD_COUNT,max(load_date) as LATEST_LOAD_DATE,'load_date' as COLUMN_USED
from us_lebri_triggers_payer_br_metrics
union
select 'VISUAL_METRICS' as FILE_NAME, count(*) as RECORD_COUNT, max(load_date)as LATEST_LOAD_DATE, 'load_dt' as COLUMN_USED from visual_metrics
union
select 'US_VERZENIO_MBC_TRIGGERS_METRICS' as FILE_NAME, count(*) as RECORD_COUNT, max(load_date)as LATEST_LOAD_DATE, 'load_date' as COLUMN_USED from US_VERZENIO_MBC_TRIGGERS_METRICS
union
select 'US_VERZENIO_EBC_TRIGGERS_METRICS' as FILE_NAME, count(*) as RECORD_COUNT, max(load_date)as LATEST_LOAD_DATE, 'load_date' as COLUMN_USED from US_VERZENIO_EBC_TRIGGERS_METRICS
union
select 'US_JAYPIRCA_CLL_TRIGGERS_METRICS' as FILE_NAME, count(*) as RECORD_COUNT, max(load_date)as LATEST_LOAD_DATE, 'load_date' as COLUMN_USED from US_JAYPIRCA_CLL_TRIGGERS_METRICS
union
select 'US_JAYPIRCA_MCL_TRIGGERS_METRICS' as FILE_NAME, count(*) as RECORD_COUNT, max(load_date)as LATEST_LOAD_DATE, 'load_date' as COLUMN_USED from US_JAYPIRCA_MCL_TRIGGERS_METRICS
union
select 'US_VERZENIO_HCP_ATTRIBUTES' as FILE_NAME, count(*) as RECORD_COUNT, max(load_date)as LATEST_LOAD_DATE, 'load_date' as COLUMN_USED from US_VERZENIO_HCP_ATTRIBUTES
union
select 'US_JAYPIRCA_HCP_ATTRIBUTES' as FILE_NAME, count(*) as RECORD_COUNT, max(load_date)as LATEST_LOAD_DATE, 'load_date' as COLUMN_USED from US_JAYPIRCA_HCP_ATTRIBUTES
union
select 'US_VERZENIO_ML_RETRAINING' as FILE_NAME, count(*) as RECORD_COUNT, max(load_date)as LATEST_LOAD_DATE, 'load_date' as COLUMN_USED from US_VERZENIO_ML_RETRAINING
union
select 'DYNAMIC_TARGETING_TIERS' as FILE_NAME, count(*) as RECORD_COUNT, max(table_load_date)as LATEST_LOAD_DATE, 'table_load_date' as COLUMN_USED from DYNAMIC_TARGETING_TIERS
union
select 'AD_HCP_ATTRIBUTES' as FILE_NAME, count(*) as RECORD_COUNT, max(load_date)as LATEST_LOAD_DATE, 'load_date' as COLUMN_USED from US_AD_HCP_ATTRIBUTES
union
select 'AD_TRIGGER_METRICS' as FILE_NAME, count(*) as RECORD_COUNT, max(load_date)as LATEST_LOAD_DATE, 'load_date' as COLUMN_USED from US_AD_TRIGGER_METRICS
union
select 'OMVOH_TRIGGERS_METRICS' as FILE_NAME, count(*) as RECORD_COUNT, max(load_date)as LATEST_LOAD_DATE, 'load_date' as COLUMN_USED from OMVOH_TRIGGERS_METRICS
union
select 'OMVOH_PAYER_BR_METRICS' as FILE_NAME, count(*) as RECORD_COUNT, max(load_date)as LATEST_LOAD_DATE, 'load_date' as COLUMN_USED from OMVOH_TRIGGERS_PAYER_BR_METRICS
union
select 'OMVOH_HCP_ATTRIBUTES' as FILE_NAME, count(*) as RECORD_COUNT, max(load_date)as LATEST_LOAD_DATE, 'load_date' as COLUMN_USED from OMVOH_HCP_ATTRIBUTES
union
select 'US_HCP_GA_ANALYTICS' as FILE_NAME, count(*) as RECORD_COUNT, max(ds_load_dt)as LATEST_LOAD_DATE, 'ds_load_dt' as COLUMN_USED from US_HCP_GA_ANALYTICS
union
select 'ZEPBOUND_OSA_TRIGGERS_METRICS' as FILE_NAME, count(*) as RECORD_COUNT, max(load_date)as LATEST_LOAD_DATE, 'load_date' as COLUMN_USED from zepbound_osa_triggers_metrics",,,File List and Latest Load Dates
28,Post,US,00_RAW_FILES/MASTER/HCP_ACTIVITY_METRICS/,US_HCP_ACTIVITY_METRICS,",",parquet,LILLY_PERSON_ID,Null,Daily,Inactive,NA,NA,N,,,,,
29,Post,US,00_RAW_FILES/MASTER/HCP_ACTIVITY_METRICS/,US_HCP_ACTIVITY_METRICS,",",parquet,LILLY_PERSON_ID,CheckLength,Daily,Inactive,NA,11,N,11,,,,
30,Post,US,00_RAW_FILES/MASTER/HCP_ACTIVITY_METRICS/,US_HCP_ACTIVITY_METRICS,",",parquet,GRAIN_CODE,Null,Daily,Active,NA,NA,N,,,,,
31,Post,US,00_RAW_FILES/MASTER/HCP_ACTIVITY_METRICS/,US_HCP_ACTIVITY_METRICS,",",parquet,CURRENT_START_DATE,Date_yymmdd,Daily,Active,NA,NA,N,,,,,
32,Post,US,00_RAW_FILES/MASTER/HCP_ACTIVITY_METRICS/,US_HCP_ACTIVITY_METRICS,",",parquet,CURRENT_END_DATE,Date_yymmdd,Daily,Active,NA,NA,N,,,,,
33,Post,US,00_RAW_FILES/MASTER/HCP_ACTIVITY_METRICS/,US_HCP_ACTIVITY_METRICS,",",parquet,PREVIOUS_START_DATE,Date_yymmdd,Daily,Active,NA,NA,N,,,,,
34,Post,US,00_RAW_FILES/MASTER/HCP_ACTIVITY_METRICS/,US_HCP_ACTIVITY_METRICS,",",parquet,PREVIOUS_END_DATE,Date_yymmdd,Daily,Active,NA,NA,N,,,,,
35,Post,US,00_RAW_FILES/MASTER/HCP_ACTIVITY_METRICS/,US_HCP_ACTIVITY_METRICS,",",parquet,METRIC_NAME,Null,Daily,Active,NA,NA,N,,,,,
36,Post,US,00_RAW_FILES/MASTER/HCP_ACTIVITY_METRICS/,US_HCP_ACTIVITY_METRICS,",",parquet,CURRENT_VALUE,Custom_Count_Check,Daily,Active,NA,NA,NA,prerequisite condition,select count(*) from src where (current_value rlike '[a-z]|[A-Z]') or (cast(current_value as double) < 0),,,Non-numeric or negative value in CURRENT_VALUE
37,Post,US,00_RAW_FILES/MASTER/HCP_ACTIVITY_METRICS/,US_HCP_ACTIVITY_METRICS,",",parquet,PREVIOUS_VALUE,Custom_Count_Check,Daily,Active,NA,NA,NA,prerequisite condition,select count(*) from src where (previous_value rlike '[a-z]|[A-Z]') or (cast(previous_value as double) < 0),,,Non-numeric or negative value in PREVIOUS_VALUE
38,Post,US,00_RAW_FILES/MASTER/HCP_ACTIVITY_METRICS/,US_HCP_ACTIVITY_METRICS,",",parquet,LILLY_PERSON_ID,Custom_Count_Check,Daily,Active,NA,NA,NA,prerequisite condition,"select count(*) from (select count(*),lilly_person_id,grain_code, product_id, indication_id,
CURRENT_START_DATE,CURRENT_END_DATE,metric_name from src
group by lilly_person_id,grain_code, product_id, indication_id,
CURRENT_START_DATE,CURRENT_END_DATE,metric_name
having count(*)>1)a",,,Duplicates at lilly_person_id : grain_code : product_id : indication_id : current_start_date : current_end_date : metric_name
39,Post,US,00_RAW_FILES/MASTER/HCP_ACTIVITY_METRICS/,US_HCP_ACTIVITY_METRICS,",",parquet,LILLY_PERSON_ID,Good_Records,Daily,Active,NA,NA,NA,prerequisite condition,select * from src,Overwrite,,
40,Post,US,00_RAW_FILES/MASTER/HCP_ACTIVITY_METRICS/,US_HCP_ACTIVITY_METRICS,",",parquet,LILLY_PERSON_ID,Custom_Count_Check,Daily,Active,NA,NA,NA,prerequisite condition,"select count(*) from src where nvl(product_id,'A') 
not in ('US_304528','US_304547','US_304544','US_613009','US_708122','US_708086','US_304521','US_708120','US_708127','US_708121') 
and nvl(indication_id,'A') not in ('DS150','598010','DS152','DS033','DS057','723224','430015',
'708087','DS162','558393','708233','864716','420004','864734')",,,Warning: Unexpected product and indication codes (these are Lebri product and indication codes)
41,Post,US,00_RAW_FILES/MASTER/HCP_MARKET_METRICS/,US_IMM_PI_METRICS,",",parquet,LILLY_PERSON_ID,Good_Records,Daily,Active,NA,NA,NA,prerequisite condition,select * from src,Overwrite,,
42,Post,US,00_RAW_FILES/MASTER/HCP_MARKET_METRICS/,US_IMM_PI_METRICS,",",parquet,LILLY_PERSON_ID,Null,Daily,Active,NA,NA,N,,,,,
43,Post,US,00_RAW_FILES/MASTER/HCP_MARKET_METRICS/,US_IMM_PI_METRICS,",",parquet,LILLY_PERSON_ID,CheckLength,Daily,Inactive,NA,11,N,11,,,,
44,Post,US,00_RAW_FILES/MASTER/HCP_MARKET_METRICS/,US_IMM_PI_METRICS,",",parquet,MKTP_ID,Null,Daily,Active,NA,NA,N,,,,,
45,Post,US,00_RAW_FILES/MASTER/HCP_MARKET_METRICS/,US_IMM_PI_METRICS,",",parquet,MKTP_ID,Null,Daily,Active,NA,NA,N,,,,,
46,Post,US,00_RAW_FILES/MASTER/HCP_MARKET_METRICS/,US_IMM_PI_METRICS,",",parquet,GRAIN_CODE,Null,Daily,Active,NA,NA,N,,,,,
47,Post,US,00_RAW_FILES/MASTER/HCP_MARKET_METRICS/,US_IMM_PI_METRICS,",",parquet,CURRENT_START_DATE,Date_yymmdd,Daily,Active,NA,NA,N,,,,,
48,Post,US,00_RAW_FILES/MASTER/HCP_MARKET_METRICS/,US_IMM_PI_METRICS,",",parquet,CURRENT_END_DATE,Date_yymmdd,Daily,Active,NA,NA,N,,,,,
49,Post,US,00_RAW_FILES/MASTER/HCP_MARKET_METRICS/,US_IMM_PI_METRICS,",",parquet,PREVIOUS_START_DATE,Date_yymmdd,Daily,Active,NA,NA,N,,,,,
50,Post,US,00_RAW_FILES/MASTER/HCP_MARKET_METRICS/,US_IMM_PI_METRICS,",",parquet,PREVIOUS_END_DATE,Date_yymmdd,Daily,Active,NA,NA,N,,,,,
51,Post,US,00_RAW_FILES/MASTER/HCP_MARKET_METRICS/,US_IMM_PI_METRICS,",",parquet,METRIC_NAME,Null,Daily,Active,NA,NA,N,,,,,
52,Post,US,00_RAW_FILES/MASTER/HCP_MARKET_METRICS/,US_IMM_PI_METRICS,",",parquet,CURRENT_VALUE,Custom_Count_Check,Daily,Active,NA,NA,NA,prerequisite condition,select count(*) from src where (current_value rlike '[a-z]|[A-Z]') or (cast(current_value as double) < 0),,,Non-numeric or negative value in CURRENT_VALUE
53,Post,US,00_RAW_FILES/MASTER/HCP_MARKET_METRICS/,US_IMM_PI_METRICS,",",parquet,PREVIOUS_VALUE,Custom_Count_Check,Daily,Active,NA,NA,NA,prerequisite condition,select count(*) from src where (previous_value rlike '[a-z]|[A-Z]') or (cast(previous_value as double) < 0),,,Non-numeric or negative value in PREVIOUS_VALUE
54,Post,US,00_RAW_FILES/MASTER/HCP_MARKET_METRICS/,US_IMM_PI_METRICS,",",parquet,LILLY_PERSON_ID,Custom_Count_Check,Daily,Active,NA,NA,NA,prerequisite condition,"select count(*) from (select count(*),lilly_person_id,mktp_id,grain_code,
CURRENT_START_DATE,CURRENT_END_DATE,metric_name,theraclass_id from src
group by lilly_person_id,mktp_id,grain_code,CURRENT_START_DATE,
CURRENT_END_DATE,metric_name,theraclass_id 
having count(*)>1)a",,,Duplicates at lilly_person_id : mktp_id : grain_code : current_start_date : current_end_date : metric_name : theraclass_id
55,Post,US,00_RAW_FILES/PREDECTIVE_MODEL_INSIGHTS/PORTFOLIO_INSIGHTS/,US_PI_MODEL_INSIGHTS,",",parquet,lilly_person_id,Good_Records,Daily,Active,NA,NA,NA,prerequisite condition,select * from src,Overwrite,,
56,Post,US,00_RAW_FILES/PREDECTIVE_MODEL_INSIGHTS/PORTFOLIO_INSIGHTS/,US_PI_MODEL_INSIGHTS,",",parquet,generated_date,Date_yymmdd,Daily,Active,NA,NA,N,,,,,
57,Post,US,00_RAW_FILES/PREDECTIVE_MODEL_INSIGHTS/PORTFOLIO_INSIGHTS/,US_PI_MODEL_INSIGHTS,",",parquet,generated_date,Custom_Count_Check,Daily,Active,NA,NA,NA,prerequisite condition,select case when count(distinct generated_date)=1 then 0 else count(distinct generated_date) end as cnt_dates from src,,,multiple generated dates
58,Post,US,00_RAW_FILES/PREDECTIVE_MODEL_INSIGHTS/PORTFOLIO_INSIGHTS/,US_PI_MODEL_INSIGHTS,",",parquet,lilly_person_id,Null,Daily,Active,NA,NA,N,,,,,
59,Post,US,00_RAW_FILES/PREDECTIVE_MODEL_INSIGHTS/PORTFOLIO_INSIGHTS/,US_PI_MODEL_INSIGHTS,",",parquet,lilly_person_id,CheckLength,Daily,Inactive,NA,11,N,11,,,,
60,Post,US,00_RAW_FILES/PREDECTIVE_MODEL_INSIGHTS/PORTFOLIO_INSIGHTS/,US_PI_MODEL_INSIGHTS,",",parquet,resp_code,Custom_Count_Check,Daily,Active,NA,NA,NA,prerequisite condition,"select count(*) from(
select value1 from
(select distinct
cast(concat(t2.salesforce_code,'_PORTFOLIO','_PORTFOLIO') as string) as value1
from m_prod_xref m
inner join
(
select salesforce_code,sleeve_name,bu_id,trim(brand_id) as brand_id from
(
select salesforce_code,sleeve_name,bu_id,
split(brand_ids,';') AS brnd_id from team_resp_code
)t1
LATERAL VIEW explode(brnd_id) id AS brand_id
)t2 on concat(t2.salesforce_code,'_',t2.brand_id) = m.source_product_name
where BUSINESS_UNIT in ('BMBU_IMM','LDO','OBU','ALZ')
and source_name='TEAM_RESP_CD'
)t3
except
select distinct value2 from
(
select
cast(concat(resp_code,'_',upper(product_id),'_',upper(indication_id)) as string) as value2
from src where upper(insight_type) in ('PORTFOLIO')
)t4
)t5",,,Type 1 : resp_code-product-indication mapping is incorrect for Portfolio insights
61,Post,US,00_RAW_FILES/PREDECTIVE_MODEL_INSIGHTS/PORTFOLIO_INSIGHTS/,US_PI_MODEL_INSIGHTS,",",parquet,resp_code,Custom_Count_Check,Daily,Active,NA,NA,NA,prerequisite condition,"select count(*) from(
select distinct value2 from
(
select
cast(concat(resp_code,'_',upper(product_id),'_',upper(indication_id)) as string) as value2
from src where upper(insight_type) in ('PORTFOLIO')
)t4
except
select value1 from
(select distinct
cast(concat(t2.salesforce_code,'_PORTFOLIO','_PORTFOLIO') as string) as value1
from m_prod_xref m
inner join
(
select salesforce_code,sleeve_name,bu_id,trim(brand_id) as brand_id from
(
select salesforce_code,sleeve_name,bu_id,
split(brand_ids,';') AS brnd_id from team_resp_code
)t1
LATERAL VIEW explode(brnd_id) id AS brand_id
)t2 on concat(t2.salesforce_code,'_',t2.brand_id) = m.source_product_name
where BUSINESS_UNIT in ('BMBU_IMM','LDO','OBU','ALZ')
and source_name='TEAM_RESP_CD'
)t3
)t5",,,Type 2 : resp_code-product-indication mapping is incorrect for Portfolio insights
62,Post,US,00_RAW_FILES/PREDECTIVE_MODEL_INSIGHTS/PORTFOLIO_INSIGHTS/,US_PI_MODEL_INSIGHTS,",",parquet,sleeve_name,Custom_Count_Check,Daily,Active,NA,NA,NA,prerequisite condition,"select count(*) from(
select value1 from
(select distinct
t2.sleeve_name as value1
from m_prod_xref m
inner join
(
select salesforce_code,sleeve_name,bu_id,trim(brand_id) as brand_id from
(
select salesforce_code,sleeve_name,bu_id,
split(brand_ids,';') AS brnd_id from team_resp_code
)t1
LATERAL VIEW explode(brnd_id) id AS brand_id
)t2 on concat(t2.salesforce_code,'_',t2.brand_id) = m.source_product_name
where BUSINESS_UNIT in ('BMBU_IMM','LDO','OBU','ALZ')
and source_name='TEAM_RESP_CD'
)t3
except
select value2 from
(
select
sleeve_name as value2
from src
)t4
)t5",,,Sleeve name does match resp-code file
63,Post,US,00_RAW_FILES/PREDECTIVE_MODEL_INSIGHTS/PORTFOLIO_INSIGHTS/,US_PI_MODEL_INSIGHTS,",",parquet,product_id,Null,Daily,Active,NA,NA,N,,,,,
64,Post,US,00_RAW_FILES/PREDECTIVE_MODEL_INSIGHTS/PORTFOLIO_INSIGHTS/,US_PI_MODEL_INSIGHTS,",",parquet,Indication_ID,Null,Daily,Active,NA,NA,N,,,,,
65,Post,US,00_RAW_FILES/PREDECTIVE_MODEL_INSIGHTS/PORTFOLIO_INSIGHTS/,US_PI_MODEL_INSIGHTS,",",parquet,resp_code,Null,Daily,Active,NA,NA,N,,,,,
66,Post,US,00_RAW_FILES/PREDECTIVE_MODEL_INSIGHTS/PORTFOLIO_INSIGHTS/,US_PI_MODEL_INSIGHTS,",",parquet,sleeve_name,Null,Daily,Active,NA,NA,N,,,,,
67,Post,US,00_RAW_FILES/PREDECTIVE_MODEL_INSIGHTS/PORTFOLIO_INSIGHTS/,US_PI_MODEL_INSIGHTS,",",parquet,insight_type,Null,Daily,Active,NA,NA,N,,,,,
68,Post,US,00_RAW_FILES/PREDECTIVE_MODEL_INSIGHTS/PORTFOLIO_INSIGHTS/,US_PI_MODEL_INSIGHTS,",",parquet,insight_type,Custom_Count_Check,Daily,Active,NA,NA,NA,prerequisite condition,"select 2 - count(distinct insight_type) from src 
where insight_type in ('Portfolio','Summary')",,,One or more insight_type required value is missing
69,Post,US,00_RAW_FILES/PREDECTIVE_MODEL_INSIGHTS/PORTFOLIO_INSIGHTS/,US_PI_MODEL_INSIGHTS,",",parquet,insight_type,Custom_Count_Check,Daily,Active,NA,NA,NA,prerequisite condition,"select count(distinct a. lilly_id_f,a.resp_code) from
(select distinct  lilly_id_f, resp_code from 

 (select  h.winnerhcpreferenceid as  lilly_id_f,*
from src  d  
left join  hcpreferencexref h
on eph_reference_id =loserhcpreferenceid ) a  

)a
left join 
(select  lilly_id_f, resp_code from 

 (select  h.winnerhcpreferenceid as  lilly_id_f,*
from src  d  
left join  hcpreferencexref h
on eph_reference_id =loserhcpreferenceid ) a  

 where upper(insight_type)='PORTFOLIO')b
on a. lilly_id_f = b. lilly_id_f and a.resp_code = b.resp_code
where b. lilly_id_f is null or b.resp_code is null",,,Portfolio insight is missing for hcp-resp_code pair
70,Post,US,00_RAW_FILES/PREDECTIVE_MODEL_INSIGHTS/PORTFOLIO_INSIGHTS/,US_PI_MODEL_INSIGHTS,",",parquet,insight_type,Custom_Count_Check,Daily,Active,NA,NA,NA,prerequisite condition,"select count(*) from(select count(*), lilly_id_f,resp_code from 

 (select  h.winnerhcpreferenceid as  lilly_id_f,*
from src  d  
left join  hcpreferencexref h
on eph_reference_id =loserhcpreferenceid ) a   

where upper(insight_type)='PORTFOLIO'
group by  lilly_id_f,resp_code
having count(*)>1)a",,,Multiple portfolio insights are present for HCP-Resp code pair
71,Post,US,00_RAW_FILES/PREDECTIVE_MODEL_INSIGHTS/PORTFOLIO_INSIGHTS/,US_PI_MODEL_INSIGHTS,",",parquet,insight_type,Custom_Count_Check,Daily,Active,NA,NA,NA,prerequisite condition,"select count(*) from(select count(*),lilly_id_f,product_id,resp_code,indication_id from 

 (select  h.winnerhcpreferenceid as  lilly_id_f,*
from src  d  
left join  hcpreferencexref h
on eph_reference_id =loserhcpreferenceid ) a  

 where upper(insight_type)='SUMMARY' group by lilly_id_f,product_id,resp_code,indication_id having count(*)>1)a",,,Multiple summary insights at SF-brand-resp_code grain
72,Post,US,00_RAW_FILES/PREDECTIVE_MODEL_INSIGHTS/PORTFOLIO_INSIGHTS/,US_PI_MODEL_INSIGHTS,",",parquet,insight_text,Null,Daily,Active,NA,NA,N,,,,,
73,Post,US,00_RAW_FILES/PREDECTIVE_MODEL_INSIGHTS/PORTFOLIO_INSIGHTS/,US_PI_MODEL_INSIGHTS,",",parquet,insight_text,Custom_Count_Check,Daily,Active,NA,NA,NA,prerequisite condition,select count(*) from src where insight_text like '%N/A%',,,Insight text is not present
74,Post,US,00_RAW_FILES/PREDECTIVE_MODEL_INSIGHTS/PORTFOLIO_INSIGHTS/,US_PI_MODEL_INSIGHTS,",",parquet,insight_text,Custom_Count_Check,Daily,Active,NA,NA,NA,prerequisite condition,"select count(*) from src where insight_text like ""%\n%""",,,Insight text contains newline character
75,Post,US,00_RAW_FILES/PREDECTIVE_MODEL_INSIGHTS/PORTFOLIO_INSIGHTS/,US_PI_MODEL_INSIGHTS,",",parquet,brand_additional_insight_order,Custom_Count_Check,Daily,Active,NA,NA,NA,prerequisite condition,select count(*) from src where upper(insight_type)='ADDITIONAL' and brand_additional_insight_order rlike '[^0-9]',,,insight order is non-numeric or negative
76,Post,US,00_RAW_FILES/PREDECTIVE_MODEL_INSIGHTS/PORTFOLIO_INSIGHTS/,US_PI_MODEL_INSIGHTS,",",parquet,brand_additional_insight_order,Custom_Count_Check,Daily,Active,NA,NA,NA,prerequisite condition,"select count(*) from
(select *,row_number() over(partition by lilly_id_f,
resp_code,product_id,indication_id order by cast(brand_additional_insight_order as int))row_num 
from 

 (select  h.winnerhcpreferenceid as  lilly_id_f,*
from src  d  
left join  hcpreferencexref h
on eph_reference_id =loserhcpreferenceid ) a  

where upper(insight_type)='ADDITIONAL')b
where row_num!=brand_additional_insight_order",,,insight order is non-consecutive
77,Post,US,00_RAW_FILES/PREDECTIVE_MODEL_INSIGHTS/PORTFOLIO_INSIGHTS/,US_PI_MODEL_INSIGHTS,",",parquet,suggestion_text,Null,Daily,Active,NA,NA,N,,,,,
78,Post,US,00_RAW_FILES/PREDECTIVE_MODEL_INSIGHTS/PORTFOLIO_INSIGHTS/,US_PI_MODEL_INSIGHTS,",",parquet,suggestion_text,Custom_Count_Check,Daily,Inactive,NA,NA,NA,prerequisite condition,select count(*) from src where suggestion_text like '%N/A%',,,"WARNING: Suggestion_text is not present, this has no impact on our system"
79,Post,US,00_RAW_FILES/PREDECTIVE_MODEL_INSIGHTS/PORTFOLIO_INSIGHTS/,US_PI_MODEL_INSIGHTS,",",parquet,suggestion_text,Custom_Count_Check,Daily,Active,NA,NA,NA,prerequisite condition,"select count(*) from src where suggestion_text like ""%\n%""",,,suggestion_text contains newline character
80,Post,US,00_RAW_FILES/PREDECTIVE_MODEL_INSIGHTS/PORTFOLIO_INSIGHTS/,US_PI_MODEL_INSIGHTS,",",parquet,EPH_Reference_ID,Custom_Count_Check,Daily,Active,NA,NA,NA,prerequisite condition,"select count(*) from(select count(*), lilly_id_f,resp_code,product_id,indication_id,brand_additional_insight_order from 

 (select  h.winnerhcpreferenceid as  lilly_id_f,*
from src  d  
left join  hcpreferencexref h
on eph_reference_id =loserhcpreferenceid ) a  

group by  lilly_id_f,resp_code,product_id,indication_id,brand_additional_insight_order
having count(*)>1)b",,,"Duplicates lilly_person_id, resp_code, product_id, indication_id, insight order"
81,Post,US,00_RAW_FILES/PREDECTIVE_MODEL_INSIGHTS/PORTFOLIO_INSIGHTS/,US_PI_MODEL_INSIGHTS,",",parquet,cloud_tag_display_state_1,Custom_Count_Check,Daily,Active,NA,NA,NA,prerequisite condition,"select count(*) from src where cloud_tag_display_state_1 like '%Highlighted%'
and NVL(cloud_tag_1,'N/A') like '%N/A%'",,,cloud_tag_display_state_1 is populated against no data in cloud_tag_1
82,Post,US,00_RAW_FILES/PREDECTIVE_MODEL_INSIGHTS/PORTFOLIO_INSIGHTS/,US_PI_MODEL_INSIGHTS,",",parquet,cloud_tag_display_state_2,Custom_Count_Check,Daily,Active,NA,NA,NA,prerequisite condition,"select count(*) from src where cloud_tag_display_state_2 like '%Highlighted%'
and NVL(cloud_tag_2,'N/A') like '%N/A%'",,,cloud_tag_display_state_2 is populated against no data in cloud_tag_2
83,Post,US,00_RAW_FILES/PREDECTIVE_MODEL_INSIGHTS/PORTFOLIO_INSIGHTS/,US_PI_MODEL_INSIGHTS,",",parquet,cloud_tag_display_state_3,Custom_Count_Check,Daily,Active,NA,NA,NA,prerequisite condition,"select count(*) from src where cloud_tag_display_state_3 like '%Highlighted%'
and NVL(cloud_tag_3,'N/A') like '%N/A%'",,,cloud_tag_display_state_3 is populated against no data in cloud_tag_3
84,Post,US,00_RAW_FILES/PREDECTIVE_MODEL_INSIGHTS/PORTFOLIO_INSIGHTS/,US_PI_MODEL_INSIGHTS,",",parquet,cloud_tag_display_state_4,Custom_Count_Check,Daily,Active,NA,NA,NA,prerequisite condition,"select count(*) from src where cloud_tag_display_state_4 like '%Highlighted%'
and NVL(cloud_tag_4,'N/A') like '%N/A%'",,,cloud_tag_display_state_4 is populated against no data in cloud_tag_4
85,Post,US,00_RAW_FILES/PREDECTIVE_MODEL_INSIGHTS/PORTFOLIO_INSIGHTS/,US_PI_MODEL_INSIGHTS,",",parquet,cloud_tag_display_state_5,Custom_Count_Check,Daily,Active,NA,NA,NA,prerequisite condition,"select count(*) from src where cloud_tag_display_state_5 like '%Highlighted%'
and NVL(cloud_tag_5,'N/A') like '%N/A%'",,,cloud_tag_display_state_5 is populated against no data in cloud_tag_5
86,Post,US,00_RAW_FILES/PREDECTIVE_MODEL_INSIGHTS/PORTFOLIO_INSIGHTS/,US_PI_MODEL_INSIGHTS,",",parquet,metric_name_1,Custom_Count_Check,Daily,Active,NA,NA,NA,prerequisite condition,"select count(*) from(select * from (select distinct metric_name_1 as metric from src
union 
select distinct metric_name_2 as metric from src
union 
select distinct metric_name_3 as metric from src
union 
select distinct metric_name_4 as metric from src
union 
select distinct metric_name_5 as metric from src
union 
select distinct metric_name_6 as metric from src)x where metric != 'N/A'
except
select distinct metric_key from metric_mapping)a",,,There are extra metrics compared to metric mapping
87,Post,US,00_RAW_FILES/PREDECTIVE_MODEL_INSIGHTS/PORTFOLIO_INSIGHTS/,US_PI_MODEL_INSIGHTS,",",parquet,cloud_tag_display_state_6,Custom_Count_Check,Daily,Active,NA,NA,NA,prerequisite condition,"select count(*) from src where cloud_tag_display_state_6 like '%Highlighted%'
and NVL(cloud_tag_6,'N/A') like '%N/A%'",,,cloud_tag_display_state_6 is populated against no data in cloud_tag_6
88,Post,US,00_RAW_FILES/PREDECTIVE_MODEL_INSIGHTS/PORTFOLIO_INSIGHTS/,US_PI_MODEL_INSIGHTS,",",parquet,metric_name_1,Custom_Count_Check,Daily,Active,NA,NA,NA,prerequisite condition,select count(*) from src where metric_name_1 like '% %' or  metric_name_2 like '% %' or metric_name_3 like '% %' or metric_name_4 like '% %' or metric_name_5 like '% %' or metric_name_6 like '% %',,,metric_name_1/2/3/4/5/6 contains spaces
89,Post,US,00_RAW_FILES/PREDECTIVE_MODEL_INSIGHTS/PORTFOLIO_INSIGHTS/,US_PI_MODEL_INSIGHTS,",",parquet,brand_additional_insight_order,Custom_Count_Check,Daily,Active,NA,NA,NA,prerequisite condition,"select count(*) from src where upper(insight_type) in ('SUMMARY','PORTFOLIO','URGENT') and nvl(brand_additional_insight_order,'A') !='N/A'",,,"insight order for Portifolio, summary and urgent BR insights is not NA"
90,Post,US,00_RAW_FILES/MASTER/OLUMIANT_AA_TRIGGER/,US_OLUMIANT_AA_TRIGGERS_METRICS,",",parquet,lilly_person_id,Good_Records,Daily,Inactive,NA,NA,N,prerequisite condition,Select * from src,Overwrite,,
91,Post,US,00_RAW_FILES/MASTER/OLUMIANT_AA_TRIGGER/,US_OLUMIANT_AA_TRIGGERS_METRICS,",",parquet,product_id,Null,Daily,Inactive,NA,NA,N,,,,,
92,Post,US,00_RAW_FILES/MASTER/OLUMIANT_AA_TRIGGER/,US_OLUMIANT_AA_TRIGGERS_METRICS,",",parquet,product_id,Custom_Count_Check,Daily,Inactive,NA,NA,NA,prerequisite condition,"select 1 - count(distinct product_id) from src 
where product_id in ('US_304547')",,,One or more product_id required value is missing
93,Post,US,00_RAW_FILES/MASTER/OLUMIANT_AA_TRIGGER/,US_OLUMIANT_AA_TRIGGERS_METRICS,",",parquet,indication_id,Null,Daily,Inactive,NA,NA,N,,,,,
94,Post,US,00_RAW_FILES/MASTER/OLUMIANT_AA_TRIGGER/,US_OLUMIANT_AA_TRIGGERS_METRICS,",",parquet,indication_id,Custom_Count_Check,Daily,Inactive,NA,NA,NA,prerequisite condition,"select 1 - count(distinct indication_id) from src 
where indication_id in ('598010')",,,One or more indication_id required value is missing
95,Post,US,00_RAW_FILES/MASTER/OLUMIANT_AA_TRIGGER/,US_OLUMIANT_AA_TRIGGERS_METRICS,",",parquet,lilly_person_id,Null,Daily,Inactive,NA,NA,N,,,,,
96,Post,US,00_RAW_FILES/MASTER/OLUMIANT_AA_TRIGGER/,US_OLUMIANT_AA_TRIGGERS_METRICS,",",parquet,lilly_person_id,CheckLength,Daily,Inactive,NA,11,N,11,,,,
97,Post,US,00_RAW_FILES/MASTER/OLUMIANT_AA_TRIGGER/,US_OLUMIANT_AA_TRIGGERS_METRICS,",",parquet,EPH_Reference_ID,Custom_Count_Check,Daily,Inactive,NA,NA,NA,prerequisite condition,"select count(*) from(select count(*),X.winnerhcpreferenceid as lilly_person_id,product_id,indication_id from src left join (select loserhcpreferenceid,winnerhcpreferenceid from hcpreferencexref) x
on src.eph_reference_id = X.loserhcpreferenceid group by X.winnerhcpreferenceid as,product_id,indication_id
having count(*)>1)a",,,Duplicates at the grain
98,Post,US,00_RAW_FILES/MASTER/OLUMIANT_AA_TRIGGER/,US_OLUMIANT_AA_TRIGGERS_METRICS,",",parquet,aa_olm_nbrx_360d,Custom_Count_Check,Daily,Inactive,NA,NA,NA,prerequisite condition,select count(*) from src where aa_olm_nbrx_360d rlike '[^0-9]',,,Non-numeric or negative value in aa_olm_nbrx_360d
99,Post,US,00_RAW_FILES/MASTER/OLUMIANT_AA_TRIGGER/,US_OLUMIANT_AA_TRIGGERS_METRICS,",",parquet,aa_olm_nbrx_60d,Custom_Count_Check,Daily,Inactive,NA,NA,NA,prerequisite condition,select count(*) from src where aa_olm_nbrx_60d rlike '[^0-9]',,,Non-numeric or negative value in aa_olm_nbrx_60d
100,Post,US,00_RAW_FILES/MASTER/OLUMIANT_AA_TRIGGER/,US_OLUMIANT_AA_TRIGGERS_METRICS,",",parquet,aa_olm_nbrx_360d_excl_60d,Custom_Count_Check,Daily,Inactive,NA,NA,NA,prerequisite condition,select count(*) from src where aa_olm_nbrx_360d_excl_60d rlike '[^0-9]',,,Non-numeric or negative value in aa_olm_nbrx_360d_excl_60d
101,Post,US,00_RAW_FILES/MASTER/OLUMIANT_AA_TRIGGER/,US_OLUMIANT_AA_TRIGGERS_METRICS,",",parquet,OLUMIANT_PENDING_REFERRALS_30D,Custom_Count_Check,Daily,Inactive,NA,NA,NA,prerequisite condition,select count(*) from src where OLUMIANT_PENDING_REFERRALS_30D rlike '[^0-9]',,,Non-numeric or negative value in OLUMIANT_PENDING_REFERRALS_30D
102,Post,US,00_RAW_FILES/MASTER/OLUMIANT_AA_TRIGGER/,US_OLUMIANT_AA_TRIGGERS_METRICS,",",parquet,aa_ritle_nbrx_60d,Custom_Count_Check,Daily,Inactive,NA,NA,NA,prerequisite condition,select count(*) from src where aa_ritle_nbrx_60d rlike '[^0-9]',,,Non-numeric or negative value in aa_ritle_nbrx_60d
103,Post,US,00_RAW_FILES/MASTER/OLUMIANT_AA_TRIGGER/,US_OLUMIANT_AA_TRIGGERS_METRICS,",",parquet,aa_ritle_nbrx_360d_excl_60d,Custom_Count_Check,Daily,Inactive,NA,NA,NA,prerequisite condition,select count(*) from src where aa_ritle_nbrx_360d_excl_60d rlike '[^0-9]',,,Non-numeric or negative value in aa_ritle_nbrx_360d_excl_60d
104,Post,US,00_RAW_FILES/MASTER/OLUMIANT_HCP_ATTRIBUTES/,US_OLUMIANT_HCP_ATTRIBUTES,",",parquet,Product_ID,Custom_Count_Check,Daily,Inactive,NA,NA,NA,prerequisite condition,"select 1 - count(distinct Product_ID) from src 
where Product_ID in ('US_304547')",,,One or more Product_ID required value is missing
105,Post,US,00_RAW_FILES/MASTER/OLUMIANT_HCP_ATTRIBUTES/,US_OLUMIANT_HCP_ATTRIBUTES,",",parquet,Product_ID,Null,Daily,Inactive,NA,NA,N,,,,,
106,Post,US,00_RAW_FILES/MASTER/OLUMIANT_HCP_ATTRIBUTES/,US_OLUMIANT_HCP_ATTRIBUTES,",",parquet,Indication_ID,Null,Daily,Inactive,NA,NA,N,,,,,
107,Post,US,00_RAW_FILES/MASTER/OLUMIANT_HCP_ATTRIBUTES/,US_OLUMIANT_HCP_ATTRIBUTES,",",parquet,Indication_ID,Custom_Count_Check,Daily,Inactive,NA,NA,NA,prerequisite condition,"select 1 - count(distinct Indication_ID) from src 
where Indication_ID in ('598010')",,,One or more Indication_ID required value is missing
108,Post,US,00_RAW_FILES/MASTER/OLUMIANT_HCP_ATTRIBUTES/,US_OLUMIANT_HCP_ATTRIBUTES,",",parquet,lilly_person_id,Null,Daily,Inactive,NA,NA,N,,,,,
109,Post,US,00_RAW_FILES/MASTER/OLUMIANT_HCP_ATTRIBUTES/,US_OLUMIANT_HCP_ATTRIBUTES,",",parquet,lilly_person_id,CheckLength,Daily,Inactive,NA,11,N,11,,,,
110,Post,US,00_RAW_FILES/MASTER/OLUMIANT_HCP_ATTRIBUTES/,US_OLUMIANT_HCP_ATTRIBUTES,",",parquet,EPH_Reference_ID,Custom_Count_Check,Daily,Inactive,NA,NA,NA,prerequisite condition,"select count(*) from(select count(*),X.winnerhcpreferenceid as lilly_person_id,product_id,indication_id from src left join (select loserhcpreferenceid,winnerhcpreferenceid from hcpreferencexref) x
on src.eph_reference_id = X.loserhcpreferenceid group by X.winnerhcpreferenceid,product_id,indication_id
having count(*)>1)a",,,Duplicates at the grain
111,Post,US,00_RAW_FILES/MASTER/OLUMIANT_HCP_ATTRIBUTES/,US_OLUMIANT_HCP_ATTRIBUTES,",",parquet,ly_spclty_grp,Custom_Count_Check,Daily,Inactive,NA,NA,NA,prerequisite condition,"select 1 - count(distinct ly_spclty_grp) from src 
where upper(ly_spclty_grp) in ('PCP')",,,One or more ly_spclty_grp required value is missing
112,Post,US,00_RAW_FILES/MASTER/OLUMIANT_HCP_ATTRIBUTES/,US_OLUMIANT_HCP_ATTRIBUTES,",",parquet,is_target,Custom_Count_Check,Daily,Inactive,NA,NA,NA,prerequisite condition,"select 2 - count(distinct is_target) from src 
where is_target in ('Y','N')",,,One or more is_target required value is missing
113,Post,US,00_RAW_FILES/MASTER/OLUMIANT_HCP_ATTRIBUTES/,US_OLUMIANT_HCP_ATTRIBUTES,",",parquet,is_target,Custom_Count_Check,Daily,Inactive,NA,NA,NA,prerequisite condition,select count(*) from src where upper(trim(is_target))='Y' and upper(trim(target_segment)) = 'PROSPECTS' ,,,is_target is Y for NON-TARGETS
114,Post,US,00_RAW_FILES/MASTER/OLUMIANT_HCP_ATTRIBUTES/,US_OLUMIANT_HCP_ATTRIBUTES,",",parquet,Target_Segment,Custom_Count_Check,Daily,Inactive,NA,NA,NA,prerequisite condition,"select 5 - count(distinct Target_Segment) from src 
where upper(Target_Segment) in ('CRITICAL','HIGH','MEDIUM','LOW','PROSPECTS')",,,One or more Target_Segment required value is missing
115,Post,US,00_RAW_FILES/MASTER/OLUMIANT_HCP_ATTRIBUTES/,US_OLUMIANT_HCP_ATTRIBUTES,",",parquet,Target_Segment,Custom_Count_Check,Daily,Inactive,NA,NA,NA,prerequisite condition,"select count(*) from src where upper(trim(target_segment)) in ('CRITICAL','HIGH','MEDIUM','LOW') and upper(trim(is_target))='N'",,,Incorrect target flag against C/H/L/M target segments
116,Post,US,00_RAW_FILES/MASTER/OLUMIANT_HCP_ATTRIBUTES/,US_OLUMIANT_HCP_ATTRIBUTES,",",parquet,lilly_person_id,Good_Records,Daily,Inactive,NA,NA,N,prerequisite condition,Select * from src,Overwrite,,
117,Post,US,00_RAW_FILES/MASTER/OLUMIANT_HCP_ATTRIBUTES/,US_OLUMIANT_HCP_ATTRIBUTES,",",parquet,EPH_Reference_ID,Custom_Count_Check,Daily,Inactive,NA,NA,N,prerequisite condition,"select count(*)
from
(select count(distinct X.winnerhcpreferenceid as lilly_person_id) as curr_hcp,
'1' as rn from src left join (select loserhcpreferenceid,winnerhcpreferenceid from hcpreferencexref) x
on src.eph_reference_id = X.loserhcpreferenceid) a
inner join
(select count(distinct X.winnerhcpreferenceid as lilly_person_id) as prev_hcps,
'1' as rnk
from OLUMIANT_ATTRIBUTES_PREV src left join (select loserhcpreferenceid,winnerhcpreferenceid from hcpreferencexref) x
on src.eph_reference_id = X.loserhcpreferenceid) b
on a.rn = b.rnk
where ((a.curr_hcp - b.prev_hcps) / (a.curr_hcp) * 100 ) > 5
or
((a.curr_hcp - b.prev_hcps) / (a.curr_hcp) * 100 ) < -5",NA,NA,WARNING: Checking if hcp difference between current file and previous file is greater than 5 or less than -5
118,Post,US,00_RAW_FILES/MASTER/OLUMIANT_HCP_ATTRIBUTES/,US_OLUMIANT_HCP_ATTRIBUTES,",",parquet,EPH_Reference_ID,Custom_Count_Check,Daily,Inactive,NA,NA,NA,prerequisite condition,"select count(*) from
(select count(distinct X.winnerhcpreferenceid as lilly_person_id) cnt, 1 dummy
from src ad_current_file left join (select loserhcpreferenceid,winnerhcpreferenceid from hcpreferencexref) x
on ad_current_file.eph_reference_id = X.loserhcpreferenceid where upper(TARGET_SEGMENT)='CRITICAL') curr
inner join
(select count(distinct X.winnerhcpreferenceid as lilly_person_id) cnt, 1 dummy
from OLUMIANT_ATTRIBUTES_PREV src left join (select loserhcpreferenceid,winnerhcpreferenceid from hcpreferencexref) x
on src.eph_reference_id = X.loserhcpreferenceid where upper(TARGET_SEGMENT)='CRITICAL') prev
on curr.dummy=prev.dummy
where (((curr.cnt-prev.cnt)/prev.cnt)*100)<-5 or (((curr.cnt-prev.cnt)/prev.cnt)*100)>5",NA,NA,WARNING: Relative Difference for count of critical TARGET_SEGMENT values (threshold 5 percent)
119,Post,US,00_RAW_FILES/MASTER/OLUMIANT_HCP_ATTRIBUTES/,US_OLUMIANT_HCP_ATTRIBUTES,",",parquet,EPH_Reference_ID,Custom_Count_Check,Daily,Inactive,NA,NA,NA,prerequisite condition,"select count(*) from 
(select count(distinct X.winnerhcpreferenceid as lilly_person_id) cnt, 1 dummy
from src ad_current_file left join (select loserhcpreferenceid,winnerhcpreferenceid from hcpreferencexref) x
on ad_current_file.eph_reference_id = X.loserhcpreferenceid where upper(TARGET_SEGMENT)='HIGH') curr
inner join
(select count(distinct X.winnerhcpreferenceid as lilly_person_id) cnt, 1 dummy
from OLUMIANT_ATTRIBUTES_PREV left join (select loserhcpreferenceid,winnerhcpreferenceid from hcpreferencexref) x
on src.eph_reference_id = X.loserhcpreferenceid where upper(TARGET_SEGMENT)='HIGH') prev
on curr.dummy=prev.dummy
where (((curr.cnt-prev.cnt)/prev.cnt)*100)<-5 or (((curr.cnt-prev.cnt)/prev.cnt)*100)>5",NA,NA,WARNING: Relative Difference for count of High TARGET_SEGMENT values (threshold 5 percent)
120,Post,US,00_RAW_FILES/MASTER/OLUMIANT_HCP_ATTRIBUTES/,US_OLUMIANT_HCP_ATTRIBUTES,",",parquet,EPH_Reference_ID,Custom_Count_Check,Daily,Inactive,NA,NA,NA,prerequisite condition,"select count(*) from 
(select count(distinct X.winnerhcpreferenceid as lilly_person_id) cnt, 1 dummy
from src ad_current_file left join (select loserhcpreferenceid,winnerhcpreferenceid from hcpreferencexref) x
on ad_current_file.eph_reference_id = X.loserhcpreferenceid where upper(TARGET_SEGMENT)='MEDIUM') curr
inner join
(select count(distinct X.winnerhcpreferenceid as lilly_person_id) cnt, 1 dummy
from OLUMIANT_ATTRIBUTES_PREV src left join (select loserhcpreferenceid,winnerhcpreferenceid from hcpreferencexref) x
on src.eph_reference_id = X.loserhcpreferenceid where upper(TARGET_SEGMENT)='MEDIUM') prev
on curr.dummy=prev.dummy
where (((curr.cnt-prev.cnt)/prev.cnt)*100)<-5 or (((curr.cnt-prev.cnt)/prev.cnt)*100)>5",NA,NA,WARNING: Relative Difference for count of medium TARGET_SEGMENT values (threshold 5 percent)
121,Post,US,00_RAW_FILES/MASTER/OLUMIANT_HCP_ATTRIBUTES/,US_OLUMIANT_HCP_ATTRIBUTES,",",parquet,EPH_Reference_ID,Custom_Count_Check,Daily,Inactive,NA,NA,NA,prerequisite condition,"select count(*) from 
(select count(distinct X.winnerhcpreferenceid as lilly_person_id) cnt, 1 dummy
from src ad_current_file left join (select loserhcpreferenceid,winnerhcpreferenceid from hcpreferencexref) x
on ad_current_file.eph_reference_id = X.loserhcpreferenceid where upper(TARGET_SEGMENT)='LOW') curr
inner join
(select count(distinct X.winnerhcpreferenceid as lilly_person_id) cnt, 1 dummy
from OLUMIANT_ATTRIBUTES_PREV src left join (select loserhcpreferenceid,winnerhcpreferenceid from hcpreferencexref) x
on src.eph_reference_id = X.loserhcpreferenceid where upper(TARGET_SEGMENT)='LOW') prev
on curr.dummy=prev.dummy
where (((curr.cnt-prev.cnt)/prev.cnt)*100)<-5 or (((curr.cnt-prev.cnt)/prev.cnt)*100)>5",NA,NA,WARNING: Relative Difference for count of Low TARGET_SEGMENT values (threshold 5 percent)
122,Post,US,00_RAW_FILES/MASTER/OLUMIANT_HCP_ATTRIBUTES/,US_OLUMIANT_HCP_ATTRIBUTES,",",parquet,EPH_Reference_ID,Custom_Count_Check,Daily,Inactive,NA,NA,NA,prerequisite condition,"select count(*) from 
(select count(distinct X.winnerhcpreferenceid as lilly_person_id) cnt, 1 dummy
from src ad_current_file left join (select loserhcpreferenceid,winnerhcpreferenceid from hcpreferencexref) x
on ad_current_file.eph_reference_id = X.loserhcpreferenceid where upper(TARGET_SEGMENT)='PROSPECTS') curr
inner join
(select count(distinct X.winnerhcpreferenceid as lilly_person_id) cnt, 1 dummy
from OLUMIANT_ATTRIBUTES_PREV src left join (select loserhcpreferenceid,winnerhcpreferenceid from hcpreferencexref) x
on src.eph_reference_id = X.loserhcpreferenceid where upper(TARGET_SEGMENT)='PROSPECTS') prev
on curr.dummy=prev.dummy
where (((curr.cnt-prev.cnt)/prev.cnt)*100)<-5 or (((curr.cnt-prev.cnt)/prev.cnt)*100)>5",NA,NA,WARNING: Relative Difference for count of PROSPECTS TARGET_SEGMENT values (threshold 5 percent)
123,Post,US,00_RAW_FILES/MASTER/SALESFORCE_TARGETING_UNIVERSE/,US_Salesforce_Targeting_Universe,",",parquet,lilly_person_id,Null,Daily,Active,NA,NA,N,,,,,
124,Post,US,00_RAW_FILES/MASTER/SALESFORCE_TARGETING_UNIVERSE/,US_Salesforce_Targeting_Universe,",",parquet,lilly_person_id,CheckLength,Daily,Active,NA,11,N,11,,,,
125,Post,US,00_RAW_FILES/MASTER/SALESFORCE_TARGETING_UNIVERSE/,US_Salesforce_Targeting_Universe,",",parquet,product_id,Custom_Count_Check,Daily,Active,NA,NA,NA,prerequisite condition,"select 8 - count(distinct product_id) from src
where product_id in ('US_304528','US_613009','US_708122','US_708086','US_304521','US_708120','US_708121','US_708127')",,,One or more product_id required value is missing
126,Post,US,00_RAW_FILES/MASTER/SALESFORCE_TARGETING_UNIVERSE/,US_Salesforce_Targeting_Universe,",",parquet,brand_name,Custom_Count_Check,Daily,Active,NA,NA,NA,prerequisite condition,"select 8 - count(distinct brand_name) from src
where upper(brand_name) in ('TALTZ','EBGLYSS','MOUNJARO','ZEPBOUND','JAYPIRCA','VERZENIO','KISUNLA','OMVOH')",,,One or more brand_name required value is missing
127,Post,US,00_RAW_FILES/MASTER/SALESFORCE_TARGETING_UNIVERSE/,US_Salesforce_Targeting_Universe,",",parquet,sales_force_code,Custom_Count_Check,Daily,Active,NA,NA,NA,prerequisite condition,"select 13 - count(distinct sales_force_code) from src
where sales_force_code in ('USV4','USV5','USV6','USV7','USV8','US8D','US8E','US8F','US7P','US1U','US6M','US6N','US6L')",,,One or more sales_force_code required value is missing
128,Post,US,00_RAW_FILES/MASTER/SALESFORCE_TARGETING_UNIVERSE/,US_Salesforce_Targeting_Universe,",",parquet,Sales_force_name,Null,Daily,Active,NA,NA,N,,,,,
129,Post,US,00_RAW_FILES/MASTER/SALESFORCE_TARGETING_UNIVERSE/,US_Salesforce_Targeting_Universe,",",parquet,Tier,Custom_Count_Check,Daily,Active,NA,NA,NA,prerequisite condition,select count(*) from src where tier rlike '[^0-9]',,,Non-numeric or negative value in tier
130,Post,US,00_RAW_FILES/MASTER/SALESFORCE_TARGETING_UNIVERSE/,US_Salesforce_Targeting_Universe,",",parquet,data_date_start,Date_yymmdd,Daily,Active,NA,NA,N,,,,,
131,Post,US,00_RAW_FILES/MASTER/SALESFORCE_TARGETING_UNIVERSE/,US_Salesforce_Targeting_Universe,",",parquet,data_date_end,Date_yymmdd,Daily,Active,NA,NA,N,,,,,
132,Post,US,00_RAW_FILES/MASTER/SALESFORCE_TARGETING_UNIVERSE/,US_Salesforce_Targeting_Universe,",",parquet,data_date_end,Custom_Count_Check,Daily,Active,NA,NA,NA,prerequisite condition,select count(*) from src where 'data_date_end' < 'previous_date',,,end_date lies before start_date
133,Post,US,00_RAW_FILES/MASTER/SALESFORCE_TARGETING_UNIVERSE/,US_Salesforce_Targeting_Universe,",",parquet,sales_force_code,Custom_Count_Check,Daily,Active,NA,NA,NA,prerequisite condition,"select count(*) from(select count(*),lilly_id_f,product_id,sales_force_code,indication_id from 

 (select  h.winnerhcpreferenceid as  lilly_id_f,*
from src  d  
left join  hcpreferencexref h
on eph_reference_id =loserhcpreferenceid ) a   

group by lilly_id_f,product_id,sales_force_code,indication_id having count(*)>1)a",,,Duplicates at lilly_person_id : product_id : sales_force_code : indication_id
134,Post,US,00_RAW_FILES/MASTER/SALESFORCE_TARGETING_UNIVERSE/,US_Salesforce_Targeting_Universe,",",parquet,EPH_Reference_ID,Null,Daily,Active,NA,NA,N,,,,,
135,Post,US,00_RAW_FILES/MASTER/SALESFORCE_TARGETING_UNIVERSE/,US_Salesforce_Targeting_Universe,",",parquet,EPH_Enterprise_ID,Null,Daily,Active,NA,NA,N,,,,,
136,Post,US,00_RAW_FILES/MASTER/SALESFORCE_TARGETING_UNIVERSE/,US_Salesforce_Targeting_Universe,",",parquet,product_id,Null,Daily,Active,NA,NA,N,,,,,
137,Post,US,00_RAW_FILES/MASTER/SALESFORCE_TARGETING_UNIVERSE/,US_Salesforce_Targeting_Universe,",",parquet,brand_name,Null,Daily,Active,NA,NA,N,,,,,
138,Post,US,00_RAW_FILES/MASTER/SALESFORCE_TARGETING_UNIVERSE/,US_Salesforce_Targeting_Universe,",",parquet,sales_force_code,Null,Daily,Active,NA,NA,N,,,,,
139,Post,US,00_RAW_FILES/MASTER/SALESFORCE_TARGETING_UNIVERSE/,US_Salesforce_Targeting_Universe,",",parquet,EPH_Reference_ID,Custom_Query,Daily,Active,NA,NA,NA,prerequisite condition,"select count(distinct lilly_id_f),sales_force_code,sales_force_name,
product_id,brand_name from 

 (select  h.winnerhcpreferenceid as  lilly_id_f,*
from src  d  
left join  hcpreferencexref h
on eph_reference_id =loserhcpreferenceid ) a  

group by sales_force_code,sales_force_name,
product_id,brand_name",,,Not Applicable
140,Post,US,00_RAW_FILES/MASTER/SALESFORCE_TARGETING_UNIVERSE/,US_Salesforce_Targeting_Universe,",",parquet,EPH_Reference_ID,Custom_Query,Daily,Active,NA,NA,NA,prerequisite condition,"select count(distinct h.lilly_id_f) as hcp_count,
count(distinct h.territory_id) as terr_count,
h.salesforce_code,h.sleeve_name,s.brand_name
from 

  
 (select  h.winnerhcpreferenceid as  lilly_id_f,*
from hcp_rep_terr  d  
left join  hcpreferencexref h
on eph_reference_id =loserhcpreferenceid ) h

inner join 

 (select  h.winnerhcpreferenceid as  lilly_id_ff,*
from src  d  
left join  hcpreferencexref h
on eph_reference_id =loserhcpreferenceid )  s  
on h.lilly_id_f = s.lilly_id_ff
and h.salesforce_code = s.sales_force_code 
group by h.salesforce_code,h.sleeve_name,s.brand_name",,,Not Applicable
141,Post,US,00_RAW_FILES/MASTER/SALESFORCE_TARGETING_UNIVERSE/,US_Salesforce_Targeting_Universe,",",parquet,sales_force_code,Good_Records,Daily,Active,NA,NA,NA,prerequisite condition,select * from src,Overwrite,,
142,Post,US,00_RAW_FILES/MASTER/SAMPLES/,US_SAMPLES,",",parquet,BRAND,Null,Daily,Inactive,NA,NA,N,,,,,
143,Post,US,00_RAW_FILES/MASTER/SAMPLES/,US_SAMPLES,",",parquet,PRSN_ID,Null,Daily,Inactive,NA,NA,N,,,,,
144,Post,US,00_RAW_FILES/MASTER/SAMPLES/,US_SAMPLES,",",parquet,PRSN_ID,CheckLength,Daily,Inactive,NA,11,N,11,,,,
145,Post,US,00_RAW_FILES/MASTER/SAMPLES/,US_SAMPLES,",",parquet,DATE,Date_yymmdd,Daily,Inactive,NA,NA,N,,,,,
146,Post,US,00_RAW_FILES/MASTER/SAMPLES/,US_SAMPLES,",",parquet,SAMPLES,Custom_Count_Check,Daily,Inactive,NA,NA,NA,prerequisite condition,select count(*) from src where samples like '%.%',,,Non-numeric values in samples
147,Post,US,00_RAW_FILES/MASTER/SAMPLES/,US_SAMPLES,",",parquet,PRSN_ID,Custom_Count_Check,Daily,Inactive,NA,NA,NA,prerequisite condition,"select count(*) from(select count(*),prsn_id,brand from src where indication is null group by prsn_id,brand having count(*)>1)a",,,Duplicates at prsn_id : brand
148,Post,US,00_RAW_FILES/MASTER/SAMPLES/,US_SAMPLES,",",parquet,PRSN_ID,Custom_Count_Check,Daily,Inactive,NA,NA,NA,prerequisite condition,"select count(*) from(select count(*),prsn_id,brand,indication,date from src where indication is not null group by prsn_id,brand,indication,date having count(*)>1)a",,,Duplicates at prsn_id : brand : indication
149,Post,US,00_RAW_FILES/MASTER/SAMPLES/,US_SAMPLES,",",parquet,PRSN_ID,Good_Records,Daily,Inactive,NA,NA,N,prerequisite condition,Select * from src,Overwrite,,
150,Post,US,00_RAW_FILES/MASTER/TALTZ_HCP_ATTRIBUTES/,US_TALTZ_HCP_ATTRIBUTES,",",parquet,Product_ID,Null,Daily,Active,NA,NA,N,,,,,
151,Post,US,00_RAW_FILES/MASTER/TALTZ_HCP_ATTRIBUTES/,US_TALTZ_HCP_ATTRIBUTES,",",parquet,Product_ID,Custom_Count_Check,Daily,Active,NA,NA,NA,prerequisite condition,"select 1 - count(distinct Product_ID) from src 
where Product_ID in ('US_304528')",,,One or more Product_ID required value is missing
152,Post,US,00_RAW_FILES/MASTER/TALTZ_HCP_ATTRIBUTES/,US_TALTZ_HCP_ATTRIBUTES,",",parquet,Indication_ID,Null,Daily,Active,NA,NA,N,,,,,
153,Post,US,00_RAW_FILES/MASTER/TALTZ_HCP_ATTRIBUTES/,US_TALTZ_HCP_ATTRIBUTES,",",parquet,Indication_ID,Custom_Count_Check,Daily,Active,NA,NA,NA,prerequisite condition,"select 2 - count(distinct Indication_ID) from src 
where Indication_ID in ('DS150','DS152')",,,One or more Indication_ID required value is missing
154,Post,US,00_RAW_FILES/MASTER/TALTZ_HCP_ATTRIBUTES/,US_TALTZ_HCP_ATTRIBUTES,",",parquet,lilly_person_id,Null,Daily,Active,NA,NA,N,,,,,
155,Post,US,00_RAW_FILES/MASTER/TALTZ_HCP_ATTRIBUTES/,US_TALTZ_HCP_ATTRIBUTES,",",parquet,lilly_person_id,CheckLength,Daily,Inactive,NA,11,N,11,,,,
156,Post,US,00_RAW_FILES/MASTER/TALTZ_HCP_ATTRIBUTES/,US_TALTZ_HCP_ATTRIBUTES,",",parquet,EPH_Reference_ID,Custom_Count_Check,Daily,Active,NA,NA,NA,prerequisite condition,"select count(*) from(select count(*),X.winnerhcpreferenceid as lilly_person_id,product_id,indication_id from src left join (select loserhcpreferenceid,winnerhcpreferenceid from hcpreferencexref) x
on src.eph_reference_id = X.loserhcpreferenceid group by X.winnerhcpreferenceid,product_id,indication_id
having count(*)>1)a",,,Warning | Duplicates at the grain
157,Post,US,00_RAW_FILES/MASTER/TALTZ_HCP_ATTRIBUTES/,US_TALTZ_HCP_ATTRIBUTES,",",parquet,ly_spclty_grp,Custom_Count_Check,Daily,Active,NA,NA,NA,prerequisite condition,"select 1 - count(distinct ly_spclty_grp) from src 
where upper(ly_spclty_grp) in ('PCP')",,,One or more ly_spclty_grp required value is missing
158,Post,US,00_RAW_FILES/MASTER/TALTZ_HCP_ATTRIBUTES/,US_TALTZ_HCP_ATTRIBUTES,",",parquet,mce_segment,Custom_Count_Check,Daily,Active,NA,NA,NA,prerequisite condition,"select 1 - count(distinct mce_segment) from src 
where upper(mce_segment) in ('DR. DOMAINS')",,,One or more mce_segment required value is missing
159,Post,US,00_RAW_FILES/MASTER/TALTZ_HCP_ATTRIBUTES/,US_TALTZ_HCP_ATTRIBUTES,",",parquet,is_target,Custom_Count_Check,Daily,Active,NA,NA,NA,prerequisite condition,"select 2 - count(distinct is_target) from src 
where is_target in ('Y','N')",,,One or more is_target required value is missing
160,Post,US,00_RAW_FILES/MASTER/TALTZ_HCP_ATTRIBUTES/,US_TALTZ_HCP_ATTRIBUTES,",",parquet,is_target,Custom_Count_Check,Daily,Active,NA,NA,NA,prerequisite condition,select count(*) from src where upper(trim(is_target))='Y' and upper(trim(target_segment)) = 'PROSPECTS' ,,,is_target is Y for NON-TARGETS
161,Post,US,00_RAW_FILES/MASTER/TALTZ_HCP_ATTRIBUTES/,US_TALTZ_HCP_ATTRIBUTES,",",parquet,Target_Segment,Custom_Count_Check,Daily,Active,NA,NA,NA,prerequisite condition,"select 5 - count(distinct Target_Segment) from src 
where upper(Target_Segment) in ('CRITICAL','HIGH','MEDIUM','LOW','PROSPECTS')",,,One or more Target_Segment required value is missing
162,Post,US,00_RAW_FILES/MASTER/TALTZ_HCP_ATTRIBUTES/,US_TALTZ_HCP_ATTRIBUTES,",",parquet,Target_Segment,Custom_Count_Check,Daily,Active,NA,NA,NA,prerequisite condition,"select count(*) from src where upper(trim(target_segment)) in ('CRITICAL','HIGH','MEDIUM','LOW') and upper(trim(is_target))='N'",,,Incorrect target flag against C/H/L/M target segments
163,Post,US,00_RAW_FILES/MASTER/TALTZ_HCP_ATTRIBUTES/,US_TALTZ_HCP_ATTRIBUTES,",",parquet,lilly_person_id,Good_Records,Daily,Active,NA,NA,N,prerequisite condition,Select * from src,Overwrite,,
164,Post,US,00_RAW_FILES/MASTER/TALTZ_HCP_ATTRIBUTES/,US_TALTZ_HCP_ATTRIBUTES,",",parquet,EPH_Reference_ID,Custom_Count_Check,Daily,Active,NA,NA,N,prerequisite condition,"select count(*)
from
(select count(distinct X.winnerhcpreferenceid) as curr_hcp,
'1' as rn from src left join (select loserhcpreferenceid,winnerhcpreferenceid from hcpreferencexref) x
on src.eph_reference_id = X.loserhcpreferenceid) a
inner join
(select count(distinct X.winnerhcpreferenceid) as prev_hcps,
'1' as rnk
from TALTZ_ATTRIBUTES_PREV src left join (select loserhcpreferenceid,winnerhcpreferenceid from hcpreferencexref) x
on src.eph_reference_id = X.loserhcpreferenceid) b
on a.rn = b.rnk
where ((a.curr_hcp - b.prev_hcps) / (a.curr_hcp) * 100 ) > 5
or
((a.curr_hcp - b.prev_hcps) / (a.curr_hcp) * 100 ) < -5",NA,NA,WARNING: Checking if hcp difference between current file and previous file is greater than 5 or less than -5
165,Post,US,00_RAW_FILES/MASTER/TALTZ_HCP_ATTRIBUTES/,US_TALTZ_HCP_ATTRIBUTES,",",parquet,EPH_Reference_ID,Custom_Count_Check,Daily,Active,NA,NA,NA,prerequisite condition,"select count(*) from
(select count(distinct X.winnerhcpreferenceid) cnt, 1 dummy
from src ad_current_file left join (select loserhcpreferenceid,winnerhcpreferenceid from hcpreferencexref) x
on ad_current_file.eph_reference_id = X.loserhcpreferenceid where upper(TARGET_SEGMENT)='CRITICAL') curr
inner join
(select count(distinct X.winnerhcpreferenceid) cnt, 1 dummy
from TALTZ_ATTRIBUTES_PREV src left join (select loserhcpreferenceid,winnerhcpreferenceid from hcpreferencexref) x
on src.eph_reference_id = X.loserhcpreferenceid where upper(TARGET_SEGMENT)='CRITICAL') prev
on curr.dummy=prev.dummy
where (((curr.cnt-prev.cnt)/prev.cnt)*100)<-5 or (((curr.cnt-prev.cnt)/prev.cnt)*100)>5",NA,NA,WARNING: Relative Difference for count of critical TARGET_SEGMENT values (threshold 5 percent)
166,Post,US,00_RAW_FILES/MASTER/TALTZ_HCP_ATTRIBUTES/,US_TALTZ_HCP_ATTRIBUTES,",",parquet,EPH_Reference_ID,Custom_Count_Check,Daily,Active,NA,NA,NA,prerequisite condition,"select count(*) from 
(select count(distinct X.winnerhcpreferenceid) cnt, 1 dummy
from src ad_current_file left join (select loserhcpreferenceid,winnerhcpreferenceid from hcpreferencexref) x
on ad_current_file.eph_reference_id = X.loserhcpreferenceid where upper(TARGET_SEGMENT)='HIGH') curr
inner join
(select count(distinct X.winnerhcpreferenceid) cnt, 1 dummy
from TALTZ_ATTRIBUTES_PREV src left join (select loserhcpreferenceid,winnerhcpreferenceid from hcpreferencexref) x
on src.eph_reference_id = X.loserhcpreferenceid where upper(TARGET_SEGMENT)='HIGH') prev
on curr.dummy=prev.dummy
where (((curr.cnt-prev.cnt)/prev.cnt)*100)<-5 or (((curr.cnt-prev.cnt)/prev.cnt)*100)>5",NA,NA,WARNING: Relative Difference for count of High TARGET_SEGMENT values (threshold 5 percent)
167,Post,US,00_RAW_FILES/MASTER/TALTZ_HCP_ATTRIBUTES/,US_TALTZ_HCP_ATTRIBUTES,",",parquet,EPH_Reference_ID,Custom_Count_Check,Daily,Active,NA,NA,NA,prerequisite condition,"select count(*) from 
(select count(distinct X.winnerhcpreferenceid ) cnt, 1 dummy
from src ad_current_file left join (select loserhcpreferenceid,winnerhcpreferenceid from hcpreferencexref) x
on ad_current_file.eph_reference_id = X.loserhcpreferenceid where upper(TARGET_SEGMENT)='MEDIUM') curr
inner join
(select count(distinct X.winnerhcpreferenceid ) cnt, 1 dummy
from TALTZ_ATTRIBUTES_PREV src left join (select loserhcpreferenceid,winnerhcpreferenceid from hcpreferencexref) x
on src.eph_reference_id = X.loserhcpreferenceid where upper(TARGET_SEGMENT)='MEDIUM') prev
on curr.dummy=prev.dummy
where (((curr.cnt-prev.cnt)/prev.cnt)*100)<-5 or (((curr.cnt-prev.cnt)/prev.cnt)*100)>5",NA,NA,WARNING: Relative Difference for count of medium TARGET_SEGMENT values (threshold 5 percent)
168,Post,US,00_RAW_FILES/MASTER/TALTZ_HCP_ATTRIBUTES/,US_TALTZ_HCP_ATTRIBUTES,",",parquet,EPH_Reference_ID,Custom_Count_Check,Daily,Active,NA,NA,NA,prerequisite condition,"select count(*) from 
(select count(distinct X.winnerhcpreferenceid) cnt, 1 dummy
from src ad_current_file left join (select loserhcpreferenceid,winnerhcpreferenceid from hcpreferencexref) x
on ad_current_file.eph_reference_id = X.loserhcpreferenceid where upper(TARGET_SEGMENT)='LOW') curr
inner join
(select count(distinct X.winnerhcpreferenceid) cnt, 1 dummy
from TALTZ_ATTRIBUTES_PREV src left join (select loserhcpreferenceid,winnerhcpreferenceid from hcpreferencexref) x
on src.eph_reference_id = X.loserhcpreferenceid where upper(TARGET_SEGMENT)='LOW') prev
on curr.dummy=prev.dummy
where (((curr.cnt-prev.cnt)/prev.cnt)*100)<-5 or (((curr.cnt-prev.cnt)/prev.cnt)*100)>5",NA,NA,WARNING: Relative Difference for count of Low TARGET_SEGMENT values (threshold 5 percent)
169,Post,US,00_RAW_FILES/MASTER/TALTZ_HCP_ATTRIBUTES/,US_TALTZ_HCP_ATTRIBUTES,",",parquet,EPH_Reference_ID,Custom_Count_Check,Daily,Active,NA,NA,NA,prerequisite condition,"select count(*) from 
(select count(distinct X.winnerhcpreferenceid) cnt, 1 dummy
from src ad_current_file left join (select loserhcpreferenceid,winnerhcpreferenceid from hcpreferencexref) x
on ad_current_file.eph_reference_id = X.loserhcpreferenceid where upper(TARGET_SEGMENT)='PROSPECTS') curr
inner join
(select count(distinct X.winnerhcpreferenceid) cnt, 1 dummy
from TALTZ_ATTRIBUTES_PREV src left join (select loserhcpreferenceid,winnerhcpreferenceid from hcpreferencexref) x
on src.eph_reference_id = X.loserhcpreferenceid where upper(TARGET_SEGMENT)='PROSPECTS') prev
on curr.dummy=prev.dummy
where (((curr.cnt-prev.cnt)/prev.cnt)*100)<-5 or (((curr.cnt-prev.cnt)/prev.cnt)*100)>5",NA,NA,WARNING: Relative Difference for count of PROSPECTS TARGET_SEGMENT values (threshold 5 percent)
170,Post,US,00_RAW_FILES/MASTER/TALTZ_PSA_TRIGGER/,US_TALTZ_PSA_TRIGGER_METRICS,",",parquet,product_id,Null,Daily,Active,NA,NA,N,,,,,
171,Post,US,00_RAW_FILES/MASTER/TALTZ_PSA_TRIGGER/,US_TALTZ_PSA_TRIGGER_METRICS,",",parquet,product_id,Custom_Count_Check,Daily,Active,NA,NA,NA,prerequisite condition,"select 1 - count(distinct product_id) from src 
where product_id in ('US_304528')",,,One or more product_id required value is missing
172,Post,US,00_RAW_FILES/MASTER/TALTZ_PSA_TRIGGER/,US_TALTZ_PSA_TRIGGER_METRICS,",",parquet,indication_id,Null,Daily,Active,NA,NA,N,,,,,
173,Post,US,00_RAW_FILES/MASTER/TALTZ_PSA_TRIGGER/,US_TALTZ_PSA_TRIGGER_METRICS,",",parquet,indication_id,Custom_Count_Check,Daily,Active,NA,NA,NA,prerequisite condition,"select 1 - count(distinct indication_id) from src 
where indication_id in ('DS152')",,,One or more indication_id required value is missing
174,Post,US,00_RAW_FILES/MASTER/TALTZ_PSA_TRIGGER/,US_TALTZ_PSA_TRIGGER_METRICS,",",parquet,lilly_person_id,Null,Daily,Active,NA,NA,N,,,,,
175,Post,US,00_RAW_FILES/MASTER/TALTZ_PSA_TRIGGER/,US_TALTZ_PSA_TRIGGER_METRICS,",",parquet,lilly_person_id,CheckLength,Daily,Inactive,NA,11,N,11,,,,
176,Post,US,00_RAW_FILES/MASTER/TALTZ_PSA_TRIGGER/,US_TALTZ_PSA_TRIGGER_METRICS,",",parquet,EPH_Reference_ID,Custom_Count_Check,Daily,Active,NA,NA,NA,prerequisite condition,"select count(*) from(select count(*),X.winnerhcpreferenceid as lilly_person_id,product_id,indication_id from src left join (select loserhcpreferenceid,winnerhcpreferenceid from hcpreferencexref) x
on src.eph_reference_id = X.loserhcpreferenceid group by X.winnerhcpreferenceid,product_id,indication_id
having count(*)>1)a",,,Warning | Duplicates at the grain
177,Post,US,00_RAW_FILES/MASTER/TALTZ_PSA_TRIGGER/,US_TALTZ_PSA_TRIGGER_METRICS,",",parquet,psa_cos_trx_150_to_300_30d_gd_pyr,Custom_Count_Check,Daily,Active,NA,NA,NA,prerequisite condition,select count(*) from src where psa_cos_trx_150_to_300_30d_gd_pyr rlike '[^0-9]',,,Non-numeric or negative value in psa_cos_trx_150_to_300_30d_gd_pyr
178,Post,US,00_RAW_FILES/MASTER/TALTZ_PSA_TRIGGER/,US_TALTZ_PSA_TRIGGER_METRICS,",",parquet,as_cos_trx_150_to_300_30d_gd_pyr,Custom_Count_Check,Daily,Active,NA,NA,NA,prerequisite condition,select count(*) from src where as_cos_trx_150_to_300_30d_gd_pyr rlike '[^0-9]',,,Non-numeric or negative value in as_cos_trx_150_to_300_30d_gd_pyr
179,Post,US,00_RAW_FILES/MASTER/TALTZ_PSA_TRIGGER/,US_TALTZ_PSA_TRIGGER_METRICS,",",parquet,as_cos_nbrx_30d_gd_pyr,Custom_Count_Check,Daily,Active,NA,NA,NA,prerequisite condition,select count(*) from src where as_cos_nbrx_30d_gd_pyr rlike '[^0-9]',,,Non-numeric or negative value in as_cos_nbrx_30d_gd_pyr
180,Post,US,00_RAW_FILES/MASTER/TALTZ_PSA_TRIGGER/,US_TALTZ_PSA_TRIGGER_METRICS,",",parquet,lilly_person_id,Good_Records,Daily,Active,NA,NA,N,prerequisite condition,Select * from src,Overwrite,,
181,Post,US,00_RAW_FILES/MASTER/TALTZ_PSO_TRIGGER/,US_TALTZ_PSO_TRIGGER_METRICS,",",parquet,product_id,Null,Daily,Active,NA,NA,N,,,,,
182,Post,US,00_RAW_FILES/MASTER/TALTZ_PSO_TRIGGER/,US_TALTZ_PSO_TRIGGER_METRICS,",",parquet,product_id,Custom_Count_Check,Daily,Active,NA,NA,NA,prerequisite condition,"select 1 - count(distinct product_id) from src 
where product_id in ('US_304528')",,,One or more product_id required value is missing
183,Post,US,00_RAW_FILES/MASTER/TALTZ_PSO_TRIGGER/,US_TALTZ_PSO_TRIGGER_METRICS,",",parquet,indication_id,Null,Daily,Active,NA,NA,N,,,,,
184,Post,US,00_RAW_FILES/MASTER/TALTZ_PSO_TRIGGER/,US_TALTZ_PSO_TRIGGER_METRICS,",",parquet,indication_id,Custom_Count_Check,Daily,Active,NA,NA,NA,prerequisite condition,"select 1 - count(distinct indication_id) from src 
where indication_id in ('DS150')",,,One or more indication_id required value is missing
185,Post,US,00_RAW_FILES/MASTER/TALTZ_PSO_TRIGGER/,US_TALTZ_PSO_TRIGGER_METRICS,",",parquet,lilly_person_id,Null,Daily,Active,NA,NA,N,,,,,
186,Post,US,00_RAW_FILES/MASTER/TALTZ_PSO_TRIGGER/,US_TALTZ_PSO_TRIGGER_METRICS,",",parquet,lilly_person_id,CheckLength,Daily,Inactive,NA,11,N,11,,,,
187,Post,US,00_RAW_FILES/MASTER/TALTZ_PSO_TRIGGER/,US_TALTZ_PSO_TRIGGER_METRICS,",",parquet,EPH_Reference_ID,Custom_Count_Check,Daily,Active,NA,NA,NA,prerequisite condition,"select count(*) from(select count(*),X.winnerhcpreferenceid as lilly_person_id,product_id,indication_id from src left join (select loserhcpreferenceid,winnerhcpreferenceid from hcpreferencexref) x
on src.eph_reference_id = X.loserhcpreferenceid group by X.winnerhcpreferenceid,product_id,indication_id
having count(*)>1)a",,,Warning | Duplicates at the grain
188,Post,US,00_RAW_FILES/MASTER/TALTZ_PSO_TRIGGER/,US_TALTZ_PSO_TRIGGER_METRICS,",",parquet,lilly_person_id,Good_Records,Daily,Active,NA,NA,N,prerequisite condition,Select * from src,Overwrite,,
189,Post,US,00_RAW_FILES/MASTER/EDB_XREF/,UV_EDB_CONTENT_XREF,",",parquet,data_source_code,Null,Daily,Active,NA,NA,N,,,,,
190,Post,US,00_RAW_FILES/MASTER/EDB_XREF/,UV_EDB_CONTENT_XREF,",",parquet,platform,Null,Daily,Active,NA,NA,N,,,,,
191,Post,US,00_RAW_FILES/MASTER/EDB_XREF/,UV_EDB_CONTENT_XREF,",",parquet,department,Good_Records,Daily,Active,NA,NA,N,prerequisite condition,Select * from src,Overwrite,,
192,Post,US,00_RAW_FILES/MASTER/EIM_MASTER_HIERARCHY/,UV_EIM_Master_Hierarchy_Terr_2,",",parquet,territory_id,Custom_Count_Check,Daily,Active,NA,NA,NA,prerequisite condition,select count(*) from src where upper(country_code)='US' and upper(trim(department))='RETAIL' and territory_id is null,,,territory_id is null
193,Post,US,00_RAW_FILES/MASTER/EIM_MASTER_HIERARCHY/,UV_EIM_Master_Hierarchy_Terr_2,",",parquet,territory_name,Custom_Count_Check,Daily,Active,NA,NA,NA,prerequisite condition,select count(*) from src where upper(country_code)='US' and upper(trim(department))='RETAIL' and territory_name is null,,,territory_name is null
194,Post,US,00_RAW_FILES/MASTER/EIM_MASTER_HIERARCHY/,UV_EIM_Master_Hierarchy_Terr_2,",",parquet,level,Custom_Count_Check,Daily,Active,NA,NA,NA,prerequisite condition,"select 3 - count(distinct level) from src 
where level in ('07','05','04')",,,One or more level required value is missing
195,Post,US,00_RAW_FILES/MASTER/EIM_MASTER_HIERARCHY/,UV_EIM_Master_Hierarchy_Terr_2,",",parquet,salesforce_code,Custom_Count_Check,Daily,Active,NA,NA,NA,prerequisite condition,"select 13 - count(distinct salesforce_code) from src
where salesforce_code in ('USV4','USV5','USV6','USV7','USV8','US8D','US8E','US8F','US7P','US1U','US6M','US6N','US6L')",,,One or more salesforce_code required value is missing
196,Post,US,00_RAW_FILES/MASTER/EIM_MASTER_HIERARCHY/,UV_EIM_Master_Hierarchy_Terr_2,",",parquet,parent_territory_id,Custom_Count_Check,Daily,Active,NA,NA,NA,prerequisite condition,"select count(*) from src where upper(trim(department))='RETAIL' and upper(trim(country_code))='US' and level in (5,7) and parent_territory_id is null",,,parent_territory_id is null for relevant levels
197,Post,US,00_RAW_FILES/MASTER/EIM_MASTER_HIERARCHY/,UV_EIM_Master_Hierarchy_Terr_2,",",parquet,parent_territory_name,Custom_Count_Check,Daily,Active,NA,NA,NA,prerequisite condition,"select count(*) from src where upper(trim(department))='RETAIL' and upper(trim(country_code))='US' and level in (5,7) and parent_territory_name is null",,,parent_territory_name is null for relevant levels
198,Post,US,00_RAW_FILES/MASTER/EIM_MASTER_HIERARCHY/,UV_EIM_Master_Hierarchy_Terr_2,",",parquet,department,Custom_Count_Check,Daily,Active,NA,NA,NA,prerequisite condition,"select 1 - count(distinct department) from src 
where upper(department) in ('RETAIL')",,,One or more department required value is missing
199,Post,US,00_RAW_FILES/MASTER/EIM_MASTER_HIERARCHY/,UV_EIM_Master_Hierarchy_Terr_2,",",parquet,country_code,Custom_Count_Check,Daily,Active,NA,NA,NA,prerequisite condition,"select 1 - count(distinct country_code) from src 
where upper(country_code) in ('US')",,,One or more country_code required value is missing
200,Post,US,00_RAW_FILES/MASTER/EIM_MASTER_HIERARCHY/,UV_EIM_Master_Hierarchy_Terr_2,",",parquet,start_date,Date_yymmdd,Daily,Active,NA,NA,N,,,,,
201,Post,US,00_RAW_FILES/MASTER/EIM_MASTER_HIERARCHY/,UV_EIM_Master_Hierarchy_Terr_2,",",parquet,end_date,Date_yymmdd,Daily,Active,NA,NA,N,,,,,
202,Post,US,00_RAW_FILES/MASTER/EIM_MASTER_HIERARCHY/,UV_EIM_Master_Hierarchy_Terr_2,",",parquet,start_date,Custom_Count_Check,Daily,Inactive,NA,NA,NA,prerequisite condition,"select count(*) as cnt from src where upper(trim(department))='RETAIL' and upper(trim(country_code))='US' and UPPER(ACTIVE)='TRUE' and ((start_date<date_add('previous_date',7) and end_date<date_add('previous_date',7)) or (start_date>date_add('previous_date',14) and end_date>date_add('previous_date',14)))",,,No active alignments found for next week
203,Post,US,00_RAW_FILES/MASTER/EIM_MASTER_HIERARCHY/,UV_EIM_Master_Hierarchy_Terr_2,",",parquet,active,Custom_Count_Check,Daily,Active,NA,NA,NA,prerequisite condition,"select 1 - count(distinct active) from src 
where upper(active) in ('TRUE')",,,One or more active required value is missing
204,Post,US,00_RAW_FILES/MASTER/EIM_MASTER_HIERARCHY/,UV_EIM_Master_Hierarchy_Terr_2,",",parquet,territory_id,Custom_Count_Check,Daily,Active,NA,NA,NA,prerequisite condition,"SELECT COUNT(*)
FROM
  (SELECT territory_id,terr_group_end_date,
          COUNT(*)
   FROM src
   WHERE upper(trim(department))='RETAIL'
     AND upper(trim(country_code))='US'
AND ACTIVE = 'TRUE'
   GROUP BY territory_id,terr_group_end_date
   HAVING count(*) >1)A",,,"Duplicates at territory_id, exception is expected"
205,Post,US,00_RAW_FILES/MASTER/EIM_MASTER_HIERARCHY/,UV_EIM_Master_Hierarchy_Terr_2,",",parquet,territory_id,Good_Records,Daily,Active,NA,NA,N,prerequisite condition,Select * from src,Overwrite,,
206,Post,US,00_RAW_FILES/EXCLUSION/HCP_GCCP_CONSENTS/,UV_Lilly_Program_Opts,",",parquet,`thg_id`,Null,Daily,Active,NA,NA,N,,,,,
207,Post,US,00_RAW_FILES/EXCLUSION/HCP_GCCP_CONSENTS/,UV_Lilly_Program_Opts,",",parquet,`lilly_person_id`,Null,Daily,Active,NA,NA,N,,,,,
208,Post,US,00_RAW_FILES/EXCLUSION/HCP_GCCP_CONSENTS/,UV_Lilly_Program_Opts,",",parquet,status,Custom_Query,Daily,Active,NA,NA,NA,prerequisite condition,select distinct status from src ,NA,NA,Not Applicable
209,Post,US,00_RAW_FILES/EXCLUSION/HCP_GCCP_CONSENTS/,UV_Lilly_Program_Opts,",",parquet,lilly_person_id,Good_Records,Daily,Active,NA,NA,N,prerequisite condition,"select gccp.* from (select * from src where upper(trim(entitlement_code))='CMRCL')gccp 
left join(select lilly_person_id,count(distinct eph_enterprise_id,eph_reference_id) from(
select lilly_person_id,coalesce(eph_enterprise_id,'-1') as eph_enterprise_id,
coalesce(eph_reference_id,'-1') as eph_reference_id
from src where upper(trim(entitlement_code))='CMRCL')a group by lilly_person_id 
having count(distinct eph_enterprise_id,eph_reference_id)>1)b
on gccp.lilly_person_id = b.lilly_person_id 
where b.lilly_person_id is null",Overwrite,,
210,Post,US,00_RAW_FILES/MASTER/TEAM_RESP_CODE/,UV_Team_Responsibility_Code,",",parquet,salesforce_code,Custom_Count_Check,Daily,Active,NA,NA,NA,prerequisite condition,"select 13 - count(distinct salesforce_code) from src
where salesforce_code in ('USV4','USV5','USV6','USV7','USV8','US8D','US8E','US8F','US7P','US1U','US6M','US6N','US6L')",,,One or more salesforce_code required value is missing
211,Post,US,00_RAW_FILES/MASTER/TEAM_RESP_CODE/,UV_Team_Responsibility_Code,",",parquet,salesforce_code,Null,Daily,Active,NA,NA,N,,,,,
212,Post,US,00_RAW_FILES/MASTER/TEAM_RESP_CODE/,UV_Team_Responsibility_Code,",",parquet,salesforce_code,Custom_Count_Check,Daily,Active,NA,NA,NA,prerequisite condition,"select count(*) from(select count(*),salesforce_code,start_date,end_date 
from src where upper(country)='US' 
group by salesforce_code,start_date,end_date having count(*)>1)a",,,Duplicates at salesforce code
213,Post,US,00_RAW_FILES/MASTER/TEAM_RESP_CODE/,UV_Team_Responsibility_Code,",",parquet,country,Custom_Count_Check,Daily,Active,NA,NA,NA,prerequisite condition,"select 1 - count(distinct country) from src 
where upper(country) in ('US')",,,One or more country required value is missing
214,Post,US,00_RAW_FILES/MASTER/TEAM_RESP_CODE/,UV_Team_Responsibility_Code,",",parquet,country,Null,Daily,Active,NA,NA,N,,,,,
215,Post,US,00_RAW_FILES/MASTER/TEAM_RESP_CODE/,UV_Team_Responsibility_Code,",",parquet,start_date,Date_yymmdd,Daily,Active,NA,NA,N,,,,,
216,Post,US,00_RAW_FILES/MASTER/TEAM_RESP_CODE/,UV_Team_Responsibility_Code,",",parquet,end_date,Date_yymmdd,Daily,Active,NA,NA,N,,,,,
217,Post,US,00_RAW_FILES/MASTER/TEAM_RESP_CODE/,UV_Team_Responsibility_Code,",",parquet,salesforce_code,Good_Records,Daily,Active,NA,NA,N,prerequisite condition,Select * from src,Overwrite,,
218,Post,US,00_RAW_FILES/MASTER/AFFINITY_ACCESS/,US_AFFINITY_ACCESS,",",parquet,lly_person_id,Good_Records,Daily,Inactive,NA,NA,N,prerequisite condition,Select * from src,Overwrite,,
219,Post,US,00_RAW_FILES/MASTER/US_OLUMIANT_AA_TRIGGERS_PAYER_BR_METRICS/,US_OLUMIANT_AA_TRIGGERS_PAYER_BR_METRICS,",",parquet,report_date,Null,Daily,Inactive,NA,NA,N,,,,,
220,Post,US,00_RAW_FILES/MASTER/US_OLUMIANT_AA_TRIGGERS_PAYER_BR_METRICS/,US_OLUMIANT_AA_TRIGGERS_PAYER_BR_METRICS,",",parquet,product_id,Null,Daily,Inactive,NA,NA,N,,,,,
221,Post,US,00_RAW_FILES/MASTER/US_OLUMIANT_AA_TRIGGERS_PAYER_BR_METRICS/,US_OLUMIANT_AA_TRIGGERS_PAYER_BR_METRICS,",",parquet,indication_id,Null,Daily,Inactive,NA,NA,N,,,,,
222,Post,US,00_RAW_FILES/MASTER/US_OLUMIANT_AA_TRIGGERS_PAYER_BR_METRICS/,US_OLUMIANT_AA_TRIGGERS_PAYER_BR_METRICS,",",parquet,eph_reference_id,Null,Daily,Inactive,NA,NA,N,,,,,
223,Post,US,00_RAW_FILES/MASTER/US_OLUMIANT_AA_TRIGGERS_PAYER_BR_METRICS/,US_OLUMIANT_AA_TRIGGERS_PAYER_BR_METRICS,",",parquet,eph_enterprise_id,Null,Daily,Inactive,NA,NA,N,,,,,
224,Post,US,00_RAW_FILES/MASTER/US_OLUMIANT_AA_TRIGGERS_PAYER_BR_METRICS/,US_OLUMIANT_AA_TRIGGERS_PAYER_BR_METRICS,",",parquet,lilly_person_id,Null,Daily,Inactive,NA,NA,N,,,,,
225,Post,US,00_RAW_FILES/MASTER/US_OLUMIANT_AA_TRIGGERS_PAYER_BR_METRICS/,US_OLUMIANT_AA_TRIGGERS_PAYER_BR_METRICS,",",parquet,generic_payer_flag_trigger,Null,Daily,Inactive,NA,NA,N,,,,,
226,Post,US,00_RAW_FILES/MASTER/US_OLUMIANT_AA_TRIGGERS_PAYER_BR_METRICS/,US_OLUMIANT_AA_TRIGGERS_PAYER_BR_METRICS,",",parquet,product_id,Custom_Count_Check,Daily,Inactive,NA,NA,NA,prerequisite condition,"select 1 - count(distinct product_id) from src 
where product_id in ('US_304547')",,,One or more product_id required value is missing
227,Post,US,00_RAW_FILES/MASTER/US_OLUMIANT_AA_TRIGGERS_PAYER_BR_METRICS/,US_OLUMIANT_AA_TRIGGERS_PAYER_BR_METRICS,",",parquet,indication_id,Custom_Count_Check,Daily,Inactive,NA,NA,NA,prerequisite condition,"select 1 - count(distinct indication_id) from src 
where indication_id in ('598010')",,,One or more indication_id required value is missing
228,Post,US,00_RAW_FILES/MASTER/US_OLUMIANT_AA_TRIGGERS_PAYER_BR_METRICS/,US_OLUMIANT_AA_TRIGGERS_PAYER_BR_METRICS,",",parquet,lilly_person_id,CheckLength,Daily,Inactive,NA,11,N,11,,,,
229,Post,US,00_RAW_FILES/MASTER/US_OLUMIANT_AA_TRIGGERS_PAYER_BR_METRICS/,US_OLUMIANT_AA_TRIGGERS_PAYER_BR_METRICS,",",parquet,lilly_person_id,Custom_Count_Check,Daily,Inactive,NA,NA,NA,prerequisite condition,"select count(*) from(select count(*),lilly_person_id,product_id,indication_id from src group by lilly_person_id,product_id,indication_id
having count(*)>1)a",,,Duplicates at the grain
230,Post,US,00_RAW_FILES/MASTER/US_OLUMIANT_AA_TRIGGERS_PAYER_BR_METRICS/,US_OLUMIANT_AA_TRIGGERS_PAYER_BR_METRICS,",",parquet,lilly_person_id,Good_Records,Daily,Inactive,NA,NA,N,prerequisite condition,Select * from src,Overwrite,,
231,Post,US,00_RAW_FILES/MASTER/US_OLUMIANT_AA_TRIGGERS_PAYER_BR_METRICS/,US_OLUMIANT_AA_TRIGGERS_PAYER_BR_METRICS,",",parquet,generic_payer_flag_trigger,Custom_Count_Check,Daily,Inactive,NA,NA,NA,prerequisite condition,select count(*) from src where generic_payer_flag_trigger rlike '[^0-1]',,,Non-numeric or negative value in generic_payer_flag_trigger
232,Post,US,00_RAW_FILES/MASTER/US_TALTZ_PSA_TRIGGERS_PAYER_BR_METRICS/,US_TALTZ_PSA_TRIGGERS_PAYER_BR_METRICS,",",parquet,report_date,Null,Daily,Active,NA,NA,N,,,,,
233,Post,US,00_RAW_FILES/MASTER/US_TALTZ_PSA_TRIGGERS_PAYER_BR_METRICS/,US_TALTZ_PSA_TRIGGERS_PAYER_BR_METRICS,",",parquet,product_id,Null,Daily,Active,NA,NA,N,,,,,
234,Post,US,00_RAW_FILES/MASTER/US_TALTZ_PSA_TRIGGERS_PAYER_BR_METRICS/,US_TALTZ_PSA_TRIGGERS_PAYER_BR_METRICS,",",parquet,indication_id,Null,Daily,Active,NA,NA,N,,,,,
235,Post,US,00_RAW_FILES/MASTER/US_TALTZ_PSA_TRIGGERS_PAYER_BR_METRICS/,US_TALTZ_PSA_TRIGGERS_PAYER_BR_METRICS,",",parquet,eph_reference_id,Null,Daily,Inactive,NA,NA,N,,,,,
236,Post,US,00_RAW_FILES/MASTER/US_TALTZ_PSA_TRIGGERS_PAYER_BR_METRICS/,US_TALTZ_PSA_TRIGGERS_PAYER_BR_METRICS,",",parquet,eph_enterprise_id,Null,Daily,Active,NA,NA,N,,,,,
237,Post,US,00_RAW_FILES/MASTER/US_TALTZ_PSA_TRIGGERS_PAYER_BR_METRICS/,US_TALTZ_PSA_TRIGGERS_PAYER_BR_METRICS,",",parquet,lilly_person_id,Null,Daily,Active,NA,NA,N,,,,,
238,Post,US,00_RAW_FILES/MASTER/US_TALTZ_PSA_TRIGGERS_PAYER_BR_METRICS/,US_TALTZ_PSA_TRIGGERS_PAYER_BR_METRICS,",",parquet,generic_payer_flag_trigger,Null,Daily,Active,NA,NA,N,,,,,
239,Post,US,00_RAW_FILES/MASTER/US_TALTZ_PSA_TRIGGERS_PAYER_BR_METRICS/,US_TALTZ_PSA_TRIGGERS_PAYER_BR_METRICS,",",parquet,product_id,Custom_Count_Check,Daily,Active,NA,NA,NA,prerequisite condition,"select 1 - count(distinct product_id) from src 
where product_id in ('US_304528')",,,One or more product_id required value is missing
240,Post,US,00_RAW_FILES/MASTER/US_TALTZ_PSA_TRIGGERS_PAYER_BR_METRICS/,US_TALTZ_PSA_TRIGGERS_PAYER_BR_METRICS,",",parquet,indication_id,Custom_Count_Check,Daily,Active,NA,NA,NA,prerequisite condition,"select 1 - count(distinct indication_id) from src 
where indication_id in ('DS152')",,,One or more indication_id required value is missing
241,Post,US,00_RAW_FILES/MASTER/US_TALTZ_PSA_TRIGGERS_PAYER_BR_METRICS/,US_TALTZ_PSA_TRIGGERS_PAYER_BR_METRICS,",",parquet,lilly_person_id,CheckLength,Daily,Inactive,NA,11,N,11,,,,
242,Post,US,00_RAW_FILES/MASTER/US_TALTZ_PSA_TRIGGERS_PAYER_BR_METRICS/,US_TALTZ_PSA_TRIGGERS_PAYER_BR_METRICS,",",parquet,lilly_person_id,Custom_Count_Check,Daily,Active,NA,NA,NA,prerequisite condition,"select count(*) from(select count(*),lilly_person_id,product_id,indication_id from src group by lilly_person_id,product_id,indication_id
having count(*)>1)a",,,Duplicates at the grain
243,Post,US,00_RAW_FILES/MASTER/US_TALTZ_PSA_TRIGGERS_PAYER_BR_METRICS/,US_TALTZ_PSA_TRIGGERS_PAYER_BR_METRICS,",",parquet,lilly_person_id,Good_Records,Daily,Active,NA,NA,N,prerequisite condition,Select * from src,Overwrite,,
244,Post,US,00_RAW_FILES/MASTER/US_TALTZ_PSA_TRIGGERS_PAYER_BR_METRICS/,US_TALTZ_PSA_TRIGGERS_PAYER_BR_METRICS,",",parquet,generic_payer_flag_trigger,Custom_Count_Check,Daily,Active,NA,NA,NA,prerequisite condition,select count(*) from src where generic_payer_flag_trigger rlike '[^0-1]',,,Non-numeric or negative value in generic_payer_flag_trigger
245,Post,US,00_RAW_FILES/MASTER/US_TALTZ_PSO_TRIGGERS_PAYER_BR_METRICS/,US_TALTZ_PSO_TRIGGERS_PAYER_BR_METRICS,",",parquet,report_date,Null,Daily,Active,NA,NA,N,,,,,
246,Post,US,00_RAW_FILES/MASTER/US_TALTZ_PSO_TRIGGERS_PAYER_BR_METRICS/,US_TALTZ_PSO_TRIGGERS_PAYER_BR_METRICS,",",parquet,product_id,Null,Daily,Active,NA,NA,N,,,,,
247,Post,US,00_RAW_FILES/MASTER/US_TALTZ_PSO_TRIGGERS_PAYER_BR_METRICS/,US_TALTZ_PSO_TRIGGERS_PAYER_BR_METRICS,",",parquet,indication_id,Null,Daily,Active,NA,NA,N,,,,,
248,Post,US,00_RAW_FILES/MASTER/US_TALTZ_PSO_TRIGGERS_PAYER_BR_METRICS/,US_TALTZ_PSO_TRIGGERS_PAYER_BR_METRICS,",",parquet,eph_reference_id,Null,Daily,Inactive,NA,NA,N,,,,,
249,Post,US,00_RAW_FILES/MASTER/US_TALTZ_PSO_TRIGGERS_PAYER_BR_METRICS/,US_TALTZ_PSO_TRIGGERS_PAYER_BR_METRICS,",",parquet,eph_enterprise_id,Null,Daily,Active,NA,NA,N,,,,,
250,Post,US,00_RAW_FILES/MASTER/US_TALTZ_PSO_TRIGGERS_PAYER_BR_METRICS/,US_TALTZ_PSO_TRIGGERS_PAYER_BR_METRICS,",",parquet,lilly_person_id,Null,Daily,Active,NA,NA,N,,,,,
251,Post,US,00_RAW_FILES/MASTER/US_TALTZ_PSO_TRIGGERS_PAYER_BR_METRICS/,US_TALTZ_PSO_TRIGGERS_PAYER_BR_METRICS,",",parquet,generic_payer_flag_trigger,Null,Daily,Active,NA,NA,N,,,,,
252,Post,US,00_RAW_FILES/MASTER/US_TALTZ_PSO_TRIGGERS_PAYER_BR_METRICS/,US_TALTZ_PSO_TRIGGERS_PAYER_BR_METRICS,",",parquet,product_id,Custom_Count_Check,Daily,Active,NA,NA,NA,prerequisite condition,"select 1 - count(distinct product_id) from src 
where product_id in ('US_304528')",,,One or more product_id required value is missing
253,Post,US,00_RAW_FILES/MASTER/US_TALTZ_PSO_TRIGGERS_PAYER_BR_METRICS/,US_TALTZ_PSO_TRIGGERS_PAYER_BR_METRICS,",",parquet,indication_id,Custom_Count_Check,Daily,Active,NA,NA,NA,prerequisite condition,"select 1 - count(distinct indication_id) from src 
where indication_id in ('DS150')",,,One or more indication_id required value is missing
254,Post,US,00_RAW_FILES/MASTER/US_TALTZ_PSO_TRIGGERS_PAYER_BR_METRICS/,US_TALTZ_PSO_TRIGGERS_PAYER_BR_METRICS,",",parquet,lilly_person_id,CheckLength,Daily,Active,NA,11,N,11,,,,
255,Post,US,00_RAW_FILES/MASTER/US_TALTZ_PSO_TRIGGERS_PAYER_BR_METRICS/,US_TALTZ_PSO_TRIGGERS_PAYER_BR_METRICS,",",parquet,lilly_person_id,Custom_Count_Check,Daily,Active,NA,NA,NA,prerequisite condition,"select count(*) from(select count(*),lilly_person_id,product_id,indication_id from src group by lilly_person_id,product_id,indication_id
having count(*)>1)a",,,Duplicates at the grain
256,Post,US,00_RAW_FILES/MASTER/US_TALTZ_PSO_TRIGGERS_PAYER_BR_METRICS/,US_TALTZ_PSO_TRIGGERS_PAYER_BR_METRICS,",",parquet,lilly_person_id,Good_Records,Daily,Active,NA,NA,N,prerequisite condition,Select * from src,Overwrite,,
257,Post,US,00_RAW_FILES/MASTER/US_TALTZ_PSO_TRIGGERS_PAYER_BR_METRICS/,US_TALTZ_PSO_TRIGGERS_PAYER_BR_METRICS,",",parquet,generic_payer_flag_trigger,Custom_Count_Check,Daily,Active,NA,NA,NA,prerequisite condition,select count(*) from src where generic_payer_flag_trigger rlike '[^0-1]',,,Non-numeric or negative value in generic_payer_flag_trigger
258,Post,US,00_RAW_FILES/LDG_PO_OUTPUT/,US_PORTFOLIO_OPTIMIZATION_OUTPUT,",",parquet,actual_count,Null,Daily,Active,NA,NA,N,,,,,actual_count column has null values
259,Post,US,00_RAW_FILES/LDG_PO_OUTPUT/,US_PORTFOLIO_OPTIMIZATION_OUTPUT,",",parquet,call_position,Null,Daily,Active,NA,NA,N,,,,,call_position column has null values
260,Post,US,00_RAW_FILES/LDG_PO_OUTPUT/,US_PORTFOLIO_OPTIMIZATION_OUTPUT,",",parquet,call_position,Custom_Count_Check,Daily,Active,NA,NA,NA,prerequisite condition,"select 2 - count(distinct call_position) from src 
where call_position in ('P1','P2')",,,One or more call_position required value is missing
261,Post,US,00_RAW_FILES/LDG_PO_OUTPUT/,US_PORTFOLIO_OPTIMIZATION_OUTPUT,",",parquet,channel_id,Null,Daily,Active,NA,NA,N,,,,,channel_id column has null values
262,Post,US,00_RAW_FILES/LDG_PO_OUTPUT/,US_PORTFOLIO_OPTIMIZATION_OUTPUT,",",parquet,channel_id,Custom_Count_Check,Daily,Active,NA,NA,NA,prerequisite condition,"select 2 - count(distinct channel_id) from src 
where channel_id in ('call','vae')",,,One or more channel_id required value is missing
263,Post,US,00_RAW_FILES/LDG_PO_OUTPUT/,US_PORTFOLIO_OPTIMIZATION_OUTPUT,",",parquet,customer_id,Null,Daily,Active,NA,NA,N,,,,,customer_id column has null values
264,Post,US,00_RAW_FILES/LDG_PO_OUTPUT/,US_PORTFOLIO_OPTIMIZATION_OUTPUT,",",parquet,customer_id,Custom_Count_Check,Daily,Inactive,NA,NA,NA,prerequisite condition,select count(*) from src where length(customer_id)!=11,,,Customer_id does not contain 11 characters
265,Post,US,00_RAW_FILES/LDG_PO_OUTPUT/,US_PORTFOLIO_OPTIMIZATION_OUTPUT,",",parquet,eligible_for_calls,Null,Daily,Active,NA,NA,N,,,,,eligible_for_calls column has null values
266,Post,US,00_RAW_FILES/LDG_PO_OUTPUT/,US_PORTFOLIO_OPTIMIZATION_OUTPUT,",",parquet,eligible_for_calls,Custom_Count_Check,Daily,Active,NA,NA,NA,prerequisite condition,"select 2 - count(distinct eligible_for_calls) from src 
where eligible_for_calls in ('Y','N')",,,One or more eligible_for_calls required value is missing
267,Post,US,00_RAW_FILES/LDG_PO_OUTPUT/,US_PORTFOLIO_OPTIMIZATION_OUTPUT,",",parquet,eligible_for_vaes,Null,Daily,Active,NA,NA,N,,,,,eligible_for_vaes column has null values
268,Post,US,00_RAW_FILES/LDG_PO_OUTPUT/,US_PORTFOLIO_OPTIMIZATION_OUTPUT,",",parquet,eligible_for_vaes,Custom_Count_Check,Daily,Active,NA,NA,NA,prerequisite condition,"select 2 - count(distinct eligible_for_vaes) from src 
where eligible_for_vaes in ('Y','N')",,,One or more eligible_for_vaes required value is missing
269,Post,US,00_RAW_FILES/LDG_PO_OUTPUT/,US_PORTFOLIO_OPTIMIZATION_OUTPUT,",",parquet,geography_id,Null,Daily,Active,NA,NA,N,,,,,geography_id column has null values
270,Post,US,00_RAW_FILES/LDG_PO_OUTPUT/,US_PORTFOLIO_OPTIMIZATION_OUTPUT,",",parquet,metric_value,Null,Daily,Active,NA,NA,N,,,,,metric_value column has null values
271,Post,US,00_RAW_FILES/LDG_PO_OUTPUT/,US_PORTFOLIO_OPTIMIZATION_OUTPUT,",",parquet,po_end_date,Null,Daily,Active,NA,NA,N,,,,,po_end_date column has null values
272,Post,US,00_RAW_FILES/LDG_PO_OUTPUT/,US_PORTFOLIO_OPTIMIZATION_OUTPUT,",",parquet,po_start_date,Null,Daily,Active,NA,NA,N,,,,,po_start_date column has null values
273,Post,US,00_RAW_FILES/LDG_PO_OUTPUT/,US_PORTFOLIO_OPTIMIZATION_OUTPUT,",",parquet,po_start_date,Custom_Count_Check,Daily,Active,NA,NA,NA,prerequisite condition,select case when count(distinct po_start_date)=1 then 0 else count(distinct po_start_date) end as cnt_dates from src,,,Multiple PO start dates
274,Post,US,00_RAW_FILES/LDG_PO_OUTPUT/,US_PORTFOLIO_OPTIMIZATION_OUTPUT,",",parquet,po_start_date,Custom_Count_Check,Daily,Active,NA,NA,NA,prerequisite condition,"select count(*) from src
where po_end_date < po_start_date",,,End_date lies before start_date
275,Post,US,00_RAW_FILES/LDG_PO_OUTPUT/,US_PORTFOLIO_OPTIMIZATION_OUTPUT,",",parquet,product_id,Null,Daily,Active,NA,NA,N,,,,,product_id column has null values
276,Post,US,00_RAW_FILES/LDG_PO_OUTPUT/,US_PORTFOLIO_OPTIMIZATION_OUTPUT,",",parquet,product_id,Custom_Count_Check,Daily,Active,NA,NA,NA,prerequisite condition,"select 9 - count(distinct product_id) from src
where product_id in ('US_304528_DS152','US_708127_420004','US_613009_DS057','US_708086','US_708121','US_304521','US_304528_DS150','US_708122','US_708120_708233')",,,One or more product_id required value is missing
277,Post,US,00_RAW_FILES/LDG_PO_OUTPUT/,US_PORTFOLIO_OPTIMIZATION_OUTPUT,",",parquet,sales_force_code,Null,Daily,Active,NA,NA,N,,,,,sales_force_code column has null values
278,Post,US,00_RAW_FILES/LDG_PO_OUTPUT/,US_PORTFOLIO_OPTIMIZATION_OUTPUT,",",parquet,sales_force_code,Custom_Count_Check,Daily,Active,NA,NA,NA,prerequisite condition,"select 13 - count(distinct sales_force_code) from src
where sales_force_code in ('USV4','USV5','USV6','USV7','USV8','US8D','US8E','US8F','US7P','US1U','US6M','US6N','US6L')",,,One or more sales_force_code required value is missing
279,Post,US,00_RAW_FILES/LDG_PO_OUTPUT/,US_PORTFOLIO_OPTIMIZATION_OUTPUT,",",parquet,sales_force_code,Good_Records,Daily,Active,NA,NA,NA,prerequisite condition,select * from src,Overwrite,,
280,Post,US,00_RAW_FILES/LDG_PO_OUTPUT/,US_PORTFOLIO_OPTIMIZATION_OUTPUT,",",parquet,sales_force_code,Custom_Count_Check,Daily,Active,NA,NA,NA,prerequisite condition,"select count(*) from
(select count(*),customer_id_f,product_id,geography_id,channel_id,call_position 
 from 

 (select  h.winnerhcpreferenceid as  customer_id_f,*
from src  d  
left join  hcpreferencexref h
on eph_reference_id =loserhcpreferenceid ) a  

 group by customer_id_f,product_id,geography_id,channel_id,call_position 
 having count(*)>1)b",,,Duplicates at customer_id: geography_id: channel_id: product_id: call_position
281,Post,US,00_RAW_FILES/LDG_PO_OUTPUT/,US_PORTFOLIO_OPTIMIZATION_OUTPUT,",",parquet,customer_id,Custom_Count_Check,Daily,Active,NA,NA,NA,prerequisite condition,"select  round(100*(missed_hcp_terr/total_count),2) from  (
SELECT Count(DISTINCT customer_id, sales_force_code, geography_id) as total_count,
count(distinct(case when hcp_terr_match = 1 then concat(customer_id,sales_force_code,geography_id) end)) 
as missed_hcp_terr from (
SELECT src.*,case when h.lilly_id is not null then 0 else 1 end as hcp_terr_match
from src
left join hcp_rep_terr h
on src.customer_id = h.lilly_id
AND src.sales_force_code = h.salesforce_code
AND src.geography_id = h.territory_id
where src.actual_count > '0' ) a ) b",,,"Warning: PO_Output has ""HCP-Salesforce-Territory"" combination not present in UV_HCP_TERR_Alignment (in %)."
282,Post,US,00_RAW_FILES/LDG_PO_OUTPUT/,US_PORTFOLIO_OPTIMIZATION_OUTPUT,",",parquet,product_id,Custom_Count_Check,Daily,Active,NA,NA,NA,prerequisite condition,"select count(*) from
(select trim(customer_id) customer_id,
upper(trim(channel_id)) channel_id ,
trim(geography_id) geography_id, upper(trim(call_position)) call_position,
 count(distinct trim(product_id)) from src
 where channel_id = 'call' and actual_count > 0 
 group by trim(customer_id),
upper(trim(channel_id)) ,
trim(geography_id) , upper(trim(call_position))
 having count(distinct trim(product_id)) > 1) a",,,Multiple products are being assigned for CALL type channels at  customer_id: geography_id: channel_id: call_position level
283,Post,US,00_RAW_FILES/LDG_PO_OUTPUT/,US_PORTFOLIO_OPTIMIZATION_OUTPUT,",",parquet,product_id,Custom_Count_Check,Daily,Active,NA,NA,NA,prerequisite condition,"select count(*) from 
(
select trim(customer_id) customer_id,
upper(trim(channel_id)) channel_id ,
trim(geography_id) geography_id, upper(trim(product_id )) product_id,
count(distinct trim(call_position)) from src
where channel_id = 'call' and actual_count > 0 
group by trim(customer_id),
upper(trim(channel_id)) ,
trim(geography_id) , upper(trim(product_id))
having count(distinct trim(call_position)) > 1
) y1",,,Same products are being assigned for HCP-Channel-Position-Territory grain
284,Post,US,00_RAW_FILES/LDG_PO_OUTPUT/,US_PORTFOLIO_OPTIMIZATION_OUTPUT,",",parquet,product_id,Custom_Count_Check,Daily,Active,NA,NA,NA,prerequisite condition,"select count(*) from 
(
select customer_id, geography_id, sum(ac) ac2 from
(
select customer_id, geography_id, call_position,sum(actual_count) ac from src where actual_count>0
and upper(trim(channel_id)) = 'CALL' and call_position = 'P1'
group by customer_id, geography_id, call_position
) x1
group by customer_id, geography_id
) z1
inner join
(
select customer_id, geography_id, sum(ac) ac2 from
(
select customer_id, geography_id, call_position,sum(actual_count) ac from src where actual_count>0
and upper(trim(channel_id)) = 'CALL' and call_position = 'P2'
group by customer_id, geography_id, call_position
) x1
group by customer_id, geography_id
) z2
on z1.customer_id = z2.customer_id
and z1.geography_id = z2.geography_id
where z1.ac2 != z2.ac2",,,P2 has more calls than P1 at a HCP-Terr grain
285,Post,US,00_RAW_FILES/LDG_PO_OUTPUT/,US_PORTFOLIO_OPTIMIZATION_OUTPUT,",",parquet,po_start_date,Custom_Query,Daily,Active,NA,NA,NA,prerequisite condition,"select distinct po_start_date, po_end_date from src",,,Not Applicable
286,Post,US,00_RAW_FILES/LDG_PO_OUTPUT/,US_PORTFOLIO_OPTIMIZATION_OUTPUT,",",parquet,po_start_date,Custom_Count_Check,Daily,Active,NA,NA,NA,prerequisite condition,"select count(*) from
(
select env_po_start_1 as po_start_date_1, 
date_add(case when month(date_add(env_po_start_1,28)) = month(env_po_start_1) then date_add(env_po_start_1,35)
else date_add(env_po_start_1,28) end, -1) po_end_date_1, po_start_date, po_end_date from
(
select case when month(date_add(env_po_start,28)) = month(env_po_start) then date_add(env_po_start,35)
else date_add(env_po_start,28) end env_po_start_1, po_start_date, po_end_date from 
(
select distinct 'PO_START_DATE' as env_po_start, po_start_date, po_end_date from src
) x1
) x2
) x3
where po_start_date_1 != po_start_date or po_end_date_1 != po_end_date",,,po_start_date/po_end_date is incorrect in PO output
287,Post,US,00_RAW_FILES/LDG_PO_OUTPUT/,US_PORTFOLIO_OPTIMIZATION_OUTPUT,",",parquet, eligible_for_calls,Custom_Count_Check,Daily,Active,NA,NA,NA,prerequisite condition,"select COUNT(*) from src
where upper(trim(channel_id)) = 'CALL' and upper(trim(eligible_for_calls)) = 'N' and actual_count > '0'",,,Not eligible hcps in CALL universe are recommended calls
288,Post,US,00_RAW_FILES/LDG_PO_OUTPUT/,US_PORTFOLIO_OPTIMIZATION_OUTPUT,",",parquet, eligible_for_vaes,Custom_Count_Check,Daily,Active,NA,NA,NA,prerequisite condition,"select count(*) from src
where upper(trim(channel_id)) = 'VAE' and upper(trim(eligible_for_vaes)) = 'N' and actual_count > '0'",,,Not eligible hcps in VAE universe are recommended vae
289,Post,US,00_RAW_FILES/MASTER/US_JARDIANCE_HCP_ATTRIBUTES/,US_JARDIANCE_HCP_ATTRIBUTES,",",parquet,Product_ID,Null,Daily,Active,NA,NA,N,,,,,
290,Post,US,00_RAW_FILES/MASTER/US_JARDIANCE_HCP_ATTRIBUTES/,US_JARDIANCE_HCP_ATTRIBUTES,",",parquet,Product_ID,Custom_Count_Check,Daily,Active,NA,NA,NA,prerequisite condition,"select 1 - count(distinct Product_ID) from src 
where Product_ID in ('US_304544')",,,One or more Product_ID required value is missing
291,Post,US,00_RAW_FILES/MASTER/US_JARDIANCE_HCP_ATTRIBUTES/,US_JARDIANCE_HCP_ATTRIBUTES,",",parquet,Indication_ID,Null,Daily,Active,NA,NA,N,,,,,
292,Post,US,00_RAW_FILES/MASTER/US_JARDIANCE_HCP_ATTRIBUTES/,US_JARDIANCE_HCP_ATTRIBUTES,",",parquet,Indication_ID,Custom_Count_Check,Daily,Active,NA,NA,NA,prerequisite condition,"select 1 - count(distinct Indication_ID) from src 
where Indication_ID in ('DS057')",,,One or more Indication_ID required value is missing
293,Post,US,00_RAW_FILES/MASTER/US_JARDIANCE_HCP_ATTRIBUTES/,US_JARDIANCE_HCP_ATTRIBUTES,",",parquet,lilly_person_id,Null,Daily,Active,NA,NA,N,,,,,
294,Post,US,00_RAW_FILES/MASTER/US_JARDIANCE_HCP_ATTRIBUTES/,US_JARDIANCE_HCP_ATTRIBUTES,",",parquet,lilly_person_id,CheckLength,Daily,Active,NA,11,N,11,,,,
295,Post,US,00_RAW_FILES/MASTER/US_JARDIANCE_HCP_ATTRIBUTES/,US_JARDIANCE_HCP_ATTRIBUTES,",",parquet,EPH_Reference_ID,Custom_Count_Check,Daily,Active,NA,NA,NA,prerequisite condition,"select count(*) from(select count(*), lilly_id_f,product_id,indication_id from 

 (select  h.winnerhcpreferenceid as  lilly_id_f,*
from src  d  
left join  hcpreferencexref h
on eph_reference_id =loserhcpreferenceid ) b

 group by  lilly_id_f,product_id,indication_id
having count(*)>1)a",,,Warning | Duplicates at the grain
296,Post,US,00_RAW_FILES/MASTER/US_JARDIANCE_HCP_ATTRIBUTES/,US_JARDIANCE_HCP_ATTRIBUTES,",",parquet,ly_spclty_grp,Custom_Count_Check,Daily,Active,NA,NA,NA,prerequisite condition,"select 1 - count(distinct ly_spclty_grp) from src 
where upper(ly_spclty_grp) in ('PCP')",,,One or more ly_spclty_grp required value is missing
297,Post,US,00_RAW_FILES/MASTER/US_JARDIANCE_HCP_ATTRIBUTES/,US_JARDIANCE_HCP_ATTRIBUTES,",",parquet,mce_segment,Custom_Count_Check,Daily,Active,NA,NA,NA,prerequisite condition,"select 2 - count(distinct mce_segment) from src 
where upper(trim(mce_segment)) in ('FORWARD-THINKER','PRESENT-FOCUSED')",,,One or more mce_segment required value is missing
298,Post,US,00_RAW_FILES/MASTER/US_JARDIANCE_HCP_ATTRIBUTES/,US_JARDIANCE_HCP_ATTRIBUTES,",",parquet,is_target,Custom_Count_Check,Daily,Active,NA,NA,NA,prerequisite condition,"select 2 - count(distinct is_target) from src 
where is_target in ('Y','N')",,,One or more is_target required value is missing
299,Post,US,00_RAW_FILES/MASTER/US_JARDIANCE_HCP_ATTRIBUTES/,US_JARDIANCE_HCP_ATTRIBUTES,",",parquet,is_target,Custom_Count_Check,Daily,Active,NA,NA,NA,prerequisite condition,select count(*) from src where upper(trim(is_target))='Y' and upper(trim(target_segment)) = 'PROSPECTS' ,,,is_target is Y for NON-TARGETS
300,Post,US,00_RAW_FILES/MASTER/US_JARDIANCE_HCP_ATTRIBUTES/,US_JARDIANCE_HCP_ATTRIBUTES,",",parquet,Target_Segment,Custom_Count_Check,Daily,Active,NA,NA,NA,prerequisite condition,"select 5 - count(distinct Target_Segment) from src 
where upper(Target_Segment) in ('CRITICAL','HIGH','MEDIUM','LOW','PROSPECTS')",,,One or more Target_Segment required value is missing
301,Post,US,00_RAW_FILES/MASTER/US_JARDIANCE_HCP_ATTRIBUTES/,US_JARDIANCE_HCP_ATTRIBUTES,",",parquet,Target_Segment,Custom_Count_Check,Daily,Active,NA,NA,NA,prerequisite condition,"select count(*) from src where upper(trim(target_segment)) in ('CRITICAL','HIGH','MEDIUM','LOW') and upper(trim(is_target))='N'",,,Incorrect target flag against C/H/L/M target segments
302,Post,US,00_RAW_FILES/MASTER/US_JARDIANCE_HCP_ATTRIBUTES/,US_JARDIANCE_HCP_ATTRIBUTES,",",parquet,lilly_person_id,Good_Records,Daily,Active,NA,NA,N,prerequisite condition,Select * from src,Overwrite,,
303,Post,US,00_RAW_FILES/MASTER/US_JARDIANCE_HCP_ATTRIBUTES/,US_JARDIANCE_HCP_ATTRIBUTES,",",parquet,EPH_Reference_ID,Custom_Count_Check,Daily,Active,NA,NA,N,prerequisite condition,"select count(*)
from
(select count(distinct lilly_id_f) as curr_hcp,
'1' as rn from 

 (select  h.winnerhcpreferenceid as  lilly_id_f,*
from src  d  
left join  hcpreferencexref h
on eph_reference_id =loserhcpreferenceid ) a  

) a
inner join
(select count(distinct lilly_id_f) as prev_hcps,
'1' as rnk
from 
 (select  h.winnerhcpreferenceid as  lilly_id_f,*
from JARDIANCE_ATTRIBUTES_PREV  d  
left join  hcpreferencexref h
on eph_reference_id =loserhcpreferenceid ) b)b
on a.rn = b.rnk
where ((a.curr_hcp - b.prev_hcps) / (a.curr_hcp) * 100 ) > 5
or
((a.curr_hcp - b.prev_hcps) / (a.curr_hcp) * 100 ) < -5",NA,NA,WARNING: Checking if hcp difference between current file and previous file is greater than 5 or less than -5
304,Post,US,00_RAW_FILES/MASTER/US_JARDIANCE_HCP_ATTRIBUTES/,US_JARDIANCE_HCP_ATTRIBUTES,",",parquet,EPH_Reference_ID,Custom_Count_Check,Daily,Active,NA,NA,NA,prerequisite condition,"select count(*) from
(select count(distinct lilly_id_f) cnt, 1 dummy
from 

 (select  h.winnerhcpreferenceid as  lilly_id_f,*
from src  d  
left join  hcpreferencexref h
on eph_reference_id =loserhcpreferenceid ) a  

 where upper(TARGET_SEGMENT)='CRITICAL') curr
inner join
(select count(distinct lilly_id_f) cnt, 1 dummy
from 
 (select  h.winnerhcpreferenceid as  lilly_id_f,*
from JARDIANCE_ATTRIBUTES_PREV   d  
left join  hcpreferencexref h
on eph_reference_id =loserhcpreferenceid ) b


where upper(TARGET_SEGMENT)='CRITICAL') prev
on curr.dummy=prev.dummy
where (((curr.cnt-prev.cnt)/prev.cnt)*100)<-5 or (((curr.cnt-prev.cnt)/prev.cnt)*100)>5",NA,NA,WARNING: Relative Difference for count of critical TARGET_SEGMENT values (threshold 5 percent)
305,Post,US,00_RAW_FILES/MASTER/US_JARDIANCE_HCP_ATTRIBUTES/,US_JARDIANCE_HCP_ATTRIBUTES,",",parquet,eph_reference_id,Custom_Count_Check,Daily,Active,NA,NA,NA,prerequisite condition,"select count(*) from 
(select count(distinct lilly_id_f) cnt, 1 dummy
from  (select  h.winnerhcpreferenceid as  lilly_id_f,*
from src  d  
left join  hcpreferencexref h
on eph_reference_id =loserhcpreferenceid ) a    where upper(TARGET_SEGMENT)='HIGH') curr
inner join
(select count(distinct lilly_id_f) cnt, 1 dummy
from  (select  h.winnerhcpreferenceid as  lilly_id_f,*
from JARDIANCE_ATTRIBUTES_PREV   d  
left join  hcpreferencexref h
on eph_reference_id =loserhcpreferenceid ) b where upper(TARGET_SEGMENT)='HIGH') prev
on curr.dummy=prev.dummy
where (((curr.cnt-prev.cnt)/prev.cnt)*100)<-5 or (((curr.cnt-prev.cnt)/prev.cnt)*100)>5",NA,NA,WARNING: Relative Difference for count of High TARGET_SEGMENT values (threshold 5 percent)
306,Post,US,00_RAW_FILES/MASTER/US_JARDIANCE_HCP_ATTRIBUTES/,US_JARDIANCE_HCP_ATTRIBUTES,",",parquet,EPH_Reference_ID,Custom_Count_Check,Daily,Active,NA,NA,NA,prerequisite condition,"select count(*) from 
(select count(distinct lilly_id_f) cnt, 1 dummy
from  (select  h.winnerhcpreferenceid as  lilly_id_f,*
from src  d  
left join  hcpreferencexref h
on eph_reference_id =loserhcpreferenceid )   ad_current_file where upper(TARGET_SEGMENT)='MEDIUM') curr
inner join
(select count(distinct lilly_id_f) cnt, 1 dummy
from  (select  h.winnerhcpreferenceid as  lilly_id_f,*
from JARDIANCE_ATTRIBUTES_PREV   d  
left join  hcpreferencexref h
on eph_reference_id =loserhcpreferenceid ) b where upper(TARGET_SEGMENT)='MEDIUM') prev
on curr.dummy=prev.dummy
where (((curr.cnt-prev.cnt)/prev.cnt)*100)<-5 or (((curr.cnt-prev.cnt)/prev.cnt)*100)>5",NA,NA,WARNING: Relative Difference for count of medium TARGET_SEGMENT values (threshold 5 percent)
307,Post,US,00_RAW_FILES/MASTER/US_JARDIANCE_HCP_ATTRIBUTES/,US_JARDIANCE_HCP_ATTRIBUTES,",",parquet,eph_reference_id,Custom_Count_Check,Daily,Active,NA,NA,NA,prerequisite condition,"select count(*) from 
(select count(distinct lilly_id_f) cnt, 1 dummy
from  (select  h.winnerhcpreferenceid as  lilly_id_f,*
from src  d  
left join  hcpreferencexref h
on eph_reference_id =loserhcpreferenceid )    ad_current_file where upper(TARGET_SEGMENT)='LOW') curr
inner join
(select count(distinct lilly_id_f) cnt, 1 dummy
from 
 (select  h.winnerhcpreferenceid as  lilly_id_f,*
from JARDIANCE_ATTRIBUTES_PREV   d  
left join  hcpreferencexref h
on eph_reference_id =loserhcpreferenceid ) b
 where upper(TARGET_SEGMENT)='LOW') prev
on curr.dummy=prev.dummy
where (((curr.cnt-prev.cnt)/prev.cnt)*100)<-5 or (((curr.cnt-prev.cnt)/prev.cnt)*100)>5",NA,NA,WARNING: Relative Difference for count of Low TARGET_SEGMENT values (threshold 5 percent)
308,Post,US,00_RAW_FILES/MASTER/US_JARDIANCE_HCP_ATTRIBUTES/,US_JARDIANCE_HCP_ATTRIBUTES,",",parquet,eph_reference_id,Custom_Count_Check,Daily,Active,NA,NA,NA,prerequisite condition,"select count(*) from 
(select count(distinct lilly_id_f) cnt, 1 dummy
from  (select  h.winnerhcpreferenceid as  lilly_id_f,*
from src  d  
left join  hcpreferencexref h
on eph_reference_id =loserhcpreferenceid )  ad_current_file where upper(TARGET_SEGMENT)='PROSPECTS') curr
inner join
(select count(distinct lilly_id_f) cnt, 1 dummy
from  (select  h.winnerhcpreferenceid as  lilly_id_f,*
from JARDIANCE_ATTRIBUTES_PREV   d  
left join  hcpreferencexref h
on eph_reference_id =loserhcpreferenceid ) b  where upper(TARGET_SEGMENT)='PROSPECTS') prev
on curr.dummy=prev.dummy
where (((curr.cnt-prev.cnt)/prev.cnt)*100)<-5 or (((curr.cnt-prev.cnt)/prev.cnt)*100)>5",NA,NA,WARNING: Relative Difference for count of PROSPECTS TARGET_SEGMENT values (threshold 5 percent)
309,Post,US,00_RAW_FILES/MASTER/US_MOUNJARO_HCP_ATTRIBUTES/,US_MOUNJARO_HCP_ATTRIBUTES,",",parquet,Product_ID,Null,Daily,Active,NA,NA,N,,,,,
310,Post,US,00_RAW_FILES/MASTER/US_MOUNJARO_HCP_ATTRIBUTES/,US_MOUNJARO_HCP_ATTRIBUTES,",",parquet,Product_ID,Custom_Count_Check,Daily,Active,NA,NA,NA,prerequisite condition,"select 1 - count(distinct Product_ID) from src 
where Product_ID in ('US_613009')",,,One or more Product_ID required value is missing
311,Post,US,00_RAW_FILES/MASTER/US_MOUNJARO_HCP_ATTRIBUTES/,US_MOUNJARO_HCP_ATTRIBUTES,",",parquet,Indication_ID,Null,Daily,Active,NA,NA,N,,,,,
312,Post,US,00_RAW_FILES/MASTER/US_MOUNJARO_HCP_ATTRIBUTES/,US_MOUNJARO_HCP_ATTRIBUTES,",",parquet,Indication_ID,Custom_Count_Check,Daily,Active,NA,NA,NA,prerequisite condition,"select 1 - count(distinct Indication_ID) from src 
where Indication_ID in ('DS057')",,,One or more Indication_ID required value is missing
313,Post,US,00_RAW_FILES/MASTER/US_MOUNJARO_HCP_ATTRIBUTES/,US_MOUNJARO_HCP_ATTRIBUTES,",",parquet,lilly_person_id,Null,Daily,Active,NA,NA,N,,,,,
314,Post,US,00_RAW_FILES/MASTER/US_MOUNJARO_HCP_ATTRIBUTES/,US_MOUNJARO_HCP_ATTRIBUTES,",",parquet,lilly_person_id,CheckLength,Daily,Active,NA,11,N,11,,,,
315,Post,US,00_RAW_FILES/MASTER/US_MOUNJARO_HCP_ATTRIBUTES/,US_MOUNJARO_HCP_ATTRIBUTES,",",parquet,eph_reference_id,Custom_Count_Check,Daily,Active,NA,NA,NA,prerequisite condition,"select count(*) from(select count(*), X.winnerhcpreferenceid as lilly_person_id,product_id,indication_id from src left join (select loserhcpreferenceid,winnerhcpreferenceid from hcpreferencexref) x
on src.eph_reference_id = X.loserhcpreferenceid group by X.winnerhcpreferenceid,product_id,indication_id
having count(*)>1)a",,,Warning | Duplicates at the grain
316,Post,US,00_RAW_FILES/MASTER/US_MOUNJARO_HCP_ATTRIBUTES/,US_MOUNJARO_HCP_ATTRIBUTES,",",parquet,ly_spclty_grp,Custom_Count_Check,Daily,Active,NA,NA,NA,prerequisite condition,"select 1 - count(distinct ly_spclty_grp) from src 
where upper(ly_spclty_grp) in ('PCP')",,,One or more ly_spclty_grp required value is missing
317,Post,US,00_RAW_FILES/MASTER/US_MOUNJARO_HCP_ATTRIBUTES/,US_MOUNJARO_HCP_ATTRIBUTES,",",parquet,is_target,Custom_Count_Check,Daily,Active,NA,NA,NA,prerequisite condition,"select 2 - count(distinct is_target) from src 
where is_target in ('Y','N')",,,One or more is_target required value is missing
318,Post,US,00_RAW_FILES/MASTER/US_MOUNJARO_HCP_ATTRIBUTES/,US_MOUNJARO_HCP_ATTRIBUTES,",",parquet,is_target,Custom_Count_Check,Daily,Active,NA,NA,NA,prerequisite condition,select count(*) from src where upper(trim(is_target))='Y' and upper(trim(target_segment)) = 'PROSPECTS' ,,,is_target is Y for NON-TARGETS
319,Post,US,00_RAW_FILES/MASTER/US_MOUNJARO_HCP_ATTRIBUTES/,US_MOUNJARO_HCP_ATTRIBUTES,",",parquet,Target_Segment,Custom_Count_Check,Daily,Active,NA,NA,NA,prerequisite condition,"select 5 - count(distinct Target_Segment) from src 
where upper(Target_Segment) in ('CRITICAL','HIGH','MEDIUM','LOW','PROSPECTS')",,,One or more Target_Segment required value is missing
320,Post,US,00_RAW_FILES/MASTER/US_MOUNJARO_HCP_ATTRIBUTES/,US_MOUNJARO_HCP_ATTRIBUTES,",",parquet,Target_Segment,Custom_Count_Check,Daily,Active,NA,NA,NA,prerequisite condition,"select count(*) from src where upper(trim(target_segment)) in ('CRITICAL','HIGH','MEDIUM','LOW') and upper(trim(is_target))='N'",,,Incorrect target flag against C/H/L/M target segments
321,Post,US,00_RAW_FILES/MASTER/US_MOUNJARO_HCP_ATTRIBUTES/,US_MOUNJARO_HCP_ATTRIBUTES,",",parquet,lilly_person_id,Good_Records,Daily,Active,NA,NA,N,prerequisite condition,Select * from src,Overwrite,,
322,Post,US,00_RAW_FILES/MASTER/US_MOUNJARO_HCP_ATTRIBUTES/,US_MOUNJARO_HCP_ATTRIBUTES,",",parquet,eph_reference_id,Custom_Count_Check,Daily,Active,NA,NA,N,prerequisite condition,"select count(*)
from
(select count(distinct X.winnerhcpreferenceid) as curr_hcp,
'1' as rn from src left join (select loserhcpreferenceid,winnerhcpreferenceid from hcpreferencexref) x
on src.eph_reference_id = X.loserhcpreferenceid) a
inner join
(select count(distinct X.winnerhcpreferenceid ) as prev_hcps,
'1' as rnk
from MOUNJARO_ATTRIBUTES_PREV src left join (select loserhcpreferenceid,winnerhcpreferenceid from hcpreferencexref) x
on src.eph_reference_id = X.loserhcpreferenceid) b
on a.rn = b.rnk
where ((a.curr_hcp - b.prev_hcps) / (a.curr_hcp) * 100 ) > 5
or
((a.curr_hcp - b.prev_hcps) / (a.curr_hcp) * 100 ) < -5",NA,NA,WARNING: Checking if hcp difference between current file and previous file is greater than 5 or less than -5
323,Post,US,00_RAW_FILES/MASTER/US_MOUNJARO_HCP_ATTRIBUTES/,US_MOUNJARO_HCP_ATTRIBUTES,",",parquet,eph_reference_id,Custom_Count_Check,Daily,Active,NA,NA,NA,prerequisite condition,"select count(*) from
(select count(distinct X.winnerhcpreferenceid) cnt, 1 dummy
from src ad_current_file left join (select loserhcpreferenceid,winnerhcpreferenceid from hcpreferencexref) x
on ad_current_file.eph_reference_id = X.loserhcpreferenceid where upper(TARGET_SEGMENT)='CRITICAL') curr
inner join
(select count(distinct X.winnerhcpreferenceid) cnt, 1 dummy
from MOUNJARO_ATTRIBUTES_PREV src left join (select loserhcpreferenceid,winnerhcpreferenceid from hcpreferencexref) x
on src.eph_reference_id = X.loserhcpreferenceid where upper(TARGET_SEGMENT)='CRITICAL') prev
on curr.dummy=prev.dummy
where (((curr.cnt-prev.cnt)/prev.cnt)*100)<-5 or (((curr.cnt-prev.cnt)/prev.cnt)*100)>5",NA,NA,WARNING: Relative Difference for count of critical TARGET_SEGMENT values (threshold 5 percent)
324,Post,US,00_RAW_FILES/MASTER/US_MOUNJARO_HCP_ATTRIBUTES/,US_MOUNJARO_HCP_ATTRIBUTES,",",parquet,eph_reference_id,Custom_Count_Check,Daily,Active,NA,NA,NA,prerequisite condition,"select count(*) from 
(select count(distinct X.winnerhcpreferenceid) cnt, 1 dummy
from src ad_current_file left join (select loserhcpreferenceid,winnerhcpreferenceid from hcpreferencexref) x
on ad_current_file.eph_reference_id = X.loserhcpreferenceid where upper(TARGET_SEGMENT)='HIGH') curr
inner join
(select count(distinct X.winnerhcpreferenceid) cnt, 1 dummy
from MOUNJARO_ATTRIBUTES_PREV src left join (select loserhcpreferenceid,winnerhcpreferenceid from hcpreferencexref) x
on src.eph_reference_id = X.loserhcpreferenceid  where upper(TARGET_SEGMENT)='HIGH') prev
on curr.dummy=prev.dummy
where (((curr.cnt-prev.cnt)/prev.cnt)*100)<-5 or (((curr.cnt-prev.cnt)/prev.cnt)*100)>5",NA,NA,WARNING: Relative Difference for count of High TARGET_SEGMENT values (threshold 5 percent)
325,Post,US,00_RAW_FILES/MASTER/US_MOUNJARO_HCP_ATTRIBUTES/,US_MOUNJARO_HCP_ATTRIBUTES,",",parquet,eph_reference_id,Custom_Count_Check,Daily,Active,NA,NA,NA,prerequisite condition,"select count(*) from 
(select count(distinct X.winnerhcpreferenceid) cnt, 1 dummy
from src ad_current_file left join (select loserhcpreferenceid,winnerhcpreferenceid from hcpreferencexref) x
on ad_current_file.eph_reference_id = X.loserhcpreferenceid where upper(TARGET_SEGMENT)='MEDIUM') curr
inner join
(select count(distinct X.winnerhcpreferenceid) cnt, 1 dummy
from MOUNJARO_ATTRIBUTES_PREV src left join (select loserhcpreferenceid,winnerhcpreferenceid from hcpreferencexref) x
on src.eph_reference_id = X.loserhcpreferenceid where upper(TARGET_SEGMENT)='MEDIUM') prev
on curr.dummy=prev.dummy
where (((curr.cnt-prev.cnt)/prev.cnt)*100)<-5 or (((curr.cnt-prev.cnt)/prev.cnt)*100)>5",NA,NA,WARNING: Relative Difference for count of medium TARGET_SEGMENT values (threshold 5 percent)
326,Post,US,00_RAW_FILES/MASTER/US_MOUNJARO_HCP_ATTRIBUTES/,US_MOUNJARO_HCP_ATTRIBUTES,",",parquet,eph_reference_id,Custom_Count_Check,Daily,Active,NA,NA,NA,prerequisite condition,"select count(*) from 
(select count(distinct X.winnerhcpreferenceid ) cnt, 1 dummy
from src ad_current_file left join (select loserhcpreferenceid,winnerhcpreferenceid from hcpreferencexref) x
on ad_current_file.eph_reference_id = X.loserhcpreferenceid where upper(TARGET_SEGMENT)='LOW') curr
inner join
(select count(distinct X.winnerhcpreferenceid ) cnt, 1 dummy
from MOUNJARO_ATTRIBUTES_PREV src left join (select loserhcpreferenceid,winnerhcpreferenceid from hcpreferencexref) x
on src.eph_reference_id = X.loserhcpreferenceid where upper(TARGET_SEGMENT)='LOW') prev
on curr.dummy=prev.dummy
where (((curr.cnt-prev.cnt)/prev.cnt)*100)<-5 or (((curr.cnt-prev.cnt)/prev.cnt)*100)>5",NA,NA,WARNING: Relative Difference for count of Low TARGET_SEGMENT values (threshold 5 percent)
327,Post,US,00_RAW_FILES/MASTER/US_MOUNJARO_HCP_ATTRIBUTES/,US_MOUNJARO_HCP_ATTRIBUTES,",",parquet,eph_reference_id,Custom_Count_Check,Daily,Active,NA,NA,NA,prerequisite condition,"select count(*) from 
(select count(distinct X.winnerhcpreferenceid) cnt, 1 dummy
from src ad_current_file left join (select loserhcpreferenceid,winnerhcpreferenceid from hcpreferencexref) x
on ad_current_file.eph_reference_id = X.loserhcpreferenceid where upper(TARGET_SEGMENT)='PROSPECTS') curr
inner join
(select count(distinct X.winnerhcpreferenceid) cnt, 1 dummy
from MOUNJARO_ATTRIBUTES_PREV src left join (select loserhcpreferenceid,winnerhcpreferenceid from hcpreferencexref) x
on src.eph_reference_id = X.loserhcpreferenceid where upper(TARGET_SEGMENT)='PROSPECTS') prev
on curr.dummy=prev.dummy
where (((curr.cnt-prev.cnt)/prev.cnt)*100)<-5 or (((curr.cnt-prev.cnt)/prev.cnt)*100)>5",NA,NA,WARNING: Relative Difference for count of PROSPECTS TARGET_SEGMENT values (threshold 5 percent)
328,Post,US,00_RAW_FILES/MASTER/US_ZEPBOUND_HCP_ATTRIBUTES/,US_ZEPBOUND_HCP_ATTRIBUTES,",",parquet,Product_ID,Null,Daily,Active,NA,NA,N,,,,,
329,Post,US,00_RAW_FILES/MASTER/US_ZEPBOUND_HCP_ATTRIBUTES/,US_ZEPBOUND_HCP_ATTRIBUTES,",",parquet,Product_ID,Custom_Count_Check,Daily,Active,NA,NA,NA,prerequisite condition,"select 1 - count(distinct Product_ID) from src 
where Product_ID in ('US_708122')",,,One or more Product_ID required value is missing
330,Post,US,00_RAW_FILES/MASTER/US_ZEPBOUND_HCP_ATTRIBUTES/,US_ZEPBOUND_HCP_ATTRIBUTES,",",parquet,Indication_ID,Null,Daily,Active,NA,NA,N,,,,,
331,Post,US,00_RAW_FILES/MASTER/US_ZEPBOUND_HCP_ATTRIBUTES/,US_ZEPBOUND_HCP_ATTRIBUTES,",",parquet,Indication_ID,Custom_Count_Check,Daily,Active,NA,NA,NA,prerequisite condition,"select 1 - count(distinct Indication_ID) from src 
where Indication_ID in ('723224')",,,One or more Indication_ID required value is missing
332,Post,US,00_RAW_FILES/MASTER/US_ZEPBOUND_HCP_ATTRIBUTES/,US_ZEPBOUND_HCP_ATTRIBUTES,",",parquet,lilly_person_id,Null,Daily,Active,NA,NA,N,,,,,
333,Post,US,00_RAW_FILES/MASTER/US_ZEPBOUND_HCP_ATTRIBUTES/,US_ZEPBOUND_HCP_ATTRIBUTES,",",parquet,lilly_person_id,CheckLength,Daily,Active,NA,11,N,11,,,,
334,Post,US,00_RAW_FILES/MASTER/US_ZEPBOUND_HCP_ATTRIBUTES/,US_ZEPBOUND_HCP_ATTRIBUTES,",",parquet,EPH_Reference_ID,Custom_Count_Check,Daily,Active,NA,NA,NA,prerequisite condition,"select count(*) from(select count(*),X.winnerhcpreferenceid as lilly_person_id,product_id,indication_id from src left join (select loserhcpreferenceid,winnerhcpreferenceid from hcpreferencexref) x
on src.eph_reference_id = X.loserhcpreferenceid group by X.winnerhcpreferenceid,product_id,indication_id
having count(*)>1)a",,,Warning | Duplicates at the grain
335,Post,US,00_RAW_FILES/MASTER/US_ZEPBOUND_HCP_ATTRIBUTES/,US_ZEPBOUND_HCP_ATTRIBUTES,",",parquet,ly_spclty_grp,Custom_Count_Check,Daily,Active,NA,NA,NA,prerequisite condition,"select 1 - count(distinct ly_spclty_grp) from src 
where upper(ly_spclty_grp) in ('PCP')",,,One or more ly_spclty_grp required value is missing
336,Post,US,00_RAW_FILES/MASTER/US_ZEPBOUND_HCP_ATTRIBUTES/,US_ZEPBOUND_HCP_ATTRIBUTES,",",parquet,is_target,Custom_Count_Check,Daily,Active,NA,NA,NA,prerequisite condition,"select 2 - count(distinct is_target) from src 
where is_target in ('Y','N')",,,One or more is_target required value is missing
337,Post,US,00_RAW_FILES/MASTER/US_ZEPBOUND_HCP_ATTRIBUTES/,US_ZEPBOUND_HCP_ATTRIBUTES,",",parquet,is_target,Custom_Count_Check,Daily,Active,NA,NA,NA,prerequisite condition,select count(*) from src where upper(trim(is_target))='Y' and upper(trim(target_segment)) = 'PROSPECTS' ,,,is_target is Y for NON-TARGETS
338,Post,US,00_RAW_FILES/MASTER/US_ZEPBOUND_HCP_ATTRIBUTES/,US_ZEPBOUND_HCP_ATTRIBUTES,",",parquet,Target_Segment,Custom_Count_Check,Daily,Active,NA,NA,NA,prerequisite condition,"select 5 - count(distinct Target_Segment) from src 
where upper(Target_Segment) in ('CRITICAL','HIGH','MEDIUM','LOW','PROSPECTS')",,,One or more Target_Segment required value is missing
339,Post,US,00_RAW_FILES/MASTER/US_ZEPBOUND_HCP_ATTRIBUTES/,US_ZEPBOUND_HCP_ATTRIBUTES,",",parquet,Target_Segment,Custom_Count_Check,Daily,Active,NA,NA,NA,prerequisite condition,"select count(*) from src where upper(trim(target_segment)) in ('CRITICAL','HIGH','MEDIUM','LOW') and upper(trim(is_target))='N'",,,Incorrect target flag against C/H/L/M target segments
340,Post,US,00_RAW_FILES/MASTER/US_ZEPBOUND_HCP_ATTRIBUTES/,US_ZEPBOUND_HCP_ATTRIBUTES,",",parquet,lilly_person_id,Good_Records,Daily,Active,NA,NA,N,prerequisite condition,Select * from src,Overwrite,,
341,Post,US,00_RAW_FILES/MASTER/US_ZEPBOUND_HCP_ATTRIBUTES/,US_ZEPBOUND_HCP_ATTRIBUTES,",",parquet,EPH_Reference_ID,Custom_Count_Check,Daily,Active,NA,NA,N,prerequisite condition,"select count(*)
from
(select count(distinct X.winnerhcpreferenceid) as curr_hcp,
'1' as rn from src left join (select loserhcpreferenceid,winnerhcpreferenceid from hcpreferencexref) x
on src.eph_reference_id = X.loserhcpreferenceid) a
inner join
(select count(distinct X.winnerhcpreferenceid) as prev_hcps,
'1' as rnk
from ZEPBOUND_ATTRIBUTES_PREV src left join (select loserhcpreferenceid,winnerhcpreferenceid from hcpreferencexref) x
on src.eph_reference_id = X.loserhcpreferenceid) b
on a.rn = b.rnk
where ((a.curr_hcp - b.prev_hcps) / (a.curr_hcp) * 100 ) > 5
or
((a.curr_hcp - b.prev_hcps) / (a.curr_hcp) * 100 ) < -5",NA,NA,WARNING: Checking if hcp difference between current file and previous file is greater than 5 or less than -5
342,Post,US,00_RAW_FILES/MASTER/US_ZEPBOUND_HCP_ATTRIBUTES/,US_ZEPBOUND_HCP_ATTRIBUTES,",",parquet,EPH_Reference_ID,Custom_Count_Check,Daily,Active,NA,NA,NA,prerequisite condition,"select count(*) from
(select count(distinct X.winnerhcpreferenceid) cnt, 1 dummy
from src ad_current_file left join (select loserhcpreferenceid,winnerhcpreferenceid from hcpreferencexref) x
on ad_current_file.eph_reference_id = X.loserhcpreferenceid where upper(TARGET_SEGMENT)='CRITICAL') curr
inner join
(select count(distinct X.winnerhcpreferenceid) cnt, 1 dummy
from ZEPBOUND_ATTRIBUTES_PREV src left join (select loserhcpreferenceid,winnerhcpreferenceid from hcpreferencexref) x
on src.eph_reference_id = X.loserhcpreferenceid where upper(TARGET_SEGMENT)='CRITICAL') prev
on curr.dummy=prev.dummy
where (((curr.cnt-prev.cnt)/prev.cnt)*100)<-5 or (((curr.cnt-prev.cnt)/prev.cnt)*100)>5",NA,NA,WARNING: Relative Difference for count of critical TARGET_SEGMENT values (threshold 5 percent)
343,Post,US,00_RAW_FILES/MASTER/US_ZEPBOUND_HCP_ATTRIBUTES/,US_ZEPBOUND_HCP_ATTRIBUTES,",",parquet,EPH_Reference_ID,Custom_Count_Check,Daily,Active,NA,NA,NA,prerequisite condition,"select count(*) from 
(select count(distinct X.winnerhcpreferenceid) cnt, 1 dummy
from src ad_current_file left join (select loserhcpreferenceid,winnerhcpreferenceid from hcpreferencexref) x
on ad_current_file.eph_reference_id = X.loserhcpreferenceid where upper(TARGET_SEGMENT)='HIGH') curr
inner join
(select count(distinct X.winnerhcpreferenceid) cnt, 1 dummy
from ZEPBOUND_ATTRIBUTES_PREV src left join (select loserhcpreferenceid,winnerhcpreferenceid from hcpreferencexref) x
on src.eph_reference_id = X.loserhcpreferenceid where upper(TARGET_SEGMENT)='HIGH') prev
on curr.dummy=prev.dummy
where (((curr.cnt-prev.cnt)/prev.cnt)*100)<-5 or (((curr.cnt-prev.cnt)/prev.cnt)*100)>5",NA,NA,WARNING: Relative Difference for count of High TARGET_SEGMENT values (threshold 5 percent)
344,Post,US,00_RAW_FILES/MASTER/US_ZEPBOUND_HCP_ATTRIBUTES/,US_ZEPBOUND_HCP_ATTRIBUTES,",",parquet,EPH_Reference_ID,Custom_Count_Check,Daily,Active,NA,NA,NA,prerequisite condition,"select count(*) from 
(select count(distinct X.winnerhcpreferenceid) cnt, 1 dummy
from src ad_current_file left join (select loserhcpreferenceid,winnerhcpreferenceid from hcpreferencexref) x
on ad_current_file.eph_reference_id = X.loserhcpreferenceid where upper(TARGET_SEGMENT)='MEDIUM') curr
inner join
(select count(distinct X.winnerhcpreferenceid) cnt, 1 dummy
from ZEPBOUND_ATTRIBUTES_PREV src left join (select loserhcpreferenceid,winnerhcpreferenceid from hcpreferencexref) x
on src.eph_reference_id = X.loserhcpreferenceid where upper(TARGET_SEGMENT)='MEDIUM') prev
on curr.dummy=prev.dummy
where (((curr.cnt-prev.cnt)/prev.cnt)*100)<-5 or (((curr.cnt-prev.cnt)/prev.cnt)*100)>5",NA,NA,WARNING: Relative Difference for count of medium TARGET_SEGMENT values (threshold 5 percent)
345,Post,US,00_RAW_FILES/MASTER/US_ZEPBOUND_HCP_ATTRIBUTES/,US_ZEPBOUND_HCP_ATTRIBUTES,",",parquet,EPH_Reference_ID,Custom_Count_Check,Daily,Active,NA,NA,NA,prerequisite condition,"select count(*) from 
(select count(distinct X.winnerhcpreferenceid) cnt, 1 dummy
from src ad_current_file left join (select loserhcpreferenceid,winnerhcpreferenceid from hcpreferencexref) x
on ad_current_file.eph_reference_id = X.loserhcpreferenceid where upper(TARGET_SEGMENT)='LOW') curr
inner join
(select count(distinct X.winnerhcpreferenceid) cnt, 1 dummy
from ZEPBOUND_ATTRIBUTES_PREV src left join (select loserhcpreferenceid,winnerhcpreferenceid from hcpreferencexref) x
on src.eph_reference_id = X.loserhcpreferenceid where upper(TARGET_SEGMENT)='LOW') prev
on curr.dummy=prev.dummy
where (((curr.cnt-prev.cnt)/prev.cnt)*100)<-5 or (((curr.cnt-prev.cnt)/prev.cnt)*100)>5",NA,NA,WARNING: Relative Difference for count of Low TARGET_SEGMENT values (threshold 5 percent)
346,Post,US,00_RAW_FILES/MASTER/US_ZEPBOUND_HCP_ATTRIBUTES/,US_ZEPBOUND_HCP_ATTRIBUTES,",",parquet,EPH_Reference_ID,Custom_Count_Check,Daily,Active,NA,NA,NA,prerequisite condition,"select count(*) from 
(select count(distinct X.winnerhcpreferenceid) cnt, 1 dummy
from src ad_current_file left join (select loserhcpreferenceid,winnerhcpreferenceid from hcpreferencexref) x
on ad_current_file.eph_reference_id = X.loserhcpreferenceid where upper(TARGET_SEGMENT)='PROSPECTS') curr
inner join
(select count(distinct X.winnerhcpreferenceid) cnt, 1 dummy
from ZEPBOUND_ATTRIBUTES_PREV src left join (select loserhcpreferenceid,winnerhcpreferenceid from hcpreferencexref) x
on src.eph_reference_id = X.loserhcpreferenceid where upper(TARGET_SEGMENT)='PROSPECTS') prev
on curr.dummy=prev.dummy
where (((curr.cnt-prev.cnt)/prev.cnt)*100)<-5 or (((curr.cnt-prev.cnt)/prev.cnt)*100)>5",NA,NA,WARNING: Relative Difference for count of PROSPECTS TARGET_SEGMENT values (threshold 5 percent)
347,Post,US,00_RAW_FILES/MASTER/US_JARDIANCE_TRIGGER_METRICS/,US_JARDIANCE_TRIGGER_METRICS,",",parquet,product_id,Null,Daily,Active,NA,NA,N,,,,,
348,Post,US,00_RAW_FILES/MASTER/US_JARDIANCE_TRIGGER_METRICS/,US_JARDIANCE_TRIGGER_METRICS,",",parquet,product_id,Custom_Count_Check,Daily,Active,NA,NA,NA,prerequisite condition,"select 1 - count(distinct product_id) from src 
where product_id in ('US_304544')",,,One or more product_id required value is missing
349,Post,US,00_RAW_FILES/MASTER/US_JARDIANCE_TRIGGER_METRICS/,US_JARDIANCE_TRIGGER_METRICS,",",parquet,indication_id,Null,Daily,Active,NA,NA,N,,,,,
350,Post,US,00_RAW_FILES/MASTER/US_JARDIANCE_TRIGGER_METRICS/,US_JARDIANCE_TRIGGER_METRICS,",",parquet,indication_id,Custom_Count_Check,Daily,Active,NA,NA,NA,prerequisite condition,"select 1 - count(distinct indication_id) from src 
where indication_id in ('DS057')",,,One or more indication_id required value is missing
351,Post,US,00_RAW_FILES/MASTER/US_JARDIANCE_TRIGGER_METRICS/,US_JARDIANCE_TRIGGER_METRICS,",",parquet,lilly_person_id,Null,Daily,Active,NA,NA,N,,,,,
352,Post,US,00_RAW_FILES/MASTER/US_JARDIANCE_TRIGGER_METRICS/,US_JARDIANCE_TRIGGER_METRICS,",",parquet,lilly_person_id,CheckLength,Daily,Inactive,NA,11,N,11,,,,
353,Post,US,00_RAW_FILES/MASTER/US_JARDIANCE_TRIGGER_METRICS/,US_JARDIANCE_TRIGGER_METRICS,",",parquet,eph_reference_id,Custom_Count_Check,Daily,Active,NA,NA,NA,prerequisite condition,"select count(*) from(select count(*),lilly_id_f,product_id,indication_id from  (select  h.winnerhcpreferenceid as  lilly_id_f,*
from src  d  
left join  hcpreferencexref h
on eph_reference_id =loserhcpreferenceid ) a   group by lilly_id_f,product_id,indication_id
having count(*)>1)a",,,Warning | Duplicates at the grain
354,Post,US,00_RAW_FILES/MASTER/US_JARDIANCE_TRIGGER_METRICS/,US_JARDIANCE_TRIGGER_METRICS,",",parquet,lilly_person_id,Good_Records,Daily,Active,NA,NA,N,prerequisite condition,Select * from src,Overwrite,,
355,Post,US,00_RAW_FILES/MASTER/US_JARDIANCE_TRIGGER_METRICS/,US_JARDIANCE_TRIGGER_METRICS,",",parquet,jard_comm_trx_share_13w,Null,Daily,Active,NA,NA,N,,,,,
356,Post,US,00_RAW_FILES/MASTER/US_JARDIANCE_TRIGGER_METRICS/,US_JARDIANCE_TRIGGER_METRICS,",",parquet,jard_medicare_trx_share_13w,Null,Daily,Active,NA,NA,N,,,,,
357,Post,US,00_RAW_FILES/MASTER/US_JARDIANCE_TRIGGER_METRICS/,US_JARDIANCE_TRIGGER_METRICS,",",parquet,mkt_nbrx_bo_13w,Null,Daily,Active,NA,NA,N,,,,,
358,Post,US,00_RAW_FILES/MASTER/US_JARDIANCE_TRIGGER_METRICS/,US_JARDIANCE_TRIGGER_METRICS,",",parquet,bo_combo_nbrx_som_bo_13w,Null,Daily,Active,NA,NA,N,,,,,
359,Post,US,00_RAW_FILES/MASTER/US_JARDIANCE_TRIGGER_METRICS/,US_JARDIANCE_TRIGGER_METRICS,",",parquet,jrdn_trx_13w,Null,Daily,Active,NA,NA,N,,,,,
360,Post,US,00_RAW_FILES/MASTER/US_JARDIANCE_TRIGGER_METRICS/,US_JARDIANCE_TRIGGER_METRICS,",",parquet,jrdn_no_st_prcnt_rx_13w,Null,Daily,Active,NA,NA,N,,,,,
361,Post,US,00_RAW_FILES/MASTER/US_JARDIANCE_TRIGGER_METRICS/,US_JARDIANCE_TRIGGER_METRICS,",",parquet,payer_name_no_st,Null,Daily,Active,NA,NA,N,,,,,
362,Post,US,00_RAW_FILES/MASTER/US_JARDIANCE_TRIGGER_METRICS/,US_JARDIANCE_TRIGGER_METRICS,",",parquet,mkt_nbrx_brad_13w,Null,Daily,Active,NA,NA,N,,,,,
363,Post,US,00_RAW_FILES/MASTER/US_JARDIANCE_TRIGGER_METRICS/,US_JARDIANCE_TRIGGER_METRICS,",",parquet,glp_nbrx_som_brad_13w,Null,Daily,Active,NA,NA,N,,,,,
364,Post,US,00_RAW_FILES/MASTER/US_JARDIANCE_TRIGGER_METRICS/,US_JARDIANCE_TRIGGER_METRICS,",",parquet,jrdn_nts_4w_p4w_change,Null,Daily,Active,NA,NA,N,,,,,
365,Post,US,00_RAW_FILES/MASTER/US_JARDIANCE_TRIGGER_METRICS/,US_JARDIANCE_TRIGGER_METRICS,",",parquet,met_nts_4w_p4w_change,Null,Daily,Active,NA,NA,N,,,,,
366,Post,US,00_RAW_FILES/MASTER/US_JARDIANCE_TRIGGER_METRICS/,US_JARDIANCE_TRIGGER_METRICS,",",parquet,jrdn_nts_som_4w_p4w_change,Null,Daily,Active,NA,NA,N,,,,,
367,Post,US,00_RAW_FILES/MASTER/US_JARDIANCE_TRIGGER_METRICS/,US_JARDIANCE_TRIGGER_METRICS,",",parquet,frxg_nts_som_4w_p4w_change,Null,Daily,Active,NA,NA,N,,,,,
368,Post,US,00_RAW_FILES/MASTER/US_MOUNJARO_TRIGGER_METRICS/,US_MOUNJARO_TRIGGER_METRICS,",",parquet,product_id,Null,Daily,Active,NA,NA,N,,,,,
369,Post,US,00_RAW_FILES/MASTER/US_MOUNJARO_TRIGGER_METRICS/,US_MOUNJARO_TRIGGER_METRICS,",",parquet,product_id,Custom_Count_Check,Daily,Active,NA,NA,NA,prerequisite condition,"select 1 - count(distinct product_id) from src 
where product_id in ('US_613009')",,,One or more product_id required value is missing
370,Post,US,00_RAW_FILES/MASTER/US_MOUNJARO_TRIGGER_METRICS/,US_MOUNJARO_TRIGGER_METRICS,",",parquet,indication_id,Null,Daily,Active,NA,NA,N,,,,,
371,Post,US,00_RAW_FILES/MASTER/US_MOUNJARO_TRIGGER_METRICS/,US_MOUNJARO_TRIGGER_METRICS,",",parquet,indication_id,Custom_Count_Check,Daily,Active,NA,NA,NA,prerequisite condition,"select 1 - count(distinct indication_id) from src 
where indication_id in ('DS057')",,,One or more indication_id required value is missing
372,Post,US,00_RAW_FILES/MASTER/US_MOUNJARO_TRIGGER_METRICS/,US_MOUNJARO_TRIGGER_METRICS,",",parquet,lilly_person_id,Null,Daily,Active,NA,NA,N,,,,,
373,Post,US,00_RAW_FILES/MASTER/US_MOUNJARO_TRIGGER_METRICS/,US_MOUNJARO_TRIGGER_METRICS,",",parquet,lilly_person_id,CheckLength,Daily,Active,NA,11,N,11,,,,
374,Post,US,00_RAW_FILES/MASTER/US_MOUNJARO_TRIGGER_METRICS/,US_MOUNJARO_TRIGGER_METRICS,",",parquet,eph_reference_id,Custom_Count_Check,Daily,Active,NA,NA,NA,prerequisite condition,"select count(*) from(select count(*), X.winnerhcpreferenceid as lilly_person_id,product_id,indication_id from src left join (select loserhcpreferenceid,winnerhcpreferenceid from hcpreferencexref) x
on src.eph_reference_id = X.loserhcpreferenceid group by X.winnerhcpreferenceid,product_id,indication_id
having count(*)>1)a",,,Warning | Duplicates at the grain
375,Post,US,00_RAW_FILES/MASTER/US_MOUNJARO_TRIGGER_METRICS/,US_MOUNJARO_TRIGGER_METRICS,",",parquet,lilly_person_id,Good_Records,Daily,Active,NA,NA,N,prerequisite condition,Select * from src,Overwrite,,
376,Post,US,00_RAW_FILES/MASTER/US_MOUNJARO_TRIGGER_METRICS/,US_MOUNJARO_TRIGGER_METRICS,",",parquet,met_only_pats_26w,Null,Daily,Active,NA,NA,N,,,,,
377,Post,US,00_RAW_FILES/MASTER/US_MOUNJARO_TRIGGER_METRICS/,US_MOUNJARO_TRIGGER_METRICS,",",parquet,met_max_out_pats_26w,Null,Daily,Active,NA,NA,N,,,,,
378,Post,US,00_RAW_FILES/MASTER/US_MOUNJARO_TRIGGER_METRICS/,US_MOUNJARO_TRIGGER_METRICS,",",parquet,met_pat_not_to_goal_13w,Null,Daily,Active,NA,NA,N,,,,,
379,Post,US,00_RAW_FILES/MASTER/US_MOUNJARO_TRIGGER_METRICS/,US_MOUNJARO_TRIGGER_METRICS,",",parquet,ozm_mnj_swh_4w,Null,Daily,Active,NA,NA,N,,,,,
380,Post,US,00_RAW_FILES/MASTER/US_MOUNJARO_TRIGGER_METRICS/,US_MOUNJARO_TRIGGER_METRICS,",",parquet,ozm_swh_share_mnj_nbrx_4w,Null,Daily,Active,NA,NA,N,,,,,
381,Post,US,00_RAW_FILES/MASTER/US_MOUNJARO_TRIGGER_METRICS/,US_MOUNJARO_TRIGGER_METRICS,",",parquet,mkt_nts_glp_tot_13w,Null,Daily,Active,NA,NA,N,,,,,
382,Post,US,00_RAW_FILES/MASTER/US_MOUNJARO_TRIGGER_METRICS/,US_MOUNJARO_TRIGGER_METRICS,",",parquet,oze_nts_glp_tot_4w,Null,Daily,Active,NA,NA,N,,,,,
383,Post,US,00_RAW_FILES/MASTER/US_MOUNJARO_TRIGGER_METRICS/,US_MOUNJARO_TRIGGER_METRICS,",",parquet,bo_pat_not_to_goal_13w,Null,Daily,Active,NA,NA,N,,,,,
384,Post,US,00_RAW_FILES/MASTER/US_MOUNJARO_TRIGGER_METRICS/,US_MOUNJARO_TRIGGER_METRICS,",",parquet,glp_pat_not_to_goal_13w,Null,Daily,Active,NA,NA,N,,,,,
385,Post,US,00_RAW_FILES/MASTER/US_MOUNJARO_TRIGGER_METRICS/,US_MOUNJARO_TRIGGER_METRICS,",",parquet,ozp_mnj_nbrx_diff_13w,Null,Daily,Active,NA,NA,N,,,,,
386,Post,US,00_RAW_FILES/MASTER/US_MOUNJARO_TRIGGER_METRICS/,US_MOUNJARO_TRIGGER_METRICS,",",parquet,mnj_ozp_nbrx_diff_p13w,Null,Daily,Active,NA,NA,N,,,,,
387,Post,US,00_RAW_FILES/MASTER/US_MOUNJARO_TRIGGER_METRICS/,US_MOUNJARO_TRIGGER_METRICS,",",parquet,glp_good_access_comm_pats_13w,Null,Daily,Active,NA,NA,N,,,,,
388,Post,US,00_RAW_FILES/MASTER/US_MOUNJARO_TRIGGER_METRICS/,US_MOUNJARO_TRIGGER_METRICS,",",parquet,glp_good_access_comm_trx_som_13w,Null,Daily,Active,NA,NA,N,,,,,
389,Post,US,00_RAW_FILES/MASTER/US_MOUNJARO_TRIGGER_METRICS/,US_MOUNJARO_TRIGGER_METRICS,",",parquet,glp_inj_good_access_nbrx_4w,Null,Daily,Active,NA,NA,N,,,,,
390,Post,US,00_RAW_FILES/MASTER/US_MOUNJARO_TRIGGER_METRICS/,US_MOUNJARO_TRIGGER_METRICS,",",parquet,glp_inj_gd_acc_nbrx_growth_4w,Null,Daily,Active,NA,NA,N,,,,,
391,Post,US,00_RAW_FILES/MASTER/US_MOUNJARO_TRIGGER_METRICS/,US_MOUNJARO_TRIGGER_METRICS,",",parquet,mnj_naive_nts_glp_share_13w,Null,Daily,Active,NA,NA,N,,,,,
392,Post,US,00_RAW_FILES/MASTER/US_MOUNJARO_TRIGGER_METRICS/,US_MOUNJARO_TRIGGER_METRICS,",",parquet,mnj_nts_glp_13w,Null,Daily,Active,NA,NA,N,,,,,
393,Post,US,00_RAW_FILES/MASTER/US_MOUNJARO_TRIGGER_METRICS/,US_MOUNJARO_TRIGGER_METRICS,",",parquet,diff_ozp_mnj_trx_13w,Null,Daily,Active,NA,NA,N,,,,,
394,Post,US,00_RAW_FILES/MASTER/US_MOUNJARO_TRIGGER_METRICS/,US_MOUNJARO_TRIGGER_METRICS,",",parquet,oze_mnj_nts_som_glp_diff_13w,Null,Daily,Active,NA,NA,N,,,,,
395,Post,US,00_RAW_FILES/MASTER/US_MOUNJARO_TRIGGER_METRICS/,US_MOUNJARO_TRIGGER_METRICS,",",parquet,glp_met_nts_som_glp_tot_26w,Null,Daily,Active,NA,NA,N,,,,,
396,Post,US,00_RAW_FILES/MASTER/US_MOUNJARO_TRIGGER_METRICS/,US_MOUNJARO_TRIGGER_METRICS,",",parquet,mnj_nbrx_13w,Null,Daily,Active,NA,NA,N,,,,,
397,Post,US,00_RAW_FILES/MASTER/US_MOUNJARO_TRIGGER_METRICS/,US_MOUNJARO_TRIGGER_METRICS,",",parquet,mnj_nbrx_switches_sh_13w,Null,Daily,Active,NA,NA,N,,,,,
398,Post,US,00_RAW_FILES/MASTER/US_ZEPBOUND_TRIGGER_METRICS/,US_ZEPBOUND_TRIGGER_METRICS,",",parquet,product_id,Null,Daily,Active,NA,NA,N,,,,,
399,Post,US,00_RAW_FILES/MASTER/US_ZEPBOUND_TRIGGER_METRICS/,US_ZEPBOUND_TRIGGER_METRICS,",",parquet,product_id,Custom_Count_Check,Daily,Active,NA,NA,NA,prerequisite condition,"select 1 - count(distinct product_id) from src 
where product_id in ('US_708122')",,,One or more product_id required value is missing
400,Post,US,00_RAW_FILES/MASTER/US_ZEPBOUND_TRIGGER_METRICS/,US_ZEPBOUND_TRIGGER_METRICS,",",parquet,indication_id,Null,Daily,Active,NA,NA,N,,,,,
401,Post,US,00_RAW_FILES/MASTER/US_ZEPBOUND_TRIGGER_METRICS/,US_ZEPBOUND_TRIGGER_METRICS,",",parquet,indication_id,Custom_Count_Check,Daily,Active,NA,NA,NA,prerequisite condition,"select 1 - count(distinct indication_id) from src 
where indication_id in ('723224')",,,One or more indication_id required value is missing
402,Post,US,00_RAW_FILES/MASTER/US_ZEPBOUND_TRIGGER_METRICS/,US_ZEPBOUND_TRIGGER_METRICS,",",parquet,lilly_person_id,Null,Daily,Active,NA,NA,N,,,,,
403,Post,US,00_RAW_FILES/MASTER/US_ZEPBOUND_TRIGGER_METRICS/,US_ZEPBOUND_TRIGGER_METRICS,",",parquet,lilly_person_id,CheckLength,Daily,Active,NA,11,N,11,,,,
404,Post,US,00_RAW_FILES/MASTER/US_ZEPBOUND_TRIGGER_METRICS/,US_ZEPBOUND_TRIGGER_METRICS,",",parquet,eph_reference_id,Custom_Count_Check,Daily,Active,NA,NA,NA,prerequisite condition,"select count(*) from(select count(*), X.winnerhcpreferenceid as lilly_person_id,product_id,indication_id from src left join (select loserhcpreferenceid,winnerhcpreferenceid from hcpreferencexref) x
on src.eph_reference_id = X.loserhcpreferenceid group by X.winnerhcpreferenceid,product_id,indication_id
having count(*)>1)a",,,Warning | Duplicates at the grain
405,Post,US,00_RAW_FILES/MASTER/US_ZEPBOUND_TRIGGER_METRICS/,US_ZEPBOUND_TRIGGER_METRICS,",",parquet,lilly_person_id,Good_Records,Daily,Active,NA,NA,N,prerequisite condition,Select * from src,Overwrite,,
406,Post,US,00_RAW_FILES/MASTER/US_ZEPBOUND_TRIGGER_METRICS/,US_ZEPBOUND_TRIGGER_METRICS,",",parquet,inj_aom_nts_13w,Null,Daily,Active,NA,NA,N,,,,,
407,Post,US,00_RAW_FILES/MASTER/US_ZEPBOUND_TRIGGER_METRICS/,US_ZEPBOUND_TRIGGER_METRICS,",",parquet,weg_inj_aom_nts_som_13w,Null,Daily,Active,NA,NA,N,,,,,
408,Post,US,00_RAW_FILES/MASTER/US_ZEPBOUND_TRIGGER_METRICS/,US_ZEPBOUND_TRIGGER_METRICS,",",parquet,sax_inj_aom_nts_som_13w,Null,Daily,Active,NA,NA,N,,,,,
409,Post,US,00_RAW_FILES/MASTER/US_ZEPBOUND_TRIGGER_METRICS/,US_ZEPBOUND_TRIGGER_METRICS,",",parquet,tzpo_inj_aom_nts_som_13w,Null,Daily,Active,NA,NA,N,,,,,
410,Post,US,00_RAW_FILES/MASTER/US_ZEPBOUND_TRIGGER_METRICS/,US_ZEPBOUND_TRIGGER_METRICS,",",parquet,inj_aom_claims_4w,Null,Daily,Active,NA,NA,N,,,,,
411,Post,US,00_RAW_FILES/MASTER/US_ZEPBOUND_TRIGGER_METRICS/,US_ZEPBOUND_TRIGGER_METRICS,",",parquet,inj_aom_rej_claims_4w,Null,Daily,Active,NA,NA,N,,,,,
412,Post,US,00_RAW_FILES/MASTER/US_ZEPBOUND_TRIGGER_METRICS/,US_ZEPBOUND_TRIGGER_METRICS,",",parquet,inj_aom_rej_rate_4w,Null,Daily,Active,NA,NA,N,,,,,
413,Post,US,00_RAW_FILES/MASTER/US_ZEPBOUND_TRIGGER_METRICS/,US_ZEPBOUND_TRIGGER_METRICS,",",parquet,inj_aom_rej_pa_claims_share_4w,Null,Daily,Active,NA,NA,N,,,,,
414,Post,US,00_RAW_FILES/MASTER/US_ZEPBOUND_TRIGGER_METRICS/,US_ZEPBOUND_TRIGGER_METRICS,",",parquet,inj_aom_rej_pnc_claims_share_4w,Null,Daily,Active,NA,NA,N,,,,,
415,Post,US,00_RAW_FILES/MASTER/US_ZEPBOUND_TRIGGER_METRICS/,US_ZEPBOUND_TRIGGER_METRICS,",",parquet,inj_aom_rej_other_claims_share_4w,Null,Daily,Active,NA,NA,N,,,,,
416,Post,US,00_RAW_FILES/MASTER/US_ZEPBOUND_TRIGGER_METRICS/,US_ZEPBOUND_TRIGGER_METRICS,",",parquet,tzpo_switch_to_weg_13w,Null,Daily,Active,NA,NA,N,,,,,
417,Post,US,00_RAW_FILES/MASTER/US_ZEPBOUND_TRIGGER_METRICS/,US_ZEPBOUND_TRIGGER_METRICS,",",parquet,tzpo_low_dose_thrice_pat_26w,Null,Daily,Active,NA,NA,N,,,,,
418,Post,US,00_RAW_FILES/MASTER/US_ZEPBOUND_TRIGGER_METRICS/,US_ZEPBOUND_TRIGGER_METRICS,",",parquet,inj_aom_switch_to_tzpo_13w,Null,Daily,Active,NA,NA,N,,,,,
419,Post,US,00_RAW_FILES/MASTER/US_ZEPBOUND_TRIGGER_METRICS/,US_ZEPBOUND_TRIGGER_METRICS,",",parquet,com_inj_aom_nbrx_gd_acc_grwth_4w,Null,Daily,Active,NA,NA,N,,,,,
420,Post,US,00_RAW_FILES/MASTER/US_ZEPBOUND_TRIGGER_METRICS/,US_ZEPBOUND_TRIGGER_METRICS,",",parquet,com_inj_aom_nbrx_gd_acc_4w,Null,Daily,Active,NA,NA,N,,,,,
421,Post,US,00_RAW_FILES/MASTER/US_ZEPBOUND_TRIGGER_METRICS/,US_ZEPBOUND_TRIGGER_METRICS,",",parquet,inj_aom_nbrx_13w,Null,Daily,Active,NA,NA,N,,,,,
422,Post,US,00_RAW_FILES/MASTER/US_ZEPBOUND_TRIGGER_METRICS/,US_ZEPBOUND_TRIGGER_METRICS,",",parquet,weg_nbrx_13w,Null,Daily,Active,NA,NA,N,,,,,
423,Post,US,00_RAW_FILES/MASTER/US_ZEPBOUND_TRIGGER_METRICS/,US_ZEPBOUND_TRIGGER_METRICS,",",parquet,zep_nbrx_13w,Null,Daily,Active,NA,NA,N,,,,,
424,Post,US,00_RAW_FILES/MASTER/US_ZEPBOUND_TRIGGER_METRICS/,US_ZEPBOUND_TRIGGER_METRICS,",",parquet,inj_aom_nbrx_gd_acc_shr_13w,Null,Daily,Active,NA,NA,N,,,,,
425,Post,US,00_RAW_FILES/MASTER/US_ZEPBOUND_TRIGGER_METRICS/,US_ZEPBOUND_TRIGGER_METRICS,",",parquet,inj_aom_nbrx_perc_change_4w,Null,Daily,Active,NA,NA,N,,,,,
426,Post,US,00_RAW_FILES/MASTER/US_ZEPBOUND_TRIGGER_METRICS/,US_ZEPBOUND_TRIGGER_METRICS,",",parquet,inj_aom_nbrx_4w,Null,Daily,Active,NA,NA,N,,,,,
427,Post,US,00_RAW_FILES/MASTER/US_ZEPBOUND_TRIGGER_METRICS/,US_ZEPBOUND_TRIGGER_METRICS,",",parquet,zep_nbrx_perc_change_4w,Null,Daily,Active,NA,NA,N,,,,,
428,Post,US,00_RAW_FILES/MASTER/US_ZEPBOUND_TRIGGER_METRICS/,US_ZEPBOUND_TRIGGER_METRICS,",",parquet,inj_aom_nts_change_13w,Null,Daily,Active,NA,NA,N,,,,,
429,Post,US,00_RAW_FILES/MASTER/US_ZEPBOUND_TRIGGER_METRICS/,US_ZEPBOUND_TRIGGER_METRICS,",",parquet,zep_inj_aom_nts_som_change_13w,Null,Daily,Active,NA,NA,N,,,,,
430,Post,US,00_RAW_FILES/MASTER/US_MOUNJARO_TRIGGERS_PAYER_BR_METRICS/,US_MOUNJARO_TRIGGERS_PAYER_BR_METRICS,",",parquet,report_date,Null,Daily,Active,NA,NA,N,,,,,
431,Post,US,00_RAW_FILES/MASTER/US_MOUNJARO_TRIGGERS_PAYER_BR_METRICS/,US_MOUNJARO_TRIGGERS_PAYER_BR_METRICS,",",parquet,product_id,Null,Daily,Active,NA,NA,N,,,,,
432,Post,US,00_RAW_FILES/MASTER/US_MOUNJARO_TRIGGERS_PAYER_BR_METRICS/,US_MOUNJARO_TRIGGERS_PAYER_BR_METRICS,",",parquet,indication_id,Null,Daily,Active,NA,NA,N,,,,,
433,Post,US,00_RAW_FILES/MASTER/US_MOUNJARO_TRIGGERS_PAYER_BR_METRICS/,US_MOUNJARO_TRIGGERS_PAYER_BR_METRICS,",",parquet,eph_reference_id,Null,Daily,Inactive,NA,NA,N,,,,,
434,Post,US,00_RAW_FILES/MASTER/US_MOUNJARO_TRIGGERS_PAYER_BR_METRICS/,US_MOUNJARO_TRIGGERS_PAYER_BR_METRICS,",",parquet,eph_enterprise_id,Null,Daily,Active,NA,NA,N,,,,,
435,Post,US,00_RAW_FILES/MASTER/US_MOUNJARO_TRIGGERS_PAYER_BR_METRICS/,US_MOUNJARO_TRIGGERS_PAYER_BR_METRICS,",",parquet,lilly_person_id,Null,Daily,Active,NA,NA,N,,,,,
436,Post,US,00_RAW_FILES/MASTER/US_MOUNJARO_TRIGGERS_PAYER_BR_METRICS/,US_MOUNJARO_TRIGGERS_PAYER_BR_METRICS,",",parquet,generic_payer_flag_trigger,Null,Daily,Active,NA,NA,N,,,,,
437,Post,US,00_RAW_FILES/MASTER/US_MOUNJARO_TRIGGERS_PAYER_BR_METRICS/,US_MOUNJARO_TRIGGERS_PAYER_BR_METRICS,",",parquet,product_id,Custom_Count_Check,Daily,Active,NA,NA,NA,prerequisite condition,"select 1 - count(distinct product_id) from src 
where product_id in ('US_613009')",,,One or more product_id required value is missing
438,Post,US,00_RAW_FILES/MASTER/US_MOUNJARO_TRIGGERS_PAYER_BR_METRICS/,US_MOUNJARO_TRIGGERS_PAYER_BR_METRICS,",",parquet,indication_id,Custom_Count_Check,Daily,Active,NA,NA,NA,prerequisite condition,"select 1 - count(distinct indication_id) from src 
where indication_id in ('DS057')",,,One or more indication_id required value is missing
439,Post,US,00_RAW_FILES/MASTER/US_MOUNJARO_TRIGGERS_PAYER_BR_METRICS/,US_MOUNJARO_TRIGGERS_PAYER_BR_METRICS,",",parquet,lilly_person_id,CheckLength,Daily,Active,NA,11,N,11,,,,
440,Post,US,00_RAW_FILES/MASTER/US_MOUNJARO_TRIGGERS_PAYER_BR_METRICS/,US_MOUNJARO_TRIGGERS_PAYER_BR_METRICS,",",parquet,eph_reference_id,Custom_Count_Check,Daily,Active,NA,NA,NA,prerequisite condition,"select count(*) from(select count(*), X.winnerhcpreferenceid as lilly_person_id,product_id,indication_id from src left join (select loserhcpreferenceid,winnerhcpreferenceid from hcpreferencexref) x
on src.eph_reference_id = X.loserhcpreferenceid group by  X.winnerhcpreferenceid,product_id,indication_id
having count(*)>1)a",,,Duplicates at the grain
441,Post,US,00_RAW_FILES/MASTER/US_MOUNJARO_TRIGGERS_PAYER_BR_METRICS/,US_MOUNJARO_TRIGGERS_PAYER_BR_METRICS,",",parquet,lilly_person_id,Good_Records,Daily,Active,NA,NA,N,prerequisite condition,Select * from src,Overwrite,,
442,Post,US,00_RAW_FILES/MASTER/US_MOUNJARO_TRIGGERS_PAYER_BR_METRICS/,US_MOUNJARO_TRIGGERS_PAYER_BR_METRICS,",",parquet,generic_payer_flag_trigger,Custom_Count_Check,Daily,Active,NA,NA,NA,prerequisite condition,select count(*) from src where generic_payer_flag_trigger rlike '[^0-1]',,,Non-numeric or negative value in generic_payer_flag_trigger
443,Post,US,00_RAW_FILES/MASTER/US_ZEPBOUND_TRIGGERS_PAYER_BR_METRICS/,US_ZEPBOUND_TRIGGERS_PAYER_BR_METRICS,",",parquet,report_date,Null,Daily,Active,NA,NA,N,,,,,
444,Post,US,00_RAW_FILES/MASTER/US_ZEPBOUND_TRIGGERS_PAYER_BR_METRICS/,US_ZEPBOUND_TRIGGERS_PAYER_BR_METRICS,",",parquet,product_id,Null,Daily,Active,NA,NA,N,,,,,
445,Post,US,00_RAW_FILES/MASTER/US_ZEPBOUND_TRIGGERS_PAYER_BR_METRICS/,US_ZEPBOUND_TRIGGERS_PAYER_BR_METRICS,",",parquet,indication_id,Null,Daily,Active,NA,NA,N,,,,,
446,Post,US,00_RAW_FILES/MASTER/US_ZEPBOUND_TRIGGERS_PAYER_BR_METRICS/,US_ZEPBOUND_TRIGGERS_PAYER_BR_METRICS,",",parquet,eph_reference_id,Null,Daily,Inactive,NA,NA,N,,,,,
447,Post,US,00_RAW_FILES/MASTER/US_ZEPBOUND_TRIGGERS_PAYER_BR_METRICS/,US_ZEPBOUND_TRIGGERS_PAYER_BR_METRICS,",",parquet,eph_enterprise_id,Null,Daily,Active,NA,NA,N,,,,,
448,Post,US,00_RAW_FILES/MASTER/US_ZEPBOUND_TRIGGERS_PAYER_BR_METRICS/,US_ZEPBOUND_TRIGGERS_PAYER_BR_METRICS,",",parquet,lilly_person_id,Null,Daily,Active,NA,NA,N,,,,,
449,Post,US,00_RAW_FILES/MASTER/US_ZEPBOUND_TRIGGERS_PAYER_BR_METRICS/,US_ZEPBOUND_TRIGGERS_PAYER_BR_METRICS,",",parquet,generic_payer_flag_trigger,Null,Daily,Active,NA,NA,N,,,,,
450,Post,US,00_RAW_FILES/MASTER/US_ZEPBOUND_TRIGGERS_PAYER_BR_METRICS/,US_ZEPBOUND_TRIGGERS_PAYER_BR_METRICS,",",parquet,product_id,Custom_Count_Check,Daily,Active,NA,NA,NA,prerequisite condition,"select 1 - count(distinct product_id) from src 
where product_id in ('US_708122')",,,One or more product_id required value is missing
451,Post,US,00_RAW_FILES/MASTER/US_ZEPBOUND_TRIGGERS_PAYER_BR_METRICS/,US_ZEPBOUND_TRIGGERS_PAYER_BR_METRICS,",",parquet,indication_id,Custom_Count_Check,Daily,Active,NA,NA,NA,prerequisite condition,"select 1 - count(distinct indication_id) from src 
where indication_id in ('723224')",,,One or more indication_id required value is missing
452,Post,US,00_RAW_FILES/MASTER/US_ZEPBOUND_TRIGGERS_PAYER_BR_METRICS/,US_ZEPBOUND_TRIGGERS_PAYER_BR_METRICS,",",parquet,lilly_person_id,CheckLength,Daily,Active,NA,11,N,11,,,,
453,Post,US,00_RAW_FILES/MASTER/US_ZEPBOUND_TRIGGERS_PAYER_BR_METRICS/,US_ZEPBOUND_TRIGGERS_PAYER_BR_METRICS,",",parquet,eph_reference_id,Custom_Count_Check,Daily,Active,NA,NA,NA,prerequisite condition,"select count(*) from(select count(*),X.winnerhcpreferenceid as lilly_person_id,product_id,indication_id from src left join (select loserhcpreferenceid,winnerhcpreferenceid from hcpreferencexref) x
on src.eph_reference_id = X.loserhcpreferenceid group by X.winnerhcpreferenceid,product_id,indication_id
having count(*)>1)a",,,Warning | Duplicates at the grain
454,Post,US,00_RAW_FILES/MASTER/US_ZEPBOUND_TRIGGERS_PAYER_BR_METRICS/,US_ZEPBOUND_TRIGGERS_PAYER_BR_METRICS,",",parquet,lilly_person_id,Good_Records,Daily,Active,NA,NA,N,prerequisite condition,Select * from src,Overwrite,,
455,Post,US,00_RAW_FILES/MASTER/US_ZEPBOUND_TRIGGERS_PAYER_BR_METRICS/,US_ZEPBOUND_TRIGGERS_PAYER_BR_METRICS,",",parquet,generic_payer_flag_trigger,Custom_Count_Check,Daily,Active,NA,NA,NA,prerequisite condition,select count(*) from src where generic_payer_flag_trigger rlike '[^0-1]',,,Non-numeric or negative value in generic_payer_flag_trigger
456,Post,US,00_RAW_FILES/ACTIVITY/LILLY_EVENTS/,LILLY_EVENTS,",",parquet,lilly_person_id,Good_Records,Daily,Active,NA,NA,N,prerequisite condition,Select * from src,Overwrite,,
457,Post,US,00_RAW_FILES/ACTIVITY/LILLY_EVENTS/,LILLY_EVENTS,",",parquet,product_name,Custom_Count_Check,Daily,Active,NA,NA,NA,prerequisite condition,"select count(*) from (select upper(SOURCE_PRODUCT_NAME) from m_prod_xref where upper(SOURCE_NAME)='P2P_ACTIVITY_FI' and upper(ACTIVE)='Y'
except
select distinct upper(product_name) from src where upper(trim(event_country))='US')a",,,product_name are missing
458,Post,US,00_RAW_FILES/ACTIVITY/LILLY_EVENTS/,LILLY_EVENTS,",",parquet,event_start_date,Custom_Count_Check,Daily,Active,NA,NA,NA,prerequisite condition,"select count(distinct event_start_date) from src
where length(event_start_date)!=19
and UPPER(trim(event_country))='US'",,,Incorrect Date Format
459,Post,US,00_RAW_FILES/ACTIVITY/LILLY_EVENTS/,LILLY_EVENTS,",",parquet,event_end_date,Custom_Count_Check,Daily,Active,NA,NA,NA,prerequisite condition,"select count(distinct event_end_date) from src
where length(event_end_date)!=19
and UPPER(trim(event_country))='US'",,,Incorrect Date Format
460,Post,US,00_RAW_FILES/ACTIVITY/LILLY_EVENTS/,LILLY_EVENTS,",",parquet,event_country,Custom_Count_Check,Daily,Active,NA,NA,NA,prerequisite condition,"select 1 - count(distinct event_country) from src 
where upper(event_country) in ('US')",,,One or more event_country required value is missing
461,Post,US,00_RAW_FILES/ACTIVITY/LILLY_EVENTS/,LILLY_EVENTS,",",parquet,department,Custom_Count_Check,Daily,Active,NA,NA,NA,prerequisite condition,"select 1 - count(distinct department) from src 
where upper(department) in ('RETAIL')",,,One or more department required value is missing
462,Post,US,00_RAW_FILES/ACTIVITY/LILLY_EVENTS/,LILLY_EVENTS,",",parquet,event_owner,Custom_Count_Check,Daily,Active,NA,NA,NA,prerequisite condition,"select count(*) from src
where upper(trim(event_country))='US' and event_owner is null",,,Event_Owner is null
463,Post,US,00_RAW_FILES/ACTIVITY/LILLY_EVENTS/,LILLY_EVENTS,",",parquet,event_owner_id,Custom_Count_Check,Daily,Active,NA,NA,NA,prerequisite condition,"select count(*) from src
where upper(trim(event_country))='US' and event_owner_id is null",,,Event_Owner_ID is null
464,Post,US,00_RAW_FILES/ACTIVITY/LILLY_EVENTS/,LILLY_EVENTS,",",parquet,lilly_person_id,Custom_Count_Check,Daily,Inactive,NA,NA,NA,prerequisite condition,select count(*) from src where upper(trim(event_country))='US' and length(lilly_person_id)!=11,,,lilly_customer_id does not contain 11 characters
465,Post,US,00_RAW_FILES/ACTIVITY/LILLY_EVENTS/,LILLY_EVENTS,",",parquet,event_source,Custom_Count_Check,Daily,Active,NA,NA,NA,prerequisite condition,"select 1 - count(distinct event_source) from src 
where upper(event_source) in ('CPS')",,,One or more event_source required value is missing
466,Post,US,00_RAW_FILES/ACTIVITY/LILLY_EVENTS/,LILLY_EVENTS,",",parquet,event_type,Custom_Count_Check,Daily,Active,NA,NA,NA,prerequisite condition,"select 1 - count(distinct event_type) from src 
where upper(event_type) in ('FDA REGULATED PROGRAM')",,,One or more event_type required value is missing
467,Post,US,00_RAW_FILES/ACTIVITY/LILLY_EVENTS/,LILLY_EVENTS,",",parquet,attendee_status,Custom_Count_Check,Daily,Active,NA,NA,NA,prerequisite condition,"select 2 - count(distinct attendee_status) from src 
where upper(attendee_status) in ('PARTICIPATED','ATTENDED')",,,Warning  | One or more attendee_status required value is missing
468,Post,US,00_RAW_FILES/MASTER/DBU_PREDICTIVE_TRIGGERS/,DBU_PREDICTIVE_TRIGGERS,",",parquet,lilly_person_id,Good_Records,Daily,Active,NA,NA,N,prerequisite condition,Select * from src,Overwrite,,
469,Post,US,00_RAW_FILES/MASTER/DBU_PREDICTIVE_TRIGGERS/,DBU_PREDICTIVE_TRIGGERS,",",parquet,lilly_person_id,CheckLength,Daily,Active,NA,11,N,11,,,,
470,Post,US,00_RAW_FILES/MASTER/DBU_PREDICTIVE_TRIGGERS/,DBU_PREDICTIVE_TRIGGERS,",",parquet,predicted_switches_met_4w,Custom_Count_Check,Daily,Active,NA,NA,NA,prerequisite condition,select count (*) from src where predicted_switches_met_4w is null or predicted_switches_met_4w<0,,,Non Negative Values for predicted_switches_met_4w
471,Post,US,00_RAW_FILES/MASTER/DBU_PREDICTIVE_TRIGGERS/,DBU_PREDICTIVE_TRIGGERS,",",parquet,predicted_switches_4w,Custom_Count_Check,Daily,Active,NA,NA,NA,prerequisite condition,select count (*) from src where predicted_switches_4w is null or predicted_switches_4w<0,,,Non Negative Values for predicted_switches_4w
472,Post,US,00_RAW_FILES/MASTER/HCP_LEVEL_WEEKLY_DATA_DBU/,HCP_LEVEL_DATA_DBU,",",parquet,lilly_person_id,Good_Records,Daily,Active,NA,NA,N,prerequisite condition,Select * from src,Overwrite,,
473,Post,US,00_RAW_FILES/MASTER/HCP_LEVEL_WEEKLY_DATA_DBU/,HCP_LEVEL_DATA_DBU,",",parquet,lilly_person_id,CheckLength,Daily,Active,NA,11,N,11,,,,
474,Post,US,00_RAW_FILES/MASTER/HCP_LEVEL_WEEKLY_DATA_DBU/,HCP_LEVEL_DATA_DBU,",",parquet,iqvia_rxer_id,Custom_Count_Check,Daily,Active,NA,NA,NA,prerequisite condition,select count (*) from src where iqvia_rxer_id is null or iqvia_rxer_id<0,,,Non Negative Values for iqvia_rxer_id
475,Post,US,00_RAW_FILES/MASTER/HCP_LEVEL_WEEKLY_DATA_DBU/,HCP_LEVEL_DATA_DBU,",",parquet,oze_nts_som_glp_tot,Custom_Count_Check,Daily,Active,NA,NA,NA,prerequisite condition,select count (*) from src where oze_nts_som_glp_tot is null or oze_nts_som_glp_tot<0,,,Non Negative Values for oze_nts_som_glp_tot
476,Post,US,00_RAW_FILES/MASTER/HCP_LEVEL_WEEKLY_DATA_OBESITY/,HCP_LEVEL_WEEKLY_DATA_OBESITY,",",parquet,lilly_person_id,Good_Records,Daily,Active,NA,NA,N,prerequisite condition,Select * from src,Overwrite,,
477,Post,US,00_RAW_FILES/MASTER/HCP_LEVEL_WEEKLY_DATA_OBESITY/,HCP_LEVEL_WEEKLY_DATA_OBESITY,",",parquet,lilly_person_id,CheckLength,Daily,Active,NA,11,N,11,,,,
478,Post,US,00_RAW_FILES/MASTER/HCP_LEVEL_WEEKLY_DATA_OBESITY/,HCP_LEVEL_WEEKLY_DATA_OBESITY,",",parquet,ims_prscrbr_id,Null,Daily,Active,NA,NA,N,,,,,
479,Post,US,00_RAW_FILES/MASTER/HCP_LEVEL_WEEKLY_DATA_OBESITY/,HCP_LEVEL_WEEKLY_DATA_OBESITY,",",parquet,weg_inj_aom_nbrx_som,Custom_Count_Check,Daily,Active,NA,NA,NA,prerequisite condition,select count (*) from src where weg_inj_aom_nbrx_som is null or weg_inj_aom_nbrx_som<0,,,Non Negative Values for weg_inj_aom_nbrx_som
480,Post,US,03_METADATA_FILES/CAP_EXTRACT/,US_CAP_MetadataExport,|,csv,verso_tactic_id,Good_Records,Daily,Active,NA,NA,N,prerequisite condition,Select * from src,Overwrite,,
481,Post,US,00_RAW_FILES/MASTER/UNIVERSAL_CUSTOMER_LIST/,UV_HCP_Universe,",",parquet,`lilly_person_id`,Custom_Count_Check,Daily,Active,NA,NA,NA,prerequisite condition,select count(*) from src where upper(country_code)='US' and lilly_person_id is null,,,Lilly_person_id is null
482,Post,US,00_RAW_FILES/MASTER/UNIVERSAL_CUSTOMER_LIST/,UV_HCP_Universe,",",parquet,`lilly_person_id`,Custom_Count_Check,Daily,Active,NA,NA,NA,prerequisite condition,"select count(*) from(select count(*),lilly_person_id from src 
where upper(country_code)='US' group by lilly_person_id 
having count(*)>1)a",,,Duplicates on lilly_person_id
483,Post,US,00_RAW_FILES/MASTER/UNIVERSAL_CUSTOMER_LIST/,UV_HCP_Universe,",",parquet,`lilly_person_id`,Custom_Count_Check,Daily,Active,NA,NA,NA,prerequisite condition,select count(*) from src where upper(country_code)='US' and length(lilly_person_id)!=11,,,Lilly_person_id does not contain 11 characters
484,Post,US,00_RAW_FILES/MASTER/UNIVERSAL_CUSTOMER_LIST/,UV_HCP_Universe,",",parquet,country_code,Custom_Count_Check,Daily,Active,NA,NA,NA,prerequisite condition,"select 1 - count(distinct country_code) from src 
where upper(country_code) in ('US')",,,One or more country_code required value is missing
485,Post,US,00_RAW_FILES/MASTER/UNIVERSAL_CUSTOMER_LIST/,UV_HCP_Universe,",",parquet,medscape_match,Custom_Count_Check,Daily,Active,NA,NA,NA,prerequisite condition,"select 2 - count(distinct medscape_match) from src 
where medscape_match in ('Y','N')",,,One or more medscape_match required value is missing
486,Post,US,00_RAW_FILES/MASTER/UNIVERSAL_CUSTOMER_LIST/,UV_HCP_Universe,",",parquet,medscape_match,Custom_Count_Check,Daily,Active,NA,NA,NA,prerequisite condition,select count(*) from src where upper(country_code)='US' and medscape_match is null,,,medscape_match is null
487,Post,US,00_RAW_FILES/MASTER/UNIVERSAL_CUSTOMER_LIST/,UV_HCP_Universe,",",parquet,epocrates_match,Custom_Count_Check,Daily,Active,NA,NA,NA,prerequisite condition,"select 2 - count(distinct epocrates_match) from src 
where epocrates_match in ('Y','N')",,,One or more epocrates_match required value is missing
488,Post,US,00_RAW_FILES/MASTER/UNIVERSAL_CUSTOMER_LIST/,UV_HCP_Universe,",",parquet,epocrates_match,Custom_Count_Check,Daily,Active,NA,NA,NA,prerequisite condition,select count(*) from src where upper(country_code)='US' and epocrates_match is null,,,epocrates_match is null
489,Post,US,00_RAW_FILES/MASTER/UNIVERSAL_CUSTOMER_LIST/,UV_HCP_Universe,",",parquet,ascension_flag,Custom_Count_Check,Daily,Active,NA,NA,NA,prerequisite condition,"select 2 - count(distinct ascension_flag) from src 
where ascension_flag in ('Y','N')",,,One or more ascension_flag required value is missing
490,Post,US,00_RAW_FILES/MASTER/UNIVERSAL_CUSTOMER_LIST/,UV_HCP_Universe,",",parquet,ascension_flag,Custom_Count_Check,Daily,Active,NA,NA,NA,prerequisite condition,select count(*) from src where upper(country_code)='US' and ascension_flag is null,,,ascension_flag is null
491,Post,US,00_RAW_FILES/MASTER/UNIVERSAL_CUSTOMER_LIST/,UV_HCP_Universe,",",parquet,medpageeverydayhealth_match,Custom_Count_Check,Daily,Active,NA,NA,NA,prerequisite condition,"select 2 - count(distinct medpageeverydayhealth_match) from src 
where medpageeverydayhealth_match in ('Y','N')",,,One or more medpageeverydayhealth_match required value is missing
492,Post,US,00_RAW_FILES/MASTER/UNIVERSAL_CUSTOMER_LIST/,UV_HCP_Universe,",",parquet,medpageeverydayhealth_match,Custom_Count_Check,Daily,Active,NA,NA,NA,prerequisite condition,select count(*) from src where upper(country_code)='US' and medpageeverydayhealth_match is null,,,medpageeverydayhealth_match is null
493,Post,US,00_RAW_FILES/MASTER/UNIVERSAL_CUSTOMER_LIST/,UV_HCP_Universe,",",parquet,Peerdirect_Match,Custom_Count_Check,Daily,Active,NA,NA,NA,prerequisite condition,"select 2 - count(distinct Peerdirect_Match) from src 
where Peerdirect_Match in ('Y','N')",,,One or more Peerdirect_Match required value is missing
494,Post,US,00_RAW_FILES/MASTER/UNIVERSAL_CUSTOMER_LIST/,UV_HCP_Universe,",",parquet,Peerdirect_Match,Custom_Count_Check,Daily,Active,NA,NA,NA,prerequisite condition,select count(*) from src where upper(country_code)='US' and Peerdirect_Match is null,,,Peerdirect_Match is null
495,Post,US,00_RAW_FILES/MASTER/UNIVERSAL_CUSTOMER_LIST/,UV_HCP_Universe,",",parquet,max_achievable_calls,Custom_Count_Check,Daily,Active,NA,NA,NA,prerequisite condition,select count(*) from src where upper(country_code)='US' and max_frequency rlike '[^0-9]',,,Non-numeric or negative value in max_frequency
496,Post,US,00_RAW_FILES/MASTER/UNIVERSAL_CUSTOMER_LIST/,UV_HCP_Universe,",",parquet,access_flag,Custom_Count_Check,Daily,Active,NA,NA,NA,prerequisite condition,"select 2 - count(distinct access_flag) from src 
where access_flag in ('Y','N')",,,One or more access_flag required value is missing
497,Post,US,00_RAW_FILES/MASTER/UNIVERSAL_CUSTOMER_LIST/,UV_HCP_Universe,",",parquet,access_flag,Custom_Count_Check,Daily,Active,NA,NA,NA,prerequisite condition,select count(*) from src where upper(country_code)='US' and access_flag is null,,,access_flag is null
498,Post,US,00_RAW_FILES/MASTER/UNIVERSAL_CUSTOMER_LIST/,UV_HCP_Universe,",",parquet,FINAL_PFF_AFFINITY,Custom_Count_Check,Daily,Active,NA,NA,NA,prerequisite condition,"select 6 - count(distinct FINAL_PFF_AFFINITY) from src 
where FINAL_PFF_AFFINITY in ('H','L','M','NR','VH','VL')",,,One or more FINAL_PFF_AFFINITY required value is missing
499,Post,US,00_RAW_FILES/MASTER/UNIVERSAL_CUSTOMER_LIST/,UV_HCP_Universe,",",parquet,FINAL_PR_AFFINITY,Custom_Count_Check,Daily,Active,NA,NA,NA,prerequisite condition,"select 3 - count(distinct FINAL_PR_AFFINITY) from src 
where FINAL_PR_AFFINITY in ('H','L','M')",,,One or more FINAL_PR_AFFINITY required value is missing
500,Post,US,00_RAW_FILES/MASTER/UNIVERSAL_CUSTOMER_LIST/,UV_HCP_Universe,",",parquet,FINAL_PI_AFFINITY,Custom_Count_Check,Daily,Active,NA,NA,NA,prerequisite condition,"select 3 - count(distinct FINAL_PI_AFFINITY) from src 
where FINAL_PI_AFFINITY in ('H','L','M')",,,One or more FINAL_PI_AFFINITY required value is missing
501,Post,US,00_RAW_FILES/MASTER/UNIVERSAL_CUSTOMER_LIST/,UV_HCP_Universe,",",parquet,FINAL_DPH_AFFINITY,Custom_Count_Check,Daily,Active,NA,NA,NA,prerequisite condition,"select 3 - count(distinct FINAL_DPH_AFFINITY) from src 
where FINAL_DPH_AFFINITY in ('H','L','M')",,,One or more FINAL_DPH_AFFINITY required value is missing
502,Post,US,00_RAW_FILES/MASTER/UNIVERSAL_CUSTOMER_LIST/,UV_HCP_Universe,",",parquet,FINAL_DPL_AFFINITY,Custom_Count_Check,Daily,Active,NA,NA,NA,prerequisite condition,"select 3 - count(distinct FINAL_DPL_AFFINITY) from src 
where FINAL_DPL_AFFINITY in ('H','L','M')",,,One or more FINAL_DPL_AFFINITY required value is missing
503,Post,US,00_RAW_FILES/MASTER/UNIVERSAL_CUSTOMER_LIST/,UV_HCP_Universe,",",parquet,MLR_APPROVED_BRANDS_SPECIALTY,Custom_Query,Daily,Active,NA,NA,NA,prerequisite condition,"select access_flag,ascension_flag,
freq_flg, count(distinct lilly_person_id) from (
select lilly_person_id,access_flag,ascension_flag,max_frequency,
case when max_frequency = 0 then '0'
when max_frequency > 0 then'Non 0' 
when max_frequency is Null then 'Null' 
end as freq_flg 
from src where upper(country_code)='US') U
group by access_flag,ascension_flag,freq_flg",,,Not Applicable
504,Post,US,00_RAW_FILES/MASTER/UNIVERSAL_CUSTOMER_LIST/,UV_HCP_Universe,",",parquet,lilly_person_id,Good_Records,Daily,Active,NA,NA,N,prerequisite condition,Select * from src,Overwrite,,
505,Post,US,00_RAW_FILES/ACTIVITY/BRAND_SENT_EMAILS/,UV_SOA_Brand_Emails,",",parquet,activity_type,Custom_Count_Check,Daily,Active,NA,NA,NA,prerequisite condition,select count(*) from src where upper(country)='US' and upper(trim(department))='RETAIL' and activity_type is null,,,activity_type is null
506,Post,US,00_RAW_FILES/ACTIVITY/BRAND_SENT_EMAILS/,UV_SOA_Brand_Emails,",",parquet,activity_type,Custom_Count_Check,Daily,Active,NA,NA,NA,prerequisite condition,"select 2 - count(distinct activity_type) from src 
where upper(activity_type) in ('ENGAGEMENT','IMPRESSION')",,,One or more activity_type required value is missing
507,Post,US,00_RAW_FILES/ACTIVITY/BRAND_SENT_EMAILS/,UV_SOA_Brand_Emails,",",parquet,`activity_data_type`,Custom_Count_Check,Daily,Active,NA,NA,NA,prerequisite condition,select count(*) from src where upper(country)='US' and upper(trim(department))='RETAIL' and activity_data_type is null,,,activity_data_type is null
508,Post,US,00_RAW_FILES/ACTIVITY/BRAND_SENT_EMAILS/,UV_SOA_Brand_Emails,",",parquet,`data_source_code`,Custom_Count_Check,Daily,Active,NA,NA,NA,prerequisite condition,select count(*) from src where upper(country)='US' and upper(trim(department))='RETAIL' and data_source_code is null,,,data_source_code is null
509,Post,US,00_RAW_FILES/ACTIVITY/BRAND_SENT_EMAILS/,UV_SOA_Brand_Emails,",",parquet,`delivery_source`,Custom_Count_Check,Daily,Active,NA,NA,NA,prerequisite condition,select count(*) from src where upper(country)='US' and upper(trim(department))='RETAIL' and delivery_source is null,,,delivery_source is null
510,Post,US,00_RAW_FILES/ACTIVITY/BRAND_SENT_EMAILS/,UV_SOA_Brand_Emails,",",parquet,`lilly_person_id`,Custom_Count_Check,Daily,Active,NA,NA,NA,prerequisite condition,select count(*) from src where upper(country)='US' and upper(trim(department))='RETAIL' and lilly_person_id is null,,,Lilly_person_id is null
511,Post,US,00_RAW_FILES/ACTIVITY/BRAND_SENT_EMAILS/,UV_SOA_Brand_Emails,",",parquet,`campaign_id`,Custom_Count_Check,Daily,Active,NA,NA,NA,prerequisite condition,select count(*) from src where upper(country)='US' and upper(trim(department))='RETAIL' and campaign_id is null,,,campaign_id is null
512,Post,US,00_RAW_FILES/ACTIVITY/BRAND_SENT_EMAILS/,UV_SOA_Brand_Emails,",",parquet,`content_message`,Custom_Count_Check,Daily,Active,NA,NA,NA,prerequisite condition,"select count(*) from src where upper(country)='US'
and upper(trim(department))='RETAIL'
and content_message is null
and brand in ('TALTZ','EBGLYSS','JARDIANCE','MOUNJARO','ZEPBOUND','JAYPIRCA','VERZENIO','KISUNLA','OMVOH')",,,content_message is null
513,Post,US,00_RAW_FILES/ACTIVITY/BRAND_SENT_EMAILS/,UV_SOA_Brand_Emails,",",parquet,`message_type`,Custom_Count_Check,Daily,Active,NA,NA,NA,prerequisite condition,"select count(*) from src where upper(country)='US'
and upper(trim(department))='RETAIL'
and message_type is null
and brand in ('TALTZ','EBGLYSS','JARDIANCE','MOUNJARO','ZEPBOUND','JAYPIRCA','VERZENIO','KISUNLA','OMVOH')",,,message_type is null
514,Post,US,00_RAW_FILES/ACTIVITY/BRAND_SENT_EMAILS/,UV_SOA_Brand_Emails,",",parquet,`personal_promotion_flag`,Custom_Count_Check,Daily,Active,NA,NA,NA,prerequisite condition,select count(*) from src where upper(country)='US' and upper(trim(department))='RETAIL' and personal_promotion_flag is null,,,personal_promotion_flag is null
515,Post,US,00_RAW_FILES/ACTIVITY/BRAND_SENT_EMAILS/,UV_SOA_Brand_Emails,",",parquet,`platform`,Custom_Count_Check,Daily,Active,NA,NA,NA,prerequisite condition,select count(*) from src where upper(country)='US' and upper(trim(department))='RETAIL' and platform is null,,,platform is null
516,Post,US,00_RAW_FILES/ACTIVITY/BRAND_SENT_EMAILS/,UV_SOA_Brand_Emails,",",parquet,`tactic_id`,Custom_Count_Check,Daily,Active,NA,NA,NA,prerequisite condition,select count(*) from src where upper(country)='US' and upper(trim(department))='RETAIL' and tactic_id is null,,,tactic_id is null
517,Post,US,00_RAW_FILES/ACTIVITY/BRAND_SENT_EMAILS/,UV_SOA_Brand_Emails,",",parquet,brand_id,Custom_Count_Check,Daily,Active,NA,NA,NA,prerequisite condition,"select count(*) from src where upper(country)='US'
and brand_id is null and brand in ('TALTZ','JARDIANCE','MOUNJARO','ZEPBOUND','JAYPIRCA','VERZENIO','KISUNLA','OMVOH')
and upper(trim(department))='RETAIL'",,,brand is null
518,Post,US,00_RAW_FILES/ACTIVITY/BRAND_SENT_EMAILS/,UV_SOA_Brand_Emails,",",parquet,`activity_date`,Custom_Count_Check,Daily,Active,NA,NA,NA,prerequisite condition,select count(*) from src where upper(country)='US' and activity_date is null,,,activity_date is null
519,Post,US,00_RAW_FILES/ACTIVITY/BRAND_SENT_EMAILS/,UV_SOA_Brand_Emails,",",parquet,activity_date,Date_yymmdd,Daily,Active,NA,NA,N,,,,,
520,Post,US,00_RAW_FILES/ACTIVITY/BRAND_SENT_EMAILS/,UV_SOA_Brand_Emails,",",parquet,activity_date,Date_yymmdd,Daily,Active,NA,NA,N,,,,,
521,Post,US,00_RAW_FILES/ACTIVITY/BRAND_SENT_EMAILS/,UV_SOA_Brand_Emails,",",parquet,tactic_id,Custom_Count_Check,Daily,Inactive,NA,NA,NA,prerequisite condition,"Select count(distinct cap.verso_tactic_id)
FROM CAP_EXTRACT cap
inner join src soa
on upper(trim(cap.verso_tactic_id))=upper(trim(soa.tactic_id))
and (upper(trim(cap.primary_category))<> upper(trim(soa.message_type))
or upper(trim(cap.primary_subcategory))<> upper(trim(soa.content_message)))
and brand in ('TALTZ','OLUMIANT','JARDIANCE','MOUNJARO','ZEPBOUND','JAYPIRCA','VERZENIO','KISUNLA')",,,Content Category/Sub-category mismatch between CAP_EXTRACT and SOA_BRAND_EMAILS files for same tactic
522,Post,US,00_RAW_FILES/ACTIVITY/BRAND_SENT_EMAILS/,UV_SOA_Brand_Emails,",",parquet,tactic_id,Custom_Query,Daily,Active,NA,NA,NA,prerequisite condition,"select 'NUMEDIS_MDMINUTE' as channel,count(1) from src where  upper(trim(brand)) = 'VERZENIO' and upper(trim(indication)) = 'BREAST CANCER - EARLY' and upper(trim(data_source_code)) = 'NUMEDIS' and upper(trim(platform)) = 'MD MINUTE - EMAIL' and upper(trim(activity_data_type)) in ('DELIVERED_EM','OPENS','CLICKS')

union all

select 'EDH_PROFLOW_EDMU' as channel,count(1) from src where  upper(trim(brand)) = 'VERZENIO' and upper(trim(indication)) = 'BREAST CANCER - EARLY' and upper(trim(data_source_code)) = 'EVERYDAY HEALTH MEDIA, LLC' and upper(trim(platform)) = 'PROFUSION FLOW - EDMU' and upper(trim(activity_data_type)) in ('VISITS','REACH')

union all

select 'EDH_PROFLOW_RDMU' as channel,count(1) from src where  upper(trim(brand)) = 'VERZENIO' and upper(trim(indication)) = 'BREAST CANCER - EARLY' and upper(trim(data_source_code)) = 'EVERYDAY HEALTH MEDIA, LLC' and upper(trim(platform)) = 'PROFUSION FLOW - RDMU' and upper(trim(activity_data_type)) in ('VISITS','REACH')

union all

select 'EDH_PROFLOW_WDMU' as channel,count(1) from src where  upper(trim(brand)) = 'VERZENIO' and upper(trim(indication)) = 'BREAST CANCER - EARLY' and upper(trim(data_source_code)) = 'EVERYDAY HEALTH MEDIA, LLC' and upper(trim(platform)) = 'PROFUSION FLOW - WDMU' and upper(trim(activity_data_type)) in ('VISITS','REACH')",NA,NA,Not Applicable
523,Post,US,00_RAW_FILES/ACTIVITY/BRAND_SENT_EMAILS/,UV_SOA_Brand_Emails,",",parquet,country,Custom_Count_Check,Daily,Active,NA,NA,NA,prerequisite condition,"select 1 - count(distinct country) from src 
where upper(country) in ('US')",,,One or more country required value is missing
524,Post,US,00_RAW_FILES/ACTIVITY/BRAND_SENT_EMAILS/,UV_SOA_Brand_Emails,",",parquet,department,Custom_Count_Check,Daily,Active,NA,NA,NA,prerequisite condition,"select 1 - count(distinct department) from src 
where upper(department) in ('RETAIL')",,,One or more department required value is missing
525,Post,US,00_RAW_FILES/ACTIVITY/BRAND_SENT_EMAILS/,UV_SOA_Brand_Emails,",",parquet,lilly_person_id,Good_Records,Daily,Active,NA,NA,N,prerequisite condition,"select soa.* from (select * from src where upper(trim(department))='RETAIL' and upper(trim(country))='US')soa 
left join (select lilly_person_id,count(distinct eph_enterprise_id,eph_reference_id) from(
select lilly_person_id,coalesce(eph_enterprise_id,'-1') as eph_enterprise_id,
coalesce(eph_reference_id,'-1') as eph_reference_id
from src where upper(trim(department))='RETAIL' and upper(trim(country))='US')a group by lilly_person_id 
having count(distinct eph_enterprise_id,eph_reference_id)>1)b 
on soa.lilly_person_id = b.lilly_person_id where b.lilly_person_id is null",Overwrite,,
526,Post,VEEVA_OBJECTS,01_INPUT_FILES/12_VEEVA_OBJECTS_IDS/LDG_VEEVA_APV_DOC/,LDG_VEEVA_APV_DOC,",",parquet,lastmodifieddate,Custom_Count_Check,Daily,Active,NA,NA,NA,prerequisite condition,SELECT count(distinct lastmodifieddate) from src where (length(lastmodifieddate) <24 or length(lastmodifieddate) > 24),NA,NA,Length Pass check for LDG_APV_DOC
527,Post,VEEVA_OBJECTS,01_INPUT_FILES/12_VEEVA_OBJECTS_IDS/LDG_CALL_KEY_MSG/,LDG_CALL_KEY_MSG,",",parquet,global__c,match_lov,Daily,Active,NA,NA,N,"'true','false'",2,NA,NA,LOV Pass check for LDG_CALL_KEY_MSG
528,Post,VEEVA_OBJECTS,01_INPUT_FILES/12_VEEVA_OBJECTS_IDS/LDG_CALL_KEY_MSG/,LDG_CALL_KEY_MSG,",",parquet,isdeleted,match_lov,Daily,Active,NA,NA,N,"'true','false'",2,NA,NA,LOV Pass check for LDG_CALL_KEY_MSG
529,Post,VEEVA_OBJECTS,01_INPUT_FILES/12_VEEVA_OBJECTS_IDS/LDG_CALL_KEY_MSG/,LDG_CALL_KEY_MSG,",",parquet,islocked,match_lov,Daily,Active,NA,NA,N,"'true','false'",2,NA,NA,LOV Pass check for LDG_CALL_KEY_MSG
530,Post,VEEVA_OBJECTS,01_INPUT_FILES/12_VEEVA_OBJECTS_IDS/LDG_CALL_KEY_MSG/,LDG_CALL_KEY_MSG,",",parquet,mayedit,match_lov,Daily,Active,NA,NA,N,"'true','false'",2,NA,NA,LOV Pass check for LDG_CALL_KEY_MSG
531,Post,VEEVA_OBJECTS,01_INPUT_FILES/12_VEEVA_OBJECTS_IDS/LDG_CALL_KEY_MSG/,LDG_CALL_KEY_MSG,",",parquet,override_lock_vod__c,match_lov,Daily,Active,NA,NA,N,"'true','false'",2,NA,NA,LOV Pass check for LDG_CALL_KEY_MSG
532,Post,VEEVA_OBJECTS,01_INPUT_FILES/12_VEEVA_OBJECTS_IDS/LDG_CALL_KEY_MSG/,LDG_CALL_KEY_MSG,",",parquet,lilly_version_difference__c,match_lov,Daily,Active,NA,NA,N,"'true','false'",2,NA,NA,LOV Pass check for LDG_CALL_KEY_MSG
533,Post,VEEVA_OBJECTS,01_INPUT_FILES/12_VEEVA_OBJECTS_IDS/LDG_CALL_KEY_MSG/,LDG_CALL_KEY_MSG,",",parquet,call_date_vod__c,Custom_Count_Check,Daily,Active,NA,NA,NA,prerequisite condition,SELECT count(distinct call_date_vod__c) from src where (length(call_date_vod__c) <10 or length(call_date_vod__c) > 10),NA,NA,Length Pass check for LDG_CALL_KEY_MSG
534,Post,VEEVA_OBJECTS,01_INPUT_FILES/12_VEEVA_OBJECTS_IDS/LDG_CALL_KEY_MSG/,LDG_CALL_KEY_MSG,",",parquet,createddate,Custom_Count_Check,Daily,Active,NA,NA,NA,prerequisite condition,SELECT count(distinct createddate) from src where (length(lastmodifieddate) <24 or length(createddate) > 24),NA,NA,Length Pass check for LDG_CALL_KEY_MSG
535,Post,VEEVA_OBJECTS,01_INPUT_FILES/12_VEEVA_OBJECTS_IDS/LDG_CALL_KEY_MSG/,LDG_CALL_KEY_MSG,",",parquet,lastmodifieddate,Custom_Count_Check,Daily,Active,NA,NA,NA,prerequisite condition,SELECT count(distinct lastmodifieddate) from src where (length(lastmodifieddate) <24 or length(lastmodifieddate) > 24),NA,NA,Length Pass check for LDG_CALL_KEY_MSG
536,Post,VEEVA_OBJECTS,01_INPUT_FILES/12_VEEVA_OBJECTS_IDS/LDG_CALL_KEY_MSG/,LDG_CALL_KEY_MSG,",",parquet,systemmodstamp,Custom_Count_Check,Daily,Active,NA,NA,NA,prerequisite condition,SELECT count(distinct systemmodstamp) from src where (length(systemmodstamp) <24 or length(systemmodstamp) > 24),NA,NA,Length Pass check for LDG_CALL_KEY_MSG
537,Post,VEEVA_OBJECTS,01_INPUT_FILES/12_VEEVA_OBJECTS_IDS/LDG_VEEVA_ACCOUNTS/,LDG_VEEVA_ACCOUNTS,",",parquet,lastmodifieddate,Custom_Count_Check,Daily,Active,NA,NA,NA,prerequisite condition,SELECT count(distinct lastmodifieddate) from src where (length(lastmodifieddate) <24 or length(lastmodifieddate) > 24),NA,NA,Length Pass check for LDG_VEEVA_ACCOUNTS
538,Post,VEEVA_OBJECTS,01_INPUT_FILES/12_VEEVA_OBJECTS_IDS/LDG_VEEVA_ACCOUNTS/,LDG_VEEVA_ACCOUNTS,",",parquet,record_type_name__c,match_lov,Daily,Active,NA,NA,NA,'Account',1,NA,NA,LOV Pass check for LDG_VEEVA_ACCOUNTS
539,Post,VEEVA_OBJECTS,01_INPUT_FILES/12_VEEVA_OBJECTS_IDS/LDG_VEEVA_ACCOUNTS/,LDG_VEEVA_ACCOUNTS,",",parquet,id,Custom_Count_Check,Daily,Active,NA,NA,NA,prerequisite condition,SELECT count(*) from src where id is null,NA,NA,Null Check for ID in LDG_VEEVA_ACCOUNTS
540,Post,VEEVA_OBJECTS,01_INPUT_FILES/12_VEEVA_OBJECTS_IDS/LDG_VEEVA_TSF/,LDG_VEEVA_TSF,",",parquet,account_vod__c,Custom_Count_Check,Daily,Active,NA,NA,NA,prerequisite condition,SELECT count(*) from src where account_vod__c is null,NA,NA,Null Check for ID in LDG_VEEVA_TSF
541,Post,VEEVA_OBJECTS,01_INPUT_FILES/12_VEEVA_OBJECTS_IDS/LDG_VEEVA_TSF/,LDG_VEEVA_TSF,",",parquet,isdeleted,match_lov,Daily,Active,NA,NA,N,'false',1,NA,NA,LOV Pass check for LDG_VEEVA_TSF
542,Post,VEEVA_OBJECTS,01_INPUT_FILES/12_VEEVA_OBJECTS_IDS/LDG_VEEVA_TSF/,LDG_VEEVA_TSF,",",parquet,lastmodifieddate,Custom_Count_Check,Daily,Active,NA,NA,NA,prerequisite condition,SELECT count(distinct lastmodifieddate) from src where (length(lastmodifieddate) <24 or length(lastmodifieddate) > 24),NA,NA,Length Pass check for LDG_VEEVA_TSF
543,Post,VEEVA_OBJECTS,01_INPUT_FILES/12_VEEVA_OBJECTS_IDS/LDG_VEEVA_ADDRESS/,LDG_VEEVA_ADDRESS,",",parquet,lastmodifieddate,Custom_Count_Check,Daily,Active,NA,NA,NA,prerequisite condition,SELECT count(distinct lastmodifieddate) from src where (length(lastmodifieddate) <24 or length(lastmodifieddate) > 24),NA,NA,Length Pass check for LDG_VEEVA_ADDRESS
544,Post,VEEVA_OBJECTS,01_INPUT_FILES/12_VEEVA_OBJECTS_IDS/LDG_VEEVA_ADDRESS/,LDG_VEEVA_ADDRESS,",",parquet,id,Custom_Count_Check,Daily,Active,NA,NA,NA,prerequisite condition,SELECT count(*) from src where id is null,NA,NA,Null Check for ID in LDG_VEEVA_ADDRESS
545,Post,VEEVA_OBJECTS,01_INPUT_FILES/12_VEEVA_OBJECTS_IDS/LDG_VEEVA_CALL2/,LDG_VEEVA_CALL2,",",parquet,CLM_vod__c,match_lov,Daily,Active,NA,NA,N,"'true','false'",2,NA,NA,LOV Pass check for LDG_VEEVA_CALL2
546,Post,VEEVA_OBJECTS,01_INPUT_FILES/12_VEEVA_OBJECTS_IDS/LDG_VEEVA_CALL2/,LDG_VEEVA_CALL2,",",parquet,Call_Datetime_Local__c,Custom_Count_Check,Daily,Active,NA,NA,NA,prerequisite condition,SELECT count(distinct Call_Datetime_Local__c) from src where (length(Call_Datetime_Local__c) <19 or length(Call_Datetime_Local__c) > 19),NA,NA,Length Pass check for LDG_VEEVA_CALL2
547,Post,VEEVA_OBJECTS,01_INPUT_FILES/12_VEEVA_OBJECTS_IDS/LDG_VEEVA_CALL2/,LDG_VEEVA_CALL2,",",parquet,Call_Datetime_vod__c,Custom_Count_Check,Daily,Active,NA,NA,NA,prerequisite condition,SELECT count(distinct Call_Datetime_vod__c) from src where (length(Call_Datetime_vod__c) <24 or length(Call_Datetime_vod__c) > 24),NA,NA,Length Pass check for LDG_VEEVA_CALL2
548,Post,VEEVA_OBJECTS,01_INPUT_FILES/12_VEEVA_OBJECTS_IDS/LDG_VEEVA_CALL2/,LDG_VEEVA_CALL2,",",parquet,call_date_vod__c,Custom_Count_Check,Daily,Active,NA,NA,NA,prerequisite condition,SELECT count( distinct call_date_vod__c) from src where (length(call_date_vod__c) <10 or length(call_date_vod__c) > 10),NA,NA,Length Pass check for LDG_VEEVA_CALL2
549,Post,VEEVA_OBJECTS,01_INPUT_FILES/12_VEEVA_OBJECTS_IDS/LDG_VEEVA_CALL2/,LDG_VEEVA_CALL2,",",parquet,createddate,Custom_Count_Check,Daily,Active,NA,NA,NA,prerequisite condition,SELECT count(distinct createddate) from src where (length(lastmodifieddate) <24 or length(createddate) > 24),NA,NA,Length Pass check for LDG_VEEVA_CALL2
550,Post,VEEVA_OBJECTS,01_INPUT_FILES/12_VEEVA_OBJECTS_IDS/LDG_VEEVA_CALL2/,LDG_VEEVA_CALL2,",",parquet,lastmodifieddate,Custom_Count_Check,Daily,Active,NA,NA,NA,prerequisite condition,SELECT count(distinct lastmodifieddate) from src where (length(lastmodifieddate) <24 or length(lastmodifieddate) > 24),NA,NA,Length Pass check for LDG_VEEVA_CALL2
551,Post,VEEVA_OBJECTS,01_INPUT_FILES/12_VEEVA_OBJECTS_IDS/LDG_VEEVA_CALL2/,LDG_VEEVA_CALL2,",",parquet,isdeleted,match_lov,Daily,Active,NA,NA,N,"'true','false'",2,NA,NA,LOV Pass check for LDG_VEEVA_CALL2
552,Post,VEEVA_OBJECTS,01_INPUT_FILES/12_VEEVA_OBJECTS_IDS/LDG_VEEVA_CALL2_DISCUSSION/,LDG_VEEVA_CALL2_DISCUSSION,",",parquet,call_date_vod__c ,Custom_Count_Check,Daily,Active,NA,NA,NA,prerequisite condition,SELECT count(distinct call_date_vod__c) from src where (length(call_date_vod__c) <10 or length(call_date_vod__c) > 10),NA,NA,Length Pass check for LDG_VEEVA_CALL2_DISCUSSION
553,Post,VEEVA_OBJECTS,01_INPUT_FILES/12_VEEVA_OBJECTS_IDS/LDG_VEEVA_CALL2_DISCUSSION/,LDG_VEEVA_CALL2_DISCUSSION,",",parquet,lastmodifieddate,Custom_Count_Check,Daily,Active,NA,NA,NA,prerequisite condition,"SELECT count(distinct lastmodifieddate) from src where (length(lastmodifieddate) <24 or 
length(lastmodifieddate) > 24)",NA,NA,Length Pass check for LDG_VEEVA_CALL2_DISCUSSION
554,Post,VEEVA_OBJECTS,01_INPUT_FILES/12_VEEVA_OBJECTS_IDS/LDG_VEEVA_CALL2_DTL/,LDG_VEEVA_CALL2_DTL,",",parquet,isdeleted,match_lov,Daily,Active,NA,NA,N,"'true','false'",2,NA,NA,LOV Pass check for LDG_VEEVA_CALL2_DTL
555,Post,VEEVA_OBJECTS,01_INPUT_FILES/12_VEEVA_OBJECTS_IDS/LDG_VEEVA_CALL2_DTL/,LDG_VEEVA_CALL2_DTL,",",parquet,islocked,match_lov,Daily,Active,NA,NA,N,"'true','false'",2,NA,NA,LOV Pass check for LDG_VEEVA_CALL2_DTL
556,Post,VEEVA_OBJECTS,01_INPUT_FILES/12_VEEVA_OBJECTS_IDS/LDG_VEEVA_CALL2_DTL/,LDG_VEEVA_CALL2_DTL,",",parquet,lastmodifieddate,Custom_Count_Check,Daily,Active,NA,NA,NA,prerequisite condition,SELECT count(distinct lastmodifieddate) from src where (length(lastmodifieddate) <24 or length(lastmodifieddate) > 24),NA,NA,Length Pass check for LDG_VEEVA_CALL2_DTL
557,Post,VEEVA_OBJECTS,01_INPUT_FILES/12_VEEVA_OBJECTS_IDS/LDG_VEEVA_CALL2_DTL/,LDG_VEEVA_CALL2_DTL,",",parquet,createddate,Custom_Count_Check,Daily,Active,NA,NA,NA,prerequisite condition,SELECT count(distinct createddate) from src where (length(createddate) <24 or length(createddate) > 24),NA,NA,Length Pass check for LDG_VEEVA_CALL2_DTL
558,Post,VEEVA_OBJECTS,01_INPUT_FILES/12_VEEVA_OBJECTS_IDS/LDG_VEEVA_CLM_PRESENTATION/,LDG_VEEVA_CLM_PRESENTATION,",",parquet,default_presentation_vod__c,match_lov,Daily,Active,NA,NA,N,"'true','false'",2,NA,NA,LOV Pass check for LDG_VEEVA_CLM_PRESENTATION
559,Post,VEEVA_OBJECTS,01_INPUT_FILES/12_VEEVA_OBJECTS_IDS/LDG_VEEVA_CLM_PRESENTATION/,LDG_VEEVA_CLM_PRESENTATION,",",parquet,deploy__c,match_lov,Daily,Active,NA,NA,N,"'true','false'",2,NA,NA,LOV Pass check for LDG_VEEVA_CLM_PRESENTATION
560,Post,VEEVA_OBJECTS,01_INPUT_FILES/12_VEEVA_OBJECTS_IDS/LDG_VEEVA_CLM_PRESENTATION/,LDG_VEEVA_CLM_PRESENTATION,",",parquet,hidden_vod__c,match_lov,Daily,Active,NA,NA,N,"'true','false'",2,NA,NA,LOV Pass check for LDG_VEEVA_CLM_PRESENTATION
561,Post,VEEVA_OBJECTS,01_INPUT_FILES/12_VEEVA_OBJECTS_IDS/LDG_VEEVA_CLM_PRESENTATION/,LDG_VEEVA_CLM_PRESENTATION,",",parquet,isdeleted,match_lov,Daily,Active,NA,NA,N,"'true','false'",2,NA,NA,LOV Pass check for LDG_VEEVA_CLM_PRESENTATION
562,Post,VEEVA_OBJECTS,01_INPUT_FILES/12_VEEVA_OBJECTS_IDS/LDG_VEEVA_CLM_PRESENTATION/,LDG_VEEVA_CLM_PRESENTATION,",",parquet,islocked,match_lov,Daily,Active,NA,NA,N,"'true','false'",2,NA,NA,LOV Pass check for LDG_VEEVA_CLM_PRESENTATION
563,Post,VEEVA_OBJECTS,01_INPUT_FILES/12_VEEVA_OBJECTS_IDS/LDG_VEEVA_CLM_PRESENTATION/,LDG_VEEVA_CLM_PRESENTATION,",",parquet,approved_vod__c,match_lov,Daily,Active,NA,NA,N,"'true','false'",2,NA,NA,LOV Pass check for LDG_VEEVA_CLM_PRESENTATION
564,Post,VEEVA_OBJECTS,01_INPUT_FILES/12_VEEVA_OBJECTS_IDS/LDG_VEEVA_CLM_PRESENTATION/,LDG_VEEVA_CLM_PRESENTATION,",",parquet,training_vod__c,match_lov,Daily,Active,NA,NA,N,"'true','false'",2,NA,NA,LOV Pass check for LDG_VEEVA_CLM_PRESENTATION
565,Post,VEEVA_OBJECTS,01_INPUT_FILES/12_VEEVA_OBJECTS_IDS/LDG_VEEVA_CLM_PRESENTATION/,LDG_VEEVA_CLM_PRESENTATION,",",parquet,createddate,Custom_Count_Check,Daily,Active,NA,NA,NA,prerequisite condition,SELECT count(distinct createddate) from src where (length(lastmodifieddate) <24 or length(createddate) > 24),NA,NA,Length Pass check for LDG_VEEVA_CLM_PRESENTATION
566,Post,VEEVA_OBJECTS,01_INPUT_FILES/12_VEEVA_OBJECTS_IDS/LDG_VEEVA_CLM_PRESENTATION/,LDG_VEEVA_CLM_PRESENTATION,",",parquet,lastmodifieddate,Custom_Count_Check,Daily,Active,NA,NA,NA,prerequisite condition,SELECT count(distinct lastmodifieddate) from src where (length(lastmodifieddate) <24 or length(lastmodifieddate) > 24),NA,NA,Length Pass check for LDG_VEEVA_CLM_PRESENTATION
567,Post,VEEVA_OBJECTS,01_INPUT_FILES/12_VEEVA_OBJECTS_IDS/LDG_VEEVA_CLM_PRESENTATION/,LDG_VEEVA_CLM_PRESENTATION,",",parquet,systemmodstamp,Custom_Count_Check,Daily,Active,NA,NA,NA,prerequisite condition,SELECT count(distinct systemmodstamp) from src where (length(systemmodstamp) <24 or length(systemmodstamp) > 24),NA,NA,Length Pass check for LDG_VEEVA_CLM_PRESENTATION
568,Post,VEEVA_OBJECTS,01_INPUT_FILES/12_VEEVA_OBJECTS_IDS/LDG_VEEVA_CLM_PRSNTN_SLD/,LDG_VEEVA_CLM_PRSNTN_SLD,",",parquet,isdeleted,match_lov,Daily,Active,NA,NA,N,"'true','false'",2,NA,NA,LOV Pass check for LDG_VEEVA_CLM_PRSNTN_SLD
569,Post,VEEVA_OBJECTS,01_INPUT_FILES/12_VEEVA_OBJECTS_IDS/LDG_VEEVA_CLM_PRSNTN_SLD/,LDG_VEEVA_CLM_PRSNTN_SLD,",",parquet,islocked,match_lov,Daily,Active,NA,NA,N,"'true','false'",2,NA,NA,LOV Pass check for LDG_VEEVA_CLM_PRSNTN_SLD
570,Post,VEEVA_OBJECTS,01_INPUT_FILES/12_VEEVA_OBJECTS_IDS/LDG_VEEVA_CLM_PRSNTN_SLD/,LDG_VEEVA_CLM_PRSNTN_SLD,",",parquet,mayedit,match_lov,Daily,Active,NA,NA,N,"'true','false'",2,NA,NA,LOV Pass check for LDG_VEEVA_CLM_PRSNTN_SLD
571,Post,VEEVA_OBJECTS,01_INPUT_FILES/12_VEEVA_OBJECTS_IDS/LDG_VEEVA_CLM_PRSNTN_SLD/,LDG_VEEVA_CLM_PRSNTN_SLD,",",parquet,deployed__c,match_lov,Daily,Active,NA,NA,N,"'Yes','No'",2,NA,NA,LOV Pass check for LDG_VEEVA_CLM_PRSNTN_SLD
572,Post,VEEVA_OBJECTS,01_INPUT_FILES/12_VEEVA_OBJECTS_IDS/LDG_VEEVA_CLM_PRSNTN_SLD/,LDG_VEEVA_CLM_PRSNTN_SLD,",",parquet,createddate,Custom_Count_Check,Daily,Active,NA,NA,NA,prerequisite condition,SELECT count(distinct createddate) from src where (length(lastmodifieddate) <24 or length(createddate) > 24),NA,NA,Length Pass check for LDG_VEEVA_CLM_PRSNTN_SLD
573,Post,VEEVA_OBJECTS,01_INPUT_FILES/12_VEEVA_OBJECTS_IDS/LDG_VEEVA_CLM_PRSNTN_SLD/,LDG_VEEVA_CLM_PRSNTN_SLD,",",parquet,lastmodifieddate,Custom_Count_Check,Daily,Active,NA,NA,NA,prerequisite condition,SELECT count(distinct lastmodifieddate) from src where (length(lastmodifieddate) <24 or length(lastmodifieddate) > 24),NA,NA,Length Pass check for LDG_VEEVA_CLM_PRSNTN_SLD
574,Post,VEEVA_OBJECTS,01_INPUT_FILES/12_VEEVA_OBJECTS_IDS/LDG_VEEVA_CLM_PRSNTN_SLD/,LDG_VEEVA_CLM_PRSNTN_SLD,",",parquet,last_modified__c,Custom_Count_Check,Daily,Active,NA,NA,NA,prerequisite condition,SELECT count(distinct last_modified__c) from src where (length(last_modified__c) <24 or length(last_modified__c) > 24),NA,NA,Length Pass check for LDG_VEEVA_CLM_PRSNTN_SLD
575,Post,VEEVA_OBJECTS,01_INPUT_FILES/12_VEEVA_OBJECTS_IDS/LDG_VEEVA_CLM_PRSNTN_SLD/,LDG_VEEVA_CLM_PRSNTN_SLD,",",parquet,systemmodstamp,Custom_Count_Check,Daily,Active,NA,NA,NA,prerequisite condition,SELECT count(distinct systemmodstamp) from src where (length(systemmodstamp) <24 or length(systemmodstamp) > 24),NA,NA,Length Pass check for LDG_VEEVA_CLM_PRSNTN_SLD
576,Post,VEEVA_OBJECTS,01_INPUT_FILES/12_VEEVA_OBJECTS_IDS/LDG_VEEVA_KEY_MSG/,LDG_VEEVA_KEY_MSG,",",parquet,deploy__c,match_lov,Daily,Active,NA,NA,N,"'true','false'",2,NA,NA,LOV Pass check for LDG_VEEVA_KEY_MSG
577,Post,VEEVA_OBJECTS,01_INPUT_FILES/12_VEEVA_OBJECTS_IDS/LDG_VEEVA_KEY_MSG/,LDG_VEEVA_KEY_MSG,",",parquet,isdeleted,match_lov,Daily,Active,NA,NA,N,"'true','false'",2,NA,NA,LOV Pass check for LDG_VEEVA_KEY_MSG
578,Post,VEEVA_OBJECTS,01_INPUT_FILES/12_VEEVA_OBJECTS_IDS/LDG_VEEVA_KEY_MSG/,LDG_VEEVA_KEY_MSG,",",parquet,islocked,match_lov,Daily,Active,NA,NA,N,"'true','false'",2,NA,NA,LOV Pass check for LDG_VEEVA_KEY_MSG
579,Post,VEEVA_OBJECTS,01_INPUT_FILES/12_VEEVA_OBJECTS_IDS/LDG_VEEVA_KEY_MSG/,LDG_VEEVA_KEY_MSG,",",parquet,shared_resource_vod__c,match_lov,Daily,Active,NA,NA,N,"'true','false'",2,NA,NA,LOV Pass check for LDG_VEEVA_KEY_MSG
580,Post,VEEVA_OBJECTS,01_INPUT_FILES/12_VEEVA_OBJECTS_IDS/LDG_VEEVA_KEY_MSG/,LDG_VEEVA_KEY_MSG,",",parquet,mayedit,match_lov,Daily,Active,NA,NA,N,"'true','false'",2,NA,NA,LOV Pass check for LDG_VEEVA_KEY_MSG
581,Post,VEEVA_OBJECTS,01_INPUT_FILES/12_VEEVA_OBJECTS_IDS/LDG_VEEVA_KEY_MSG/,LDG_VEEVA_KEY_MSG,",",parquet,active_vod__c,match_lov,Daily,Active,NA,NA,N,"'true','false'",2,NA,NA,LOV Pass check for LDG_VEEVA_KEY_MSG
582,Post,VEEVA_OBJECTS,01_INPUT_FILES/12_VEEVA_OBJECTS_IDS/LDG_VEEVA_KEY_MSG/,LDG_VEEVA_KEY_MSG,",",parquet,createddate,Custom_Count_Check,Daily,Active,NA,NA,NA,prerequisite condition,SELECT count(distinct createddate) from src where (length(lastmodifieddate) <24 or length(createddate) > 24),NA,NA,Length Pass check for LDG_VEEVA_KEY_MSG
583,Post,VEEVA_OBJECTS,01_INPUT_FILES/12_VEEVA_OBJECTS_IDS/LDG_VEEVA_KEY_MSG/,LDG_VEEVA_KEY_MSG,",",parquet,lastmodifieddate,Custom_Count_Check,Daily,Active,NA,NA,NA,prerequisite condition,SELECT count(distinct lastmodifieddate) from src where (length(lastmodifieddate) <24 or length(lastmodifieddate) > 24),NA,NA,Length Pass check for LDG_VEEVA_KEY_MSG
584,Post,VEEVA_OBJECTS,01_INPUT_FILES/12_VEEVA_OBJECTS_IDS/LDG_VEEVA_KEY_MSG/,LDG_VEEVA_KEY_MSG,",",parquet,systemmodstamp,Custom_Count_Check,Daily,Active,NA,NA,NA,prerequisite condition,SELECT count(distinct systemmodstamp) from src where (length(systemmodstamp) <24 or length(systemmodstamp) > 24),NA,NA,Length Pass check for LDG_VEEVA_KEY_MSG
585,Post,VEEVA_OBJECTS,01_INPUT_FILES/12_VEEVA_OBJECTS_IDS/LDG_VEEVA_PROD/,LDG_VEEVA_PROD,",",parquet,company_product_vod__c,match_lov,Daily,Active,NA,NA,N,"'true','false'",2,NA,NA,LOV Pass check for LDG_VEEVA_PROD
586,Post,VEEVA_OBJECTS,01_INPUT_FILES/12_VEEVA_OBJECTS_IDS/LDG_VEEVA_PROD/,LDG_VEEVA_PROD,",",parquet,controlled_substance_vod__c,match_lov,Daily,Active,NA,NA,N,"'true','false'",2,NA,NA,LOV Pass check for LDG_VEEVA_PROD
587,Post,VEEVA_OBJECTS,01_INPUT_FILES/12_VEEVA_OBJECTS_IDS/LDG_VEEVA_PROD/,LDG_VEEVA_PROD,",",parquet,isdeleted,match_lov,Daily,Active,NA,NA,N,"'true','false'",2,NA,NA,LOV Pass check for LDG_VEEVA_PROD
588,Post,VEEVA_OBJECTS,01_INPUT_FILES/12_VEEVA_OBJECTS_IDS/LDG_VEEVA_PROD/,LDG_VEEVA_PROD,",",parquet,islocked,match_lov,Daily,Active,NA,NA,N,"'true','false'",2,NA,NA,LOV Pass check for LDG_VEEVA_PROD
589,Post,VEEVA_OBJECTS,01_INPUT_FILES/12_VEEVA_OBJECTS_IDS/LDG_VEEVA_PROD/,LDG_VEEVA_PROD,",",parquet,mayedit,match_lov,Daily,Active,NA,NA,N,"'true','false'",2,NA,NA,LOV Pass check for LDG_VEEVA_PROD
590,Post,VEEVA_OBJECTS,01_INPUT_FILES/12_VEEVA_OBJECTS_IDS/LDG_VEEVA_PROD/,LDG_VEEVA_PROD,",",parquet,no_cycle_plans_vod__c,match_lov,Daily,Active,NA,NA,N,"'true','false'",2,NA,NA,LOV Pass check for LDG_VEEVA_PROD
591,Post,VEEVA_OBJECTS,01_INPUT_FILES/12_VEEVA_OBJECTS_IDS/LDG_VEEVA_PROD/,LDG_VEEVA_PROD,",",parquet,no_details_vod__c,match_lov,Daily,Active,NA,NA,N,"'true','false'",2,NA,NA,LOV Pass check for LDG_VEEVA_PROD
592,Post,VEEVA_OBJECTS,01_INPUT_FILES/12_VEEVA_OBJECTS_IDS/LDG_VEEVA_PROD/,LDG_VEEVA_PROD,",",parquet,no_metrics_vod__c,match_lov,Daily,Active,NA,NA,N,"'true','false'",2,NA,NA,LOV Pass check for LDG_VEEVA_PROD
593,Post,VEEVA_OBJECTS,01_INPUT_FILES/12_VEEVA_OBJECTS_IDS/LDG_VEEVA_PROD/,LDG_VEEVA_PROD,",",parquet,no_promo_items_vod__c,match_lov,Daily,Active,NA,NA,N,"'TRUE','FALSE'",2,NA,NA,LOV Pass check for LDG_VEEVA_PROD
594,Post,VEEVA_OBJECTS,01_INPUT_FILES/12_VEEVA_OBJECTS_IDS/LDG_VEEVA_PROD/,LDG_VEEVA_PROD,",",parquet,offlabel__c,match_lov,Daily,Active,NA,NA,N,"'true','false'",2,NA,NA,LOV Pass check for LDG_VEEVA_PROD
595,Post,VEEVA_OBJECTS,01_INPUT_FILES/12_VEEVA_OBJECTS_IDS/LDG_VEEVA_PROD/,LDG_VEEVA_PROD,",",parquet,pricing_rule_quantity_bound_vod__c,match_lov,Daily,Active,NA,NA,N,"'true','false'",2,NA,NA,LOV Pass check for LDG_VEEVA_PROD
596,Post,VEEVA_OBJECTS,01_INPUT_FILES/12_VEEVA_OBJECTS_IDS/LDG_VEEVA_PROD/,LDG_VEEVA_PROD,",",parquet,refrigerated__c,match_lov,Daily,Active,NA,NA,N,"'true','false'",2,NA,NA,LOV Pass check for LDG_VEEVA_PROD
597,Post,VEEVA_OBJECTS,01_INPUT_FILES/12_VEEVA_OBJECTS_IDS/LDG_VEEVA_PROD/,LDG_VEEVA_PROD,",",parquet,require_key_message_vod__c,match_lov,Daily,Active,NA,NA,N,"'true','false'",2,NA,NA,LOV Pass check for LDG_VEEVA_PROD
598,Post,VEEVA_OBJECTS,01_INPUT_FILES/12_VEEVA_OBJECTS_IDS/LDG_VEEVA_PROD/,LDG_VEEVA_PROD,",",parquet,restricted_vod__c,match_lov,Daily,Active,NA,NA,N,"'true','false'",2,NA,NA,LOV Pass check for LDG_VEEVA_PROD
599,Post,VEEVA_OBJECTS,01_INPUT_FILES/12_VEEVA_OBJECTS_IDS/LDG_VEEVA_PROD/,LDG_VEEVA_PROD,",",parquet,sample_order_type__c,match_lov,Daily,Active,NA,NA,N,"'true','false'",2,NA,NA,LOV Pass check for LDG_VEEVA_PROD
600,Post,VEEVA_OBJECTS,01_INPUT_FILES/12_VEEVA_OBJECTS_IDS/LDG_VEEVA_PROD/,LDG_VEEVA_PROD,",",parquet,unapproved__c,match_lov,Daily,Active,NA,NA,N,"'true','false'",2,NA,NA,LOV Pass check for LDG_VEEVA_PROD
601,Post,VEEVA_OBJECTS,01_INPUT_FILES/12_VEEVA_OBJECTS_IDS/LDG_VEEVA_PROD/,LDG_VEEVA_PROD,",",parquet,user_aligned_vod__c,match_lov,Daily,Active,NA,NA,N,"'true','false'",2,NA,NA,LOV Pass check for LDG_VEEVA_PROD
602,Post,VEEVA_OBJECTS,01_INPUT_FILES/12_VEEVA_OBJECTS_IDS/LDG_VEEVA_PROD/,LDG_VEEVA_PROD,",",parquet,createddate,Custom_Count_Check,Daily,Active,NA,NA,NA,prerequisite condition,SELECT count(distinct createddate) from src where (length(lastmodifieddate) <24 or length(createddate) > 24),NA,NA,Length Pass check for LDG_VEEVA_PROD
603,Post,VEEVA_OBJECTS,01_INPUT_FILES/12_VEEVA_OBJECTS_IDS/LDG_VEEVA_PROD/,LDG_VEEVA_PROD,",",parquet,lastmodifieddate,Custom_Count_Check,Daily,Active,NA,NA,NA,prerequisite condition,SELECT count(distinct lastmodifieddate) from src where (length(lastmodifieddate) <24 or length(lastmodifieddate) > 24),NA,NA,Length Pass check for LDG_VEEVA_PROD
604,Post,VEEVA_OBJECTS,01_INPUT_FILES/12_VEEVA_OBJECTS_IDS/LDG_VEEVA_PROD/,LDG_VEEVA_PROD,",",parquet,start_date__c,Custom_Count_Check,Daily,Active,NA,NA,NA,prerequisite condition,SELECT count(distinct start_date__c) from src where (length(start_date__c) <10 or length(start_date__c) > 10),NA,NA,Length Pass check for LDG_VEEVA_PROD
605,Post,VEEVA_OBJECTS,01_INPUT_FILES/12_VEEVA_OBJECTS_IDS/LDG_VEEVA_PROD/,LDG_VEEVA_PROD,",",parquet,systemmodstamp,Custom_Count_Check,Daily,Active,NA,NA,NA,prerequisite condition,SELECT count(distinct systemmodstamp) from src where (length(systemmodstamp) <24 or length(systemmodstamp) > 24),NA,NA,Length Pass check for LDG_VEEVA_PROD
606,Post,VEEVA_OBJECTS,01_INPUT_FILES/12_VEEVA_OBJECTS_IDS/LDG_VEEVA_RECORDTYPE/,LDG_VEEVA_RECORDTYPE,",",parquet,isactive,match_lov,Daily,Active,NA,NA,N,"'true','false'",2,NA,NA,LOV Pass check for LDG_VEEVA_RECORDTYPE
607,Post,VEEVA_OBJECTS,01_INPUT_FILES/12_VEEVA_OBJECTS_IDS/LDG_VEEVA_RECORDTYPE/,LDG_VEEVA_RECORDTYPE,",",parquet,ispersontype,match_lov,Daily,Active,NA,NA,N,"'true','false'",2,NA,NA,LOV Pass check for LDG_VEEVA_RECORDTYPE
608,Post,VEEVA_OBJECTS,01_INPUT_FILES/12_VEEVA_OBJECTS_IDS/LDG_VEEVA_RECORDTYPE/,LDG_VEEVA_RECORDTYPE,",",parquet,createddate,Custom_Count_Check,Daily,Active,NA,NA,NA,prerequisite condition,SELECT count(distinct createddate) from src where (length(createddate) <24 or length(createddate) > 24),NA,NA,Length Pass check for LDG_VEEVA_RECORDTYPE
609,Post,VEEVA_OBJECTS,01_INPUT_FILES/12_VEEVA_OBJECTS_IDS/LDG_VEEVA_RECORDTYPE/,LDG_VEEVA_RECORDTYPE,",",parquet,lastmodifieddate,Custom_Count_Check,Daily,Active,NA,NA,NA,prerequisite condition,SELECT count(distinct lastmodifieddate) from src where (length(lastmodifieddate) <24 or length(lastmodifieddate) > 24),NA,NA,Length Pass check for LDG_VEEVA_RECORDTYPE
610,Post,VEEVA_OBJECTS,01_INPUT_FILES/12_VEEVA_OBJECTS_IDS/LDG_VEEVA_RECORDTYPE/,LDG_VEEVA_RECORDTYPE,",",parquet,systemmodstamp,Custom_Count_Check,Daily,Active,NA,NA,NA,prerequisite condition,SELECT count(distinct systemmodstamp) from src where (length(systemmodstamp) <24 or length(systemmodstamp) > 24),NA,NA,Length Pass check for LDG_VEEVA_RECORDTYPE
611,Post,VEEVA_OBJECTS,01_INPUT_FILES/12_VEEVA_OBJECTS_IDS/LDG_VEEVA_SENT_EMAIL/,LDG_VEEVA_SENT_EMAIL,",",parquet,isdeleted,match_lov,Daily,Active,NA,NA,N,"'true','false'",2,NA,NA,LOV Pass check for LDG_VEEVA_SENT_EMAIL
612,Post,VEEVA_OBJECTS,01_INPUT_FILES/12_VEEVA_OBJECTS_IDS/LDG_VEEVA_SENT_EMAIL/,LDG_VEEVA_SENT_EMAIL,",",parquet,islocked,match_lov,Daily,Active,NA,NA,N,"'true','false'",2,NA,NA,LOV Pass check for LDG_VEEVA_SENT_EMAIL
613,Post,VEEVA_OBJECTS,01_INPUT_FILES/12_VEEVA_OBJECTS_IDS/LDG_VEEVA_SENT_EMAIL/,LDG_VEEVA_SENT_EMAIL,",",parquet,mayedit,match_lov,Daily,Active,NA,NA,N,"'true','false'",2,NA,NA,LOV Pass check for LDG_VEEVA_SENT_EMAIL
614,Post,VEEVA_OBJECTS,01_INPUT_FILES/12_VEEVA_OBJECTS_IDS/LDG_VEEVA_SENT_EMAIL/,LDG_VEEVA_SENT_EMAIL,",",parquet,lilly_free_text_email__c,match_lov,Daily,Active,NA,NA,N,"'true','false'",2,NA,NA,LOV Pass check for LDG_VEEVA_SENT_EMAIL
615,Post,VEEVA_OBJECTS,01_INPUT_FILES/12_VEEVA_OBJECTS_IDS/LDG_VEEVA_SENT_EMAIL/,LDG_VEEVA_SENT_EMAIL,",",parquet,lastmodifieddate,Custom_Count_Check,Daily,Active,NA,NA,NA,prerequisite condition,SELECT count(distinct lastmodifieddate) from src where (length(lastmodifieddate) <24 or length(lastmodifieddate) > 24),NA,NA,Length Pass check for LDG_VEEVA_SENT_EMAIL
616,Post,VEEVA_OBJECTS,01_INPUT_FILES/12_VEEVA_OBJECTS_IDS/LDG_VEEVA_SENT_EMAIL/,LDG_VEEVA_SENT_EMAIL,",",parquet,last_activity_date_vod__c,Custom_Count_Check,Daily,Active,NA,NA,NA,prerequisite condition,SELECT count(distinct last_activity_date_vod__c) from src where (length(last_activity_date_vod__c) <24 or length(last_activity_date_vod__c) > 24),NA,NA,Length Pass check for LDG_VEEVA_SENT_EMAIL
617,Post,VEEVA_OBJECTS,01_INPUT_FILES/12_VEEVA_OBJECTS_IDS/LDG_VEEVA_SENT_EMAIL/,LDG_VEEVA_SENT_EMAIL,",",parquet,email_sent_date_vod__c,Custom_Count_Check,Daily,Active,NA,NA,NA,prerequisite condition,SELECT count(distinct email_sent_date_vod__c) from src where (length(email_sent_date_vod__c) <24 or length(email_sent_date_vod__c) > 24),NA,NA,Length Pass check for LDG_VEEVA_SENT_EMAIL
618,Post,VEEVA_OBJECTS,01_INPUT_FILES/12_VEEVA_OBJECTS_IDS/LDG_VEEVA_SENT_EMAIL/,LDG_VEEVA_SENT_EMAIL,",",parquet,createddate,Custom_Count_Check,Daily,Active,NA,NA,NA,prerequisite condition,SELECT count(distinct createddate) from src where (length(createddate) <24 or length(createddate) > 24),NA,NA,Length Pass check for LDG_VEEVA_SENT_EMAIL
619,Post,VEEVA_OBJECTS,01_INPUT_FILES/12_VEEVA_OBJECTS_IDS/LDG_VEEVA_TIME_OFF_TERR/,LDG_VEEVA_TIME_OFF_TERR,",",parquet,systemmodstamp,Custom_Count_Check,Daily,Active,NA,NA,NA,prerequisite condition,SELECT count(distinct systemmodstamp) from src where (length(systemmodstamp) <24 or length(systemmodstamp) > 24),NA,NA,Length Pass check for LDG_VEEVA_TIME_OFF_TERR
620,Post,VEEVA_OBJECTS,01_INPUT_FILES/12_VEEVA_OBJECTS_IDS/LDG_VEEVA_TIME_OFF_TERR/,LDG_VEEVA_TIME_OFF_TERR,",",parquet,lastmodifieddate,Custom_Count_Check,Daily,Active,NA,NA,NA,prerequisite condition,SELECT count(distinct lastmodifieddate) from src where (length(lastmodifieddate) <24 or length(lastmodifieddate) > 24),NA,NA,Length Pass check for LDG_VEEVA_TIME_OFF_TERR
621,Post,VEEVA_OBJECTS,01_INPUT_FILES/12_VEEVA_OBJECTS_IDS/LDG_VEEVA_TIME_OFF_TERR/,LDG_VEEVA_TIME_OFF_TERR,",",parquet, end_date__c,Custom_Count_Check,Daily,Active,NA,NA,NA,prerequisite condition,SELECT count(distinct end_date__c) from src where (length(end_date__c) <10 or length(end_date__c) > 10),NA,NA,Length Pass check for LDG_VEEVA_TIME_OFF_TERR
622,Post,VEEVA_OBJECTS,01_INPUT_FILES/12_VEEVA_OBJECTS_IDS/LDG_VEEVA_TIME_OFF_TERR/,LDG_VEEVA_TIME_OFF_TERR,",",parquet,date_vod__c,Custom_Count_Check,Daily,Active,NA,NA,NA,prerequisite condition,SELECT count(distinct date_vod__c) from src where (length(date_vod__c) <10 or length(date_vod__c) > 10),NA,NA,Length Pass check for LDG_VEEVA_TIME_OFF_TERR
623,Post,VEEVA_OBJECTS,01_INPUT_FILES/12_VEEVA_OBJECTS_IDS/LDG_VEEVA_USERS/,LDG_VEEVA_USERS,",",parquet,isactive,match_lov,Daily,Active,NA,NA,N,"'true','false'",2,NA,NA,LOV Pass check for LDG_VEEVA_USERS
624,Post,VEEVA_OBJECTS,01_INPUT_FILES/12_VEEVA_OBJECTS_IDS/LDG_VEEVA_USERS/,LDG_VEEVA_USERS,",",parquet,lastmodifieddate ,Custom_Count_Check,Daily,Active,NA,NA,NA,prerequisite condition,SELECT count(distinct lastmodifieddate) from src where (length(lastmodifieddate) <24 or length(lastmodifieddate) > 24),NA,NA,Length Pass check for LDG_VEEVA_USERS
625,Post,US,00_RAW_FILES/MASTER/DYNAMIC_TARGETING_TIERS/,DYNAMIC_TARGETING_TIERS,",",parquet,lilly_person_id,Good_Records,Daily,Active,NA,NA,N,prerequisite condition,Select * from src,Overwrite,,
626,Post,US,00_RAW_FILES/MASTER/DYNAMIC_TARGETING_TIERS/,DYNAMIC_TARGETING_TIERS,",",parquet,brand,Custom_Count_Check,Daily,Inactive,NA,NA,NA,prerequisite condition,"select count(*) as false_records from (
select count(*) as counter,lilly_id_f, sleeve_code from 

 (select  h.winnerhcpreferenceid as  lilly_id_f,*
from src  d  
left join  hcpreferencexref h
on eph_reference_id =loserhcpreferenceid ) a  

 where brand = 'PORTFOLIO'
group by lilly_id_f, sleeve_code)k where counter > 1
",,,The file contains duplicate records for enteries where brand = 'PORTFOLIO'
627,Post,US,00_RAW_FILES/MASTER/DYNAMIC_TARGETING_TIERS/,DYNAMIC_TARGETING_TIERS,",",parquet,brand,Custom_Count_Check,Daily,Inactive,NA,NA,NA,prerequisite condition,"select count(*) as false_record from (
select count(*)as counter, lilly_id_f, product_id, indication_id from 

 (select  h.winnerhcpreferenceid as  lilly_id_f,*
from src  d  
left join  hcpreferencexref h
on eph_reference_id =loserhcpreferenceid ) a  

 where brand != 'PORTFOLIO'
group by lilly_id_f, product_id, indication_id)k where counter > 1",,,The file contains duplicate records for enteries where brand != 'PORTFOLIO'
628,Post,US,00_RAW_FILES/MASTER/DYNAMIC_TARGETING_TIERS/,DYNAMIC_TARGETING_TIERS,",",parquet,brand,Custom_Count_Check,Daily,Inactive,NA,NA,NA,prerequisite condition,"select count(*) as false_record from (
select length(lilly_person_id)as length_col, lilly_person_id from src
group by lilly_person_id)k where length_col != 11",,,The length of values in the lilly_person_id column is not of 11 character.
629,Post,US,00_RAW_FILES/MASTER/DYNAMIC_TARGETING_TIERS/,DYNAMIC_TARGETING_TIERS,",",parquet,brand,Custom_Count_Check,Daily,Inactive,NA,NA,NA,prerequisite condition,"SELECT COUNT(*)
FROM (
    SELECT *
    FROM 

 (select  h.winnerhcpreferenceid as  lilly_id_f,*
from src  d  
left join  hcpreferencexref h
on eph_reference_id =loserhcpreferenceid ) a  
   

 WHERE brand = 'PORTFOLIO'
      AND (lilly_id_f IS NULL OR sleeve_code IS NULL OR score IS NULL)
    
    UNION ALL
    
    SELECT *
    FROM 

 (select  h.winnerhcpreferenceid as  lilly_id_f,*
from src  d  
left join  hcpreferencexref h
on eph_reference_id =loserhcpreferenceid ) a  

    WHERE brand != 'PORTFOLIO'
      AND (lilly_id_f IS NULL OR product_id IS NULL OR indication_id IS NULL OR score IS NULL)
 union all
 
 select * from 

 (select  h.winnerhcpreferenceid as  lilly_id_f,*
from src  d  
left join  hcpreferencexref h
on eph_reference_id =loserhcpreferenceid ) a   

where brand is null
) k",,,Either lilly_person_id or sleeve_code or score or product_id or indication_id or brand column contains null values.
630,Post,US,00_RAW_FILES/MASTER/DYNAMIC_TARGETING_TIERS/,DYNAMIC_TARGETING_TIERS,",",parquet,brand,Custom_Count_Check,Daily,Inactive,NA,NA,NA,prerequisite condition,"select count(*)as false_record from 
(select * from src where upper(brand) = 'PORTFOLIO') a
right join
(select b.* from(select lilly_person_id, resp_code from portfolio_insights where upper(insight_type) = 'PORTFOLIO') b
inner join (select customer_id, sales_force_code from portfolio_optimization where actual_count > 0) c
on b.lilly_person_id=c.customer_id
and b.resp_code=c.sales_force_code)k
on a.lilly_person_id = k.lilly_person_id
and a.sleeve_code= k.resp_code
where a.lilly_person_id is null",,,The file does not contains any record for customers for whom PO is suggesting a call and PI Model Insight file contains portfolio insights.
631,Post,US,00_RAW_FILES/MASTER/LEBRI_TRIGGERS_METRICS/,US_LEBRI_TRIGGERS_METRICS,",",parquet,lilly_person_id,Good_Records,Daily,Active,NA,NA,N,prerequisite condition,Select * from src,Overwrite,,
632,Post,US,00_RAW_FILES/MASTER/LEBRI_HCP_ATTRIBUTES/,US_LEBRI_HCP_ATTRIBUTES,",",parquet,lilly_person_id,Good_Records,Daily,Active,NA,NA,N,prerequisite condition,Select * from src,Overwrite,,
633,Post,US,00_RAW_FILES/MASTER/LEBRI_TRIGGERS_PAYER_BR_METRICS/,US_LEBRI_TRIGGERS_PAYER_BR_METRICS,",",parquet,lilly_person_id,Good_Records,Daily,Active,NA,NA,N,prerequisite condition,Select * from src,Overwrite,,
634,Post,US,00_RAW_FILES/LDG_PO_OUTPUT/,US_PORTFOLIO_OPTIMIZATION_OUTPUT,",",parquet,active,Custom_Query,Daily,Active,NA,NA,NA,prerequisite condition,"select product_id,sales_force_code, count(distinct customer_id) as HCP_Count from src
group by product_id,sales_force_code",,,Not Applicable
635,Post,US,00_RAW_FILES/PREDECTIVE_MODEL_INSIGHTS/PORTFOLIO_INSIGHTS/,US_PI_MODEL_INSIGHTS,",",parquet,active,Custom_Query,Daily,Active,NA,NA,NA,prerequisite condition,"select resp_code,product_id, count (distinct  lilly_id_f) as HCP_Count  from(
select  lilly_id_f, resp_code,
case when indication_id <> 'N/A' and indication_id !='Portfolio' then concat(product_id,'_',indication_id)
else product_id end as product_id from 

 (select  h.winnerhcpreferenceid as  lilly_id_f,*
from src  d  
left join  hcpreferencexref h
on eph_reference_id =loserhcpreferenceid ) a  

)pi
group by resp_code,product_id",,,Not Applicable
636,Post,US,00_RAW_FILES/MASTER/SALESFORCE_TARGETING_UNIVERSE/,SALESFORCE_TARGETING_UNIVERSE,",",parquet,active,Custom_Query,Daily,Active,NA,NA,NA,prerequisite condition,"select product_id,sales_force_code,brand_name, count(lilly_id_f) as HCP_Count from 
(select sales_force_code,brand_name,lilly_id_f, case when indication_id <> 'N/A' and indication_id !='Portfolio' then concat(product_id,'_',indication_id)
else product_id end as product_id from 

 (select  h.winnerhcpreferenceid as  lilly_id_f,*
from src  d  
left join  hcpreferencexref h
on eph_reference_id =loserhcpreferenceid ) a  

)sftu
group by product_id,sales_force_code,brand_name",,,Not Applicable
637,Post,US,00_RAW_FILES/MASTER/TEAM_RESP_CODE/,UV_Team_Responsibility_Code,",",parquet,active,Custom_Query,Daily,Active,NA,NA,NA,prerequisite condition,"select salesforce_code,sleeve_name,brand_names,brand_ids from src
group by salesforce_code,sleeve_name,brand_names,brand_ids",,,Not Applicable
638,Post,US,00_RAW_FILES/MASTER/HCP_TERR/,UV_HCP_TERR_Alignment_2,",",parquet,active,Custom_Query,Daily,Active,NA,NA,NA,prerequisite condition,"select salesforce_code, count(distinct lilly_id) as HCP_Count from src
group by salesforce_code",,,Not Applicable
639,Post,US,00_RAW_FILES/MASTER/HCP_TERR/,UV_HCP_TERR_Alignment_2,",",parquet,terr_start_date,Date_yymmdd,Daily,Active,NA,NA,N,,,,,
640,Post,US,00_RAW_FILES/MASTER/HCP_TERR/,UV_HCP_TERR_Alignment_2,",",parquet,terr_end_date,Date_yymmdd,Daily,Active,NA,NA,N,,,,,
641,Post,US,00_RAW_FILES/MASTER/HCP_TERR/,UV_HCP_TERR_Alignment_2,",",parquet,terr_rep_start_date,Date_yymmdd,Daily,Active,NA,NA,N,,,,,
642,Post,US,00_RAW_FILES/MASTER/HCP_TERR/,UV_HCP_TERR_Alignment_2,",",parquet,terr_rep_end_date,Date_yymmdd,Daily,Active,NA,NA,N,,,,,
643,Post,US,00_RAW_FILES/MASTER/HCP_TERR/,UV_HCP_TERR_Alignment_2,",",parquet,terr_hcp_start_date,Date_yymmdd,Daily,Active,NA,NA,N,,,,,
644,Post,US,00_RAW_FILES/MASTER/HCP_TERR/,UV_HCP_TERR_Alignment_2,",",parquet,terr_hcp_end_date,Date_yymmdd,Daily,Active,NA,NA,N,,,,,
645,Post,US,00_RAW_FILES/MASTER/HCP_TERR/,UV_HCP_TERR_Alignment_2,",",parquet,lilly_id,Custom_Query,Daily,Active,NA,NA,NA,prerequisite condition,"select count(*)from(
select   salesforce_code,lilly_id,territory_id,rep_id,count(territory_id) from

(
select distinct salesforce_code,lilly_id,territory_id,rep_id,terr_rep_end_date from src
)a
where  a.terr_rep_end_date>date_add('sugg_posted_date',5) or a.terr_rep_end_date is NULL
group by  salesforce_code,lilly_id,territory_id,rep_id
having count(territory_id)>1)b",,,"This record has both vacant and active territories, reach out to source team."
646,Post,US,00_RAW_FILES/MASTER/DYNAMIC_TARGETING_TIERS/,DYNAMIC_TARGETING_TIERS,",",parquet,active,Custom_Query,Daily,Active,NA,NA,NA,prerequisite condition,"select product_id, count (distinct lilly_id_f) as HCP_Count  from(
select lilly_id_f,
case when indication_id <> 'N/A' and indication_id !='Portfolio' then concat(product_id,'_',indication_id)
else product_id end as product_id from 

 (select  h.winnerhcpreferenceid as  lilly_id_f,*
from src  d  
left join  hcpreferencexref h
on eph_cust_reference_id =loserhcpreferenceid ) a  

)pi
group by product_id",,,Not Applicable
647,Post,US,00_RAW_FILES/MASTER/DYNAMIC_TARGETING_TIERS/,DYNAMIC_TARGETING_TIERS,",",parquet,brand,Custom_Count_Check,Daily,Active,NA,NA,NA,prerequisite condition,"select count(*) as false_records from ( select count(*)as counter, lilly_id_f, sleeve_code  from 

 (select  h.winnerhcpreferenceid as  lilly_id_f,*
from src  d  
left join  hcpreferencexref h
on eph_cust_reference_id =loserhcpreferenceid ) a  

 where brand = 'PORTFOLIO' group by lilly_id_f, sleeve_code)k where counter > 1",,,Warning | The file contains duplicate records for enteries where brand is PORTFOLIO
648,Post,US,00_RAW_FILES/MASTER/DYNAMIC_TARGETING_TIERS/,DYNAMIC_TARGETING_TIERS,",",parquet,brand,Custom_Count_Check,Daily,Active,NA,NA,NA,prerequisite condition,"select count(*) as false_record from (

select count(*)as counter,lilly_id_f, product_id, indication_id  from 

 (select  h.winnerhcpreferenceid as  lilly_id_f,*
from src  d  
left join  hcpreferencexref h
on eph_cust_reference_id =loserhcpreferenceid ) a  

 where brand != 'PORTFOLIO'

group by lilly_id_f, product_id, indication_id)k where counter > 1",,,Warning | The file contains duplicate records for enteries where brand is not PORTFOLIO
649,Post,US,00_RAW_FILES/MASTER/DYNAMIC_TARGETING_TIERS/,DYNAMIC_TARGETING_TIERS,",",parquet,brand,Custom_Count_Check,Daily,Inactive,NA,NA,NA,prerequisite condition,"select count(*) as false_record from (

select length(lilly_person_id)as length_col, lilly_person_id from src

group by lilly_person_id)k where length_col != 11",,,The length of values in the lilly_person_id column is not of 11 character.
650,Post,US,00_RAW_FILES/MASTER/DYNAMIC_TARGETING_TIERS/,DYNAMIC_TARGETING_TIERS,",",parquet,brand,Custom_Count_Check,Daily,Active,NA,NA,NA,prerequisite condition,"SELECT COUNT(*)
FROM (
    SELECT *
    FROM 
 (select  h.winnerhcpreferenceid as  lilly_id_f,*
from src  d  
left join  hcpreferencexref h
on eph_cust_reference_id =loserhcpreferenceid ) a 

    WHERE brand = 'PORTFOLIO'
      AND (lilly_id_f IS NULL OR sleeve_code IS NULL OR score IS NULL)
   
    UNION ALL
   
    SELECT *
    FROM 

 (select  h.winnerhcpreferenceid as  lilly_id_f,*
from src  d  
left join  hcpreferencexref h
on eph_cust_reference_id =loserhcpreferenceid ) a 

    WHERE brand != 'PORTFOLIO'
      AND ( lilly_id_f IS NULL OR product_id IS NULL OR score IS NULL)
union all

SELECT *
    FROM 

 (select  h.winnerhcpreferenceid as  lilly_id_f,*
from src  d  
left join  hcpreferencexref h
on eph_cust_reference_id =loserhcpreferenceid ) a where brand is null
) k",,,Warning | Either lilly_person_id or sleeve_code or score or product_id or brand column contains null values.
651,Post,US,00_RAW_FILES/MASTER/DYNAMIC_TARGETING_TIERS/,DYNAMIC_TARGETING_TIERS,",",parquet,brand,Custom_Count_Check,Daily,Inactive,NA,NA,NA,prerequisite condition,"select count(distinct k.lilly_person_id) as false_record from (select * from src where upper(brand) = 'PORTFOLIO') a
left join
(select a.* from(select lilly_person_id, resp_code from portfolio_insights where upper(insight_type) = 'PORTFOLIO') a
inner join (select customer_id, sales_force_code from portfolio_optimization where actual_count > 0) b
on a.lilly_person_id=b.customer_id
and a.resp_code=b.sales_force_code)k
on a.lilly_person_id = k.lilly_person_id
and a.sleeve_code= k.resp_code
where a.lilly_person_id is null",,,The file does not contains any record for customers for whom PO is suggesting a call and PI Model Insight file contains portfolio insights.
652,Post,US,00_RAW_FILES/MASTER/DYNAMIC_TARGETING_TIERS/,DYNAMIC_TARGETING_TIERS,",",parquet,lilly_person_id,Good_Records,Daily,Active,NA,NA,N,prerequisite condition,Select * from src,Overwrite,,
653,Post,US,00_RAW_FILES/MASTER/DYNAMIC_TARGETING_TIERS/,DYNAMIC_TARGETING_TIERS,",",parquet,lilly_person_id,CheckLength,Daily,Inactive,NA,11,N,11,,,,
654,Post,US,00_RAW_FILES/MASTER/DYNAMIC_TARGETING_TIERS/,DYNAMIC_TARGETING_TIERS,",",parquet,sleeve_code,Custom_Count_Check,Daily,Active,NA,NA,N,prerequisite condition,"SELECT count(*)

FROM src WHERE sleeve_code IS NULL

 AND brand = 'PORTFOLIO'",,,This file contains NULL records for sleeve_code where brand is PORTFOLIO
655,Post,US,00_RAW_FILES/MASTER/DYNAMIC_TARGETING_TIERS/,DYNAMIC_TARGETING_TIERS,",",parquet,product_ID,Custom_Count_Check,Daily,Active,NA,NA,N,prerequisite condition,"SELECT count(*)

FROM src

WHERE product_ID IS NULL AND brand != 'PORTFOLIO'",,,This file contains NULL records for product_id where brand is PORTFOLIO
656,Post,US,00_RAW_FILES/MASTER/DYNAMIC_TARGETING_TIERS/,DYNAMIC_TARGETING_TIERS,",",parquet,indication_ID,Custom_Count_Check,Daily,Active,NA,NA,N,prerequisite condition,"SELECT count(*)
FROM src
WHERE indication_ID IS NULL
AND  upper(brand) NOT IN ('JAYPIRCA','VERZENIO','OMVOH','PORTFOLIO','ZEPBOUND','EBGLYSS','TALTZ')",,,This file contains NULL records for indication_id where brand is not PORTFOLIO not OBU
657,Post,US,00_RAW_FILES/MASTER/DYNAMIC_TARGETING_TIERS/,DYNAMIC_TARGETING_TIERS,",",parquet,score,Null,Daily,Active,NA,NA,N,,,,,
658,Post,US,00_RAW_FILES/MASTER/DYNAMIC_TARGETING_TIERS/,DYNAMIC_TARGETING_TIERS,",",parquet,tier,Null,Daily,Active,NA,NA,N,,,,,
659,Post,US,00_RAW_FILES/MASTER/DYNAMIC_TARGETING_TIERS/,DYNAMIC_TARGETING_TIERS,",",parquet,score,Custom_Count_Check,Daily,Active,NA,NA,N,prerequisite condition,"select count(distinct sleeve_code) as false_count from
(select sleeve_code, sum(score) as score from DYNAMIC_TARGETING_TIERS
where upper(brand) = 'PORTFOLIO'
group by sleeve_code)t where score = 0",,,No distinct scores are present in this file for the specified number of specific sleeves. Please check the raw data feed. This might result in incorrect ordering of customers on the DT Tab.
660,Post,US,00_RAW_FILES/MASTER/DYNAMIC_TARGETING_TIERS/,DYNAMIC_TARGETING_TIERS,",",parquet,product_id,Custom_Count_Check,Daily,Active,NA,NA,N,prerequisite condition,"  SELECT 8 - COUNT(lilly_product) AS false_count 
FROM 
    (SELECT DISTINCT 
        CASE 
            WHEN indication_id IS NULL THEN product_id
            ELSE CONCAT(product_id, '_', indication_id)
        END AS lilly_product 
    FROM src 
    WHERE UPPER(brand) != 'PORTFOLIO'
    ) k",,,"In case of negative values please check the acceptable sleeve of this file, edit the query if required"
661,Post,VEEVA_OBJECTS,01_INPUT_FILES/12_VEEVA_OBJECTS_IDS/LDG_VEEVA_CALL2_SAMPLE/,LDG_VEEVA_CALL2_SAMPLE,",",parquet,isdeleted,match_lov,Daily,Active,NA,NA,N,"'true','false'",2,NA,NA,LOV Pass check for LDG_VEEVA_CALL2_SAMPLE
662,Post,VEEVA_OBJECTS,01_INPUT_FILES/12_VEEVA_OBJECTS_IDS/LDG_VEEVA_CALL2_SAMPLE/,LDG_VEEVA_CALL2_SAMPLE,",",parquet,lastmodifieddate,Custom_Count_Check,Daily,Active,NA,NA,NA,prerequisite condition,SELECT count(distinct lastmodifieddate) from src where (length(lastmodifieddate) <24 or length(lastmodifieddate) > 24),NA,NA,"BR : Length Pass check for ""lastmodifieddate"" column in LDG_VEEVA_CALL2_SAMPLE.||Error resolution tip : Check if the length of ""lastmodifieddate"" column in LDG_VEEVA_CALL2_SAMPLE file is according to the standard fomat"
663,Post,VEEVA_OBJECTS,01_INPUT_FILES/12_VEEVA_OBJECTS_IDS/LDG_VEEVA_CALL2_SAMPLE/,LDG_VEEVA_CALL2_SAMPLE,",",parquet,createddate,Custom_Count_Check,Daily,Active,NA,NA,NA,prerequisite condition,SELECT count(distinct createddate) from src where (length(createddate) <24 or length(createddate) > 24),NA,NA,"BR : Length Pass check for ""createddate"" column in LDG_VEEVA_CALL2_SAMPLE.||Error resolution tip : Check if the length of ""createddate"" column in LDG_VEEVA_CALL2_SAMPLE file is according to the standard fomat"
664,Post,US,00_RAW_FILES/MASTER/US_AIML_TRIGGERS_METRICS/,US_AIML_TRIGGERS_METRICS,",",parquet,product_id,Null,Daily,Inactive,NA,NA,N,,,,,
665,Post,US,00_RAW_FILES/MASTER/US_AIML_TRIGGERS_METRICS/,US_AIML_TRIGGERS_METRICS,",",parquet,product_id,Custom_Count_Check,Daily,Inactive,NA,NA,NA,prerequisite condition,"select 1 - count(distinct product_id) from src

where product_id in ('US_304521')",,,One or more product_id required value is missing
666,Post,US,00_RAW_FILES/MASTER/US_AIML_TRIGGERS_METRICS/,US_AIML_TRIGGERS_METRICS,",",parquet,indication_id,Null,Daily,Inactive,NA,NA,N,,,,,
667,Post,US,00_RAW_FILES/MASTER/US_AIML_TRIGGERS_METRICS/,US_AIML_TRIGGERS_METRICS,",",parquet,indication_id,Custom_Count_Check,Daily,Inactive,NA,NA,NA,prerequisite condition,"select 1 - count(distinct indication_id) from src

where indication_id in ('DS162')",,,One or more indication_id required value is missing
668,Post,US,00_RAW_FILES/MASTER/US_AIML_TRIGGERS_METRICS/,US_AIML_TRIGGERS_METRICS,",",parquet,lilly_person_id,Null,Daily,Inactive,NA,NA,N,,,,,
669,Post,US,00_RAW_FILES/MASTER/US_AIML_TRIGGERS_METRICS/,US_AIML_TRIGGERS_METRICS,",",parquet,lilly_person_id,CheckLength,Daily,Inactive,NA,11,N,11,,,,
670,Post,US,00_RAW_FILES/MASTER/US_AIML_TRIGGERS_METRICS/,US_AIML_TRIGGERS_METRICS,",",parquet,lilly_person_id,Custom_Count_Check,Daily,Inactive,NA,NA,NA,prerequisite condition,"select count(*) from(select count(*),lilly_person_id,product_id,indication_id from src group by lilly_person_id,product_id,indication_id

having count(*)>1)a",,,Duplicates at the grain
671,Post,US,00_RAW_FILES/MASTER/US_AIML_TRIGGERS_METRICS/,US_AIML_TRIGGERS_METRICS,",",parquet,lilly_person_id,Good_Records,Daily,Inactive,NA,NA,N,prerequisite condition,Select * from src,Overwrite,,
672,Post,US,00_RAW_FILES/MASTER/US_AIML_TRIGGERS_METRICS/,US_AIML_TRIGGERS_METRICS,",",parquet,lung_li,Null,Daily,Inactive,NA,NA,N,,,,,
673,Post,US,00_RAW_FILES/MASTER/US_AIML_TRIGGERS_METRICS/,US_AIML_TRIGGERS_METRICS,",",parquet,lung_egfr_li,Null,Daily,Inactive,NA,NA,N,,,,,
674,Post,US,00_RAW_FILES/MASTER/US_AIML_TRIGGERS_METRICS/,US_AIML_TRIGGERS_METRICS,",",parquet,crc_li,Null,Daily,Inactive,NA,NA,N,,,,,
675,Post,US,00_RAW_FILES/MASTER/US_AIML_TRIGGERS_METRICS/,US_AIML_TRIGGERS_METRICS,",",parquet,cdk_li,Null,Daily,Inactive,NA,NA,N,,,,,
676,Post,US,00_RAW_FILES/MASTER/US_AIML_TRIGGERS_METRICS/,US_AIML_TRIGGERS_METRICS,",",parquet,hn_li,Null,Daily,Inactive,NA,NA,N,,,,,
677,Post,US,00_RAW_FILES/MASTER/US_AIML_TRIGGERS_METRICS/,US_AIML_TRIGGERS_METRICS,",",parquet,thy_li,Null,Daily,Inactive,NA,NA,N,,,,,
678,Post,US,00_RAW_FILES/MASTER/US_AIML_TRIGGERS_METRICS/,US_AIML_TRIGGERS_METRICS,",",parquet,alimta_li,Null,Daily,Inactive,NA,NA,N,,,,,
679,Post,US,00_RAW_FILES/MASTER/US_AIML_TRIGGERS_METRICS/,US_AIML_TRIGGERS_METRICS,",",parquet,ram_revel_li,Null,Daily,Inactive,NA,NA,N,,,,,
680,Post,US,00_RAW_FILES/MASTER/US_AIML_TRIGGERS_METRICS/,US_AIML_TRIGGERS_METRICS,",",parquet,ram_relay_li,Null,Daily,Inactive,NA,NA,N,,,,,
681,Post,US,00_RAW_FILES/MASTER/US_AIML_TRIGGERS_METRICS/,US_AIML_TRIGGERS_METRICS,",",parquet,ram_crc_li,Null,Daily,Inactive,NA,NA,N,,,,,
682,Post,US,00_RAW_FILES/MASTER/US_AIML_TRIGGERS_METRICS/,US_AIML_TRIGGERS_METRICS,",",parquet,ram_gi_li,Null,Daily,Inactive,NA,NA,N,,,,,
683,Post,US,00_RAW_FILES/MASTER/US_AIML_TRIGGERS_METRICS/,US_AIML_TRIGGERS_METRICS,",",parquet,ram_hcc_li,Null,Daily,Inactive,NA,NA,N,,,,,
684,Post,US,00_RAW_FILES/MASTER/US_AIML_TRIGGERS_METRICS/,US_AIML_TRIGGERS_METRICS,",",parquet,erbi_crc_li,Null,Daily,Inactive,NA,NA,N,,,,,
685,Post,US,00_RAW_FILES/MASTER/US_AIML_TRIGGERS_METRICS/,US_AIML_TRIGGERS_METRICS,",",parquet,erbi_hn_li,Null,Daily,Inactive,NA,NA,N,,,,,
686,Post,US,00_RAW_FILES/MASTER/US_AIML_TRIGGERS_METRICS/,US_AIML_TRIGGERS_METRICS,",",parquet,retevmo_li,Null,Daily,Inactive,NA,NA,N,,,,,
687,Post,US,00_RAW_FILES/MASTER/US_AIML_TRIGGERS_METRICS/,US_AIML_TRIGGERS_METRICS,",",parquet,verz_li,Null,Daily,Inactive,NA,NA,N,,,,,
688,Post,US,00_RAW_FILES/MASTER/US_AIML_TRIGGERS_METRICS/,US_AIML_TRIGGERS_METRICS,",",parquet,kisq_li,Null,Daily,Inactive,NA,NA,N,,,,,
689,Post,US,00_RAW_FILES/MASTER/US_AIML_TRIGGERS_METRICS/,US_AIML_TRIGGERS_METRICS,",",parquet,doce_mono_li,Null,Daily,Inactive,NA,NA,N,,,,,
690,Post,US,00_RAW_FILES/MASTER/US_AIML_TRIGGERS_METRICS/,US_AIML_TRIGGERS_METRICS,",",parquet,alim_maint_li,Null,Daily,Inactive,NA,NA,N,,,,,
691,Post,US,00_RAW_FILES/MASTER/US_AIML_TRIGGERS_METRICS/,US_AIML_TRIGGERS_METRICS,",",parquet,erlo_mono_li,Null,Daily,Inactive,NA,NA,N,,,,,
692,Post,US,00_RAW_FILES/MASTER/US_AIML_TRIGGERS_METRICS/,US_AIML_TRIGGERS_METRICS,",",parquet,report_date,Date_yymmdd,Daily,Inactive,NA,NA,N,,,,,
693,Post,US,00_RAW_FILES/MASTER/US_JAYPIRCA_CLL_TRIGGERS_METRICS/,US_JAYPIRCA_CLL_TRIGGERS_METRICS,",",parquet,product_id,Null,Daily,Active,NA,NA,N,,,,,
694,Post,US,00_RAW_FILES/MASTER/US_JAYPIRCA_CLL_TRIGGERS_METRICS/,US_JAYPIRCA_CLL_TRIGGERS_METRICS,",",parquet,product_id,Custom_Count_Check,Daily,Active,NA,NA,NA,prerequisite condition,"select 1 - count(distinct product_id) from src

where product_id in ('US_708086')",,,One or more product_id required value is missing
695,Post,US,00_RAW_FILES/MASTER/US_JAYPIRCA_CLL_TRIGGERS_METRICS/,US_JAYPIRCA_CLL_TRIGGERS_METRICS,",",parquet,indication_id,Null,Daily,Active,NA,NA,N,,,,,
696,Post,US,00_RAW_FILES/MASTER/US_JAYPIRCA_CLL_TRIGGERS_METRICS/,US_JAYPIRCA_CLL_TRIGGERS_METRICS,",",parquet,indication_id,Custom_Count_Check,Daily,Active,NA,NA,NA,prerequisite condition,"select 1 - count(distinct indication_id) from src

where indication_id in ('430015')",,,One or more indication_id required value is missing
697,Post,US,00_RAW_FILES/MASTER/US_JAYPIRCA_CLL_TRIGGERS_METRICS/,US_JAYPIRCA_CLL_TRIGGERS_METRICS,",",parquet,lilly_person_id,Null,Daily,Active,NA,NA,N,,,,,
698,Post,US,00_RAW_FILES/MASTER/US_JAYPIRCA_CLL_TRIGGERS_METRICS/,US_JAYPIRCA_CLL_TRIGGERS_METRICS,",",parquet,lilly_person_id,CheckLength,Daily,Active,NA,11,N,11,,,,
699,Post,US,00_RAW_FILES/MASTER/US_JAYPIRCA_CLL_TRIGGERS_METRICS/,US_JAYPIRCA_CLL_TRIGGERS_METRICS,",",parquet,eph_reference_id,Custom_Count_Check,Daily,Active,NA,NA,NA,prerequisite condition,"select count(*) from(select count(*),X.winnerhcpreferenceid as lilly_person_id,product_id,indication_id,trigger_date, trigger_name from src left join (select loserhcpreferenceid,winnerhcpreferenceid from hcpreferencexref) x
on src.eph_reference_id = X.loserhcpreferenceid

group by X.winnerhcpreferenceid,product_id,indication_id,trigger_date, trigger_name

having count(*)>1)a",,,Duplicates at the grain EPH_reference_id : product_id : indication_id : trigger_date : trigger_name
700,Post,US,00_RAW_FILES/MASTER/US_JAYPIRCA_CLL_TRIGGERS_METRICS/,US_JAYPIRCA_CLL_TRIGGERS_METRICS,",",parquet,lilly_person_id,Good_Records,Daily,Active,NA,NA,N,prerequisite condition,Select * from src,Overwrite,,
701,Post,US,00_RAW_FILES/MASTER/US_JAYPIRCA_CLL_TRIGGERS_METRICS/,US_JAYPIRCA_CLL_TRIGGERS_METRICS,",",parquet,trigger_date,Null,Daily,Active,NA,NA,N,,,,,
702,Post,US,00_RAW_FILES/MASTER/US_JAYPIRCA_CLL_TRIGGERS_METRICS/,US_JAYPIRCA_CLL_TRIGGERS_METRICS,",",parquet,trigger_name,Null,Daily,Active,NA,NA,N,,,,,
703,Post,US,00_RAW_FILES/MASTER/US_JAYPIRCA_CLL_TRIGGERS_METRICS/,US_JAYPIRCA_CLL_TRIGGERS_METRICS,",",parquet,brand,Custom_Count_Check,Daily,Active,NA,NA,N,prerequisite condition,"select 1 - count(distinct brand) from src

where upper(brand) in ('JAYPIRCA')",,,One or more brand required value is missing
704,Post,US,00_RAW_FILES/MASTER/US_JAYPIRCA_CLL_TRIGGERS_METRICS/,US_JAYPIRCA_CLL_TRIGGERS_METRICS,",",parquet,tumor,Null,Daily,Active,NA,NA,N,,,,,
705,Post,US,00_RAW_FILES/MASTER/US_JAYPIRCA_CLL_TRIGGERS_METRICS/,US_JAYPIRCA_CLL_TRIGGERS_METRICS,",",parquet,report_date,Date_yymmdd,Daily,Active,NA,NA,N,,,,,
706,Post,US,00_RAW_FILES/MASTER/US_JAYPIRCA_CLL_TRIGGERS_METRICS/,US_JAYPIRCA_CLL_TRIGGERS_METRICS_DELTA,",",parquet,lilly_person_id,Good_Records,Daily,Active,NA,NA,N,prerequisite condition,Select * from src,Overwrite,,
707,Post,US,00_RAW_FILES/MASTER/US_JAYPIRCA_HCP_ATTRIBUTES/,US_JAYPIRCA_HCP_ATTRIBUTES,",",parquet,Product_ID,Null,Daily,Active,NA,NA,N,,,,,
708,Post,US,00_RAW_FILES/MASTER/US_JAYPIRCA_HCP_ATTRIBUTES/,US_JAYPIRCA_HCP_ATTRIBUTES,",",parquet,Product_ID,Custom_Count_Check,Daily,Active,NA,NA,NA,prerequisite condition,"select 1 - count(distinct Product_ID) from src

where Product_ID in ('US_708086')",,,
709,Post,US,00_RAW_FILES/MASTER/US_JAYPIRCA_HCP_ATTRIBUTES/,US_JAYPIRCA_HCP_ATTRIBUTES,",",parquet,Indication_ID,Null,Daily,Active,NA,NA,N,,,,,
710,Post,US,00_RAW_FILES/MASTER/US_JAYPIRCA_HCP_ATTRIBUTES/,US_JAYPIRCA_HCP_ATTRIBUTES,",",parquet,Indication_ID,Custom_Count_Check,Daily,Active,NA,NA,NA,prerequisite condition,"select 1 - count(distinct indication_id) from src

where upper(indication_id) in ('430015')",,,
711,Post,US,00_RAW_FILES/MASTER/US_JAYPIRCA_HCP_ATTRIBUTES/,US_JAYPIRCA_HCP_ATTRIBUTES,",",parquet,lilly_person_id,Null,Daily,Active,NA,NA,N,,,,,
712,Post,US,00_RAW_FILES/MASTER/US_JAYPIRCA_HCP_ATTRIBUTES/,US_JAYPIRCA_HCP_ATTRIBUTES,",",parquet,lilly_person_id,CheckLength,Daily,Active,NA,11,N,11,,,,
713,Post,US,00_RAW_FILES/MASTER/US_JAYPIRCA_HCP_ATTRIBUTES/,US_JAYPIRCA_HCP_ATTRIBUTES,",",parquet,eph_reference_id,Custom_Count_Check,Daily,Active,NA,NA,NA,prerequisite condition,"select count(*) from(select count(*),X.winnerhcpreferenceid as lilly_person_id,product_id,indication_id from src left join (select loserhcpreferenceid,winnerhcpreferenceid from hcpreferencexref) x
on src.eph_reference_id = X.loserhcpreferenceid group by X.winnerhcpreferenceid,product_id,indication_id
having count(*)>1)a",,,Warning | Duplicates at the grain level
714,Post,US,00_RAW_FILES/MASTER/US_JAYPIRCA_HCP_ATTRIBUTES/,US_JAYPIRCA_HCP_ATTRIBUTES,",",parquet,lilly_person_id,Good_Records,Daily,Active,NA,NA,N,prerequisite condition,Select * from src,Overwrite,,
715,Post,US,00_RAW_FILES/MASTER/US_JAYPIRCA_HCP_ATTRIBUTES/,US_JAYPIRCA_HCP_ATTRIBUTES,",",parquet,lilly_person_id,Custom_Count_Check,Daily,Inactive,NA,NA,N,prerequisite condition,"select count(*)

from

(select count(distinct lilly_person_id) as curr_hcp,

'1' as rn from src) a

inner join

(select count(distinct lilly_person_id) as prev_hcps,

'1' as rnk

from JAYPIRCA_ATTRIBUTES_PREV) b

on a.rn = b.rnk

where ((a.curr_hcp - b.prev_hcps) / (a.curr_hcp) * 100 ) > 5

or

((a.curr_hcp - b.prev_hcps) / (a.curr_hcp) * 100 ) < -5",NA,NA,WARNING: Checking if hcp difference between current file and previous file is greater than 5 or less than -5
716,Post,US,00_RAW_FILES/MASTER/US_JAYPIRCA_HCP_ATTRIBUTES/,US_JAYPIRCA_HCP_ATTRIBUTES,",",parquet,pirtobrutinib_brand_tgt_status,Null,Daily,Active,NA,NA,N,,,,,
717,Post,US,00_RAW_FILES/MASTER/US_JAYPIRCA_HCP_ATTRIBUTES/,US_JAYPIRCA_HCP_ATTRIBUTES,",",parquet,pirtobrutinib_segment,Null,Daily,Active,NA,NA,N,,,,,
718,Post,US,00_RAW_FILES/MASTER/US_JAYPIRCA_HCP_ATTRIBUTES/,US_JAYPIRCA_HCP_ATTRIBUTES,",",parquet,jaypirca_mlr,Custom_Count_Check,Daily,Active,NA,NA,N,prerequisite condition,"select 1 - count(distinct jaypirca_mlr) from src

where upper(jaypirca_mlr) in ('YES')",,,
719,Post,US,00_RAW_FILES/MASTER/US_JAYPIRCA_HCP_ATTRIBUTES/,US_JAYPIRCA_HCP_ATTRIBUTES,",",parquet,jaypirca_soa,Custom_Count_Check,Daily,Active,NA,NA,N,prerequisite condition,"select 1 - count(distinct jaypirca_soa) from src

where upper(jaypirca_soa) in ('YES')",,,
720,Post,US,00_RAW_FILES/MASTER/US_JAYPIRCA_HCP_ATTRIBUTES/,US_JAYPIRCA_HCP_ATTRIBUTES,",",parquet,jaypirca_priority_account,Null,Daily,Active,NA,NA,N,,,,,
721,Post,US,00_RAW_FILES/MASTER/US_JAYPIRCA_HCP_ATTRIBUTES/,US_JAYPIRCA_HCP_ATTRIBUTES,",",parquet,tier,Custom_Count_Check,Daily,Active,NA,NA,N,prerequisite condition,select count(*) from src where tier rlike '[^0-9]',,,
722,Post,US,00_RAW_FILES/MASTER/US_JAYPIRCA_MCL_TRIGGERS_METRICS/,US_JAYPIRCA_MCL_TRIGGERS_METRICS,",",parquet,product_id,Null,Daily,Active,NA,NA,N,,,,,
723,Post,US,00_RAW_FILES/MASTER/US_JAYPIRCA_MCL_TRIGGERS_METRICS/,US_JAYPIRCA_MCL_TRIGGERS_METRICS,",",parquet,product_id,Custom_Count_Check,Daily,Active,NA,NA,NA,prerequisite condition,"select 1 - count(distinct product_id) from src

where product_id in ('US_708086')",,,
724,Post,US,00_RAW_FILES/MASTER/US_JAYPIRCA_MCL_TRIGGERS_METRICS/,US_JAYPIRCA_MCL_TRIGGERS_METRICS,",",parquet,indication_id,Null,Daily,Active,NA,NA,N,,,,,
725,Post,US,00_RAW_FILES/MASTER/US_JAYPIRCA_MCL_TRIGGERS_METRICS/,US_JAYPIRCA_MCL_TRIGGERS_METRICS,",",parquet,indication_id,Custom_Count_Check,Daily,Active,NA,NA,NA,prerequisite condition,"select 1 - count(distinct indication_id) from src

where indication_id in ('708087')",,,
726,Post,US,00_RAW_FILES/MASTER/US_JAYPIRCA_MCL_TRIGGERS_METRICS/,US_JAYPIRCA_MCL_TRIGGERS_METRICS,",",parquet,lilly_person_id,Null,Daily,Active,NA,NA,N,,,,,
727,Post,US,00_RAW_FILES/MASTER/US_JAYPIRCA_MCL_TRIGGERS_METRICS/,US_JAYPIRCA_MCL_TRIGGERS_METRICS,",",parquet,lilly_person_id,CheckLength,Daily,Active,NA,11,N,11,,,,
728,Post,US,00_RAW_FILES/MASTER/US_JAYPIRCA_MCL_TRIGGERS_METRICS/,US_JAYPIRCA_MCL_TRIGGERS_METRICS,",",parquet,eph_reference_id,Custom_Count_Check,Daily,Active,NA,NA,NA,prerequisite condition,"select count(*) from(select count(*),X.winnerhcpreferenceid as lilly_person_id,product_id,indication_id,trigger_date, trigger_name from src left join (select loserhcpreferenceid,winnerhcpreferenceid from hcpreferencexref) x
on src.eph_reference_id = X.loserhcpreferenceid

group by X.winnerhcpreferenceid,product_id,indication_id,trigger_date, trigger_name

having count(*)>1)a",,,
729,Post,US,00_RAW_FILES/MASTER/US_JAYPIRCA_MCL_TRIGGERS_METRICS/,US_JAYPIRCA_MCL_TRIGGERS_METRICS,",",parquet,lilly_person_id,Good_Records,Daily,Active,NA,NA,N,prerequisite condition,Select * from src,Overwrite,,
730,Post,US,00_RAW_FILES/MASTER/US_JAYPIRCA_MCL_TRIGGERS_METRICS/,US_JAYPIRCA_MCL_TRIGGERS_METRICS,",",parquet,trigger_date,Null,Daily,Active,NA,NA,N,,,,,
731,Post,US,00_RAW_FILES/MASTER/US_JAYPIRCA_MCL_TRIGGERS_METRICS/,US_JAYPIRCA_MCL_TRIGGERS_METRICS,",",parquet,trigger_name,Null,Daily,Active,NA,NA,N,,,,,
732,Post,US,00_RAW_FILES/MASTER/US_JAYPIRCA_MCL_TRIGGERS_METRICS/,US_JAYPIRCA_MCL_TRIGGERS_METRICS,",",parquet,brand,Custom_Count_Check,Daily,Active,NA,NA,N,prerequisite condition,"select 1 - count(distinct brand) from src

where upper(brand) in ('JAYPIRCA')",,,One or more brand required value is missing
733,Post,US,00_RAW_FILES/MASTER/US_JAYPIRCA_MCL_TRIGGERS_METRICS/,US_JAYPIRCA_MCL_TRIGGERS_METRICS,",",parquet,tumor,Null,Daily,Active,NA,NA,N,,,,,
734,Post,US,00_RAW_FILES/MASTER/US_JAYPIRCA_MCL_TRIGGERS_METRICS/,US_JAYPIRCA_MCL_TRIGGERS_METRICS,",",parquet,report_date,Date_yymmdd,Daily,Active,NA,NA,N,,,,,
735,Post,US,00_RAW_FILES/MASTER/US_JAYPIRCA_MCL_TRIGGERS_METRICS/,US_JAYPIRCA_MCL_TRIGGERS_METRICS_DELTA,",",parquet,lilly_person_id,Good_Records,Daily,Active,NA,NA,N,prerequisite condition,Select * from src,Overwrite,,
736,Post,US,00_RAW_FILES/MASTER/US_VERZENIO_EBC_TRIGGERS_METRICS/,US_VERZENIO_EBC_TRIGGERS_METRICS,",",parquet,product_id,Null,Daily,Active,NA,NA,N,,,,,
737,Post,US,00_RAW_FILES/MASTER/US_VERZENIO_EBC_TRIGGERS_METRICS/,US_VERZENIO_EBC_TRIGGERS_METRICS,",",parquet,product_id,Custom_Count_Check,Daily,Active,NA,NA,NA,prerequisite condition,"select 1 - count(distinct product_id) from src

where product_id in ('US_304521')",,,
738,Post,US,00_RAW_FILES/MASTER/US_VERZENIO_EBC_TRIGGERS_METRICS/,US_VERZENIO_EBC_TRIGGERS_METRICS,",",parquet,indication_id,Null,Daily,Active,NA,NA,N,,,,,
739,Post,US,00_RAW_FILES/MASTER/US_VERZENIO_EBC_TRIGGERS_METRICS/,US_VERZENIO_EBC_TRIGGERS_METRICS,",",parquet,indication_id,Custom_Count_Check,Daily,Active,NA,NA,NA,prerequisite condition,"select 1 - count(distinct indication_id) from src

where indication_id in ('558393')",,,
740,Post,US,00_RAW_FILES/MASTER/US_VERZENIO_EBC_TRIGGERS_METRICS/,US_VERZENIO_EBC_TRIGGERS_METRICS,",",parquet,lilly_person_id,Null,Daily,Active,NA,NA,N,,,,,
741,Post,US,00_RAW_FILES/MASTER/US_VERZENIO_EBC_TRIGGERS_METRICS/,US_VERZENIO_EBC_TRIGGERS_METRICS,",",parquet,lilly_person_id,CheckLength,Daily,Active,NA,11,N,11,,,,
742,Post,US,00_RAW_FILES/MASTER/US_VERZENIO_EBC_TRIGGERS_METRICS/,US_VERZENIO_EBC_TRIGGERS_METRICS,",",parquet,eph_reference_id,Custom_Count_Check,Daily,Active,NA,NA,NA,prerequisite condition,"select count(*) from(select count(*),X.winnerhcpreferenceid as lilly_person_id,product_id,indication_id,trigger_date, trigger_name from src left join (select loserhcpreferenceid,winnerhcpreferenceid from hcpreferencexref) x
on src.eph_reference_id = X.loserhcpreferenceid

group by X.winnerhcpreferenceid,product_id,indication_id,trigger_date, trigger_name

having count(*)>1)a",,,
743,Post,US,00_RAW_FILES/MASTER/US_VERZENIO_EBC_TRIGGERS_METRICS/,US_VERZENIO_EBC_TRIGGERS_METRICS,",",parquet,lilly_person_id,Good_Records,Daily,Active,NA,NA,N,prerequisite condition,Select * from src,Overwrite,,
744,Post,US,00_RAW_FILES/MASTER/US_VERZENIO_EBC_TRIGGERS_METRICS/,US_VERZENIO_EBC_TRIGGERS_METRICS,",",parquet,trigger_date,Null,Daily,Active,NA,NA,N,,,,,
745,Post,US,00_RAW_FILES/MASTER/US_VERZENIO_EBC_TRIGGERS_METRICS/,US_VERZENIO_EBC_TRIGGERS_METRICS,",",parquet,trigger_name,Null,Daily,Active,NA,NA,N,,,,,
746,Post,US,00_RAW_FILES/MASTER/US_VERZENIO_EBC_TRIGGERS_METRICS/,US_VERZENIO_EBC_TRIGGERS_METRICS,",",parquet,brand,Custom_Count_Check,Daily,Active,NA,NA,N,prerequisite condition,"select 1 - count(distinct brand) from src

where upper(brand) in ('VERZENIO')",,,One or more brand required value is missing
747,Post,US,00_RAW_FILES/MASTER/US_VERZENIO_EBC_TRIGGERS_METRICS/,US_VERZENIO_EBC_TRIGGERS_METRICS,",",parquet,tumor,Null,Daily,Active,NA,NA,N,,,,,
748,Post,US,00_RAW_FILES/MASTER/US_VERZENIO_EBC_TRIGGERS_METRICS/,US_VERZENIO_EBC_TRIGGERS_METRICS,",",parquet,report_date,Date_yymmdd,Daily,Active,NA,NA,N,,,,,
749,Post,US,00_RAW_FILES/MASTER/US_VERZENIO_EBC_TRIGGERS_METRICS/,US_VERZENIO_EBC_TRIGGERS_METRICS_DELTA,",",parquet,lilly_person_id,Good_Records,Daily,Active,NA,NA,N,prerequisite condition,Select * from src,Overwrite,,
750,Post,US,00_RAW_FILES/MASTER/US_VERZENIO_HCP_ATTRIBUTES/,US_VERZENIO_HCP_ATTRIBUTES,",",parquet,Product_ID,Null,Daily,Active,NA,NA,N,,,,,
751,Post,US,00_RAW_FILES/MASTER/US_VERZENIO_HCP_ATTRIBUTES/,US_VERZENIO_HCP_ATTRIBUTES,",",parquet,Product_ID,Custom_Count_Check,Daily,Active,NA,NA,NA,prerequisite condition,"select 1 - count(distinct Product_ID) from src

where Product_ID in ('US_304521')",,,
752,Post,US,00_RAW_FILES/MASTER/US_VERZENIO_HCP_ATTRIBUTES/,US_VERZENIO_HCP_ATTRIBUTES,",",parquet,Indication_ID,Null,Daily,Active,NA,NA,N,,,,,
753,Post,US,00_RAW_FILES/MASTER/US_VERZENIO_HCP_ATTRIBUTES/,US_VERZENIO_HCP_ATTRIBUTES,",",parquet,Indication_ID,Custom_Count_Check,Daily,Active,NA,NA,NA,prerequisite condition,"select 1 - count(distinct indication_id) from src

where upper(indication_id) in ('558393')",,,
754,Post,US,00_RAW_FILES/MASTER/US_VERZENIO_HCP_ATTRIBUTES/,US_VERZENIO_HCP_ATTRIBUTES,",",parquet,lilly_person_id,Null,Daily,Active,NA,NA,N,,,,,
755,Post,US,00_RAW_FILES/MASTER/US_VERZENIO_HCP_ATTRIBUTES/,US_VERZENIO_HCP_ATTRIBUTES,",",parquet,lilly_person_id,CheckLength,Daily,Active,NA,11,N,11,,,,
756,Post,US,00_RAW_FILES/MASTER/US_VERZENIO_HCP_ATTRIBUTES/,US_VERZENIO_HCP_ATTRIBUTES,",",parquet,eph_reference_id,Custom_Count_Check,Daily,Active,NA,NA,NA,prerequisite condition,"select count(*) from(select count(*),X.winnerhcpreferenceid as lilly_person_id,product_id,indication_id from src left join (select loserhcpreferenceid,winnerhcpreferenceid from hcpreferencexref) x
on src.eph_reference_id = X.loserhcpreferenceid group by X.winnerhcpreferenceid,product_id,indication_id

having count(*)>1)a",,,Warning | Duplicates at the grain level
757,Post,US,00_RAW_FILES/MASTER/US_VERZENIO_HCP_ATTRIBUTES/,US_VERZENIO_HCP_ATTRIBUTES,",",parquet,lilly_person_id,Good_Records,Daily,Active,NA,NA,N,prerequisite condition,Select * from src,Overwrite,,
758,Post,US,00_RAW_FILES/MASTER/US_VERZENIO_HCP_ATTRIBUTES/,US_VERZENIO_HCP_ATTRIBUTES,",",parquet,lilly_person_id,Custom_Count_Check,Daily,Inactive,NA,NA,N,prerequisite condition,"select count(*)

from

(select count(distinct lilly_person_id) as curr_hcp,

'1' as rn from src) a

inner join

(select count(distinct lilly_person_id) as prev_hcps,

'1' as rnk

from VERZENIO_ATTRIBUTES_PREV) b

on a.rn = b.rnk

where ((a.curr_hcp - b.prev_hcps) / (a.curr_hcp) * 100 ) > 5

or

((a.curr_hcp - b.prev_hcps) / (a.curr_hcp) * 100 ) < -5",NA,NA,WARNING: Checking if hcp difference between current file and previous file is greater than 5 or less than -5
759,Post,US,00_RAW_FILES/MASTER/US_VERZENIO_HCP_ATTRIBUTES/,US_VERZENIO_HCP_ATTRIBUTES,",",parquet,tier,Custom_Count_Check,Daily,Active,NA,NA,N,prerequisite condition,select count(*) from src where tier rlike '[^0-9]',,,
760,Post,US,00_RAW_FILES/MASTER/US_VERZENIO_HCP_ATTRIBUTES/,US_VERZENIO_HCP_ATTRIBUTES,",",parquet,verzenio_brand_priority,Null,Daily,Active,NA,NA,N,,,,,
761,Post,US,00_RAW_FILES/MASTER/US_VERZENIO_HCP_ATTRIBUTES/,US_VERZENIO_HCP_ATTRIBUTES,",",parquet,verzenio_brand_tgt_status,Null,Daily,Active,NA,NA,N,,,,,
762,Post,US,00_RAW_FILES/MASTER/US_VERZENIO_HCP_ATTRIBUTES/,US_VERZENIO_HCP_ATTRIBUTES,",",parquet,cdk_decile,Null,Daily,Active,NA,NA,N,,,,,
763,Post,US,00_RAW_FILES/MASTER/US_VERZENIO_HCP_ATTRIBUTES/,US_VERZENIO_HCP_ATTRIBUTES,",",parquet,kisqali_user,Null,Daily,Active,NA,NA,N,,,,,
764,Post,US,00_RAW_FILES/MASTER/US_VERZENIO_HCP_ATTRIBUTES/,US_VERZENIO_HCP_ATTRIBUTES,",",parquet,mbc_decile,Null,Daily,Active,NA,NA,N,,,,,
765,Post,US,00_RAW_FILES/MASTER/US_VERZENIO_HCP_ATTRIBUTES/,US_VERZENIO_HCP_ATTRIBUTES,",",parquet,verzenio_ebc_brand_priority,Null,Daily,Active,NA,NA,N,,,,,
766,Post,US,00_RAW_FILES/MASTER/US_VERZENIO_HCP_ATTRIBUTES/,US_VERZENIO_HCP_ATTRIBUTES,",",parquet,verzenio_ebc_brand_tgt_status,Null,Daily,Active,NA,NA,N,,,,,
767,Post,US,00_RAW_FILES/MASTER/US_VERZENIO_HCP_ATTRIBUTES/,US_VERZENIO_HCP_ATTRIBUTES,",",parquet,verzenio_mbc_segment,Null,Daily,Active,NA,NA,N,,,,,
768,Post,US,00_RAW_FILES/MASTER/US_VERZENIO_HCP_ATTRIBUTES/,US_VERZENIO_HCP_ATTRIBUTES,",",parquet,verzenio_ebc_decile,Null,Daily,Active,NA,NA,N,,,,,
769,Post,US,00_RAW_FILES/MASTER/US_VERZENIO_HCP_ATTRIBUTES/,US_VERZENIO_HCP_ATTRIBUTES,",",parquet,verzenio_ebc_segment,Null,Daily,Active,NA,NA,N,,,,,
770,Post,US,00_RAW_FILES/MASTER/US_VERZENIO_HCP_ATTRIBUTES/,US_VERZENIO_HCP_ATTRIBUTES,",",parquet,verzenio_mlr,Custom_Count_Check,Daily,Active,NA,NA,N,prerequisite condition,"select 1 - count(distinct verzenio_mlr) from src

where upper(verzenio_mlr) in ('YES')",,,
771,Post,US,00_RAW_FILES/MASTER/US_VERZENIO_HCP_ATTRIBUTES/,US_VERZENIO_HCP_ATTRIBUTES,",",parquet,verzenio_soa,Custom_Count_Check,Daily,Active,NA,NA,N,prerequisite condition,"select 1 - count(distinct verzenio_soa) from src

where upper(verzenio_soa) in ('YES')",,,
772,Post,US,00_RAW_FILES/MASTER/US_VERZENIO_MBC_TRIGGERS_METRICS/,US_VERZENIO_MBC_TRIGGERS_METRICS,",",parquet,product_id,Null,Daily,Active,NA,NA,N,,,,,
773,Post,US,00_RAW_FILES/MASTER/US_VERZENIO_MBC_TRIGGERS_METRICS/,US_VERZENIO_MBC_TRIGGERS_METRICS,",",parquet,product_id,Custom_Count_Check,Daily,Active,NA,NA,NA,prerequisite condition,"select 1 - count(distinct product_id) from src

where product_id in ('US_304521')",,,
774,Post,US,00_RAW_FILES/MASTER/US_VERZENIO_MBC_TRIGGERS_METRICS/,US_VERZENIO_MBC_TRIGGERS_METRICS,",",parquet,indication_id,Null,Daily,Active,NA,NA,N,,,,,
775,Post,US,00_RAW_FILES/MASTER/US_VERZENIO_MBC_TRIGGERS_METRICS/,US_VERZENIO_MBC_TRIGGERS_METRICS,",",parquet,indication_id,Custom_Count_Check,Daily,Active,NA,NA,NA,prerequisite condition,"select 1 - count(distinct indication_id) from src

where indication_id in ('DS162')",,,
776,Post,US,00_RAW_FILES/MASTER/US_VERZENIO_MBC_TRIGGERS_METRICS/,US_VERZENIO_MBC_TRIGGERS_METRICS,",",parquet,lilly_person_id,Null,Daily,Active,NA,NA,N,,,,,
777,Post,US,00_RAW_FILES/MASTER/US_VERZENIO_MBC_TRIGGERS_METRICS/,US_VERZENIO_MBC_TRIGGERS_METRICS,",",parquet,lilly_person_id,CheckLength,Daily,Active,NA,11,N,11,,,,
778,Post,US,00_RAW_FILES/MASTER/US_VERZENIO_MBC_TRIGGERS_METRICS/,US_VERZENIO_MBC_TRIGGERS_METRICS,",",parquet,eph_reference_id,Custom_Count_Check,Daily,Active,NA,NA,NA,prerequisite condition,"select count(*) from(select count(*),X.winnerhcpreferenceid as lilly_person_id,product_id,indication_id,trigger_date, trigger_name from src left join (select loserhcpreferenceid,winnerhcpreferenceid from hcpreferencexref) x
on src.eph_reference_id = X.loserhcpreferenceid

group by X.winnerhcpreferenceid,product_id,indication_id,trigger_date, trigger_name

having count(*)>1)a",,,
779,Post,US,00_RAW_FILES/MASTER/US_VERZENIO_MBC_TRIGGERS_METRICS/,US_VERZENIO_MBC_TRIGGERS_METRICS,",",parquet,lilly_person_id,Good_Records,Daily,Active,NA,NA,N,prerequisite condition,Select * from src,Overwrite,,
780,Post,US,00_RAW_FILES/MASTER/US_VERZENIO_MBC_TRIGGERS_METRICS/,US_VERZENIO_MBC_TRIGGERS_METRICS,",",parquet,trigger_date,Null,Daily,Active,NA,NA,N,,,,,
781,Post,US,00_RAW_FILES/MASTER/US_VERZENIO_MBC_TRIGGERS_METRICS/,US_VERZENIO_MBC_TRIGGERS_METRICS,",",parquet,trigger_name,Null,Daily,Active,NA,NA,N,,,,,
782,Post,US,00_RAW_FILES/MASTER/US_VERZENIO_MBC_TRIGGERS_METRICS/,US_VERZENIO_MBC_TRIGGERS_METRICS,",",parquet,brand,Custom_Count_Check,Daily,Active,NA,NA,N,prerequisite condition,"select 1 - count(distinct brand) from src

where upper(brand) in ('VERZENIO')",,,One or more brand required value is missing
783,Post,US,00_RAW_FILES/MASTER/US_VERZENIO_MBC_TRIGGERS_METRICS/,US_VERZENIO_MBC_TRIGGERS_METRICS,",",parquet,tumor,Null,Daily,Active,NA,NA,N,,,,,
784,Post,US,00_RAW_FILES/MASTER/US_VERZENIO_MBC_TRIGGERS_METRICS/,US_VERZENIO_MBC_TRIGGERS_METRICS,",",parquet,report_date,Date_yymmdd,Daily,Active,NA,NA,N,,,,,
785,Post,US,00_RAW_FILES/MASTER/US_VERZENIO_MBC_TRIGGERS_METRICS/,US_VERZENIO_MBC_TRIGGERS_METRICS_DELTA,",",parquet,lilly_person_id,Good_Records,Daily,Active,NA,NA,N,prerequisite condition,Select * from src,Overwrite,,
786,Post,US,00_RAW_FILES/MASTER/US_VERZENIO_ML_RETRAINING/,US_VERZENIO_ML_RETRAINING,",",parquet,lilly_person_id,Null,Daily,Active,NA,NA,N,,,,,
787,Post,US,00_RAW_FILES/MASTER/US_VERZENIO_ML_RETRAINING/,US_VERZENIO_ML_RETRAINING,",",parquet,lilly_person_id,CheckLength,Daily,Active,NA,11,N,11,,,,
788,Post,US,00_RAW_FILES/MASTER/US_VERZENIO_ML_RETRAINING/,US_VERZENIO_ML_RETRAINING,",",parquet,lilly_person_id,Good_Records,Daily,Active,NA,NA,N,prerequisite condition,Select * from src,Overwrite,,
789,Post,US,00_RAW_FILES/MASTER/US_VERZENIO_ML_RETRAINING/,US_VERZENIO_ML_RETRAINING,",",parquet,report_date,Date_yymmdd,Daily,Active,NA,NA,N,,,,,
790,Post,US,00_RAW_FILES/MASTER/US_VERZENIO_ML_RETRAINING/,US_VERZENIO_ML_RETRAINING,",",parquet,verzenio_nbrx,Null,Daily,Active,NA,NA,N,,,,,
791,Post,US,00_RAW_FILES/MASTER/US_VERZENIO_ML_RETRAINING/,US_VERZENIO_ML_RETRAINING,",",parquet,ibrance_nbrx,Null,Daily,Active,NA,NA,N,,,,,
792,Post,US,00_RAW_FILES/MASTER/US_VERZENIO_ML_RETRAINING/,US_VERZENIO_ML_RETRAINING,",",parquet,kisqali_nbrx,Null,Daily,Active,NA,NA,N,,,,,
793,Post,US,00_RAW_FILES/MASTER/US_VERZENIO_ML_RETRAINING/,US_VERZENIO_ML_RETRAINING,",",parquet,ebc_lis,Null,Daily,Active,NA,NA,N,,,,,
794,Post,US,00_RAW_FILES/MASTER/US_VERZENIO_ML_RETRAINING/,US_VERZENIO_ML_RETRAINING,",",parquet,mbc_lis,Null,Daily,Active,NA,NA,N,,,,,
795,Post,US,00_RAW_FILES/MASTER/US_VERZENIO_ML_RETRAINING/,US_VERZENIO_ML_RETRAINING,",",parquet,high_risk_ebc_pats,Null,Daily,Active,NA,NA,N,,,,,
796,Post,US,00_RAW_FILES/MASTER/US_VERZENIO_ML_RETRAINING/,US_VERZENIO_ML_RETRAINING,",",parquet,date,Null,Daily,Active,NA,NA,N,,,,,
797,Post,US,00_RAW_FILES/PREDECTIVE_MODEL_INSIGHTS/PORTFOLIO_INSIGHTS/,US_PI_MODEL_INSIGHTS,",",parquet,resp_code,Custom_Count_Check,Daily,Active,NA,NA,NA,prerequisite condition,"select count(*) from(
select value1 from
(select distinct
cast(concat(t2.salesforce_code,'_',attribute_value1) as string) as value1
from (select source_name ,source_product_name ,target_name ,target_product_name ,attribute_name1 ,case when attribute_value1 like '%US_708122%' then 'US_708122' else attribute_value1 end as attribute_value1  ,business_unit ,active from m_prod_xref where BUSINESS_UNIT in ('BMBU_IMM','LDO','ALZ')
and source_name='TEAM_RESP_CD' and active ='Y') m
inner join
(
select salesforce_code,sleeve_name,bu_id,trim(brand_id) as brand_id from
(
select salesforce_code,sleeve_name,bu_id,
split(brand_ids,';') AS brnd_id from team_resp_code
)t1
LATERAL VIEW explode(brnd_id) id AS brand_id
)t2 on concat(t2.salesforce_code,'_',t2.brand_id) = m.source_product_name
)t3
except
select value2 from
(
select distinct case when product_id='US_708122' then cast(concat(resp_code,'_',product_id) as string) else
cast(concat(resp_code,'_',product_id,'_',indication_id) as string) end as value2
from src where upper(insight_type) in ('SUMMARY','ADDITIONAL')
)t4
)t5",,,"Type 1 : resp_code-product-indication mapping is incorrect for Summary/Additional insights for IMM ,LDO and ALZ"
798,Post,US,00_RAW_FILES/PREDECTIVE_MODEL_INSIGHTS/PORTFOLIO_INSIGHTS/,US_PI_MODEL_INSIGHTS,",",parquet,resp_code,Custom_Count_Check,Daily,Active,NA,NA,NA,prerequisite condition,"select count(*) from(
select value1 from
(select distinct 
cast(concat(t2.salesforce_code,'_',substr(attribute_value1,1,9)) as string) as value1
from (select * from m_prod_xref where BUSINESS_UNIT in ('OBU')
and source_name='TEAM_RESP_CD' and active ='Y') m 
inner join 
(
select salesforce_code,sleeve_name,bu_id,trim(brand_id) as brand_id from
(
select salesforce_code,sleeve_name,bu_id,
split(brand_ids,';') AS brnd_id from team_resp_code
)t1 
LATERAL VIEW explode(brnd_id) id AS brand_id
)t2 on concat(t2.salesforce_code,'_',t2.brand_id) = m.source_product_name 
)t3
except
select value2 from
(
select distinct
cast(concat(resp_code,'_',product_id) as string) as value2
from src where upper(insight_type) in ('SUMMARY','ADDITIONAL') and resp_code in ('US7P')
)t4
)t5",,,Type 1 : resp_code-product-indication mapping is incorrect for Summary/Additional insights for OBU
799,Post,US,00_RAW_FILES/LDG_PO_OUTPUT/,US_PORTFOLIO_OPTIMIZATION_OUTPUT,",",parquet,product_id,Custom_Count_Check,Daily,Active,NA,NA,NA,prerequisite condition,"SELECT COUNT(*)
FROM (
    SELECT *
    FROM src
    WHERE actual_count != 0
) b
LEFT JOIN US_PI_MODEL_INSIGHTS a
ON a.lilly_person_id = b.customer_id
AND case when a.indication_id in ('N/A','NA','N\A','') 
then a.product_id=b.product_id
else concat(a.product_id, '_', a.indication_id) = b.product_id end
AND a.resp_code = b.sales_force_code
WHERE a.lilly_person_id IS NULL
AND b.sales_force_code!='US1U'",,,PI Model has missing HCP-Product-SF mapping which is are present in PO for IMM and LDO
800,Post,US,00_RAW_FILES/LDG_PO_OUTPUT/,US_PORTFOLIO_OPTIMIZATION_OUTPUT,",",parquet,product_id,Custom_Count_Check,Daily,Active,NA,NA,NA,prerequisite condition,"SELECT COUNT(*)
FROM (
    SELECT *
    FROM  (select  h.winnerhcpreferenceid as  lilly_id_f,*
from src  d  
left join  hcpreferencexref h
on eph_reference_id =loserhcpreferenceid ) c  
    WHERE actual_count != 0
) b
LEFT JOIN  (select  h.winnerhcpreferenceid as  lilly_id_f,*
from US_PI_MODEL_INSIGHTS  d  
left join  hcpreferencexref h
on eph_reference_id =loserhcpreferenceid )  a
ON a.lilly_id_f = b.lilly_id_f
AND a.product_id = b.product_id
AND a.resp_code = b.sales_force_code
WHERE a.lilly_person_id IS NULL
AND b.sales_force_code in ('US7P')",,,PI Model has missing HCP-Product-SF mapping which is are present in PO for OBU
801,Post,US,00_RAW_FILES/LDG_PO_OUTPUT/,US_PORTFOLIO_OPTIMIZATION_OUTPUT,",",parquet,product_id,Custom_Count_Check,Daily,Active,NA,NA,NA,prerequisite condition,"select count(*) from
(
Select distinct p.product_id, p.sales_force_code, m_prod.attribute_value1, m_prod.source_product_name
  from src p 
  LEFT JOIN
  (SELECT  * FROM m_prod_xref as a WHERE UPPER(TRIM(a.active)) = ""Y"" and UPPER(TRIM(a.source_name)) = ""TEAM_RESP_CD"" and business_unit != 'OBU')  m_prod
	on UPPER(TRIM(p.product_id)) = UPPER(TRIM(m_prod.attribute_value1)) 
	and UPPER(TRIM(p.sales_force_code)) = UPPER(TRIM(substr(m_prod.source_product_name,0,4)))
	where p.product_id not in ('US_304521','US_708086','US_708122')
) x1
where attribute_value1 is null",,,Warning: For LDO IMM The output contains product_id - salesforce_code mapping that doesnt match with m_prod_xref. These records will be dropped later in the pipeline
802,Post,US,00_RAW_FILES/LDG_PO_OUTPUT/,US_PORTFOLIO_OPTIMIZATION_OUTPUT,",",parquet,product_id,Custom_Count_Check,Daily,Active,NA,NA,NA,prerequisite condition,"select count(*) from
(
Select distinct p.product_id, p.sales_force_code, m_prod.attribute_value1, m_prod.source_product_name
  from src p 
  LEFT JOIN
  (SELECT  * FROM m_prod_xref as a WHERE UPPER(TRIM(a.active)) = ""Y"" and UPPER(TRIM(a.source_name)) = ""TEAM_RESP_CD"" and business_unit = 'OBU')  m_prod
	on UPPER(TRIM(p.product_id)) = UPPER(TRIM(substr(m_prod.attribute_value1,0,9))) 
	and UPPER(TRIM(p.sales_force_code)) = UPPER(TRIM(substr(m_prod.source_product_name,0,4)))
	where p.product_id in ('US_304521','US_708086')
) x1
where attribute_value1 is null",,,Warning: For OBU The output contains product_id - salesforce_code mapping that doesnt match with m_prod_xref. These records will be dropped later in the pipeline
812,Post,US,00_RAW_FILES/MASTER/SALESFORCE_TARGETING_UNIVERSE/,US_Salesforce_Targeting_Universe,",",parquet,product_id,Custom_Count_Check,Daily,Active,NA,NA,NA,prerequisite condition,"select 10 - count(distinct indication_id) from src
where indication_id in ('DS150','DS152','DS057','723224','430015','708087','DS162','558393','708233','864716','864734')",,,One or more indication_id required value is missing
813,Post,US,00_RAW_FILES/MASTER/US_AD_HCP_ATTRIBUTES/,US_AD_HCP_ATTRIBUTES,",",parquet,lilly_person_id,Null,Daily,Active,NA,NA,N,,,,,
814,Post,US,00_RAW_FILES/MASTER/US_AD_HCP_ATTRIBUTES/,US_AD_HCP_ATTRIBUTES,",",parquet,lilly_person_id,CheckLength,Daily,Active,NA,11,N,11,,,,
815,Post,US,00_RAW_FILES/MASTER/US_AD_HCP_ATTRIBUTES/,US_AD_HCP_ATTRIBUTES,",",parquet,eph_reference_id,Custom_Count_Check,Daily,Active,NA,NA,NA,prerequisite condition,"SELECT count(*) FROM src
WHERE eph_reference_id IS NULL
OR eph_reference_id IN ('NA', 'N/A')",,,Warning | EPH id coming out to be NA
816,Post,US,00_RAW_FILES/MASTER/US_AD_HCP_ATTRIBUTES/,US_AD_HCP_ATTRIBUTES,",",parquet,eph_reference_id,Custom_Count_Check,Daily,Active,NA,NA,NA,prerequisite condition,"select count(*) from(select count(*),eph_reference_id,product_id,indication_id from src group by eph_reference_id,product_id,indication_id
having count(*)>1)a",,,Warning | Duplicates at the grain
817,Post,US,00_RAW_FILES/MASTER/US_AD_HCP_ATTRIBUTES/,US_AD_HCP_ATTRIBUTES,",",parquet,eph_reference_id,Custom_Count_Check,Daily,Inactive,NA,NA,N,prerequisite condition,"select count(*)
from
(select count(distinct eph_reference_id) as curr_hcp,
'1' as rn from src) a
inner join
(select count(distinct eph_reference_id) as prev_hcps,
'1' as rnk
from US_AD_HCP_ATTRIBUTES_PREV) b
on a.rn = b.rnk
where ((a.curr_hcp - b.prev_hcps) / (a.curr_hcp) * 100 ) > 5
or
((a.curr_hcp - b.prev_hcps) / (a.curr_hcp) * 100 ) < -5",NA,NA,WARNING: Checking if hcp difference between current file and previous file is greater than 5 or less than -5
818,Post,US,00_RAW_FILES/MASTER/US_AD_HCP_ATTRIBUTES/,US_AD_HCP_ATTRIBUTES,",",parquet,eph_reference_id,Custom_Count_Check,Daily,Inactive,NA,NA,NA,prerequisite condition,"select count(*) from
(select count(distinct eph_reference_id) cnt, 1 dummy
from src ad_current_file where upper(ad_port_segment)='CRITICAL') curr
inner join
(select count(distinct eph_reference_id) cnt, 1 dummy
from US_AD_HCP_ATTRIBUTES_PREV where upper(ad_port_segment)='CRITICAL') prev
on curr.dummy=prev.dummy
where (((curr.cnt-prev.cnt)/prev.cnt)*100)<-5 or (((curr.cnt-prev.cnt)/prev.cnt)*100)>5",NA,NA,WARNING: Relative Difference for count of CRITICAL ad_port_segment values (threshold 5 percent)
819,Post,US,00_RAW_FILES/MASTER/US_AD_HCP_ATTRIBUTES/,US_AD_HCP_ATTRIBUTES,",",parquet,eph_reference_id,Custom_Count_Check,Daily,Inactive,NA,NA,NA,prerequisite condition,"select count(*) from
(select count(distinct eph_reference_id) cnt, 1 dummy
from src ad_current_file where upper(ad_port_segment)='HIGH') curr
inner join
(select count(distinct eph_reference_id) cnt, 1 dummy
from US_AD_HCP_ATTRIBUTES_PREV where upper(ad_port_segment)='HIGH') prev
on curr.dummy=prev.dummy
where (((curr.cnt-prev.cnt)/prev.cnt)*100)<-5 or (((curr.cnt-prev.cnt)/prev.cnt)*100)>5",NA,NA,WARNING: Relative Difference for count of HIGH ad_port_segment values (threshold 5 percent)
820,Post,US,00_RAW_FILES/MASTER/US_AD_HCP_ATTRIBUTES/,US_AD_HCP_ATTRIBUTES,",",parquet,eph_reference_id,Custom_Count_Check,Daily,Inactive,NA,NA,NA,prerequisite condition,"select count(*) from
(select count(distinct eph_reference_id) cnt, 1 dummy
from src ad_current_file where upper(ad_port_segment)='MEDIUM') curr
inner join
(select count(distinct eph_reference_id) cnt, 1 dummy
from US_AD_HCP_ATTRIBUTES_PREV where upper(ad_port_segment)='MEDIUM') prev
on curr.dummy=prev.dummy
where (((curr.cnt-prev.cnt)/prev.cnt)*100)<-5 or (((curr.cnt-prev.cnt)/prev.cnt)*100)>5",NA,NA,WARNING: Relative Difference for count of MEDIUM ad_port_segment values (threshold 5 percent)
821,Post,US,00_RAW_FILES/MASTER/US_AD_HCP_ATTRIBUTES/,US_AD_HCP_ATTRIBUTES,",",parquet,eph_reference_id,Custom_Count_Check,Daily,Inactive,NA,NA,NA,prerequisite condition,"select count(*) from
(select count(distinct eph_reference_id) cnt, 1 dummy
from src ad_current_file where upper(ad_port_segment)='LOW') curr
inner join
(select count(distinct eph_reference_id) cnt, 1 dummy
from US_AD_HCP_ATTRIBUTES_PREV where upper(ad_port_segment)='LOW') prev
on curr.dummy=prev.dummy
where (((curr.cnt-prev.cnt)/prev.cnt)*100)<-5 or (((curr.cnt-prev.cnt)/prev.cnt)*100)>5",NA,NA,WARNING: Relative Difference for count of LOW ad_port_segment values (threshold 5 percent)
822,Post,US,00_RAW_FILES/MASTER/US_AD_HCP_ATTRIBUTES/,US_AD_HCP_ATTRIBUTES,",",parquet,eph_reference_id,Custom_Count_Check,Daily,Inactive,NA,NA,NA,prerequisite condition,"select count(*) from
(select count(distinct eph_reference_id) cnt, 1 dummy
from src ad_current_file where upper(ad_port_segment)='PROSPECTS') curr
inner join
(select count(distinct eph_reference_id) cnt, 1 dummy
from US_AD_HCP_ATTRIBUTES_PREV where upper(ad_port_segment)='PROSPECTS') prev
on curr.dummy=prev.dummy
where (((curr.cnt-prev.cnt)/prev.cnt)*100)<-5 or (((curr.cnt-prev.cnt)/prev.cnt)*100)>5",NA,NA,WARNING: Relative Difference for count of PROSPECTS ad_port_segment values (threshold 5 percent)
823,Post,US,00_RAW_FILES/MASTER/US_AD_HCP_ATTRIBUTES/,US_AD_HCP_ATTRIBUTES,",",parquet,product_id,Custom_Count_Check,Daily,Active,NA,NA,NA,prerequisite condition,"select 1 - count(distinct product_ID) from src
where product_ID in ('US_708120')",,,One or more Product_ID required value is missing
824,Post,US,00_RAW_FILES/MASTER/US_AD_HCP_ATTRIBUTES/,US_AD_HCP_ATTRIBUTES,",",parquet,product_id,Null,Daily,Active,NA,NA,N,,,,,
825,Post,US,00_RAW_FILES/MASTER/US_AD_HCP_ATTRIBUTES/,US_AD_HCP_ATTRIBUTES,",",parquet,indication_id,Null,Daily,Active,NA,NA,N,,,,,
826,Post,US,00_RAW_FILES/MASTER/US_AD_HCP_ATTRIBUTES/,US_AD_HCP_ATTRIBUTES,",",parquet,indication_id,Custom_Count_Check,Daily,Active,NA,NA,NA,prerequisite condition,"select 1 - count(distinct indication_ID) from src
where indication_ID in ('708233')",,,One or more Indication_ID required value is missing
827,Post,US,00_RAW_FILES/MASTER/US_AD_HCP_ATTRIBUTES/,US_AD_HCP_ATTRIBUTES,",",parquet,zip,Null,Daily,Active,NA,NA,N,,,,,
828,Post,US,00_RAW_FILES/MASTER/US_AD_HCP_ATTRIBUTES/,US_AD_HCP_ATTRIBUTES,",",parquet,spec_group,Custom_Count_Check,Daily,Active,NA,NA,NA,prerequisite condition,"select 5 - count(distinct spec_group) from src
where spec_group in ('OTHER','GERIATRICS','PCP/IM','PSYCH','NEURO')",,,One or more spec_group required value is missing
829,Post,US,00_RAW_FILES/MASTER/US_AD_HCP_ATTRIBUTES/,US_AD_HCP_ATTRIBUTES,",",parquet,ad_port_target,Custom_Count_Check,Daily,Active,NA,NA,NA,prerequisite condition,"select 2 - count(distinct ad_port_target ) from src
where ad_port_target in ('Y','N')",,,One or more ad_port_target required value is missing
830,Post,US,00_RAW_FILES/MASTER/US_AD_HCP_ATTRIBUTES/,US_AD_HCP_ATTRIBUTES,",",parquet,ad_port_target,Custom_Count_Check,Daily,Active,NA,NA,NA,prerequisite condition,select count(*) from src where upper(trim(ad_port_target ))='Y' and upper(trim(ad_port_segment)) = 'PROSPECTS' ,,,ad_port_target is Y for NON-TARGETS
831,Post,US,00_RAW_FILES/MASTER/US_AD_HCP_ATTRIBUTES/,US_AD_HCP_ATTRIBUTES,",",parquet,ad_port_segment,Custom_Count_Check,Daily,Active,NA,NA,NA,prerequisite condition,"select 5 - count(distinct ad_port_segment) from src
where upper(ad_port_segment) in ('CRITICAL','HIGH','MEDIUM','LOW','PROSPECTS')",,,One or more ad_port_segment required value is missing
832,Post,US,00_RAW_FILES/MASTER/US_AD_HCP_ATTRIBUTES/,US_AD_HCP_ATTRIBUTES,",",parquet,ad_port_segment,Custom_Count_Check,Daily,Active,NA,NA,NA,prerequisite condition,"select count(*) from src where upper(trim(ad_port_segment)) in ('CRITICAL','HIGH','MEDIUM','LOW') and upper(trim(ad_port_target))='N'",,,Incorrect target flag against C/H/L/M target segments
833,Post,US,00_RAW_FILES/MASTER/US_AD_HCP_ATTRIBUTES/,US_AD_HCP_ATTRIBUTES,",",parquet,acct_segment,Custom_Count_Check,Daily,Active,NA,NA,NA,prerequisite condition,"select 3 - count(distinct acct_segment) from src
where acct_segment in ('HIGH READINESS','OTHER','HIGH OPPORTUNITY')",,,One or more acct_segment required value is missing
834,Post,US,00_RAW_FILES/MASTER/US_AD_HCP_ATTRIBUTES/,US_AD_HCP_ATTRIBUTES,",",parquet,eph_reference_id,Good_Records,Daily,Active,NA,NA,N,prerequisite condition,Select * from src,Overwrite,,
835,Post,US,00_RAW_FILES/MASTER/US_AD_TRIGGER_METRICS/,US_AD_TRIGGER_METRICS,",",parquet,report_date,report_date,Date_yymmdd,Active,Inactive,NA,NA,N,,,,
836,Post,US,00_RAW_FILES/MASTER/US_AD_TRIGGER_METRICS/,US_AD_TRIGGER_METRICS,",",parquet,lilly_person_id,Null,Daily,Active,NA,NA,N,,,,,
837,Post,US,00_RAW_FILES/MASTER/US_AD_TRIGGER_METRICS/,US_AD_TRIGGER_METRICS,",",parquet,eph_reference_id,Custom_Count_Check,Daily,Active,NA,NA,NA,prerequisite condition,"SELECT count(*) FROM src
WHERE eph_reference_id IS NULL
OR eph_reference_id IN ('NA', 'N/A')",,,Warning | EPH id coming out to be NA
838,Post,US,00_RAW_FILES/MASTER/US_AD_TRIGGER_METRICS/,US_AD_TRIGGER_METRICS,",",parquet,eph_reference_id,Custom_Count_Check,Daily,Active,NA,NA,NA,prerequisite condition,"select count(*) from(select count(*),eph_reference_id,product_id,indication_id from src group by eph_reference_id,product_id,indication_id
having count(*)>1)a",,,Warning | Duplicates at the grain
839,Post,US,00_RAW_FILES/MASTER/US_AD_TRIGGER_METRICS/,US_AD_TRIGGER_METRICS,",",parquet,product_id,Custom_Count_Check,Daily,Active,NA,NA,NA,prerequisite condition,"select 1 - count(distinct product_ID) from src
where product_ID in ('US_708120')",,,One or more Product_ID required value is missing
840,Post,US,00_RAW_FILES/MASTER/US_AD_TRIGGER_METRICS/,US_AD_TRIGGER_METRICS,",",parquet,product_id,Null,Daily,Active,NA,NA,N,,,,,
841,Post,US,00_RAW_FILES/MASTER/US_AD_TRIGGER_METRICS/,US_AD_TRIGGER_METRICS,",",parquet,indication_id,Null,Daily,Active,NA,NA,N,,,,,
842,Post,US,00_RAW_FILES/MASTER/US_AD_TRIGGER_METRICS/,US_AD_TRIGGER_METRICS,",",parquet,indication_id,Custom_Count_Check,Daily,Active,NA,NA,NA,prerequisite condition,"select 1 - count(distinct indication_ID) from src
where indication_ID in ('708233')",,,One or more Indication_ID required value is missing
843,Post,US,00_RAW_FILES/MASTER/US_AD_TRIGGER_METRICS/,US_AD_TRIGGER_METRICS,",",parquet,ad_biomarker_12m,Custom_Count_Check,Daily,Active,NA,NA,NA,prerequisite condition,select count(*) from src where ad_biomarker_12m rlike '[^0-9]',,,Non-numeric or negative value in ad_biomarker_12m
844,Post,US,00_RAW_FILES/MASTER/US_AD_TRIGGER_METRICS/,US_AD_TRIGGER_METRICS,",",parquet,anti_amyl_ther_12m,Custom_Count_Check,Daily,Active,NA,NA,NA,prerequisite condition,select count(*) from src where anti_amyl_ther_12m rlike '[^0-9]',,,Non-numeric or negative value in anti_amyl_ther_12m
845,Post,US,00_RAW_FILES/MASTER/US_AD_TRIGGER_METRICS/,US_AD_TRIGGER_METRICS,",",parquet,dona_nbrx_12m,Custom_Count_Check,Daily,Active,NA,NA,NA,prerequisite condition,select count(*) from src where dona_nbrx_12m rlike '[^0-9]',,,Non-numeric or negative value in dona_nbrx_12m
846,Post,US,00_RAW_FILES/MASTER/US_AD_TRIGGER_METRICS/,US_AD_TRIGGER_METRICS,",",parquet,amyl_pet_3m,Custom_Count_Check,Daily,Active,NA,NA,NA,prerequisite condition,select count(*) from src where amyl_pet_3m rlike '[^0-9]',,,Non-numeric or negative value in amyl_pet_3m
847,Post,US,00_RAW_FILES/MASTER/US_AD_TRIGGER_METRICS/,US_AD_TRIGGER_METRICS,",",parquet,csf_px_3m,Custom_Count_Check,Daily,Active,NA,NA,NA,prerequisite condition,select count(*) from src where csf_px_3m rlike '[^0-9]',,,Non-numeric or negative value in csf_px_3m
848,Post,US,00_RAW_FILES/MASTER/US_AD_TRIGGER_METRICS/,US_AD_TRIGGER_METRICS,",",parquet,ad_biomarker_6m,Custom_Count_Check,Daily,Active,NA,NA,NA,prerequisite condition,select count(*) from src where ad_biomarker_6m rlike '[^0-9]',,,Non-numeric or negative value in ad_biomarker_6m
849,Post,US,00_RAW_FILES/MASTER/US_AD_TRIGGER_METRICS/,US_AD_TRIGGER_METRICS,",",parquet,leca_nbrx_3m,Custom_Count_Check,Daily,Active,NA,NA,NA,prerequisite condition,select count(*) from src where leca_nbrx_3m rlike '[^0-9]',,,Non-numeric or negative value in leca_nbrx_3m
850,Post,US,00_RAW_FILES/MASTER/US_AD_TRIGGER_METRICS/,US_AD_TRIGGER_METRICS,",",parquet,dona_nbrx_3m,Custom_Count_Check,Daily,Active,NA,NA,NA,prerequisite condition,select count(*) from src where dona_nbrx_3m rlike '[^0-9]',,,Non-numeric or negative value in dona_nbrx_3m
851,Post,US,00_RAW_FILES/MASTER/US_AD_TRIGGER_METRICS/,US_AD_TRIGGER_METRICS,",",parquet,blood_dx_3m,Custom_Count_Check,Daily,Active,NA,NA,NA,prerequisite condition,select count(*) from src where blood_dx_3m rlike '[^0-9]',,,Non-numeric or negative value in blood_dx_3m
852,Post,US,00_RAW_FILES/MASTER/US_AD_TRIGGER_METRICS/,US_AD_TRIGGER_METRICS,",",parquet,blood_high_3m,Custom_Count_Check,Daily,Active,NA,NA,NA,prerequisite condition,select count(*) from src where blood_high_3m rlike '[^0-9]',,,Non-numeric or negative value in blood_high_3m
853,Post,US,00_RAW_FILES/MASTER/US_AD_TRIGGER_METRICS/,US_AD_TRIGGER_METRICS,",",parquet,apoe_low_1m,Custom_Count_Check,Daily,Active,NA,NA,NA,prerequisite condition,select count(*) from src where apoe_low_1m rlike '[^0-9]',,,Non-numeric or negative value in apoe_low_1m
854,Post,US,00_RAW_FILES/MASTER/US_AD_TRIGGER_METRICS/,US_AD_TRIGGER_METRICS,",",parquet,days_from_amyloid_pet_first_prescribing_date,Custom_Count_Check,Daily,Active,NA,NA,NA,prerequisite condition,select count(*) from src where days_from_amyloid_pet_first_prescribing_date rlike '[^0-9]',,,Non-numeric or negative value in days_from_amyloid_pet_first_prescribing_date
855,Post,US,00_RAW_FILES/MASTER/US_AD_TRIGGER_METRICS/,US_AD_TRIGGER_METRICS,",",parquet,days_from_first_kisunla_nbrx_date,Custom_Count_Check,Daily,Active,NA,NA,NA,prerequisite condition,select count(*) from src where days_from_first_kisunla_nbrx_date rlike '[^0-9]',,,Non-numeric or negative value in days_from_first_kisunla_nbrx_date
856,Post,US,00_RAW_FILES/MASTER/US_AD_TRIGGER_METRICS/,US_AD_TRIGGER_METRICS,",",parquet,veeva_survey1,Custom_Count_Check,Daily,Active,NA,NA,NA,prerequisite condition,"select 2 - count(distinct veeva_survey1) from src
where veeva_survey1 in ('YES','NO')",,,One or more veeva_survey1 required value is missing
857,Post,US,00_RAW_FILES/MASTER/US_AD_TRIGGER_METRICS/,US_AD_TRIGGER_METRICS,",",parquet,veeva_survey2,Custom_Count_Check,Daily,Active,NA,NA,NA,prerequisite condition,"select 6 - count(distinct veeva_survey2) from src
where veeva_survey2 in ('SAFETY','PROTOCOL/PROCESS','EFFICACY','NA','ACCESS & AFFORDABILITY','OTHER')",,,One or more veeva_survey2 required value is missing
858,Post,US,00_RAW_FILES/MASTER/US_AD_TRIGGER_METRICS/,US_AD_TRIGGER_METRICS,",",parquet,eph_reference_id,Good_Records,Daily,Active,NA,NA,N,prerequisite condition,Select * from src,Overwrite,,
859,Post,US,00_RAW_FILES/HCP_REFERENCE_XREF/,US_HCP_REFERENCE_XREF,",",parquet,winnerhcpreferenceid,Null,Daily,Active,NA,NA,N,,,,,
860,Post,US,00_RAW_FILES/HCP_REFERENCE_XREF/,US_HCP_REFERENCE_XREF,",",parquet,loserhcpreferenceid,Null,Daily,Active,NA,NA,N,,,,,
861,Post,US,00_RAW_FILES/HCP_REFERENCE_XREF/,US_HCP_REFERENCE_XREF,",",parquet,winnerhcpreferenceid,Good_Records,Daily,Active,NA,NA,N,prerequisite condition,Select * from src,Overwrite,,
862,Post,US,00_RAW_FILES/MASTER/US_ZEPBOUND_OSA_TRIGGERS_METRICS/,US_ZEPBOUND_OSA_TRIGGERS_METRICS,",",parquet,product_id,Null,Daily,Active,NA,NA,N,,,,,
863,Post,US,00_RAW_FILES/MASTER/US_ZEPBOUND_OSA_TRIGGERS_METRICS/,US_ZEPBOUND_OSA_TRIGGERS_METRICS,",",parquet,product_id,Custom_Count_Check,Daily,Active,NA,NA,NA,prerequisite condition,"select 1 - count(distinct product_id) from src 
where product_id in ('US_708122')",,,One or more product_id required value is missing
864,Post,US,00_RAW_FILES/MASTER/US_ZEPBOUND_OSA_TRIGGERS_METRICS/,US_ZEPBOUND_OSA_TRIGGERS_METRICS,",",parquet,indication_id,Null,Daily,Active,NA,NA,N,,,,,
865,Post,US,00_RAW_FILES/MASTER/US_ZEPBOUND_OSA_TRIGGERS_METRICS/,US_ZEPBOUND_OSA_TRIGGERS_METRICS,",",parquet,indication_id,Custom_Count_Check,Daily,Active,NA,NA,NA,prerequisite condition,"select 1 - count(distinct indication_id) from src 
where indication_id in ('864716')",,,One or more indication_id required value is missing
866,Post,US,00_RAW_FILES/MASTER/US_ZEPBOUND_OSA_TRIGGERS_METRICS/,US_ZEPBOUND_OSA_TRIGGERS_METRICS,",",parquet,eph_reference_id,Null,Daily,Active,NA,NA,N,,,,,
867,Post,US,00_RAW_FILES/MASTER/US_ZEPBOUND_OSA_TRIGGERS_METRICS/,US_ZEPBOUND_OSA_TRIGGERS_METRICS,",",parquet,lilly_person_id,CheckLength,Daily,Inactive,NA,11,N,11,,,,
868,Post,US,00_RAW_FILES/MASTER/US_ZEPBOUND_OSA_TRIGGERS_METRICS/,US_ZEPBOUND_OSA_TRIGGERS_METRICS,",",parquet,eph_reference_id,Custom_Count_Check,Daily,Active,NA,NA,NA,prerequisite condition,"select count(*) from(select count(*), X.winnerhcpreferenceid as lilly_person_id,product_id,indication_id from src left join (select loserhcpreferenceid,winnerhcpreferenceid from hcpreferencexref) x
on src.eph_reference_id = X.loserhcpreferenceid group by X.winnerhcpreferenceid,product_id,indication_id
having count(*)>1)a",,,Warning | Duplicates at the grain
869,Post,US,00_RAW_FILES/MASTER/US_ZEPBOUND_OSA_TRIGGERS_METRICS/,US_ZEPBOUND_OSA_TRIGGERS_METRICS,",",parquet,eph_reference_id,Good_Records,Daily,Active,NA,NA,N,prerequisite condition,Select * from src,Overwrite,,
870,Post,US,00_RAW_FILES/MASTER/US_ZEPBOUND_OSA_TRIGGERS_METRICS/,US_ZEPBOUND_OSA_TRIGGERS_METRICS,",",parquet,sleep_patients_26w,Null,Daily,Active,NA,NA,N,,,,,
871,Post,US,00_RAW_FILES/HCP_REFERENCE_XREF/,US_HCP_REFERENCE_XREF,",",parquet,eph_reference_id,Custom_Count_Check,Daily,Active,NA,NA,NA,prerequisite condition,"select count(*) from
(select count(distinct winnerhcpreferenceid) cnt, 1 dummy
from src HCP_REFERENCE_XREF ) curr
inner join
(select count(distinct winnerhcpreferenceid) cnt, 1 dummy
from US_HCP_REFERENCE_XREF ) prev
on curr.dummy=prev.dummy
where (((curr.cnt-prev.cnt)/prev.cnt)*100)<-5 or (((curr.cnt-prev.cnt)/prev.cnt)*100)>5",NA,NA,WARNING: Relative Difference for count of HCP_REFERENCE_XREF values (threshold 5 percent)
872,Post,US,00_RAW_FILES/MASTER/US_MOUNJARO_TRIGGER_METRICS/,US_MOUNJARO_TRIGGER_METRICS,",",parquet,total_met_pats_added_to_incretin_26w,Null,Daily,Active,NA,NA,N,,,,,
873,Post,US,00_RAW_FILES/MASTER/US_MOUNJARO_TRIGGER_METRICS/,US_MOUNJARO_TRIGGER_METRICS,",",parquet,met_pats_more_than_1_yr_26w,Null,Daily,Active,NA,NA,N,,,,,
874,Post,US,00_RAW_FILES/MASTER/US_MOUNJARO_TRIGGER_METRICS/,US_MOUNJARO_TRIGGER_METRICS,",",parquet,ozm_low_dose_pts_13w,Null,Daily,Active,NA,NA,N,,,,,
875,Post,US,00_RAW_FILES/MASTER/US_MOUNJARO_TRIGGER_METRICS/,US_MOUNJARO_TRIGGER_METRICS,",",parquet,pt_met_dos_grt_1_yr_13w,Null,Daily,Active,NA,NA,N,,,,,
876,Post,US,00_RAW_FILES/MASTER/US_MOUNJARO_TRIGGER_METRICS/,US_MOUNJARO_TRIGGER_METRICS,",",parquet,met_max_pats_sw_ozm_13w,Null,Daily,Active,NA,NA,N,,,,,
877,Post,US,00_RAW_FILES/MASTER/US_MOUNJARO_TRIGGER_METRICS/,US_MOUNJARO_TRIGGER_METRICS,",",parquet,met_max_pats_sw_glp1_13w,Null,Daily,Active,NA,NA,N,,,,,
878,Post,US,00_RAW_FILES/MASTER/US_MOUNJARO_TRIGGER_METRICS/,US_MOUNJARO_TRIGGER_METRICS,",",parquet,mnj_nts_som_13w,Null,Daily,Active,NA,NA,N,,,,,
879,Post,US,00_RAW_FILES/MASTER/US_ZEPBOUND_TRIGGER_METRICS/,US_ZEPBOUND_TRIGGER_METRICS,",",parquet,zep_nbrx_4w,Null,Daily,Active,NA,NA,N,,,,,
880,Post,US,00_RAW_FILES/MASTER/US_ZEPBOUND_TRIGGER_METRICS/,US_ZEPBOUND_TRIGGER_METRICS,",",parquet,first_zep_nbrx_flag_4w,Null,Daily,Active,NA,NA,N,,,,,
881,Post,US,00_RAW_FILES/MASTER/US_VERZENIO_MBC_TRIGGERS_METRICS/,us_verzenio_mbc_triggers_metrics,",",parquet,trigger_name,Custom_Query,Daily,Active,NA,NA,NA,prerequisite condition,"select * from
(select 'VER_EBC_TRIGGER_METRICS' as File_Name,
triggers.trigger_name as Trigger_Name,
nvl(count(distinct lilly_person_id),0) as Distinct_HCPs,
nvl(sum(case when lilly_person_id is not null then 1 else 0 end),0) as Total_Records
from us_verzenio_ebc_triggers_metrics ver_ebc
right join
(select 'EBC_HIGH_RISK' as trigger_name
union
select 'neoadj_patient_vol' as trigger_name
union
select '2nd_fill_abandonment' as trigger_name
union
select 'concordant_pats' as trigger_name
union
select 'nonconcordant_pats' as trigger_name
union
select 'high_risk_vz_nbrx_1_3_node' as trigger_name
union
select 'high_risk_vz_nbrx_1_3_node' as trigger_name
union
select 'high_risk_vz_nbrx_4_plus_node' as trigger_name
union
select 'non_high_risk_vz_nbrx' as trigger_name
union
select 'high_risk_kq_nbrx_1_3_node' as trigger_name
union
select 'high_risk_kq_nbrx_4_plus_node' as trigger_name
union
select 'non_high_risk_kq_nbrx' as trigger_name
union
select 'high_risk_ib_nbrx_1_3_node' as trigger_name
union
select 'high_risk_ib_nbrx_4_plus_node' as trigger_name
union
select 'non_high_risk_ib_nbrx' as trigger_name
union
select 'vz_hcp_dose_reduction' as trigger_name) triggers
on ver_ebc.trigger_name=triggers.trigger_name
group by 'VER_EBC_TRIGGER_METRICS', triggers.trigger_name
 

UNION
select 'VER_MBC_TRIGGER_METRICS' as File_Name,
triggers.trigger_name as Trigger_Name,
nvl(count(distinct lilly_person_id),0) as Distinct_HCPs,
nvl(sum(case when lilly_person_id is not null then 1 else 0 end),0) as Total_Records
from us_verzenio_mbc_triggers_metrics ver_mbc
right join
(select 'MBC_AI_VERZ' as trigger_name
union
select 'MBC_FULV_VERZ' as trigger_name
union
select 'kisqali_nbrx' as trigger_name
union
select 'verzenio_nbrx' as trigger_name
union
select 'MBC_FULV_KISQ' as trigger_name
union
select 'MBC_NEW_DIAG_CCC' as trigger_name
union
select 'MBC_VERZ_MONO' as trigger_name
union
select 'ibrance_nbrx' as trigger_name
) triggers
on ver_mbc.trigger_name=triggers.trigger_name
group by 'VER_MBC_TRIGGER_METRICS', triggers.trigger_name
 

UNION
select 'JAY_CLL_TRIGGER_METRICS' as File_Name,
triggers.trigger_name as Trigger_Name,
nvl(count(distinct lilly_person_id),0) as Distinct_HCPs,
nvl(sum(case when lilly_person_id is not null then 1 else 0 end),0) as Total_Records
from us_jaypirca_cll_triggers_metrics jay_cll
right join
(select 'BTK_Post_BCL2' as trigger_name
union
select 'BCL2_Dosing' as trigger_name
union
select 'CLL_2L_SIXMO_LOT' as trigger_name
union
select 'CLL_BTK_NTS' as trigger_name
union
select 'CLL_cBTKi' as trigger_name
union
select 'CLL_pts_relapse' as trigger_name
union
select 'JAYPIRCA_NBRx' as trigger_name
union
select 'JAYPIRCA_SP_Initiation_1stFill' as trigger_name
union
select 'Lymph_Doubling' as trigger_name
union
select 'No_Dispensed_Claim_150days_RNTBA' as trigger_name
union
select 'concordant_pats_zip' as trigger_name
union
select 'pBTKi_cd20' as trigger_name
union
select 'pat_prog_more_visit' as trigger_name
union
select 'pts_cBTKi_BCL2' as trigger_name
union
select 'BTKi_Dosing' as trigger_name
union
select 'No_Dispensed_Claim_90days_RNTBA' as trigger_name
union
select 'cBTKi1_to_cBTKi2' as trigger_name
union
select 'concordant_pats' as trigger_name
union
select 'nonconcordant_pats' as trigger_name
union
select 'nonconcordant_pats_zip' as trigger_name
union
select 'pBCL2_BCL2combo' as trigger_name
union
select 'CLL_2nd_QLOT' as trigger_name
union
select 'BCL2_rechallenge' as trigger_name
union
select 'BTKi_rechallenge' as trigger_name
) triggers
on jay_cll.trigger_name=triggers.trigger_name
group by 'JAY_CLL_TRIGGER_METRICS', triggers.trigger_name
 

UNION
select 'JAY_MCL_TRIGGER_METRICS' as File_Name,
triggers.trigger_name as Trigger_Name,
nvl(count(distinct lilly_person_id),0) as Distinct_HCPs,
nvl(sum(case when lilly_person_id is not null then 1 else 0 end),0) as Total_Records
from us_jaypirca_cll_triggers_metrics jay_mcl
left join
(select 'JAYPIRCA_NBRx' as trigger_name
union
select 'MCL_BTK_NTS' as trigger_name
union
select 'MCL_SECOND_BTK_BRUKINSA' as trigger_name
union
select 'BTKi_Dosing' as trigger_name
union
select 'MCL_SECOND_BTK_CALQUENCE' as trigger_name
union
select 'MCL_SECOND_BTK_IMBRUVICA' as trigger_name
) triggers
on jay_mcl.trigger_name=triggers.trigger_name
group by 'JAY_MCL_TRIGGER_METRICS', triggers.trigger_name)a
order by File_Name, Total_Records",,,OBU Trigger Metrics File Summary
882,Post,US,00_RAW_FILES/MASTER/US_HCP_GA_ANALYTICS/,US_HCP_GA_ANALYTICS,",",parquet,event_name,Null,Daily,Inactive,NA,NA,N,,,,,
883,Post,US,00_RAW_FILES/MASTER/US_HCP_GA_ANALYTICS/,US_HCP_GA_ANALYTICS,",",parquet,event_date,Null,Daily,Active,NA,NA,N,,,,,
884,Post,US,00_RAW_FILES/MASTER/US_HCP_GA_ANALYTICS/,US_HCP_GA_ANALYTICS,",",parquet,source,Null,Daily,Active,NA,NA,N,,,,,
885,Post,US,00_RAW_FILES/MASTER/US_HCP_GA_ANALYTICS/,US_HCP_GA_ANALYTICS,",",parquet,hostname,Null,Daily,Active,NA,NA,N,,,,,
886,Post,US,00_RAW_FILES/MASTER/US_HCP_GA_ANALYTICS/,US_HCP_GA_ANALYTICS,",",parquet,EPH_Reference_ID,Null,Daily,Active,NA,NA,N,,,,,
887,Post,US,00_RAW_FILES/MASTER/US_HCP_GA_ANALYTICS/,US_HCP_GA_ANALYTICS,",",parquet,EPH_Enterprise_ID,Null,Daily,Active,NA,NA,N,,,,,
888,Post,US,00_RAW_FILES/MASTER/US_HCP_GA_ANALYTICS/,US_HCP_GA_ANALYTICS,",",parquet,lilly_person_id,Null,Daily,Active,NA,NA,N,,,,,
889,Post,US,00_RAW_FILES/MASTER/US_HCP_GA_ANALYTICS/,US_HCP_GA_ANALYTICS,",",parquet,ga_id,Null,Daily,Active,NA,NA,N,,,,,
890,Post,US,00_RAW_FILES/MASTER/US_HCP_GA_ANALYTICS/,US_HCP_GA_ANALYTICS,",",parquet,okta_id,Null,Daily,Active,NA,NA,N,,,,,
891,Post,US,00_RAW_FILES/MASTER/US_HCP_GA_ANALYTICS/,US_HCP_GA_ANALYTICS,",",parquet,country_code,Null,Daily,Active,NA,NA,N,,,,,
892,Post,US,00_RAW_FILES/MASTER/US_HCP_GA_ANALYTICS/,US_HCP_GA_ANALYTICS,",",parquet,indication_disease_state,Null,Daily,Active,NA,NA,N,,,,,
893,Post,US,00_RAW_FILES/MASTER/US_HCP_GA_ANALYTICS/,US_HCP_GA_ANALYTICS,",",parquet,product_id,Null,Daily,Active,NA,NA,N,,,,,
894,Post,US,00_RAW_FILES/MASTER/US_HCP_GA_ANALYTICS/,US_HCP_GA_ANALYTICS,",",parquet,indication_disease_state_id,Null,Daily,Active,NA,NA,N,,,,,
895,Post,US,00_RAW_FILES/MASTER/US_HCP_GA_ANALYTICS/,US_HCP_GA_ANALYTICS,",",parquet,product,Null,Daily,Active,NA,NA,N,,,,,
896,Post,US,00_RAW_FILES/MASTER/US_HCP_GA_ANALYTICS/,US_HCP_GA_ANALYTICS,",",parquet,approved_job_id,Null,Daily,Active,NA,NA,N,,,,,
897,Post,US,00_RAW_FILES/MASTER/US_HCP_GA_ANALYTICS/,US_HCP_GA_ANALYTICS,",",parquet,event_title,Null,Daily,Active,NA,NA,N,,,,,
898,Post,US,00_RAW_FILES/MASTER/US_HCP_GA_ANALYTICS/,US_HCP_GA_ANALYTICS,",",parquet,event_page,Null,Daily,Active,NA,NA,N,,,,,
899,Post,US,00_RAW_FILES/MASTER/US_HCP_GA_ANALYTICS/,US_HCP_GA_ANALYTICS,",",parquet,event_id,Null,Daily,Active,NA,NA,N,,,,,
900,Post,US,00_RAW_FILES/MASTER/US_HCP_GA_ANALYTICS/,US_HCP_GA_ANALYTICS,",",parquet,event_duration,Null,Daily,Inactive,NA,NA,N,,,,,
901,Post,US,00_RAW_FILES/MASTER/US_HCP_GA_ANALYTICS/,US_HCP_GA_ANALYTICS,",",parquet,traffic_campaign,Null,Daily,Active,NA,NA,N,,,,,
902,Post,US,00_RAW_FILES/MASTER/US_HCP_GA_ANALYTICS/,US_HCP_GA_ANALYTICS,",",parquet,traffic_source,Null,Daily,Active,NA,NA,N,,,,,
903,Post,US,00_RAW_FILES/MASTER/US_HCP_GA_ANALYTICS/,US_HCP_GA_ANALYTICS,",",parquet,traffic_medium,Null,Daily,Active,NA,NA,N,,,,,
904,Post,US,00_RAW_FILES/MASTER/US_HCP_GA_ANALYTICS/,US_HCP_GA_ANALYTICS,",",parquet,traffic_keyword,Null,Daily,Active,NA,NA,N,,,,,
905,Post,US,00_RAW_FILES/MASTER/US_HCP_GA_ANALYTICS/,US_HCP_GA_ANALYTICS,",",parquet,display_text,Custom_Count_Check,Daily,Active,NA,NA,NA,prerequisite condition,"select 9 - count(distinct display_text) from src
where display_text in ('HCP searched for Coverage & Savings information via Lilly MOUNJARO website.', 'HCP requested a Samples, DemoPen via Lilly MOUNJARO website.', 'HCP requested a SalesRep, DemoPen via Lilly MOUNJARO website.', 'HCP requested a Samples, SalesRep via Lilly MOUNJARO website.', 'HCP requested a Samples via Lilly MOUNJARO website.', 'HCP requested a SalesRep via Lilly MOUNJARO website.', 'HCP requested a Samples, SalesRep, DemoPen via Lilly MOUNJARO website.', 'HCP requested a DemoPen via Lilly MOUNJARO website.', 'HCP requested a P2P program via Lilly MOUNJARO website.')",,,One or more display_text required value is missing
906,Post,US,00_RAW_FILES/MASTER/US_HCP_GA_ANALYTICS/,US_HCP_GA_ANALYTICS,",",parquet,custom_tag,Null,Daily,Inactive,NA,NA,N,,,,,
907,Post,US,00_RAW_FILES/MASTER/US_HCP_GA_ANALYTICS/,US_HCP_GA_ANALYTICS,",",parquet,ds_load_dt,Null,Daily,Active,NA,NA,N,,,,,
908,Post,US,00_RAW_FILES/MASTER/US_HCP_GA_ANALYTICS/,US_HCP_GA_ANALYTICS,",",parquet,lilly_person_id,Good_Records,Daily,Active,NA,NA,N,prerequisite condition,Select * from src,Overwrite,,
909,Post,US,00_RAW_FILES/MASTER/OMVOH_TRIGGERS_METRICS/,OMVOH_TRIGGERS_METRICS,",",parquet,product_id,Null,Daily,Active,NA,NA,N,,,,,
910,Post,US,00_RAW_FILES/MASTER/OMVOH_TRIGGERS_METRICS/,OMVOH_TRIGGERS_METRICS,",",parquet,product_id,Custom_Count_Check,Daily,Active,NA,NA,NA,prerequisite condition,"select 1 - count(distinct product_id) from src 
where product_id in ('US_708121')",,,One or more product_id required value is missing
911,Post,US,00_RAW_FILES/MASTER/OMVOH_TRIGGERS_METRICS/,OMVOH_TRIGGERS_METRICS,",",parquet,indication_id,Null,Daily,Active,NA,NA,N,,,,,
912,Post,US,00_RAW_FILES/MASTER/OMVOH_TRIGGERS_METRICS/,OMVOH_TRIGGERS_METRICS,",",parquet,indication_id,Custom_Count_Check,Daily,Active,NA,NA,NA,prerequisite condition,"select 1 - count(distinct indication_id) from src 
where indication_id in ('864734')",,,One or more indication_id required value is missing
913,Post,US,00_RAW_FILES/MASTER/OMVOH_TRIGGERS_METRICS/,OMVOH_TRIGGERS_METRICS,",",parquet,EPH_Reference_ID,Custom_Count_Check,Daily,Active,NA,NA,NA,prerequisite condition,"select count(*) from(select count(*),X.winnerhcpreferenceid as lilly_person_id,product_id,indication_id from src left join (select loserhcpreferenceid,winnerhcpreferenceid from hcpreferencexref) x
on src.eph_reference_id = X.loserhcpreferenceid group by X.winnerhcpreferenceid,product_id,indication_id
having count(*)>1)a",,,Warning | Duplicates at the grain
914,Post,US,00_RAW_FILES/MASTER/OMVOH_TRIGGERS_METRICS/,OMVOH_TRIGGERS_METRICS,",",parquet,omvoh_iv_nbrx,Custom_Count_Check,Daily,Active,NA,NA,NA,prerequisite condition,select count(*) from src where omvoh_iv_nbrx rlike '[^0-9]',,,Non-numeric or negative value in omvoh_iv_nbrx
915,Post,US,00_RAW_FILES/MASTER/OMVOH_TRIGGERS_METRICS/,OMVOH_TRIGGERS_METRICS,",",parquet,uc_tnf_pat_90d,Custom_Count_Check,Daily,Active,NA,NA,NA,prerequisite condition,select count(*) from src where uc_tnf_pat_90d rlike '[^0-9]',,,Non-numeric or negative value in uc_tnf_pat_90d
916,Post,US,00_RAW_FILES/MASTER/OMVOH_TRIGGERS_METRICS/,OMVOH_TRIGGERS_METRICS,",",parquet,cd_tnf_pat_90d,Custom_Count_Check,Daily,Active,NA,NA,NA,prerequisite condition,select count(*) from src where cd_tnf_pat_90d rlike '[^0-9]',,,Non-numeric or negative value in cd_tnf_pat_90d
917,Post,US,00_RAW_FILES/MASTER/OMVOH_TRIGGERS_METRICS/,OMVOH_TRIGGERS_METRICS,",",parquet,omvoh_pa_rej_trx,Custom_Count_Check,Daily,Active,NA,NA,NA,prerequisite condition,select count(*) from src where omvoh_pa_rej_trx rlike '[^0-9]',,,Non-numeric or negative value in omvoh_pa_rej_trx
918,Post,US,00_RAW_FILES/MASTER/OMVOH_TRIGGERS_METRICS/,OMVOH_TRIGGERS_METRICS,",",parquet,omv_pat_iv_10w,Custom_Count_Check,Daily,Active,NA,NA,NA,prerequisite condition,select count(*) from src where omv_pat_iv_10w rlike '[^0-9]',,,Non-numeric or negative value in omv_pat_iv_10w
919,Post,US,00_RAW_FILES/MASTER/OLUMIANT_HCP_ATTRIBUTES/,OMVOH_TRIGGERS_METRICS,",",parquet,uc_comp_90d,Custom_Count_Check,Daily,Active,NA,NA,NA,prerequisite condition,"select 4 - count(distinct uc_comp_90d) from src 
where upper(uc_comp_90d) in ('Entyvio', 'Stelara', 'Skyrizi', 'Tremfya')",,,One or more uc_comp_90d required value is missing
920,Post,US,00_RAW_FILES/MASTER/OLUMIANT_HCP_ATTRIBUTES/,OMVOH_TRIGGERS_METRICS,",",parquet,cd_comp_90d,Custom_Count_Check,Daily,Active,NA,NA,NA,prerequisite condition,"select 3 - count(distinct cd_comp_90d) from src 
where upper(cd_comp_90d) in ('Stelara', 'Skyrizi', 'Tremfya')",,,One or more cd_comp_90d required value is missing
921,Post,US,00_RAW_FILES/MASTER/OLUMIANT_HCP_ATTRIBUTES/,OMVOH_TRIGGERS_METRICS,",",parquet,omv_comp_pres_inc,Custom_Count_Check,Daily,Active,NA,NA,NA,prerequisite condition,"select 5 - count(distinct omv_comp_pres_inc) from src 
where upper(omv_comp_pres_inc) in ('Skyrizi,' 'Tremfya', 'Stelara', 'Entyvio', 'Rinvoq')",,,One or more omv_comp_pres_inc required value is missing
922,Post,US,00_RAW_FILES/MASTER/OMVOH_TRIGGERS_METRICS/,OMVOH_TRIGGERS_METRICS,",",parquet,eph_reference_id,Good_Records,Daily,Active,NA,NA,N,prerequisite condition,Select * from src,Overwrite,,
923,Post,US,00_RAW_FILES/MASTER/OMVOH_HCP_ATTRIBUTES/,OMVOH_HCP_ATTRIBUTES,",",parquet,Product_ID,Null,Daily,Active,NA,NA,N,,,,,
924,Post,US,00_RAW_FILES/MASTER/OMVOH_HCP_ATTRIBUTES/,OMVOH_HCP_ATTRIBUTES,",",parquet,Product_ID,Custom_Count_Check,Daily,Active,NA,NA,NA,prerequisite condition,"select 1 - count(distinct Product_ID) from src 
where Product_ID in ('US_708121')",,,One or more Product_ID required value is missing
925,Post,US,00_RAW_FILES/MASTER/OMVOH_HCP_ATTRIBUTES/,OMVOH_HCP_ATTRIBUTES,",",parquet,Indication_ID,Null,Daily,Active,NA,NA,N,,,,,
926,Post,US,00_RAW_FILES/MASTER/OMVOH_HCP_ATTRIBUTES/,OMVOH_HCP_ATTRIBUTES,",",parquet,Indication_ID,Custom_Count_Check,Daily,Active,NA,NA,NA,prerequisite condition,"select 1- count(distinct Indication_ID) from src 
where Indication_ID in ('864734')",,,One or more Indication_ID required value is missing
927,Post,US,00_RAW_FILES/MASTER/OMVOH_HCP_ATTRIBUTES/,OMVOH_HCP_ATTRIBUTES,",",parquet,EPH_Reference_ID,Custom_Count_Check,Daily,Active,NA,NA,NA,prerequisite condition,"select count(*) from(select count(*),X.winnerhcpreferenceid as lilly_person_id,product_id,indication_id from src left join (select loserhcpreferenceid,winnerhcpreferenceid from hcpreferencexref) x
on src.eph_reference_id = X.loserhcpreferenceid group by X.winnerhcpreferenceid,product_id,indication_id
having count(*)>1)a",,,Warning | Duplicates at the grain
928,Post,US,00_RAW_FILES/MASTER/OMVOH_HCP_ATTRIBUTES/,OMVOH_HCP_ATTRIBUTES,",",parquet,ly_spclty_grp,Custom_Count_Check,Daily,Active,NA,NA,NA,prerequisite condition,"select 1 - count(distinct ly_spclty_grp) from src 
where upper(ly_spclty_grp) in ('GASTRO')",,,One or more ly_spclty_grp required value is missing
929,Post,US,00_RAW_FILES/MASTER/OMVOH_HCP_ATTRIBUTES/,OMVOH_HCP_ATTRIBUTES,",",parquet,is_gi_target,Custom_Count_Check,Daily,Active,NA,NA,NA,prerequisite condition,"select 2 - count(distinct is_gi_target) from src 
where is_gi_target in ('Y','N')",,,One or more is_target required value is missing
930,Post,US,00_RAW_FILES/MASTER/OMVOH_HCP_ATTRIBUTES/,OMVOH_HCP_ATTRIBUTES,",",parquet,omvoh_brand_target_segment,Custom_Count_Check,Daily,Active,NA,NA,NA,prerequisite condition,select count(*) from src where upper(trim(is_gi_target))='Y' and upper(trim(omvoh_brand_target_segment)) = 'PROSPECTS' ,,,is_target is Y for NON-TARGETS
931,Post,US,00_RAW_FILES/MASTER/OMVOH_HCP_ATTRIBUTES/,OMVOH_HCP_ATTRIBUTES,",",parquet,omvoh_brand_target_segment,Custom_Count_Check,Daily,Active,NA,NA,NA,prerequisite condition,"select 5 - count(distinct omvoh_brand_target_segment) from src 
where upper(omvoh_brand_target_segment) in ('CRITICAL','HIGH','MEDIUM','LOW','PROSPECTS')",,,One or more Target_Segment required value is missing
932,Post,US,00_RAW_FILES/MASTER/OMVOH_HCP_ATTRIBUTES/,OMVOH_HCP_ATTRIBUTES,",",parquet,omvoh_brand_target_segment,Custom_Count_Check,Daily,Active,NA,NA,NA,prerequisite condition,"select count(*) from src where upper(trim(omvoh_brand_target_segment)) in ('CRITICAL','HIGH','MEDIUM','LOW') and upper(trim(is_gi_target))='N'",,,Incorrect target flag against C/H/L/M target segments
933,Post,US,00_RAW_FILES/MASTER/OMVOH_HCP_ATTRIBUTES/,OMVOH_HCP_ATTRIBUTES,",",parquet,eph_reference_id,Good_Records,Daily,Active,NA,NA,N,prerequisite condition,Select * from src,Overwrite,,
934,Post,US,00_RAW_FILES/MASTER/OMVOH_TRIGGERS_PAYER_BR_METRICS/,OMVOH_TRIGGERS_PAYER_BR_METRICS,",",parquet,Product_ID,Null,Daily,Active,NA,NA,N,,,,,
935,Post,US,00_RAW_FILES/MASTER/OMVOH_TRIGGERS_PAYER_BR_METRICS/,OMVOH_TRIGGERS_PAYER_BR_METRICS,",",parquet,Product_ID,Custom_Count_Check,Daily,Active,NA,NA,NA,prerequisite condition,"select 1 - count(distinct Product_ID) from src 
where Product_ID in ('US_708121')",,,One or more Product_ID required value is missing
936,Post,US,00_RAW_FILES/MASTER/OMVOH_TRIGGERS_PAYER_BR_METRICS/,OMVOH_TRIGGERS_PAYER_BR_METRICS,",",parquet,Indication_ID,Null,Daily,Active,NA,NA,N,,,,,
937,Post,US,00_RAW_FILES/MASTER/OMVOH_TRIGGERS_PAYER_BR_METRICS/,OMVOH_TRIGGERS_PAYER_BR_METRICS,",",parquet,Indication_ID,Custom_Count_Check,Daily,Active,NA,NA,NA,prerequisite condition,"select 1- count(distinct Indication_ID) from src 
where Indication_ID in ('864734')",,,One or more Indication_ID required value is missing
938,Post,US,00_RAW_FILES/MASTER/OMVOH_TRIGGERS_PAYER_BR_METRICS/,OMVOH_TRIGGERS_PAYER_BR_METRICS,",",parquet,EPH_Reference_ID,Custom_Count_Check,Daily,Active,NA,NA,NA,prerequisite condition,"select count(*) from(select count(*),X.winnerhcpreferenceid as lilly_person_id,product_id,indication_id from src left join (select loserhcpreferenceid,winnerhcpreferenceid from hcpreferencexref) x
on src.eph_reference_id = X.loserhcpreferenceid group by X.winnerhcpreferenceid,product_id,indication_id
having count(*)>1)a",,,Warning | Duplicates at the grain
939,Post,US,00_RAW_FILES/MASTER/OMVOH_TRIGGERS_PAYER_BR_METRICS/,OMVOH_TRIGGERS_PAYER_BR_METRICS,",",parquet,generic_payer_flag_trigger,Custom_Count_Check,Daily,Active,NA,NA,NA,prerequisite condition,select count(*) from src where generic_payer_flag_trigger rlike '[^0-9]',,,Non-numeric or negative value in generic_payer_flag_trigger
940,Post,US,00_RAW_FILES/MASTER/OMVOH_TRIGGERS_PAYER_BR_METRICS/,OMVOH_TRIGGERS_PAYER_BR_METRICS,",",parquet,eph_reference_id,Good_Records,Daily,Active,NA,NA,N,prerequisite condition,Select * from src,Overwrite,,
941,Post,US,00_RAW_FILES/MASTER/HCP_TERR/,UV_HCP_TERR_Alignment_2,",",parquet,salesforce_code,Custom_Count_Check,Daily,Active,NA,NA,NA,prerequisite condition,"select 6 - count(distinct salesforce_code) from src 
where salesforce_code in ('US2J','US2S','US1Z','USF2','US2T','USTE')",,,One or more salesforce_code required value is missing for PR
942,Post,US,00_RAW_FILES/MASTER/HCP_TERR/,UV_HCP_TERR_Alignment_2,",",parquet,territory_id,Custom_Count_Check,Daily,Active,NA,NA,NA,prerequisite condition,"select count(*) from(
select distinct territory_id,salesforce_code from src where upper(country)='US' 
and  ( (UPPER(terr_current_flg) = 'TRUE' and upper(trim(department))='RETAIL' ) or (UPPER(terr_rep_current_flg) = 'FALSE' and rep_id is null) )
except 
select distinct territory_id,salesforce_code from eim_master_hierarchy where upper(country_code)='US' 
and upper(trim(department))='RETAIL'
)a where salesforce_code in ('US2J','US2S','US1Z','USF2','US2T','USTE')",,,territory_id is not present in eim_master_hierarchy for PR
943,Post,US,00_RAW_FILES/MASTER/HCP_TERR/,UV_HCP_TERR_Alignment_2,",",parquet,terr_rep_end_date,Custom_Count_Check,Daily,Active,NA,NA,NA,prerequisite condition,"select count(*) from src 
where upper(trim(department))='RETAIL' 
and upper(trim(country))='US' 
and UPPER(terr_rep_current_flg) = 'TRUE'
and ((terr_rep_start_date<date_add('previous_date',7) 
and terr_rep_end_date<date_add('previous_date',7)) 
or (terr_rep_start_date>date_add('previous_date',14) 
and terr_rep_end_date>date_add('previous_date',14)))
and salesforce_code in ('US2J','US2S','US1Z','USF2','US2T','USTE')",,,No active alignments found for next week for PR
944,Post,US,00_RAW_FILES/MASTER/HCP_TERR/,UV_HCP_TERR_Alignment_2,",",parquet,eph_reference_id,Custom_Count_Check,Daily,Active,NA,NA,NA,prerequisite condition,"SELECT COUNT(*) FROM (SELECT h.winnerhcpreferenceid as lilly_id, rep_id, salesforce_code,territory_id,
COUNT(*) from src left join  hcpreferencexref h
on eph_reference_id =loserhcpreferenceid where upper(trim(department))='RETAIL' and upper(trim(country))='US'
and UPPER(terr_current_flg) = 'TRUE' and salesforce_code in ('US2J','US2S','US1Z','USF2','US2T','USTE') group by h.winnerhcpreferenceid, rep_id, salesforce_code,territory_id having count(*) >1 )A",,,Duplicates at eph_reference_id for PR : product : rep_id : salesforce_code : territory_id
945,Post,US,00_RAW_FILES/MASTER/HCP_TERR/,UV_HCP_TERR_Alignment_2,",",parquet,territory_id,Custom_Count_Check,Daily,Active,NA,NA,NA,prerequisite condition,"select count(*) from(
select distinct territory_id,salesforce_code from eim_master_hierarchy where upper(country_code)='US' 
and upper(trim(department))='RETAIL' and salesforce_code in ('US2J','US2S','US1Z','USF2','US2T','USTE')
except
select distinct territory_id,salesforce_code from src where upper(country)='US' 
 and salesforce_code in ('US2J','US2S','US1Z','USF2','US2T','USTE') and ( (UPPER(terr_current_flg) = 'TRUE' and upper(trim(department))='RETAIL' ) or (UPPER(terr_rep_current_flg) = 'FALSE' and rep_id is null) )
)a ",,,Warning: Territories from EIM file are not present in PR. This has no impact on our system
946,Post,US,00_RAW_FILES/MASTER/HCP_TERR/,UV_HCP_TERR_Alignment_2,",",parquet,territory_id,Custom_Count_Check,Daily,Active,NA,NA,NA,prerequisite condition,"select count(*) from
(
select
case when terr_rep_start_date is null or terr_rep_end_date is null then
case when department is null and upper(trim(terr_rep_current_flg)) = 'FALSE' then 'Y' else 'N' end
when terr_rep_start_date is not null and terr_rep_end_date is not null then
case when  terr_rep_start_date < 'SUGGESTION_POSTED_DATE' or terr_rep_end_date > 'SUGGESTION_POSTED_DATE' then 'Y' else 'N' end end flag from
(
select distinct territory_id, terr_rep_start_date, terr_rep_end_date, department, terr_rep_current_flg from src
where rep_id is null and salesforce_code in ('US2J','US2S','US1Z','USF2','US2T','USTE')
) x1
) x2
where nvl(flag,'N') != 'Y'",,,Range of dates in vacant territories does not match with suggestion_posted_date for PR
947,Post,US,00_RAW_FILES/MASTER/SALESFORCE_TARGETING_UNIVERSE/,US_Salesforce_Targeting_Universe,",",parquet,sales_force_code,Custom_Count_Check,Daily,Active,NA,NA,NA,prerequisite condition,"select 6 - count(distinct sales_force_code) from src
where sales_force_code in ('US2J','US2S','US1Z','USF2','US2T','USTE')",,,One or more sales_force_code required value is missing for PR
948,Post,US,00_RAW_FILES/MASTER/EIM_MASTER_HIERARCHY/,UV_EIM_Master_Hierarchy_Terr_2,",",parquet,salesforce_code,Custom_Count_Check,Daily,Active,NA,NA,NA,prerequisite condition,"select 6 - count(distinct salesforce_code) from src
where salesforce_code in ('US2J','US2S','US1Z','USF2','US2T','USTE')",,,One or more salesforce_code required value is missing for PR
949,Post,US,00_RAW_FILES/MASTER/TEAM_RESP_CODE/,UV_Team_Responsibility_Code,",",parquet,salesforce_code,Custom_Count_Check,Daily,Active,NA,NA,NA,prerequisite condition,"select 6 - count(distinct salesforce_code) from src
where salesforce_code in ('US2J','US2S','US1Z','USF2','US2T','USTE')",,,One or more salesforce_code required value is missing for PR
950,Post,US,00_RAW_FILES/MASTER/HCP_TERR/,UV_HCP_TERR_Alignment_2,",",parquet,lilly_id,Custom_Count_Check,Daily,Active,NA,NA,NA,prerequisite condition,"select count(distinct territory_id) as cnt
from src where upper(trim(country))='US' and rep_id is null and UPPER(terr_rep_current_flg) = 'FALSE' and terr_rep_start_date is null and terr_rep_end_date is null and department is null and salesforce_code in ('US2J','US2S','US1Z','USF2','US2T','USTE')",,,Note: These are the #Vacant territories present in the PR data.
951,Post,US,00_RAW_FILES/MASTER/EIM_MASTER_HIERARCHY/,UV_EIM_Master_Hierarchy_Terr_2,",",parquet,department,Null,Daily,Active,NA,NA,N,,,,,
952,Post,US,00_RAW_FILES/MASTER/US_MOUNJARO_TRIGGER_METRICS/,US_MOUNJARO_TRIGGER_METRICS,",",parquet,ozm_1mg_pts_13w,Null,Daily,Active,NA,NA,N,,,,,
953,Post,US,00_RAW_FILES/MASTER/US_MOUNJARO_TRIGGER_METRICS/,US_MOUNJARO_TRIGGER_METRICS,",",parquet,ozm_2mg_pts_13w,Null,Daily,Active,NA,NA,N,,,,,
954,Post,US,00_RAW_FILES/MASTER/US_ZEPBOUND_TRIGGER_METRICS/,US_ZEPBOUND_TRIGGER_METRICS,",",parquet,zep_inj_aom_nts_change_perc_13w,Null,Daily,Active,NA,NA,N,,,,,
955,Post,US,00_RAW_FILES/MASTER/US_ZEPBOUND_TRIGGER_METRICS/,US_ZEPBOUND_TRIGGER_METRICS,",",parquet,zep_claims_4w,Null,Daily,Active,NA,NA,N,,,,,
956,Post,US,00_RAW_FILES/MASTER/US_ZEPBOUND_TRIGGER_METRICS/,US_ZEPBOUND_TRIGGER_METRICS,",",parquet,zep_rej_claims_4w,Null,Daily,Active,NA,NA,N,,,,,
957,Post,US,00_RAW_FILES/MASTER/US_ZEPBOUND_TRIGGER_METRICS/,US_ZEPBOUND_TRIGGER_METRICS,",",parquet,zep_rej_rate_4w,Null,Daily,Active,NA,NA,N,,,,,
958,Post,US,00_RAW_FILES/MASTER/US_ZEPBOUND_TRIGGER_METRICS/,US_ZEPBOUND_TRIGGER_METRICS,",",parquet,zep_rej_pa_claims_share_4w,Null,Daily,Active,NA,NA,N,,,,,
959,Post,US,00_RAW_FILES/MASTER/US_ZEPBOUND_TRIGGER_METRICS/,US_ZEPBOUND_TRIGGER_METRICS,",",parquet,zep_rej_pnc_claims_share_4w,Null,Daily,Active,NA,NA,N,,,,,
960,Post,US,00_RAW_FILES/MASTER/US_ZEPBOUND_TRIGGER_METRICS/,US_ZEPBOUND_TRIGGER_METRICS,",",parquet,zep_rej_other_claims_share_4w,Null,Daily,Active,NA,NA,N,,,,,
961,Post,US,00_RAW_FILES/MASTER/US_ZEPBOUND_TRIGGER_METRICS/,US_ZEPBOUND_TRIGGER_METRICS,",",parquet,zep_prev4w_nts,Null,Daily,Active,NA,NA,N,,,,,
962,Post,US,00_RAW_FILES/MASTER/US_ZEPBOUND_TRIGGER_METRICS/,US_ZEPBOUND_TRIGGER_METRICS,",",parquet,zep_4w_nts,Null,Daily,Active,NA,NA,N,,,,,
963,Post,US,00_RAW_FILES/MASTER/US_ZEPBOUND_TRIGGER_METRICS/,US_ZEPBOUND_TRIGGER_METRICS,",",parquet,zep_8w_nts,Null,Daily,Active,NA,NA,N,,,,,
964,Post,US,00_RAW_FILES/MASTER/US_ZEPBOUND_OSA_TRIGGERS_METRICS/,US_ZEPBOUND_OSA_TRIGGERS_METRICS,",",parquet,first_zep_nbrx_flag_4w,Null,Daily,Active,NA,NA,N,,,,,
965,Post,US,00_RAW_FILES/MASTER/US_ZEPBOUND_OSA_TRIGGERS_METRICS/,US_ZEPBOUND_OSA_TRIGGERS_METRICS,",",parquet,zep_nbrx_4w,Null,Daily,Active,NA,NA,N,,,,,
966,Post,US,00_RAW_FILES/MASTER/US_ZEPBOUND_TRIGGER_METRICS/,US_ZEPBOUND_TRIGGER_METRICS,",",parquet,weg_inj_aom_nts_13w,Null,Daily,Active,NA,NA,N,,,,,
967,Post,US,00_RAW_FILES/MASTER/US_ZEPBOUND_TRIGGER_METRICS/,US_ZEPBOUND_TRIGGER_METRICS,",",parquet,tzpo_inj_aom_nts_13w,Null,Daily,Active,NA,NA,N,,,,,
968,Post,US,00_RAW_FILES/MASTER/US_AD_TRIGGER_METRICS/,US_AD_TRIGGER_METRICS,",",parquet,AMYVID_PX_3M,Custom_Count_Check,Daily,Active,NA,NA,NA,prerequisite condition,select count(*) from src where AMYVID_PX_3M rlike '[^0-9]',,,Non-numeric or negative value in AMYVID_PX_3M