PARAMETER_TYPE|PARAMETER_VALUE|CONFIG_TYPE|CONFIG_VALUE|ATTRIBUTE_NAME1|ATTRIBUTE_VALUE1|ACTIVE|DESCRIPTION|ATTRIBUTE_NAME2|ATTRIBUTE_VALUE2|ATTRIBUTE_NAME3|ATTRIBUTE_VALUE3
BU MAPPING||US1J|US_BMBU_IMM|||N|BU MAPPIING WITH LOC ||US6L|||
BU MAPPING||US1J|US_BMBU_IMM|||N|BU MAPPIING WITH LOC ||US6M|||
BU MAPPING||US1J|US_BMBU_IMM|||N|BU MAPPIING WITH LOC ||US6N|||
BU MAPPING||US1R|US_ALZ|||Y|BU MAPPIING WITH LOC ||US1U||
BU MAPPING||US8A|US_LDO|||Y|BU MAPPIING WITH LOC ||US8D||
BU MAPPING||US8A|US_LDO|||Y|BU MAPPIING WITH LOC ||US8E||
BU MAPPING||US8A|US_LDO|||Y|BU MAPPIING WITH LOC ||US8F||
BU MAPPING||USR2|US_OBU|||Y|BU MAPPIING WITH LOC||US7P||
BU MAPPING||USV1|US_BMBU_IMM|||Y|BU MAPPIING WITH LOC ||USV4||
BU MAPPING||USV1|US_BMBU_IMM|||Y|BU MAPPIING WITH LOC ||USV5||
BU MAPPING||USV1|US_BMBU_IMM|||Y|BU MAPPIING WITH LOC ||USV6||
BU MAPPING||USV1|US_BMBU_IMM|||Y|BU MAPPIING WITH LOC ||USV7||
BU MAPPING||USV1|US_BMBU_IMM|||Y|BU MAPPIING WITH LOC ||USV8|||
CALL_CONTENT_MAPPING|US_304528|ACCESS_FORMULARY|101|CONTENT|Access or Formulary|Y|NBA CALL CONTENT TO BE CONFIGURED||||
CALL_CONTENT_MAPPING|US_304528|ACCESS_FORMULARY|70|CONTENT|Access or Formulary|Y|NBA CALL CONTENT TO BE CONFIGURED||||
CALL_CONTENT_MAPPING|US_304528|EFFICACY#COMBINATION_THERAPY|74|CONTENT|Efficacy_Combination Therapy - any + MTX data|Y|NBA CALL CONTENT TO BE CONFIGURED||||
CALL_CONTENT_MAPPING|US_304528|EFFICACY#CORE|105|CONTENT|Efficacy_Core - Complete Clearance||||||
CALL_CONTENT_MAPPING|US_304528|EFFICACY#CORE|1509|CONTENT|Efficacy_Core - SPIRIT P1|Y|NBA CALL CONTENT TO BE CONFIGURED||||
CALL_CONTENT_MAPPING|US_304528|EFFICACY#ENTHESITIS_DACYLITIS|1510|CONTENT|Efficacy_Enthesitis-Dactylitis|Y|NBA CALL CONTENT TO BE CONFIGURED||||
CALL_CONTENT_MAPPING|US_304528|EFFICACY#HEAD_TO_HEAD|1492|CONTENT|Efficacy_Head to Head - vs. Tremfya||||||
CALL_CONTENT_MAPPING|US_304528|EFFICACY#HEAD_TO_HEAD|1511|CONTENT|Efficacy_Head to Head|Y|NBA CALL CONTENT TO BE CONFIGURED||||
CALL_CONTENT_MAPPING|US_304528|EFFICACY#LONG_TERM|1493|CONTENT|Efficacy_Long Term - Durable or 5 year data|Y|NBA CALL CONTENT TO BE CONFIGURED||||
CALL_CONTENT_MAPPING|US_304528|EFFICACY#LONG_TERM|1512|CONTENT|Efficacy_Long Term - 3 year or consistency data|Y|NBA CALL CONTENT TO BE CONFIGURED||||
CALL_CONTENT_MAPPING|US_304528|EFFICACY#PSO_PEDS|1514|CONTENT|Efficacy_Pso - PsO data|Y|NBA CALL CONTENT TO BE CONFIGURED||||
CALL_CONTENT_MAPPING|US_304528|EFFICACY#RAPID_ONSET|1496|CONTENT|Efficacy_Rapid Onset |Y|NBA CALL CONTENT TO BE CONFIGURED||||
CALL_CONTENT_MAPPING|US_304528|EFFICACY#RAPID_ONSET|1515|CONTENT|Efficacy_Rapid Onset - 16 week data|Y|NBA CALL CONTENT TO BE CONFIGURED||||
CALL_CONTENT_MAPPING|US_304528|EFFICACY#SECONDARY|1497|CONTENT|Efficacy_Secondary - CBA or PsA|Y|NBA CALL CONTENT TO BE CONFIGURED||||
CALL_CONTENT_MAPPING|US_304528|EFFICACY#SECONDARY|1516|CONTENT|Efficacy_Secondary - SPIRIT P2|Y|NBA CALL CONTENT TO BE CONFIGURED||||
CALL_CONTENT_MAPPING|US_304528|EFFICACY#SPINAL_PAIN_AND_STIFFNESS|1517|CONTENT|Efficacy_Spinal Pain and Stiffness - COAST||||||
CALL_CONTENT_MAPPING|US_304528|EFFICACY#STRUCTURE|1498|CONTENT|Efficacy_Structure|Y|NBA CALL CONTENT TO BE CONFIGURED||||
CALL_CONTENT_MAPPING|US_304528|EFFICACY#STRUCTURE|1518|CONTENT|Efficacy_Structure - mTSS data|Y|NBA CALL CONTENT TO BE CONFIGURED||||
CALL_CONTENT_MAPPING|US_304528|MOA|106|CONTENT|Mechanism of Action|Y|NBA CALL CONTENT TO BE CONFIGURED||||
CALL_CONTENT_MAPPING|US_304528|MOA|77|CONTENT|Mechanism of Action|Y|NBA CALL CONTENT TO BE CONFIGURED||||
CALL_CONTENT_MAPPING|US_304528|PATIENT_AFFORDABILITY|1488|CONTENT|Patient Affordability - Copay Cards|Y|NBA CALL CONTENT TO BE CONFIGURED||||
CALL_CONTENT_MAPPING|US_304528|PATIENT_AFFORDABILITY|1506|CONTENT|Patient Affordability - Copay Cards|Y|NBA CALL CONTENT TO BE CONFIGURED||||
CALL_CONTENT_MAPPING|US_304528|PATIENT_CUSTOMER_SUPPORT|107|CONTENT|Patient or Customer support - Taltz Together|Y|NBA CALL CONTENT TO BE CONFIGURED||||
CALL_CONTENT_MAPPING|US_304528|PATIENT_CUSTOMER_SUPPORT|75|CONTENT|Patient or Customer support - Taltz Together|Y|NBA CALL CONTENT TO BE CONFIGURED||||
CALL_CONTENT_MAPPING|US_304528|SAFETY#AS|76|CONTENT|Safety_AS|Y|NBA CALL CONTENT TO BE CONFIGURED||||
CALL_CONTENT_MAPPING|US_304528|SAFETY#HEAD_TO_HEAD|1519|CONTENT|Safety_Head to Head - SPIRIT H2H Safety|Y|NBA CALL CONTENT TO BE CONFIGURED||||
CALL_CONTENT_MAPPING|US_304528|SAFETY#LONG_TERM|110|CONTENT|Safety_Long Term - 5 year safety data|Y|NBA CALL CONTENT TO BE CONFIGURED||||
CALL_CONTENT_MAPPING|US_304528|SAFETY#LONG_TERM|1520|CONTENT|Safety_Long Term - 5 year safety data|Y|NBA CALL CONTENT TO BE CONFIGURED||||
CALL_CONTENT_MAPPING|US_304528|SAFETY#NR_AXSPA|1521|CONTENT|Safety_NR AxSpA|Y|NBA CALL CONTENT TO BE CONFIGURED||||
CALL_CONTENT_MAPPING|US_304528|SAFETY#PSA|1522|CONTENT|Safety_PSA - SPIRIT P1 or P2 safety data|Y|NBA CALL CONTENT TO BE CONFIGURED||||
CALL_CONTENT_MAPPING|US_304528|SAFETY#PSO_ADULTS|1499|CONTENT|Safety_PSO Adults|Y|NBA CALL CONTENT TO BE CONFIGURED||||
CALL_CONTENT_MAPPING|US_304528|SAFETY#PSO_ADULTS|1523|CONTENT|Safety_PSO Adults - PsO safety data|Y|NBA CALL CONTENT TO BE CONFIGURED||||
CALL_CONTENT_MAPPING|US_304528|SAFETY#SIDE_EFFECTS|1501|CONTENT|Safety_Side Effects - IBD or ISR data|Y|NBA CALL CONTENT TO BE CONFIGURED||||
CALL_CONTENT_MAPPING|US_304528|SAFETY#SIDE_EFFECTS|1525|CONTENT|Safety_Side Effects - IBD or ISR data|Y|NBA CALL CONTENT TO BE CONFIGURED||||
CAMPAIGN-PROD MAPPING|LEBRIZIKUMAB|||USA-LEB-AD-RETL-BSE-EHR-02082023|US_708127_420004|Y|Lebri Campaign ID map to Product ID||||
CAMPAIGN-PROD MAPPING|LEBRIZIKUMAB|||USA-LEB-AD-RETL-BSE-LIL-01022023|US_708127_420004|Y|Lebri Campaign ID map to Product ID||||
CAMPAIGN-PROD MAPPING|LEBRIZIKUMAB|||USA-LEB-AD-RETL-BSE-SOA-01022023|US_708127_420004|Y|Lebri Campaign ID map to Product ID||||
CAP_MESSAGE_TYPE|CAP|MESSAGE_TYPE|ACCESS OR FORMULARY|CONTENT_TYPE_ID|ACCESS_FORMULARY|Y|NBA CAP MESSAGE TYPE||||
CAP_MESSAGE_TYPE|CAP|MESSAGE_TYPE|ACCESS/FORMULARY|CONTENT_TYPE_ID|ACCESS_FORMULARY|Y|NBA CAP MESSAGE TYPE||||
CAP_MESSAGE_TYPE|CAP|MESSAGE_TYPE|ADHERENCE|CONTENT_TYPE_ID|ADHERENCE|Y|NBA CAP MESSAGE TYPE||||
CAP_MESSAGE_TYPE|CAP|MESSAGE_TYPE|ALL|CONTENT_TYPE_ID|NA|Y|NBA CAP MESSAGE TYPE||||
CAP_MESSAGE_TYPE|CAP|MESSAGE_TYPE|CORPORATE COMMUNICATION|CONTENT_TYPE_ID|CORPORATE_COMMUNICATION|Y|NBA CAP MESSAGE TYPE||||
CAP_MESSAGE_TYPE|CAP|MESSAGE_TYPE|DEVICE|CONTENT_TYPE_ID|DEVICE|Y|NBA CAP MESSAGE TYPE||||
CAP_MESSAGE_TYPE|CAP|MESSAGE_TYPE|DIAGNOSTIC|CONTENT_TYPE_ID|DIAGNOSTIC|Y|NBA CAP MESSAGE TYPE||||
CAP_MESSAGE_TYPE|CAP|MESSAGE_TYPE|DISEASE STATE|CONTENT_TYPE_ID|DISEASE_STATE|Y|NBA CAP MESSAGE TYPE||||
CAP_MESSAGE_TYPE|CAP|MESSAGE_TYPE|DOSING|CONTENT_TYPE_ID|DOSING|Y|NBA CAP MESSAGE TYPE||||
CAP_MESSAGE_TYPE|CAP|MESSAGE_TYPE|EASE OF ADMINISTRATION|CONTENT_TYPE_ID|EASE_OF_ADMINISTRATION|Y|NBA CAP MESSAGE TYPE||||
CAP_MESSAGE_TYPE|CAP|MESSAGE_TYPE|EFFICACY|CONTENT_TYPE_ID|EFFICACY|Y|NBA CAP MESSAGE TYPE||||
CAP_MESSAGE_TYPE|CAP|MESSAGE_TYPE|GENERAL|CONTENT_TYPE_ID|NA|Y|NBA CAP MESSAGE TYPE||||
CAP_MESSAGE_TYPE|CAP|MESSAGE_TYPE|GUIDELINES|CONTENT_TYPE_ID|GUIDELINES|Y|NBA CAP MESSAGE TYPE||||
CAP_MESSAGE_TYPE|CAP|MESSAGE_TYPE|INITIATION|CONTENT_TYPE_ID|INITIATION|Y|NBA CAP MESSAGE TYPE||||
CAP_MESSAGE_TYPE|CAP|MESSAGE_TYPE|MECHANISM OF ACTION|CONTENT_TYPE_ID|MOA|Y|NBA CAP MESSAGE TYPE||||
CAP_MESSAGE_TYPE|CAP|MESSAGE_TYPE|MOA|CONTENT_TYPE_ID|MOA|Y|NBA CAP MESSAGE TYPE||||
CAP_MESSAGE_TYPE|CAP|MESSAGE_TYPE|N/A|CONTENT_TYPE_ID|NA|Y|NBA CAP MESSAGE TYPE||||
CAP_MESSAGE_TYPE|CAP|MESSAGE_TYPE|NA|CONTENT_TYPE_ID|NA|Y|NBA CAP MESSAGE TYPE||||
CAP_MESSAGE_TYPE|CAP|MESSAGE_TYPE|OPERATIONAL LOGISTICS|CONTENT_TYPE_ID|OPERATIONAL_LOGISTICS|Y|NBA CAP MESSAGE TYPE||||
CAP_MESSAGE_TYPE|CAP|MESSAGE_TYPE|PATIENT AFFORDABILITY|CONTENT_TYPE_ID|PATIENT_AFFORDABILITY|Y|NBA CAP MESSAGE TYPE||||
CAP_MESSAGE_TYPE|CAP|MESSAGE_TYPE|PATIENT OR CUSTOMER SUPPORT|CONTENT_TYPE_ID|PATIENT_CUSTOMER_SUPPORT|Y|NBA CAP MESSAGE TYPE||||
CAP_MESSAGE_TYPE|CAP|MESSAGE_TYPE|PATIENT TYPE OR IDENTIFICATION|CONTENT_TYPE_ID|PATIENT_TYPE_IDENTIFICATION|Y|NBA CAP MESSAGE TYPE||||
CAP_MESSAGE_TYPE|CAP|MESSAGE_TYPE|PATIENT TYPE/IDENTIFICATION|CONTENT_TYPE_ID|PATIENT_TYPE_IDENTIFICATION|Y|NBA CAP MESSAGE TYPE||||
CAP_MESSAGE_TYPE|CAP|MESSAGE_TYPE|PATIENT/CUSTOMER SUPPORT|CONTENT_TYPE_ID|PATIENT_CUSTOMER_SUPPORT|Y|NBA CAP MESSAGE TYPE||||
CAP_MESSAGE_TYPE|CAP|MESSAGE_TYPE|PRODUCT ATTRIBUTES|CONTENT_TYPE_ID|PRODUCT_ATTRIBUTES|Y|NBA CAP MESSAGE TYPE||||
CAP_MESSAGE_TYPE|CAP|MESSAGE_TYPE|REAL WORLD EVIDENCE|CONTENT_TYPE_ID|REAL_WORLD_EVIDENCE|Y|NBA CAP MESSAGE TYPE||||
CAP_MESSAGE_TYPE|CAP|MESSAGE_TYPE|RESOURCES|CONTENT_TYPE_ID|RESOURCES|Y|NBA CAP MESSAGE TYPE||||
CAP_MESSAGE_TYPE|CAP|MESSAGE_TYPE|SAFETY|CONTENT_TYPE_ID|SAFETY|Y|NBA CAP MESSAGE TYPE||||
CAP_MESSAGE_TYPE|CAP|MESSAGE_TYPE|STUDY DESIGN|CONTENT_TYPE_ID|STUDY_DESIGN|Y|NBA CAP MESSAGE TYPE||||
CAP_MESSAGE_TYPE|CAP|MESSAGE_TYPE|TREATMENT LANDSCAPES|CONTENT_TYPE_ID|TREATMENT_LANDSCAPE|Y|NBA CAP MESSAGE TYPE||||
CAP_MESSAGE_TYPE|CAP|MESSAGE_TYPE|TREATMENT LANDSCAPE|CONTENT_TYPE_ID|TREATMENT_LANDSCAPE|Y|NBA CAP MESSAGE TYPE||||
CAP_MESSAGE_TYPE|CAP|MESSAGE_TYPE|UNMET NEED|CONTENT_TYPE_ID|UNMET_NEED|Y|NBA CAP MESSAGE TYPE||||
CAP_ML_CONTENT_CATEGORIES_TALTZ|CAP|MESSAGE_TYPE|ACCESS OR FORMULARY|CONTENT_TYPE_ID|ACCESS_FORMULARY|Y|NBA CAP MESSAGE TYPE||||
CAP_ML_CONTENT_CATEGORIES_TALTZ|CAP|MESSAGE_TYPE|ACCESS/FORMULARY|CONTENT_TYPE_ID|ACCESS_FORMULARY|Y|NBA CAP MESSAGE TYPE||||
CAP_ML_CONTENT_CATEGORIES_TALTZ|CAP|MESSAGE_TYPE|ADHERENCE|CONTENT_TYPE_ID|ADHERENCE|Y|NBA CAP MESSAGE TYPE||||
CAP_ML_CONTENT_CATEGORIES_TALTZ|CAP|MESSAGE_TYPE|ALL|CONTENT_TYPE_ID|GENERAL|Y|NBA CAP MESSAGE TYPE||||
CAP_ML_CONTENT_CATEGORIES_TALTZ|CAP|MESSAGE_TYPE|DEVICE|CONTENT_TYPE_ID|DEVICE|Y|NBA CAP MESSAGE TYPE||||
CAP_ML_CONTENT_CATEGORIES_TALTZ|CAP|MESSAGE_TYPE|DIAGNOSTIC|CONTENT_TYPE_ID|DIAGNOSTIC|Y|NBA CAP MESSAGE TYPE||||
CAP_ML_CONTENT_CATEGORIES_TALTZ|CAP|MESSAGE_TYPE|DISEASE STATE|CONTENT_TYPE_ID|DISEASE_STATE|Y|NBA CAP MESSAGE TYPE||||
CAP_ML_CONTENT_CATEGORIES_TALTZ|CAP|MESSAGE_TYPE|DOSING|CONTENT_TYPE_ID|DOSING|Y|NBA CAP MESSAGE TYPE||||
CAP_ML_CONTENT_CATEGORIES_TALTZ|CAP|MESSAGE_TYPE|EASE OF ADMINISTRATION|CONTENT_TYPE_ID|EASE_OF_ADMINISTRATION|Y|NBA CAP MESSAGE TYPE||||
CAP_ML_CONTENT_CATEGORIES_TALTZ|CAP|MESSAGE_TYPE|EFFICACY#COMBINATION THERAPY|CONTENT_TYPE_ID|EFFICACY#COMBINATION_THERAPY|Y|NBA CAP MESSAGE TYPE||||
CAP_ML_CONTENT_CATEGORIES_TALTZ|CAP|MESSAGE_TYPE|EFFICACY#COMBINATION_THERAPY|CONTENT_TYPE_ID|EFFICACY#COMBINATION_THERAPY|Y|NBA CAP MESSAGE TYPE||||
CAP_ML_CONTENT_CATEGORIES_TALTZ|CAP|MESSAGE_TYPE|EFFICACY#CORE|CONTENT_TYPE_ID|EFFICACY#CORE|Y|NBA CAP MESSAGE TYPE||||
CAP_ML_CONTENT_CATEGORIES_TALTZ|CAP|MESSAGE_TYPE|EFFICACY#ENTHESITIS-DACYLITIS|CONTENT_TYPE_ID|EFFICACY#ENTHESITIS_DACYLITIS|Y|NBA CAP MESSAGE TYPE||||
CAP_ML_CONTENT_CATEGORIES_TALTZ|CAP|MESSAGE_TYPE|EFFICACY#HEAD TO HEAD|CONTENT_TYPE_ID|EFFICACY#HEAD_TO_HEAD|Y|NBA CAP MESSAGE TYPE||||
CAP_ML_CONTENT_CATEGORIES_TALTZ|CAP|MESSAGE_TYPE|EFFICACY#HEAD_TO_HEAD|CONTENT_TYPE_ID|EFFICACY#HEAD_TO_HEAD|Y|NBA CAP MESSAGE TYPE||||
CAP_ML_CONTENT_CATEGORIES_TALTZ|CAP|MESSAGE_TYPE|EFFICACY#LONG TERM|CONTENT_TYPE_ID|EFFICACY#LONG_TERM|Y|NBA CAP MESSAGE TYPE||||
CAP_ML_CONTENT_CATEGORIES_TALTZ|CAP|MESSAGE_TYPE|EFFICACY#LONG_TERM|CONTENT_TYPE_ID|EFFICACY#LONG_TERM|Y|NBA CAP MESSAGE TYPE||||
CAP_ML_CONTENT_CATEGORIES_TALTZ|CAP|MESSAGE_TYPE|EFFICACY#NA|CONTENT_TYPE_ID|EFFICACY#NA|Y|NBA CAP MESSAGE TYPE||||
CAP_ML_CONTENT_CATEGORIES_TALTZ|CAP|MESSAGE_TYPE|EFFICACY#NOW APPROVED|CONTENT_TYPE_ID|EFFICACY#NOW APPROVED|Y|NBA CAP MESSAGE TYPE||||
CAP_ML_CONTENT_CATEGORIES_TALTZ|CAP|MESSAGE_TYPE|EFFICACY#NOW_APPROVED|CONTENT_TYPE_ID|EFFICACY#NOW_APPROVED|Y|NBA CAP MESSAGE TYPE||||
CAP_ML_CONTENT_CATEGORIES_TALTZ|CAP|MESSAGE_TYPE|EFFICACY#PSO - PEDS|CONTENT_TYPE_ID|EFFICACY#PSO_PEDS|Y|NBA CAP MESSAGE TYPE||||
CAP_ML_CONTENT_CATEGORIES_TALTZ|CAP|MESSAGE_TYPE|EFFICACY#RAPID ONSET|CONTENT_TYPE_ID|EFFICACY#RAPID_ONSET|Y|NBA CAP MESSAGE TYPE||||
CAP_ML_CONTENT_CATEGORIES_TALTZ|CAP|MESSAGE_TYPE|EFFICACY#SECONDARY|CONTENT_TYPE_ID|EFFICACY#SECONDARY|Y|NBA CAP MESSAGE TYPE||||
CAP_ML_CONTENT_CATEGORIES_TALTZ|CAP|MESSAGE_TYPE|EFFICACY#SPINAL PAIN AND STIFFNESS|CONTENT_TYPE_ID|EFFICACY#SPINAL_PAIN_AND_STIFFNESS|Y|NBA CAP MESSAGE TYPE||||
CAP_ML_CONTENT_CATEGORIES_TALTZ|CAP|MESSAGE_TYPE|EFFICACY#SPINAL_PAIN_AND_STIFFNESS|CONTENT_TYPE_ID|EFFICACY#SPINAL_PAIN_AND_STIFFNESS|Y|NBA CAP MESSAGE TYPE||||
CAP_ML_CONTENT_CATEGORIES_TALTZ|CAP|MESSAGE_TYPE|EFFICACY#STRUCTURE|CONTENT_TYPE_ID|EFFICACY#STRUCTURE|Y|NBA CAP MESSAGE TYPE||||
CAP_ML_CONTENT_CATEGORIES_TALTZ|CAP|MESSAGE_TYPE|EFFICACY|CONTENT_TYPE_ID|EFFICACY|Y|NBA CAP MESSAGE TYPE||||
CAP_ML_CONTENT_CATEGORIES_TALTZ|CAP|MESSAGE_TYPE|GENERAL|CONTENT_TYPE_ID|GENERAL|Y|NBA CAP MESSAGE TYPE||||
CAP_ML_CONTENT_CATEGORIES_TALTZ|CAP|MESSAGE_TYPE|GUIDELINES|CONTENT_TYPE_ID|GUIDELINES|Y|NBA CAP MESSAGE TYPE||||
CAP_ML_CONTENT_CATEGORIES_TALTZ|CAP|MESSAGE_TYPE|INITIATION|CONTENT_TYPE_ID|INITIATION|Y|NBA CAP MESSAGE TYPE||||
CAP_ML_CONTENT_CATEGORIES_TALTZ|CAP|MESSAGE_TYPE|MECHANISM OF ACTION|CONTENT_TYPE_ID|MOA|Y|NBA CAP MESSAGE TYPE||||
CAP_ML_CONTENT_CATEGORIES_TALTZ|CAP|MESSAGE_TYPE|MOA|CONTENT_TYPE_ID|MOA|Y|NBA CAP MESSAGE TYPE||||
CAP_ML_CONTENT_CATEGORIES_TALTZ|CAP|MESSAGE_TYPE|NA|CONTENT_TYPE_ID|GENERAL|Y|NBA CAP MESSAGE TYPE||||
CAP_ML_CONTENT_CATEGORIES_TALTZ|CAP|MESSAGE_TYPE|OPERATIONAL LOGISTICS|CONTENT_TYPE_ID|OPERATIONAL_LOGISTICS|Y|NBA CAP MESSAGE TYPE||||
CAP_ML_CONTENT_CATEGORIES_TALTZ|CAP|MESSAGE_TYPE|PATIENT AFFORDABILITY|CONTENT_TYPE_ID|PATIENT_AFFORDABILITY|Y|NBA CAP MESSAGE TYPE||||
CAP_ML_CONTENT_CATEGORIES_TALTZ|CAP|MESSAGE_TYPE|PATIENT OR CUSTOMER SUPPORT|CONTENT_TYPE_ID|PATIENT_CUSTOMER_SUPPORT|Y|NBA CAP MESSAGE TYPE||||
CAP_ML_CONTENT_CATEGORIES_TALTZ|CAP|MESSAGE_TYPE|PATIENT TYPE OR IDENTIFICATION|CONTENT_TYPE_ID|PATIENT_TYPE_IDENTIFICATION|Y|NBA CAP MESSAGE TYPE||||
CAP_ML_CONTENT_CATEGORIES_TALTZ|CAP|MESSAGE_TYPE|PATIENT TYPE/IDENTIFICATION|CONTENT_TYPE_ID|PATIENT_TYPE_IDENTIFICATION|Y|NBA CAP MESSAGE TYPE||||
CAP_ML_CONTENT_CATEGORIES_TALTZ|CAP|MESSAGE_TYPE|PATIENT/CUSTOMER SUPPORT|CONTENT_TYPE_ID|PATIENT_CUSTOMER_SUPPORT|Y|NBA CAP MESSAGE TYPE||||
CAP_ML_CONTENT_CATEGORIES_TALTZ|CAP|MESSAGE_TYPE|PRODUCT ATTRIBUTES|CONTENT_TYPE_ID|PRODUCT_ATTRIBUTES|Y|NBA CAP MESSAGE TYPE||||
CAP_ML_CONTENT_CATEGORIES_TALTZ|CAP|MESSAGE_TYPE|REAL WORLD EVIDENCE|CONTENT_TYPE_ID|REAL_WORLD_EVIDENCE|Y|NBA CAP MESSAGE TYPE||||
CAP_ML_CONTENT_CATEGORIES_TALTZ|CAP|MESSAGE_TYPE|RESOURCES|CONTENT_TYPE_ID|RESOURCES|Y|NBA CAP MESSAGE TYPE||||
CAP_ML_CONTENT_CATEGORIES_TALTZ|CAP|MESSAGE_TYPE|SAFETY#AS|CONTENT_TYPE_ID|SAFETY#AS|Y|NBA CAP MESSAGE TYPE||||
CAP_ML_CONTENT_CATEGORIES_TALTZ|CAP|MESSAGE_TYPE|SAFETY#HEAD TO HEAD|CONTENT_TYPE_ID|SAFETY#HEAD_TO_HEAD|Y|NBA CAP MESSAGE TYPE||||
CAP_ML_CONTENT_CATEGORIES_TALTZ|CAP|MESSAGE_TYPE|SAFETY#HEAD_TO_HEAD|CONTENT_TYPE_ID|SAFETY#HEAD_TO_HEAD|Y|NBA CAP MESSAGE TYPE||||
CAP_ML_CONTENT_CATEGORIES_TALTZ|CAP|MESSAGE_TYPE|SAFETY#LONG TERM|CONTENT_TYPE_ID|SAFETY#LONG_TERM|Y|NBA CAP MESSAGE TYPE||||
CAP_ML_CONTENT_CATEGORIES_TALTZ|CAP|MESSAGE_TYPE|SAFETY#LONG_TERM|CONTENT_TYPE_ID|SAFETY#LONG_TERM|Y|NBA CAP MESSAGE TYPE||||
CAP_ML_CONTENT_CATEGORIES_TALTZ|CAP|MESSAGE_TYPE|SAFETY#NA|CONTENT_TYPE_ID|GENERAL|Y|NBA CAP MESSAGE TYPE||||
CAP_ML_CONTENT_CATEGORIES_TALTZ|CAP|MESSAGE_TYPE|SAFETY#NR AXSPA|CONTENT_TYPE_ID|SAFETY#NR_AXSPA|Y|NBA CAP MESSAGE TYPE||||
CAP_ML_CONTENT_CATEGORIES_TALTZ|CAP|MESSAGE_TYPE|SAFETY#NR_AXSPA|CONTENT_TYPE_ID|SAFETY#NR_AXSPA|Y|NBA CAP MESSAGE TYPE||||
CAP_ML_CONTENT_CATEGORIES_TALTZ|CAP|MESSAGE_TYPE|SAFETY#PSA|CONTENT_TYPE_ID|SAFETY#PSA|Y|NBA CAP MESSAGE TYPE||||
CAP_ML_CONTENT_CATEGORIES_TALTZ|CAP|MESSAGE_TYPE|SAFETY#PSO - ADULT|CONTENT_TYPE_ID|SAFETY#PSO_ADULT|Y|NBA CAP MESSAGE TYPE||||
CAP_ML_CONTENT_CATEGORIES_TALTZ|CAP|MESSAGE_TYPE|SAFETY#PSO - PEDS|CONTENT_TYPE_ID|SAFETY#PSO_PEDS|Y|NBA CAP MESSAGE TYPE||||
CAP_ML_CONTENT_CATEGORIES_TALTZ|CAP|MESSAGE_TYPE|SAFETY#SIDE EFFECTS|CONTENT_TYPE_ID|SAFETY#SIDE_EFFECTS|Y|NBA CAP MESSAGE TYPE||||
CAP_ML_CONTENT_CATEGORIES_TALTZ|CAP|MESSAGE_TYPE|SAFETY#SIDE_EFFECTS|CONTENT_TYPE_ID|SAFETY#SIDE_EFFECTS|Y|NBA CAP MESSAGE TYPE||||
CAP_ML_CONTENT_CATEGORIES_TALTZ|CAP|MESSAGE_TYPE|SAFETY|CONTENT_TYPE_ID|SAFETY|Y|NBA CAP MESSAGE TYPE||||
CAP_ML_CONTENT_CATEGORIES_TALTZ|CAP|MESSAGE_TYPE|STUDY DESIGN|CONTENT_TYPE_ID|STUDY_DESIGN|Y|NBA CAP MESSAGE TYPE||||
CAP_ML_CONTENT_CATEGORIES_TALTZ|CAP|MESSAGE_TYPE|TREATMENT LANDSCAPES|CONTENT_TYPE_ID|TREATMENT_LANDSCAPE|Y|NBA CAP MESSAGE TYPE||||
CAP_ML_CONTENT_CATEGORIES_TALTZ|CAP|MESSAGE_TYPE|TREATMENT LANDSCAPE|CONTENT_TYPE_ID|TREATMENT_LANDSCAPE|Y|NBA CAP MESSAGE TYPE||||
CAP_ML_CONTENT_CATEGORIES_TALTZ|CAP|MESSAGE_TYPE|UNMET NEED|CONTENT_TYPE_ID|UNMET_NEED|Y|NBA CAP MESSAGE TYPE||||
CAP_ML_CONTENT_CATEGORIES|CAP|MESSAGE_TYPE|ACCESS OR FORMULARY|CONTENT_TYPE_ID|ACCESS_FORMULARY|Y|NBA CAP MESSAGE TYPE||||"	"|||||||||||
CAP_ML_CONTENT_CATEGORIES|CAP|MESSAGE_TYPE|ACCESS/FORMULARY|CONTENT_TYPE_ID|ACCESS_FORMULARY|Y|NBA CAP MESSAGE TYPE||||"	"|||||||||||
CAP_ML_CONTENT_CATEGORIES|CAP|MESSAGE_TYPE|ACCESS_FORMULARY|CONTENT_TYPE_ID|ACCESS_FORMULARY|Y|NBA CAP MESSAGE TYPE|||||||||||||||
CAP_ML_CONTENT_CATEGORIES|CAP|MESSAGE_TYPE|ADHERENCE|CONTENT_TYPE_ID|ADHERENCE|Y|NBA CAP MESSAGE TYPE||||"	"|||||||||||
CAP_ML_CONTENT_CATEGORIES|CAP|MESSAGE_TYPE|ALL|CONTENT_TYPE_ID|GENERAL|Y|NBA CAP MESSAGE TYPE||||"	"|||||||||||
CAP_ML_CONTENT_CATEGORIES|CAP|MESSAGE_TYPE|DEVICE|CONTENT_TYPE_ID|DEVICE|Y|NBA CAP MESSAGE TYPE|||||||||||||||
CAP_ML_CONTENT_CATEGORIES|CAP|MESSAGE_TYPE|DIAGNOSTIC|CONTENT_TYPE_ID|DIAGNOSTIC|Y|NBA CAP MESSAGE TYPE||||"	"|||||||||||
CAP_ML_CONTENT_CATEGORIES|CAP|MESSAGE_TYPE|DISEASE STATE|CONTENT_TYPE_ID|DISEASE_STATE|Y|NBA CAP MESSAGE TYPE||||"	"|||||||||||
CAP_ML_CONTENT_CATEGORIES|CAP|MESSAGE_TYPE|DISEASE_STATE|CONTENT_TYPE_ID|DISEASE_STATE|Y|NBA CAP MESSAGE TYPE|||||||||||||||
CAP_ML_CONTENT_CATEGORIES|CAP|MESSAGE_TYPE|DOSING|CONTENT_TYPE_ID|DOSING|Y|NBA CAP MESSAGE TYPE||||"	"|||||||||||
CAP_ML_CONTENT_CATEGORIES|CAP|MESSAGE_TYPE|EASE OF ADMINISTRATION|CONTENT_TYPE_ID|EASE_OF_ADMINISTRATION|Y|NBA CAP MESSAGE TYPE||||"	"|||||||||||
CAP_ML_CONTENT_CATEGORIES|CAP|MESSAGE_TYPE|EASE_OF_ADMINISTRATION|CONTENT_TYPE_ID|EASE_OF_ADMINISTRATION|Y|NBA CAP MESSAGE TYPE|||||||||||||||
CAP_ML_CONTENT_CATEGORIES|CAP|MESSAGE_TYPE|EFFICACY#COMBINATION THERAPY|CONTENT_TYPE_ID|EFFICACY#COMBINATION_THERAPY|Y|NBA CAP MESSAGE TYPE||||"	"|||||||||||
CAP_ML_CONTENT_CATEGORIES|CAP|MESSAGE_TYPE|EFFICACY#COMBINATION_THERAPY|CONTENT_TYPE_ID|EFFICACY#COMBINATION_THERAPY|Y|NBA CAP MESSAGE TYPE||||"	"|||||||||||
CAP_ML_CONTENT_CATEGORIES|CAP|MESSAGE_TYPE|EFFICACY#CORE|CONTENT_TYPE_ID|EFFICACY#CORE|Y|NBA CAP MESSAGE TYPE||||"	"|||||||||||
CAP_ML_CONTENT_CATEGORIES|CAP|MESSAGE_TYPE|EFFICACY#EFFICACY|CONTENT_TYPE_ID|EFFICACY#NA|Y|NBA CAP MESSAGE TYPE||||"	"|||||||||||
CAP_ML_CONTENT_CATEGORIES|CAP|MESSAGE_TYPE|EFFICACY#ENTHESITIS-DACYLITIS|CONTENT_TYPE_ID|EFFICACY#ENTHESITIS_DACYLITIS|Y|NBA CAP MESSAGE TYPE||||"	"|||||||||||
CAP_ML_CONTENT_CATEGORIES|CAP|MESSAGE_TYPE|EFFICACY#ENTHESITIS_DACYLITIS|CONTENT_TYPE_ID|EFFICACY#ENTHESITIS_DACYLITIS|Y|NBA CAP MESSAGE TYPE|||||||||||||||
CAP_ML_CONTENT_CATEGORIES|CAP|MESSAGE_TYPE|EFFICACY#GENERAL|CONTENT_TYPE_ID|EFFICACY#GENERAL|Y|NBA CAP MESSAGE TYPE||||"	"|||||||||||
CAP_ML_CONTENT_CATEGORIES|CAP|MESSAGE_TYPE|EFFICACY#HEAD TO HEAD|CONTENT_TYPE_ID|EFFICACY#HEAD_TO_HEAD|Y|NBA CAP MESSAGE TYPE||||"	"|||||||||||
CAP_ML_CONTENT_CATEGORIES|CAP|MESSAGE_TYPE|EFFICACY#HEAD_TO_HEAD|CONTENT_TYPE_ID|EFFICACY#HEAD_TO_HEAD|Y|NBA CAP MESSAGE TYPE||||"	"|||||||||||
CAP_ML_CONTENT_CATEGORIES|CAP|MESSAGE_TYPE|EFFICACY#LONG TERM|CONTENT_TYPE_ID|EFFICACY#LONG_TERM|Y|NBA CAP MESSAGE TYPE||||"	"|||||||||||
CAP_ML_CONTENT_CATEGORIES|CAP|MESSAGE_TYPE|EFFICACY#LONG_TERM|CONTENT_TYPE_ID|EFFICACY#LONG_TERM|Y|NBA CAP MESSAGE TYPE||||"	"|||||||||||
CAP_ML_CONTENT_CATEGORIES|CAP|MESSAGE_TYPE|EFFICACY#MONARCH 2|CONTENT_TYPE_ID|EFFICACY#MONARCH2|Y|NBA CAP MESSAGE TYPE|||||||||||||||
CAP_ML_CONTENT_CATEGORIES|CAP|MESSAGE_TYPE|EFFICACY#MONARCH 3|CONTENT_TYPE_ID|EFFICACY#MONARCH3|Y|NBA CAP MESSAGE TYPE|||||||||||||||
CAP_ML_CONTENT_CATEGORIES|CAP|MESSAGE_TYPE|EFFICACY#MONARCH E|CONTENT_TYPE_ID|EFFICACY#MONARCHE|Y|NBA CAP MESSAGE TYPE|||||||||||||||
CAP_ML_CONTENT_CATEGORIES|CAP|MESSAGE_TYPE|EFFICACY#MONARCH2|CONTENT_TYPE_ID|EFFICACY#MONARCH2|Y|NBA CAP MESSAGE TYPE|||||||||||||||
CAP_ML_CONTENT_CATEGORIES|CAP|MESSAGE_TYPE|EFFICACY#MONARCH3|CONTENT_TYPE_ID|EFFICACY#MONARCH3|Y|NBA CAP MESSAGE TYPE|||||||||||||||
CAP_ML_CONTENT_CATEGORIES|CAP|MESSAGE_TYPE|EFFICACY#MONARCHE|CONTENT_TYPE_ID|EFFICACY#MONARCHE|Y|NBA CAP MESSAGE TYPE|||||||||||||||
CAP_ML_CONTENT_CATEGORIES|CAP|MESSAGE_TYPE|EFFICACY#NA|CONTENT_TYPE_ID|EFFICACY#NA|Y|NBA CAP MESSAGE TYPE||||"	"|||||||||||
CAP_ML_CONTENT_CATEGORIES|CAP|MESSAGE_TYPE|EFFICACY#NOW APPROVED|CONTENT_TYPE_ID|EFFICACY#NOW_APPROVED|Y|NBA CAP MESSAGE TYPE|||||||||||||||
CAP_ML_CONTENT_CATEGORIES|CAP|MESSAGE_TYPE|EFFICACY#NOW_APPROVED|CONTENT_TYPE_ID|EFFICACY#NOW_APPROVED|Y|NBA CAP MESSAGE TYPE|||||||||||||||
CAP_ML_CONTENT_CATEGORIES|CAP|MESSAGE_TYPE|EFFICACY#NSCLC CWL|CONTENT_TYPE_ID|EFFICACY#NSCLC_CWL|Y|NBA CAP MESSAGE TYPE||||"	"|||||||||||
CAP_ML_CONTENT_CATEGORIES|CAP|MESSAGE_TYPE|EFFICACY#NSCLC CwL|CONTENT_TYPE_ID|EFFICACY#NSCLC_CWL|Y|NBA CAP MESSAGE TYPE||||"	"|||||||||||
CAP_ML_CONTENT_CATEGORIES|CAP|MESSAGE_TYPE|EFFICACY#NSCLC_CWL|CONTENT_TYPE_ID|EFFICACY#NSCLC_CWL|Y|NBA CAP MESSAGE TYPE||||"	"|||||||||||
CAP_ML_CONTENT_CATEGORIES|CAP|MESSAGE_TYPE|EFFICACY#NSCLC_CwL|CONTENT_TYPE_ID|EFFICACY#NSCLC_CWL|Y|NBA CAP MESSAGE TYPE||||"	"|||||||||||
CAP_ML_CONTENT_CATEGORIES|CAP|MESSAGE_TYPE|EFFICACY#NSCLC|CONTENT_TYPE_ID|EFFICACY#NSCLC|Y|NBA CAP MESSAGE TYPE||||"	"|||||||||||
CAP_ML_CONTENT_CATEGORIES|CAP|MESSAGE_TYPE|EFFICACY#PSO - PEDS|CONTENT_TYPE_ID|EFFICACY#PSO_PEDS|Y|NBA CAP MESSAGE TYPE||||"	"|||||||||||
CAP_ML_CONTENT_CATEGORIES|CAP|MESSAGE_TYPE|EFFICACY#PSO_PEDS|CONTENT_TYPE_ID|EFFICACY#PSO_PEDS|Y|NBA CAP MESSAGE TYPE|||||||||||||||
CAP_ML_CONTENT_CATEGORIES|CAP|MESSAGE_TYPE|EFFICACY#RAPID ONSET|CONTENT_TYPE_ID|EFFICACY#RAPID_ONSET|Y|NBA CAP MESSAGE TYPE||||"	"|||||||||||
CAP_ML_CONTENT_CATEGORIES|CAP|MESSAGE_TYPE|EFFICACY#RAPID_ONSET|CONTENT_TYPE_ID|EFFICACY#RAPID_ONSET|Y|NBA CAP MESSAGE TYPE|||||||||||||||
CAP_ML_CONTENT_CATEGORIES|CAP|MESSAGE_TYPE|EFFICACY#SECONDARY|CONTENT_TYPE_ID|EFFICACY#SECONDARY|Y|NBA CAP MESSAGE TYPE||||"	"|||||||||||
CAP_ML_CONTENT_CATEGORIES|CAP|MESSAGE_TYPE|EFFICACY#SPINAL PAIN AND STIFFNESS|CONTENT_TYPE_ID|EFFICACY#SPINAL_PAIN_AND_STIFFNESS|Y|NBA CAP MESSAGE TYPE||||"	"|||||||||||
CAP_ML_CONTENT_CATEGORIES|CAP|MESSAGE_TYPE|EFFICACY#SPINAL_PAIN_AND_STIFFNESS|CONTENT_TYPE_ID|EFFICACY#SPINAL_PAIN_AND_STIFFNESS|Y|NBA CAP MESSAGE TYPE||||"	"|||||||||||
CAP_ML_CONTENT_CATEGORIES|CAP|MESSAGE_TYPE|EFFICACY#STRUCTURE|CONTENT_TYPE_ID|EFFICACY#STRUCTURE|Y|NBA CAP MESSAGE TYPE||||"	"|||||||||||
CAP_ML_CONTENT_CATEGORIES|CAP|MESSAGE_TYPE|EFFICACY#THYROID|CONTENT_TYPE_ID|EFFICACY#THYROID|Y|NBA CAP MESSAGE TYPE||||"	"|||||||||||
CAP_ML_CONTENT_CATEGORIES|CAP|MESSAGE_TYPE|EFFICACY#TUMOR AGNOSTIC|CONTENT_TYPE_ID|EFFICACY#TUMOR_AGNOSTIC|Y|NBA CAP MESSAGE TYPE|||||||||||||||
CAP_ML_CONTENT_CATEGORIES|CAP|MESSAGE_TYPE|EFFICACY#TUMOR_AGNOSTIC|CONTENT_TYPE_ID|EFFICACY#TUMOR_AGNOSTIC|Y|NBA CAP MESSAGE TYPE|||||||||||||||
CAP_ML_CONTENT_CATEGORIES|CAP|MESSAGE_TYPE|EFFICACY|CONTENT_TYPE_ID|EFFICACY|Y|NBA CAP MESSAGE TYPE||||"	"|||||||||||
CAP_ML_CONTENT_CATEGORIES|CAP|MESSAGE_TYPE|GENERAL|CONTENT_TYPE_ID|GENERAL|Y|NBA CAP MESSAGE TYPE||||"	"|||||||||||
CAP_ML_CONTENT_CATEGORIES|CAP|MESSAGE_TYPE|GUIDELINES|CONTENT_TYPE_ID|GUIDELINES|Y|NBA CAP MESSAGE TYPE||||"	"|||||||||||
CAP_ML_CONTENT_CATEGORIES|CAP|MESSAGE_TYPE|INITIATION|CONTENT_TYPE_ID|INITIATION|Y|NBA CAP MESSAGE TYPE||||"	"|||||||||||
CAP_ML_CONTENT_CATEGORIES|CAP|MESSAGE_TYPE|MECHANISM OF ACTION|CONTENT_TYPE_ID|MOA|Y|NBA CAP MESSAGE TYPE||||"	"|||||||||||
CAP_ML_CONTENT_CATEGORIES|CAP|MESSAGE_TYPE|MOA|CONTENT_TYPE_ID|MOA|Y|NBA CAP MESSAGE TYPE||||"	"|||||||||||
CAP_ML_CONTENT_CATEGORIES|CAP|MESSAGE_TYPE|NA|CONTENT_TYPE_ID|GENERAL|Y|NBA CAP MESSAGE TYPE||||"	"|||||||||||
CAP_ML_CONTENT_CATEGORIES|CAP|MESSAGE_TYPE|OPERATIONAL LOGISTICS|CONTENT_TYPE_ID|OPERATIONAL_LOGISTICS|Y|NBA CAP MESSAGE TYPE||||"	"|||||||||||
CAP_ML_CONTENT_CATEGORIES|CAP|MESSAGE_TYPE|OPERATIONAL_LOGISTICS|CONTENT_TYPE_ID|OPERATIONAL_LOGISTICS|Y|NBA CAP MESSAGE TYPE|||||||||||||||
CAP_ML_CONTENT_CATEGORIES|CAP|MESSAGE_TYPE|PATIENT AFFORDABILITY|CONTENT_TYPE_ID|PATIENT_AFFORDABILITY|Y|NBA CAP MESSAGE TYPE||||"	"|||||||||||
CAP_ML_CONTENT_CATEGORIES|CAP|MESSAGE_TYPE|PATIENT OR CUSTOMER SUPPORT|CONTENT_TYPE_ID|PATIENT_CUSTOMER_SUPPORT|Y|NBA CAP MESSAGE TYPE||||"	"|||||||||||
CAP_ML_CONTENT_CATEGORIES|CAP|MESSAGE_TYPE|PATIENT TYPE OR IDENTIFICATION|CONTENT_TYPE_ID|PATIENT_TYPE_IDENTIFICATION|Y|NBA CAP MESSAGE TYPE||||"	"|||||||||||
CAP_ML_CONTENT_CATEGORIES|CAP|MESSAGE_TYPE|PATIENT TYPE/IDENTIFICATION|CONTENT_TYPE_ID|PATIENT_TYPE_IDENTIFICATION|Y|NBA CAP MESSAGE TYPE||||"	"|||||||||||
CAP_ML_CONTENT_CATEGORIES|CAP|MESSAGE_TYPE|PATIENT/CUSTOMER SUPPORT|CONTENT_TYPE_ID|PATIENT_CUSTOMER_SUPPORT|Y|NBA CAP MESSAGE TYPE||||"	"|||||||||||
CAP_ML_CONTENT_CATEGORIES|CAP|MESSAGE_TYPE|PATIENT_AFFORDABILITY|CONTENT_TYPE_ID|PATIENT_AFFORDABILITY|Y|NBA CAP MESSAGE TYPE|||||||||||||||
CAP_ML_CONTENT_CATEGORIES|CAP|MESSAGE_TYPE|PATIENT_CUSTOMER_SUPPORT|CONTENT_TYPE_ID|PATIENT_CUSTOMER_SUPPORT|Y|NBA CAP MESSAGE TYPE|||||||||||||||
CAP_ML_CONTENT_CATEGORIES|CAP|MESSAGE_TYPE|PATIENT_TYPE_IDENTIFICATION|CONTENT_TYPE_ID|PATIENT_TYPE_IDENTIFICATION|Y|NBA CAP MESSAGE TYPE|||||||||||||||
CAP_ML_CONTENT_CATEGORIES|CAP|MESSAGE_TYPE|PRODUCT ATTRIBUTES|CONTENT_TYPE_ID|PRODUCT_ATTRIBUTES|Y|NBA CAP MESSAGE TYPE||||"	"|||||||||||
CAP_ML_CONTENT_CATEGORIES|CAP|MESSAGE_TYPE|PRODUCT_ATTRIBUTES|CONTENT_TYPE_ID|PRODUCT_ATTRIBUTES|Y|NBA CAP MESSAGE TYPE|||||||||||||||
CAP_ML_CONTENT_CATEGORIES|CAP|MESSAGE_TYPE|REAL WORLD EVIDENCE|CONTENT_TYPE_ID|REAL_WORLD_EVIDENCE|Y|NBA CAP MESSAGE TYPE||||"	"|||||||||||
CAP_ML_CONTENT_CATEGORIES|CAP|MESSAGE_TYPE|REAL_WORLD_EVIDENCE|CONTENT_TYPE_ID|REAL_WORLD_EVIDENCE|Y|NBA CAP MESSAGE TYPE|||||||||||||||
CAP_ML_CONTENT_CATEGORIES|CAP|MESSAGE_TYPE|RESOURCES|CONTENT_TYPE_ID|RESOURCES|Y|NBA CAP MESSAGE TYPE||||"	"|||||||||||
CAP_ML_CONTENT_CATEGORIES|CAP|MESSAGE_TYPE|SAFETY#AS|CONTENT_TYPE_ID|SAFETY#AS|Y|NBA CAP MESSAGE TYPE||||"	"|||||||||||
CAP_ML_CONTENT_CATEGORIES|CAP|MESSAGE_TYPE|SAFETY#GENERAL|CONTENT_TYPE_ID|SAFETY#GENERAL|Y|NBA CAP MESSAGE TYPE||||"	"|||||||||||
CAP_ML_CONTENT_CATEGORIES|CAP|MESSAGE_TYPE|SAFETY#HEAD TO HEAD|CONTENT_TYPE_ID|SAFETY#HEAD_TO_HEAD|Y|NBA CAP MESSAGE TYPE||||"	"|||||||||||
CAP_ML_CONTENT_CATEGORIES|CAP|MESSAGE_TYPE|SAFETY#HEAD_TO_HEAD|CONTENT_TYPE_ID|SAFETY#HEAD_TO_HEAD|Y|NBA CAP MESSAGE TYPE||||"	"|||||||||||
CAP_ML_CONTENT_CATEGORIES|CAP|MESSAGE_TYPE|SAFETY#LONG TERM|CONTENT_TYPE_ID|SAFETY#LONG_TERM|Y|NBA CAP MESSAGE TYPE||||"	"|||||||||||
CAP_ML_CONTENT_CATEGORIES|CAP|MESSAGE_TYPE|SAFETY#LONG_TERM|CONTENT_TYPE_ID|SAFETY#LONG_TERM|Y|NBA CAP MESSAGE TYPE||||"	"|||||||||||
CAP_ML_CONTENT_CATEGORIES|CAP|MESSAGE_TYPE|SAFETY#MONITORING_THERAPY|CONTENT_TYPE_ID|SAFETY#MONITORING_THERAPY|Y|NBA CAP MESSAGE TYPE|||||||||||||||
CAP_ML_CONTENT_CATEGORIES|CAP|MESSAGE_TYPE|SAFETY#NA|CONTENT_TYPE_ID|SAFETY#NA|Y|NBA CAP MESSAGE TYPE||||"	"|||||||||||
CAP_ML_CONTENT_CATEGORIES|CAP|MESSAGE_TYPE|SAFETY#NOW APPROVED|CONTENT_TYPE_ID|SAFETY#NOW_APPROVED|Y|NBA CAP MESSAGE TYPE||||"	"|||||||||||
CAP_ML_CONTENT_CATEGORIES|CAP|MESSAGE_TYPE|SAFETY#NOW_APPROVED|CONTENT_TYPE_ID|SAFETY#NOW_APPROVED|Y|NBA CAP MESSAGE TYPE||||"	"|||||||||||
CAP_ML_CONTENT_CATEGORIES|CAP|MESSAGE_TYPE|SAFETY#NR AXSPA|CONTENT_TYPE_ID|SAFETY#NR_AXSPA|Y|NBA CAP MESSAGE TYPE||||"	"|||||||||||
CAP_ML_CONTENT_CATEGORIES|CAP|MESSAGE_TYPE|SAFETY#NR_AXSPA|CONTENT_TYPE_ID|SAFETY#NR_AXSPA|Y|NBA CAP MESSAGE TYPE||||"	"|||||||||||
CAP_ML_CONTENT_CATEGORIES|CAP|MESSAGE_TYPE|SAFETY#OVERDOSE|CONTENT_TYPE_ID|SAFETY#OVERDOSE|Y|NBA CAP MESSAGE TYPE|||||||||||||||
CAP_ML_CONTENT_CATEGORIES|CAP|MESSAGE_TYPE|SAFETY#PSA|CONTENT_TYPE_ID|SAFETY#PSA|Y|NBA CAP MESSAGE TYPE||||"	"|||||||||||
CAP_ML_CONTENT_CATEGORIES|CAP|MESSAGE_TYPE|SAFETY#PSO - ADULT|CONTENT_TYPE_ID|SAFETY#PSO_ADULTS|Y|NBA CAP MESSAGE TYPE|||||||||||||||
CAP_ML_CONTENT_CATEGORIES|CAP|MESSAGE_TYPE|SAFETY#PSO - PEDS|CONTENT_TYPE_ID|SAFETY#PSO_PEDS|Y|NBA CAP MESSAGE TYPE||||"	"|||||||||||
CAP_ML_CONTENT_CATEGORIES|CAP|MESSAGE_TYPE|SAFETY#PSO_ADULTS|CONTENT_TYPE_ID|SAFETY#PSO_ADULTS|Y|NBA CAP MESSAGE TYPE|||||||||||||||
CAP_ML_CONTENT_CATEGORIES|CAP|MESSAGE_TYPE|SAFETY#PSO_PEDS|CONTENT_TYPE_ID|SAFETY#PSO_PEDS|Y|NBA CAP MESSAGE TYPE|||||||||||||||
CAP_ML_CONTENT_CATEGORIES|CAP|MESSAGE_TYPE|SAFETY#RESULTS|CONTENT_TYPE_ID|SAFETY#RESULTS|Y|NBA CAP MESSAGE TYPE|||||||||||||||
CAP_ML_CONTENT_CATEGORIES|CAP|MESSAGE_TYPE|SAFETY#SAFETY|CONTENT_TYPE_ID|SAFETY#NA|Y|NBA CAP MESSAGE TYPE|||||||||||||||
CAP_ML_CONTENT_CATEGORIES|CAP|MESSAGE_TYPE|SAFETY#SIDE EFFECTS|CONTENT_TYPE_ID|SAFETY#SIDE_EFFECTS|Y|NBA CAP MESSAGE TYPE||||"	"|||||||||||
CAP_ML_CONTENT_CATEGORIES|CAP|MESSAGE_TYPE|SAFETY#SIDE_EFFECTS|CONTENT_TYPE_ID|SAFETY#SIDE_EFFECTS|Y|NBA CAP MESSAGE TYPE||||"	"|||||||||||
CAP_ML_CONTENT_CATEGORIES|CAP|MESSAGE_TYPE|SAFETY|CONTENT_TYPE_ID|SAFETY|Y|NBA CAP MESSAGE TYPE||||"	"|||||||||||
CAP_ML_CONTENT_CATEGORIES|CAP|MESSAGE_TYPE|STUDY DESIGN|CONTENT_TYPE_ID|STUDY_DESIGN|Y|NBA CAP MESSAGE TYPE||||"	"|||||||||||
CAP_ML_CONTENT_CATEGORIES|CAP|MESSAGE_TYPE|STUDY_DESIGN|CONTENT_TYPE_ID|STUDY_DESIGN|Y|NBA CAP MESSAGE TYPE|||||||||||||||
CAP_ML_CONTENT_CATEGORIES|CAP|MESSAGE_TYPE|TREATMENT LANDSCAPES|CONTENT_TYPE_ID|TREATMENT_LANDSCAPE|Y|NBA CAP MESSAGE TYPE||||"	"|||||||||||
CAP_ML_CONTENT_CATEGORIES|CAP|MESSAGE_TYPE|TREATMENT LANDSCAPE|CONTENT_TYPE_ID|TREATMENT_LANDSCAPE|Y|NBA CAP MESSAGE TYPE||||"	"|||||||||||
CAP_ML_CONTENT_CATEGORIES|CAP|MESSAGE_TYPE|TREATMENT_LANDSCAPE|CONTENT_TYPE_ID|TREATMENT_LANDSCAPE|Y|NBA CAP MESSAGE TYPE|||||||||||||||
CAP_ML_CONTENT_CATEGORIES|CAP|MESSAGE_TYPE|UNMET NEED|CONTENT_TYPE_ID|UNMET_NEED|Y|NBA CAP MESSAGE TYPE||||"	"|||||||||||
CAP_ML_CONTENT_CATEGORIES|CAP|MESSAGE_TYPE|UNMET_NEED|CONTENT_TYPE_ID|UNMET_NEED|Y|NBA CAP MESSAGE TYPE|||||||||||||||
EMAIL_CONTENT_MAPPING|US_304528|ACCESS_FORMULARY|1016260|CONTENT|Access or Formulary|Y|NBA EMAIL CONTENT TO BE CONFIGURED||||
EMAIL_CONTENT_MAPPING|US_304528|ACCESS_FORMULARY|1016268|CONTENT|Access or Formulary|Y|NBA EMAIL CONTENT TO BE CONFIGURED||||
EMAIL_CONTENT_MAPPING|US_304528|DOSING|1121857|CONTENT|Dosing - how to take Taltz||||||
EMAIL_CONTENT_MAPPING|US_304528|DOSING|1121867|CONTENT|Dosing - how to take Taltz||||||
EMAIL_CONTENT_MAPPING|US_304528|EFFICACY#CORE|1091374|CONTENT|Efficacy_Core - SPIRIT P1|Y|NBA EMAIL CONTENT TO BE CONFIGURED||||
EMAIL_CONTENT_MAPPING|US_304528|EFFICACY#CORE|1265721|CONTENT|Efficacy_Core - SPIRIT P1|Y|NBA EMAIL CONTENT TO BE CONFIGURED||||
EMAIL_CONTENT_MAPPING|US_304528|EFFICACY#CORE|1324589_928847|CONTENT|Efficacy_Core - Complete Clearance||||||
EMAIL_CONTENT_MAPPING|US_304528|EFFICACY#ENTHESITIS_DACYLITIS|1021695|CONTENT|Efficacy_Enthesitis-Dactylitis|Y|NBA EMAIL CONTENT TO BE CONFIGURED||||
EMAIL_CONTENT_MAPPING|US_304528|EFFICACY#HEAD_TO_HEAD|1021690|CONTENT|Efficacy_Head to Head|Y|NBA EMAIL CONTENT TO BE CONFIGURED||||
EMAIL_CONTENT_MAPPING|US_304528|EFFICACY#HEAD_TO_HEAD|1086189|CONTENT|Efficacy_Head to Head|Y|NBA EMAIL CONTENT TO BE CONFIGURED||||
EMAIL_CONTENT_MAPPING|US_304528|EFFICACY#HEAD_TO_HEAD|1167602|CONTENT|Efficacy_Head to Head|Y|NBA EMAIL CONTENT TO BE CONFIGURED||||
EMAIL_CONTENT_MAPPING|US_304528|EFFICACY#HEAD_TO_HEAD|1189455|CONTENT|Efficacy_Head to Head|Y|NBA EMAIL CONTENT TO BE CONFIGURED||||
EMAIL_CONTENT_MAPPING|US_304528|EFFICACY#HEAD_TO_HEAD|1324582_1117935|CONTENT|Efficacy_Head to Head - vs. Tremfya||||||
EMAIL_CONTENT_MAPPING|US_304528|EFFICACY#HEAD_TO_HEAD|1324582_937835|CONTENT|Efficacy_Head to Head - vs. Tremfya||||||
EMAIL_CONTENT_MAPPING|US_304528|EFFICACY#HEAD_TO_HEAD|1324582_937837|CONTENT|Efficacy_Head to Head - vs. Tremfya||||||
EMAIL_CONTENT_MAPPING|US_304528|EFFICACY#RAPID_ONSET|1324589_928853|CONTENT|Efficacy_Rapid Onset|Y|NBA EMAIL CONTENT TO BE CONFIGURED||||
EMAIL_CONTENT_MAPPING|US_304528|EFFICACY#RAPID_ONSET|1351592|CONTENT|Efficacy_Rapid Onset|Y|NBA EMAIL CONTENT TO BE CONFIGURED||||
EMAIL_CONTENT_MAPPING|US_304528|EFFICACY#RAPID_ONSET|1351627|CONTENT|Efficacy_Rapid Onset|Y|NBA EMAIL CONTENT TO BE CONFIGURED||||
EMAIL_CONTENT_MAPPING|US_304528|EFFICACY#SECONDARY|1003344|CONTENT|Efficacy_Secondary - SPIRIT P2|Y|NBA EMAIL CONTENT TO BE CONFIGURED||||
EMAIL_CONTENT_MAPPING|US_304528|EFFICACY#SECONDARY|1324589_1210729|CONTENT|Efficacy_Secondary - CBA or PsA|Y|NBA EMAIL CONTENT TO BE CONFIGURED||||
EMAIL_CONTENT_MAPPING|US_304528|EFFICACY#SPINAL_PAIN_AND_STIFFNESS|1351572|CONTENT|Efficacy_Spinal Pain and Stiffness - COAST||||||
EMAIL_CONTENT_MAPPING|US_304528|EFFICACY#STRUCTURE|922334|CONTENT|Efficacy_Structure - mTSS data|Y|NBA EMAIL CONTENT TO BE CONFIGURED||||
EMAIL_CONTENT_MAPPING|US_304528|MOA|1059265|CONTENT|Mechanism of Action|Y|NBA EMAIL CONTENT TO BE CONFIGURED||||
EMAIL_CONTENT_MAPPING|US_304528|PATIENT_CUSTOMER_SUPPORT|1152308|CONTENT|Patient or Customer support - Taltz Together|Y|NBA EMAIL CONTENT TO BE CONFIGURED||||
EMAIL_CONTENT_MAPPING|US_304528|PATIENT_CUSTOMER_SUPPORT|1155370|CONTENT|Patient or Customer support - Taltz Together|Y|NBA EMAIL CONTENT TO BE CONFIGURED||||
EMAIL_CONTENT_MAPPING|US_304528|PATIENT_TYPE_IDENTIFICATION|1324597|CONTENT|Patient Type or Identification|Y|NBA EMAIL CONTENT TO BE CONFIGURED||||
EMAIL_CONTENT_MAPPING|US_304528|PATIENT_TYPE_IDENTIFICATION|1351653|CONTENT|Patient Type or Identification|Y|NBA EMAIL CONTENT TO BE CONFIGURED||||
EMAIL_CONTENT_MAPPING|US_304528|SAFETY#AS|1077386|CONTENT|Safety_AS|Y|NBA EMAIL CONTENT TO BE CONFIGURED||||
EMAIL_CONTENT_MAPPING|US_304528|SAFETY#LONG_TERM|1314131|CONTENT|Safety_Long Term|Y|NBA EMAIL CONTENT TO BE CONFIGURED||||
FS_Event|Fixed_Event_Config|Channel|Call|Call_vod|F2F_CALL|Y|Channel in fixed event||||
FS_Event|Fixed_Event_Config|Channel|Email|Email_vod|VEEVA_EMAIL|Y|Channel in fixed event||||
FS_Event|Sample|Channel|Sample|1016260|183|Y|Content in fixed event for Rheum||||
FS_Event|Sample|Channel|Sample|716238|183|Y|Content in fixed event for Rheum||||
FS_Event|Sample|Channel|Sample|728978|183|Y|Content in fixed event for Rheum||||
FS_Event|Sample|Channel|Sample|729975|183|Y|Content in fixed event for Rheum||||
FS_Event|Sample|Channel|Sample|777936|183|Y|Content in fixed event for Rheum||||
FS_Event|Sample|Channel|Sample|805224|183|Y|Content in fixed event for derm||||
FS_Event|Sample|Channel|Sample|806080|183|Y|Content in fixed event for Rheum||||
FS_Event|Sample|Channel|Sample|839805|183|Y|Content in fixed event for Rheum||||
FS_Event|Sample|Channel|Sample|889071|183|Y|Content in fixed event for derm||||
FS_Event|Sample|Channel|Sample|897311|183|Y|Content in fixed event for Derm||||
FS_Event|Sample|Channel|Sample|917825|183|Y|Content in fixed event for Derm||||
FS_Event|Sample|Channel|Sample|917830|183|Y|Content in fixed event for derm||||
FS_Event|Sample|Channel|Sample|917835|183|Y|Content in fixed event for Derm||||
FS_Event|Sample|Channel|Sample|920722|183|Y|Content in fixed event for Derm||||
FS_Event|Sample|Channel|Sample|922344|183|Y|Content in fixed event for Derm||||
FS_Event|Sample|Channel|Sample|928841|183|Y|Content in fixed event for Derm||||
FS_Event|Sample|Channel|Sample|Call_vod|F2F_CALL|Y|Channel in fixed event||||
FS_Event|Sample|Channel|Sample|Email_vod|VEEVA_EMAIL|Y|Channel in fixed event||||
FS_Event|Sample|Channel|Sample|US_304528|US_304528|Y|Product in fixed event||||
LAST_ENGAGEMENT_CHANNEL|NBA|CHANNEL|DOXIMITY_ALERT|Rep_Text_Channel|with online content|Y|Rep text value for NBA channel|PROD|US_304528||
LAST_ENGAGEMENT_CHANNEL|NBA|CHANNEL|DOXIMITY_DOCSPOT|Rep_Text_Channel|with online content|Y|Rep text value for NBA channel|PROD|US_304528||
LAST_ENGAGEMENT_CHANNEL|NBA|CHANNEL|EDH_PROFLOW_EDMU|Rep_Text_Channel|with online content|Y|Rep text value for NBA channel|PROD|US_304528||
LAST_ENGAGEMENT_CHANNEL|NBA|CHANNEL|EDH_PROFLOW_RDMU|Rep_Text_Channel|with online content|Y|Rep text value for NBA channel|PROD|US_304528||
LAST_ENGAGEMENT_CHANNEL|NBA|CHANNEL|EDH_PROFLOW_WDMU|Rep_Text_Channel|with online content|Y|Rep text value for NBA channel|PROD|US_304528||
LAST_ENGAGEMENT_CHANNEL|NBA|CHANNEL|EPOCRATES_ALERT|Rep_Text_Channel|with online content|Y|Rep text value for NBA channel|PROD|US_304528||
LAST_ENGAGEMENT_CHANNEL|NBA|CHANNEL|F2F_CALL|Rep_Text_Channel|a Call|Y|Rep text value for NBA channel|PROD|US_304528||
LAST_ENGAGEMENT_CHANNEL|NBA|CHANNEL|HQ_EMAIL|Rep_Text_Channel|an opened Brand email|Y|Rep text value for NBA channel|PROD|US_304528||
LAST_ENGAGEMENT_CHANNEL|NBA|CHANNEL|MEDSCAPE_ALERT|Rep_Text_Channel|with online content|Y|Rep text value for NBA channel|PROD|US_304528||
LAST_ENGAGEMENT_CHANNEL|NBA|CHANNEL|MEDSCAPE_EMAIL|Rep_Text_Channel|an opened Brand email|Y|Rep text value for NBA channel|PROD|US_304528||
LAST_ENGAGEMENT_CHANNEL|NBA|CHANNEL|MEDSCAPE_POC|Rep_Text_Channel|with online content|Y|Rep text value for NBA channel|PROD|US_304528||
LAST_ENGAGEMENT_CHANNEL|NBA|CHANNEL|NUMEDIS_MDMINUTE|Rep_Text_Channel|with online content|Y|Rep text value for NBA channel|PROD|US_304528||
LAST_ENGAGEMENT_CHANNEL|NBA|CHANNEL|P2P|Rep_Text_Channel|with online content|Y|Rep text value for NBA channel|PROD|US_304528||
LAST_ENGAGEMENT_CHANNEL|NBA|CHANNEL|VEEVA_EMAIL|Rep_Text_Channel|an opened VAE|Y|Rep text value for NBA channel|PROD|US_304528||
LAST_ENGAGEMENT_CONTENT|NBA|CONTENT_VALUE|ACCESS_FORMULARY|REP_TEXT_CONTENT|Access or Formulary|Y|NBA CONTENT VALUE TO BE CONFIGURED|PROD|TALTZ_PSORIASIS||
LAST_ENGAGEMENT_CONTENT|NBA|CONTENT_VALUE|ACCESS_FORMULARY|REP_TEXT_CONTENT|Access or Formulary|Y|NBA CONTENT VALUE TO BE CONFIGURED|PROD|TALTZ_PSORIATIC ARTHRITIS||
LAST_ENGAGEMENT_CONTENT|NBA|CONTENT_VALUE|DEVICE|REP_TEXT_CONTENT|Device|Y|NBA CONTENT VALUE TO BE CONFIGURED|PROD|TALTZ_PSORIASIS||
LAST_ENGAGEMENT_CONTENT|NBA|CONTENT_VALUE|DEVICE|REP_TEXT_CONTENT|Device|Y|NBA CONTENT VALUE TO BE CONFIGURED|PROD|TALTZ_PSORIATIC ARTHRITIS||
LAST_ENGAGEMENT_CONTENT|NBA|CONTENT_VALUE|DISEASE_STATE|REP_TEXT_CONTENT|Disease State|Y|NBA CONTENT VALUE TO BE CONFIGURED|PROD|TALTZ_PSORIASIS||
LAST_ENGAGEMENT_CONTENT|NBA|CONTENT_VALUE|DISEASE_STATE|REP_TEXT_CONTENT|Disease State|Y|NBA CONTENT VALUE TO BE CONFIGURED|PROD|TALTZ_PSORIATIC ARTHRITIS||
LAST_ENGAGEMENT_CONTENT|NBA|CONTENT_VALUE|DOSING|REP_TEXT_CONTENT|Dosing - how to take Taltz||||||
LAST_ENGAGEMENT_CONTENT|NBA|CONTENT_VALUE|EASE_OF_ADMINISTRATION|REP_TEXT_CONTENT|Ease of Administration - # of injections|Y|NBA CONTENT VALUE TO BE CONFIGURED|PROD|TALTZ_PSORIASIS||
LAST_ENGAGEMENT_CONTENT|NBA|CONTENT_VALUE|EASE_OF_ADMINISTRATION|REP_TEXT_CONTENT|Ease of Administration - # of injections|Y|NBA CONTENT VALUE TO BE CONFIGURED|PROD|TALTZ_PSORIATIC ARTHRITIS||
LAST_ENGAGEMENT_CONTENT|NBA|CONTENT_VALUE|EFFICACY#COMBINATION_THERAPY|REP_TEXT_CONTENT|Efficacy_Combination Therapy - any + MTX data|Y|NBA CONTENT VALUE TO BE CONFIGURED|PROD|TALTZ_PSORIATIC ARTHRITIS||
LAST_ENGAGEMENT_CONTENT|NBA|CONTENT_VALUE|EFFICACY#CORE|REP_TEXT_CONTENT|Efficacy_Core - SPIRIT P1|Y|NBA CONTENT VALUE TO BE CONFIGURED|PROD|TALTZ_PSORIATIC ARTHRITIS||
LAST_ENGAGEMENT_CONTENT|NBA|CONTENT_VALUE|EFFICACY#CORE|REP_TEXT_CONTENT|Efficacy_Core – Complete Clearance||||||
LAST_ENGAGEMENT_CONTENT|NBA|CONTENT_VALUE|EFFICACY#CORE|REP_TEXT_CONTENT|efficacy data (MHD Reduction||||||
LAST_ENGAGEMENT_CONTENT|NBA|CONTENT_VALUE|EFFICACY#ENTHESITIS_DACTYLITIS|REP_TEXT_CONTENT|Efficacy_Enthesitis-Dactylitis|Y|NBA CONTENT VALUE TO BE CONFIGURED|PROD|TALTZ_PSORIATIC ARTHRITIS||
LAST_ENGAGEMENT_CONTENT|NBA|CONTENT_VALUE|EFFICACY#HEAD_TO_HEAD|REP_TEXT_CONTENT|Efficacy_Head to Head|Y|NBA CONTENT VALUE TO BE CONFIGURED|PROD|TALTZ_PSORIATIC ARTHRITIS||
LAST_ENGAGEMENT_CONTENT|NBA|CONTENT_VALUE|EFFICACY#LONG_TERM|REP_TEXT_CONTENT|Efficacy_Long Term - 3 year or consistency data|Y|NBA CONTENT VALUE TO BE CONFIGURED|PROD|TALTZ_PSORIATIC ARTHRITIS||
LAST_ENGAGEMENT_CONTENT|NBA|CONTENT_VALUE|EFFICACY#LONG_TERM|REP_TEXT_CONTENT|Efficacy_Long Term - Durable or 5 year data|Y|NBA CONTENT VALUE TO BE CONFIGURED|PROD|TALTZ_PSORIASIS||
LAST_ENGAGEMENT_CONTENT|NBA|CONTENT_VALUE|EFFICACY#NA|REP_TEXT_CONTENT|Efficacy_N/A - general focus|Y|NBA CONTENT VALUE TO BE CONFIGURED|PROD|TALTZ_PSORIASIS||
LAST_ENGAGEMENT_CONTENT|NBA|CONTENT_VALUE|EFFICACY#NA|REP_TEXT_CONTENT|Efficacy_N/A - general focus|Y|NBA CONTENT VALUE TO BE CONFIGURED|PROD|TALTZ_PSORIATIC ARTHRITIS||
LAST_ENGAGEMENT_CONTENT|NBA|CONTENT_VALUE|EFFICACY#NOW_APPROVED|REP_TEXT_CONTENT|Efficacy_Now Approved|Y|NBA CONTENT VALUE TO BE CONFIGURED|PROD|TALTZ_PSORIASIS||
LAST_ENGAGEMENT_CONTENT|NBA|CONTENT_VALUE|EFFICACY#NOW_APPROVED|REP_TEXT_CONTENT|Efficacy_Now Approved|Y|NBA CONTENT VALUE TO BE CONFIGURED|PROD|TALTZ_PSORIATIC ARTHRITIS||
LAST_ENGAGEMENT_CONTENT|NBA|CONTENT_VALUE|EFFICACY#PSO_PEDS|REP_TEXT_CONTENT|Efficacy_Pso - PsO data|Y|NBA CONTENT VALUE TO BE CONFIGURED|PROD|TALTZ_PSORIATIC ARTHRITIS||
LAST_ENGAGEMENT_CONTENT|NBA|CONTENT_VALUE|EFFICACY#RAPID_ONSET|REP_TEXT_CONTENT|Efficacy_Rapid Onset - 16 week data|Y|NBA CONTENT VALUE TO BE CONFIGURED|PROD|TALTZ_PSORIATIC ARTHRITIS||
LAST_ENGAGEMENT_CONTENT|NBA|CONTENT_VALUE|EFFICACY#RAPID_ONSET|REP_TEXT_CONTENT|Efficacy_Rapid Onset|Y|NBA CONTENT VALUE TO BE CONFIGURED|PROD|TALTZ_PSORIASIS||
LAST_ENGAGEMENT_CONTENT|NBA|CONTENT_VALUE|EFFICACY#SECONDARY|REP_TEXT_CONTENT|Efficacy_Secondary - CBA or PsA|Y|NBA CONTENT VALUE TO BE CONFIGURED|PROD|TALTZ_PSORIASIS||
LAST_ENGAGEMENT_CONTENT|NBA|CONTENT_VALUE|EFFICACY#SECONDARY|REP_TEXT_CONTENT|Efficacy_Secondary - SPIRIT P2|Y|NBA CONTENT VALUE TO BE CONFIGURED|PROD|TALTZ_PSORIATIC ARTHRITIS||
LAST_ENGAGEMENT_CONTENT|NBA|CONTENT_VALUE|EFFICACY#SPINAL_PAIN_AND_STIFFNESS|REP_TEXT_CONTENT|Efficacy_Spinal Pain and Stiffness - COAST||||||
LAST_ENGAGEMENT_CONTENT|NBA|CONTENT_VALUE|EFFICACY#STRUCTURE|REP_TEXT_CONTENT|Efficacy_Structure - mTSS data|Y|NBA CONTENT VALUE TO BE CONFIGURED|PROD|TALTZ_PSORIATIC ARTHRITIS||
LAST_ENGAGEMENT_CONTENT|NBA|CONTENT_VALUE|EFFICACY#STRUCTURE|REP_TEXT_CONTENT|Efficacy_Structure|Y|NBA CONTENT VALUE TO BE CONFIGURED|PROD|TALTZ_PSORIASIS||
LAST_ENGAGEMENT_CONTENT|NBA|CONTENT_VALUE|EFFICACY|REP_TEXT_CONTENT|Complete Clearance||||||
LAST_ENGAGEMENT_CONTENT|NBA|CONTENT_VALUE|GENERAL|REP_TEXT_CONTENT|Taltz Brand content not specific to one topic|Y|NBA CONTENT VALUE TO BE CONFIGURED|PROD|TALTZ_PSORIASIS||
LAST_ENGAGEMENT_CONTENT|NBA|CONTENT_VALUE|GENERAL|REP_TEXT_CONTENT|Taltz Brand content not specific to one topic|Y|NBA CONTENT VALUE TO BE CONFIGURED|PROD|TALTZ_PSORIATIC ARTHRITIS||
LAST_ENGAGEMENT_CONTENT|NBA|CONTENT_VALUE|INITIATION|REP_TEXT_CONTENT|Initiation|Y|NBA CONTENT VALUE TO BE CONFIGURED|PROD|TALTZ_PSORIASIS||
LAST_ENGAGEMENT_CONTENT|NBA|CONTENT_VALUE|INITIATION|REP_TEXT_CONTENT|Initiation|Y|NBA CONTENT VALUE TO BE CONFIGURED|PROD|TALTZ_PSORIATIC ARTHRITIS||
LAST_ENGAGEMENT_CONTENT|NBA|CONTENT_VALUE|MOA|REP_TEXT_CONTENT|Mechanism of Action|Y|NBA CONTENT VALUE TO BE CONFIGURED|PROD|TALTZ_PSORIASIS||
LAST_ENGAGEMENT_CONTENT|NBA|CONTENT_VALUE|MOA|REP_TEXT_CONTENT|Mechanism of Action|Y|NBA CONTENT VALUE TO BE CONFIGURED|PROD|TALTZ_PSORIATIC ARTHRITIS||
LAST_ENGAGEMENT_CONTENT|NBA|CONTENT_VALUE|OPERATIONAL_LOGISTICS|REP_TEXT_CONTENT|Operational Logistics - P2P VAE or Virtual Call VAE|Y|NBA CONTENT VALUE TO BE CONFIGURED|PROD|TALTZ_PSORIASIS||
LAST_ENGAGEMENT_CONTENT|NBA|CONTENT_VALUE|OPERATIONAL_LOGISTICS|REP_TEXT_CONTENT|Operational Logistics - P2P VAE or Virtual Call VAE|Y|NBA CONTENT VALUE TO BE CONFIGURED|PROD|TALTZ_PSORIATIC ARTHRITIS||
LAST_ENGAGEMENT_CONTENT|NBA|CONTENT_VALUE|PATIENT_AFFORDABILITY|REP_TEXT_CONTENT|Patient Affordability - Copay Cards|Y|NBA CONTENT VALUE TO BE CONFIGURED|PROD|TALTZ_PSORIASIS||
LAST_ENGAGEMENT_CONTENT|NBA|CONTENT_VALUE|PATIENT_AFFORDABILITY|REP_TEXT_CONTENT|Patient Affordability - Copay Cards|Y|NBA CONTENT VALUE TO BE CONFIGURED|PROD|TALTZ_PSORIATIC ARTHRITIS||
LAST_ENGAGEMENT_CONTENT|NBA|CONTENT_VALUE|PATIENT_CUSTOMER_SUPPORT|REP_TEXT_CONTENT|Patient or Customer support - Taltz Together|Y|NBA CONTENT VALUE TO BE CONFIGURED|PROD|TALTZ_PSORIASIS||
LAST_ENGAGEMENT_CONTENT|NBA|CONTENT_VALUE|PATIENT_CUSTOMER_SUPPORT|REP_TEXT_CONTENT|Patient or Customer support - Taltz Together|Y|NBA CONTENT VALUE TO BE CONFIGURED|PROD|TALTZ_PSORIATIC ARTHRITIS||
LAST_ENGAGEMENT_CONTENT|NBA|CONTENT_VALUE|PATIENT_TYPE_IDENTIFICATION|REP_TEXT_CONTENT|Patient Type or Identification|Y|NBA CONTENT VALUE TO BE CONFIGURED|PROD|TALTZ_PSORIASIS||
LAST_ENGAGEMENT_CONTENT|NBA|CONTENT_VALUE|PATIENT_TYPE_IDENTIFICATION|REP_TEXT_CONTENT|Patient Type or Identification|Y|NBA CONTENT VALUE TO BE CONFIGURED|PROD|TALTZ_PSORIATIC ARTHRITIS||
LAST_ENGAGEMENT_CONTENT|NBA|CONTENT_VALUE|RESOURCES|REP_TEXT_CONTENT|Resources|Y|NBA CONTENT VALUE TO BE CONFIGURED|PROD|TALTZ_PSORIASIS||
LAST_ENGAGEMENT_CONTENT|NBA|CONTENT_VALUE|SAFETY#AS|REP_TEXT_CONTENT|Safety_AS|Y|NBA CONTENT VALUE TO BE CONFIGURED|PROD|TALTZ_PSORIATIC ARTHRITIS||
LAST_ENGAGEMENT_CONTENT|NBA|CONTENT_VALUE|SAFETY#HEAD_TO_HEAD|REP_TEXT_CONTENT|Safety_Head to Head - SPIRIT H2H Safety|Y|NBA CONTENT VALUE TO BE CONFIGURED|PROD|TALTZ_PSORIATIC ARTHRITIS||
LAST_ENGAGEMENT_CONTENT|NBA|CONTENT_VALUE|SAFETY#LONG_TERM|REP_TEXT_CONTENT|Safety_Long Term - 5 year safety data|Y|NBA CONTENT VALUE TO BE CONFIGURED|PROD|TALTZ_PSORIASIS||
LAST_ENGAGEMENT_CONTENT|NBA|CONTENT_VALUE|SAFETY#LONG_TERM|REP_TEXT_CONTENT|Safety_Long Term - 5 year safety data|Y|NBA CONTENT VALUE TO BE CONFIGURED|PROD|TALTZ_PSORIATIC ARTHRITIS||
LAST_ENGAGEMENT_CONTENT|NBA|CONTENT_VALUE|SAFETY#NA|REP_TEXT_CONTENT|Safety_N/A|Y|NBA CONTENT VALUE TO BE CONFIGURED|PROD|TALTZ_PSORIASIS||
LAST_ENGAGEMENT_CONTENT|NBA|CONTENT_VALUE|SAFETY#NA|REP_TEXT_CONTENT|Safety_N/A|Y|NBA CONTENT VALUE TO BE CONFIGURED|PROD|TALTZ_PSORIATIC ARTHRITIS||
LAST_ENGAGEMENT_CONTENT|NBA|CONTENT_VALUE|SAFETY#NR_AXSPA|REP_TEXT_CONTENT|Safety_NR AxSpA|Y|NBA CONTENT VALUE TO BE CONFIGURED|PROD|TALTZ_PSORIATIC ARTHRITIS||
LAST_ENGAGEMENT_CONTENT|NBA|CONTENT_VALUE|SAFETY#PSA|REP_TEXT_CONTENT|Safety_PSA - SPIRIT P1 or P2 safety data|Y|NBA CONTENT VALUE TO BE CONFIGURED|PROD|TALTZ_PSORIATIC ARTHRITIS||
LAST_ENGAGEMENT_CONTENT|NBA|CONTENT_VALUE|SAFETY#PSO_ADULTS|REP_TEXT_CONTENT|Safety_PSO Adults - PsO safety data|Y|NBA CONTENT VALUE TO BE CONFIGURED|PROD|TALTZ_PSORIATIC ARTHRITIS||
LAST_ENGAGEMENT_CONTENT|NBA|CONTENT_VALUE|SAFETY#PSO_ADULTS|REP_TEXT_CONTENT|Safety_PSO Adults|Y|NBA CONTENT VALUE TO BE CONFIGURED|PROD|TALTZ_PSORIASIS||
LAST_ENGAGEMENT_CONTENT|NBA|CONTENT_VALUE|SAFETY#PSO_PEDS|REP_TEXT_CONTENT|Safety_PSO Peds|Y|NBA CONTENT VALUE TO BE CONFIGURED|PROD|TALTZ_PSORIATIC ARTHRITIS||
LAST_ENGAGEMENT_CONTENT|NBA|CONTENT_VALUE|SAFETY#SIDE_EFFECTS|REP_TEXT_CONTENT|Safety_Side Effects - IBD or ISR data|Y|NBA CONTENT VALUE TO BE CONFIGURED|PROD|TALTZ_PSORIASIS||
LAST_ENGAGEMENT_CONTENT|NBA|CONTENT_VALUE|SAFETY#SIDE_EFFECTS|REP_TEXT_CONTENT|Safety_Side Effects - IBD or ISR data|Y|NBA CONTENT VALUE TO BE CONFIGURED|PROD|TALTZ_PSORIATIC ARTHRITIS||
LAST_ENGAGEMENT_CONTENT|NBA|CONTENT_VALUE|UNMET_NEED|REP_TEXT_CONTENT|Patient Expectations||||||
LAST_ENGAGEMENT_CONTENT|NBA|CONTENT_VALUE|UNMET_NEED|REP_TEXT_CONTENT|Unmet Need - Patient Expectations or Diagnosis and Treatment Opportunity of PsA|Y|NBA CONTENT VALUE TO BE CONFIGURED|PROD|TALTZ_PSORIATIC ARTHRITIS||
LAST_ENGAGEMENT_CONTENT|NBA|CONTENT_VALUE|UNMET_NEED|REP_TEXT_CONTENT|Unmet Need - Patient Expectations or Diagnosis and Treatment Opportunity of PsO|Y|NBA CONTENT VALUE TO BE CONFIGURED|PROD|TALTZ_PSORIASIS||
LOOK_BACK_PERIOD_ACTIVITY||US1M|GASTRO|||N|SALESFORCE AND ACTIVITY LOOK BACK MAPPING||60
LOOK_BACK_PERIOD_ACTIVITY||US1U|ALZ_ADC|||Y|SALESFORCE AND ACTIVITY LOOK BACK MAPPING||60||
LOOK_BACK_PERIOD_ACTIVITY||US6L|GI_BIAD_SL1|||N|SALESFORCE AND ACTIVITY LOOK BACK MAPPING||135||
LOOK_BACK_PERIOD_ACTIVITY||US6M|GI_BIAD_SL2|||N|SALESFORCE AND ACTIVITY LOOK BACK MAPPING||135||
LOOK_BACK_PERIOD_ACTIVITY||US6N|GI_UNAD_SL|||N|SALESFORCE AND ACTIVITY LOOK BACK MAPPING||135||
LOOK_BACK_PERIOD_ACTIVITY||US7P|ONC_PORTFOLIO|||Y|SALESFORCE AND ACTIVITY LOOK BACK MAPPING||135||
LOOK_BACK_PERIOD_ACTIVITY||US8D|CMH_TERR_1|||Y|SALESFORCE AND ACTIVITY LOOK BACK MAPPING||60||
LOOK_BACK_PERIOD_ACTIVITY||US8E|CMH_TERR_2|||Y|SALESFORCE AND ACTIVITY LOOK BACK MAPPING||60||
LOOK_BACK_PERIOD_ACTIVITY||US8F|CMH_UNAD_TERR|||Y|SALESFORCE AND ACTIVITY LOOK BACK MAPPING||60||
LOOK_BACK_PERIOD_ACTIVITY||USV4|Derm_1|||Y|SALESFORCE AND ACTIVITY LOOK BACK MAPPING||60
LOOK_BACK_PERIOD_ACTIVITY||USV5|Derm_2|||Y|SALESFORCE AND ACTIVITY LOOK BACK MAPPING||60
LOOK_BACK_PERIOD_ACTIVITY||USV6|Rheum_1|||Y|SALESFORCE AND ACTIVITY LOOK BACK MAPPING||60
LOOK_BACK_PERIOD_ACTIVITY||USV7|Rheum_2|||Y|SALESFORCE AND ACTIVITY LOOK BACK MAPPING||60
LOOK_BACK_PERIOD_ACTIVITY||USV8|DERM_RHEUM_HYB|||Y|SALESFORCE AND ACTIVITY LOOK BACK MAPPING||60
ML_CONTENT_CATEGORIES_TALTZ|SOA|MESSAGE_TYPE|ACCESS OR FORMULARY|CONTENT_TYPE_ID|ACCESS_FORMULARY|Y|NBA SOA MESSAGE TYPE||||
ML_CONTENT_CATEGORIES_TALTZ|SOA|MESSAGE_TYPE|ACCESS/FORMULARY|CONTENT_TYPE_ID|ACCESS_FORMULARY|Y|NBA SOA MESSAGE TYPE||||
ML_CONTENT_CATEGORIES_TALTZ|SOA|MESSAGE_TYPE|ADHERENCE|CONTENT_TYPE_ID|ADHERENCE|Y|NBA SOA MESSAGE TYPE||||
ML_CONTENT_CATEGORIES_TALTZ|SOA|MESSAGE_TYPE|ALL|CONTENT_TYPE_ID|GENERAL|Y|NBA SOA MESSAGE TYPE||||
ML_CONTENT_CATEGORIES_TALTZ|SOA|MESSAGE_TYPE|DEVICE|CONTENT_TYPE_ID|DEVICE|Y|NBA SOA MESSAGE TYPE||||
ML_CONTENT_CATEGORIES_TALTZ|SOA|MESSAGE_TYPE|DIAGNOSTIC|CONTENT_TYPE_ID|DIAGNOSTIC|Y|NBA SOA MESSAGE TYPE||||
ML_CONTENT_CATEGORIES_TALTZ|SOA|MESSAGE_TYPE|DISEASE STATE|CONTENT_TYPE_ID|DISEASE_STATE|Y|NBA SOA MESSAGE TYPE||||
ML_CONTENT_CATEGORIES_TALTZ|SOA|MESSAGE_TYPE|DOSING|CONTENT_TYPE_ID|DOSING|Y|NBA SOA MESSAGE TYPE||||
ML_CONTENT_CATEGORIES_TALTZ|SOA|MESSAGE_TYPE|EASE OF ADMINISTRATION|CONTENT_TYPE_ID|EASE_OF_ADMINISTRATION|Y|NBA SOA MESSAGE TYPE||||
ML_CONTENT_CATEGORIES_TALTZ|SOA|MESSAGE_TYPE|EFFICACY#COMBINATION THERAPY|CONTENT_TYPE_ID|EFFICACY#COMBINATION_THERAPY|Y|NBA SOA MESSAGE TYPE||||
ML_CONTENT_CATEGORIES_TALTZ|SOA|MESSAGE_TYPE|EFFICACY#COMBINATION_THERAPY|CONTENT_TYPE_ID|EFFICACY#COMBINATION_THERAPY|Y|NBA SOA MESSAGE TYPE||||
ML_CONTENT_CATEGORIES_TALTZ|SOA|MESSAGE_TYPE|EFFICACY#CORE|CONTENT_TYPE_ID|EFFICACY#CORE|Y|NBA SOA MESSAGE TYPE||||
ML_CONTENT_CATEGORIES_TALTZ|SOA|MESSAGE_TYPE|EFFICACY#ENTHESITIS-DACYLITIS|CONTENT_TYPE_ID|EFFICACY#ENTHESITIS_DACYLITIS|Y|NBA SOA MESSAGE TYPE||||
ML_CONTENT_CATEGORIES_TALTZ|SOA|MESSAGE_TYPE|EFFICACY#ENTHESITIS_DACYLITIS|CONTENT_TYPE_ID|EFFICACY#ENTHESITIS_DACYLITIS|Y|NBA SOA MESSAGE TYPE||||
ML_CONTENT_CATEGORIES_TALTZ|SOA|MESSAGE_TYPE|EFFICACY#HEAD TO HEAD|CONTENT_TYPE_ID|EFFICACY#HEAD_TO_HEAD|Y|NBA SOA MESSAGE TYPE||||
ML_CONTENT_CATEGORIES_TALTZ|SOA|MESSAGE_TYPE|EFFICACY#HEAD_TO_HEAD|CONTENT_TYPE_ID|EFFICACY#HEAD_TO_HEAD|Y|NBA SOA MESSAGE TYPE||||
ML_CONTENT_CATEGORIES_TALTZ|SOA|MESSAGE_TYPE|EFFICACY#LONG TERM|CONTENT_TYPE_ID|EFFICACY#LONG_TERM|Y|NBA SOA MESSAGE TYPE||||
ML_CONTENT_CATEGORIES_TALTZ|SOA|MESSAGE_TYPE|EFFICACY#LONG_TERM|CONTENT_TYPE_ID|EFFICACY#LONG_TERM|Y|NBA SOA MESSAGE TYPE||||
ML_CONTENT_CATEGORIES_TALTZ|SOA|MESSAGE_TYPE|EFFICACY#NA|CONTENT_TYPE_ID|EFFICACY#NA|Y|NBA SOA MESSAGE TYPE||||
ML_CONTENT_CATEGORIES_TALTZ|SOA|MESSAGE_TYPE|EFFICACY#NOW APPROVED|CONTENT_TYPE_ID|EFFICACY#NOW APPROVED|Y|NBA SOA MESSAGE TYPE||||
ML_CONTENT_CATEGORIES_TALTZ|SOA|MESSAGE_TYPE|EFFICACY#NOW_APPROVED|CONTENT_TYPE_ID|EFFICACY#NOW_APPROVED|Y|NBA SOA MESSAGE TYPE||||
ML_CONTENT_CATEGORIES_TALTZ|SOA|MESSAGE_TYPE|EFFICACY#PSO - PEDS|CONTENT_TYPE_ID|EFFICACY#PSO_PEDS|Y|NBA SOA MESSAGE TYPE||||
ML_CONTENT_CATEGORIES_TALTZ|SOA|MESSAGE_TYPE|EFFICACY#PSO_PEDS|CONTENT_TYPE_ID|EFFICACY#PSO_PEDS|Y|NBA SOA MESSAGE TYPE||||
ML_CONTENT_CATEGORIES_TALTZ|SOA|MESSAGE_TYPE|EFFICACY#RAPID ONSET|CONTENT_TYPE_ID|EFFICACY#RAPID_ONSET|Y|NBA SOA MESSAGE TYPE||||
ML_CONTENT_CATEGORIES_TALTZ|SOA|MESSAGE_TYPE|EFFICACY#RAPID_ONSET|CONTENT_TYPE_ID|EFFICACY#RAPID_ONSET|Y|NBA SOA MESSAGE TYPE||||
ML_CONTENT_CATEGORIES_TALTZ|SOA|MESSAGE_TYPE|EFFICACY#SECONDARY|CONTENT_TYPE_ID|EFFICACY#SECONDARY|Y|NBA SOA MESSAGE TYPE||||
ML_CONTENT_CATEGORIES_TALTZ|SOA|MESSAGE_TYPE|EFFICACY#SPINAL PAIN AND STIFFNESS|CONTENT_TYPE_ID|EFFICACY#SPINAL_PAIN_AND_STIFFNESS|Y|NBA SOA MESSAGE TYPE||||
ML_CONTENT_CATEGORIES_TALTZ|SOA|MESSAGE_TYPE|EFFICACY#SPINAL_PAIN_AND_STIFFNESS|CONTENT_TYPE_ID|EFFICACY#SPINAL_PAIN_AND_STIFFNESS|Y|NBA SOA MESSAGE TYPE||||
ML_CONTENT_CATEGORIES_TALTZ|SOA|MESSAGE_TYPE|EFFICACY#STRUCTURE|CONTENT_TYPE_ID|EFFICACY#STRUCTURE|Y|NBA SOA MESSAGE TYPE||||
ML_CONTENT_CATEGORIES_TALTZ|SOA|MESSAGE_TYPE|GENERAL|CONTENT_TYPE_ID|GENERAL|Y|NBA SOA MESSAGE TYPE||||
ML_CONTENT_CATEGORIES_TALTZ|SOA|MESSAGE_TYPE|GUIDELINES|CONTENT_TYPE_ID|GUIDELINES|Y|NBA SOA MESSAGE TYPE||||
ML_CONTENT_CATEGORIES_TALTZ|SOA|MESSAGE_TYPE|INITIATION|CONTENT_TYPE_ID|INITIATION|Y|NBA SOA MESSAGE TYPE||||
ML_CONTENT_CATEGORIES_TALTZ|SOA|MESSAGE_TYPE|MECHANISM OF ACTION|CONTENT_TYPE_ID|MOA|Y|NBA SOA MESSAGE TYPE||||
ML_CONTENT_CATEGORIES_TALTZ|SOA|MESSAGE_TYPE|MOA|CONTENT_TYPE_ID|MOA|Y|NBA SOA MESSAGE TYPE||||
ML_CONTENT_CATEGORIES_TALTZ|SOA|MESSAGE_TYPE|OPERATIONAL LOGISTICS|CONTENT_TYPE_ID|OPERATIONAL_LOGISTICS|Y|NBA SOA MESSAGE TYPE||||
ML_CONTENT_CATEGORIES_TALTZ|SOA|MESSAGE_TYPE|PATIENT AFFORDABILITY|CONTENT_TYPE_ID|PATIENT_AFFORDABILITY|Y|NBA SOA MESSAGE TYPE||||
ML_CONTENT_CATEGORIES_TALTZ|SOA|MESSAGE_TYPE|PATIENT OR CUSTOMER SUPPORT|CONTENT_TYPE_ID|PATIENT_CUSTOMER_SUPPORT|Y|NBA SOA MESSAGE TYPE||||
ML_CONTENT_CATEGORIES_TALTZ|SOA|MESSAGE_TYPE|PATIENT TYPE OR IDENTIFICATION|CONTENT_TYPE_ID|PATIENT_TYPE_IDENTIFICATION|Y|NBA SOA MESSAGE TYPE||||
ML_CONTENT_CATEGORIES_TALTZ|SOA|MESSAGE_TYPE|PATIENT TYPE/IDENTIFICATION|CONTENT_TYPE_ID|PATIENT_TYPE_IDENTIFICATION|Y|NBA SOA MESSAGE TYPE||||
ML_CONTENT_CATEGORIES_TALTZ|SOA|MESSAGE_TYPE|PATIENT/CUSTOMER SUPPORT|CONTENT_TYPE_ID|PATIENT_CUSTOMER_SUPPORT|Y|NBA SOA MESSAGE TYPE||||
ML_CONTENT_CATEGORIES_TALTZ|SOA|MESSAGE_TYPE|PRODUCT ATTRIBUTES|CONTENT_TYPE_ID|PRODUCT_ATTRIBUTES|Y|NBA SOA MESSAGE TYPE||||
ML_CONTENT_CATEGORIES_TALTZ|SOA|MESSAGE_TYPE|REAL WORLD EVIDENCE|CONTENT_TYPE_ID|REAL_WORLD_EVIDENCE|Y|NBA SOA MESSAGE TYPE||||
ML_CONTENT_CATEGORIES_TALTZ|SOA|MESSAGE_TYPE|RESOURCES|CONTENT_TYPE_ID|RESOURCES|Y|NBA SOA MESSAGE TYPE||||
ML_CONTENT_CATEGORIES_TALTZ|SOA|MESSAGE_TYPE|SAFETY#AS|CONTENT_TYPE_ID|SAFETY#AS|Y|NBA SOA MESSAGE TYPE||||
ML_CONTENT_CATEGORIES_TALTZ|SOA|MESSAGE_TYPE|SAFETY#HEAD TO HEAD|CONTENT_TYPE_ID|SAFETY#HEAD_TO_HEAD|Y|NBA SOA MESSAGE TYPE||||
ML_CONTENT_CATEGORIES_TALTZ|SOA|MESSAGE_TYPE|SAFETY#HEAD_TO_HEAD|CONTENT_TYPE_ID|SAFETY#HEAD_TO_HEAD|Y|NBA SOA MESSAGE TYPE||||
ML_CONTENT_CATEGORIES_TALTZ|SOA|MESSAGE_TYPE|SAFETY#LONG TERM|CONTENT_TYPE_ID|SAFETY#LONG_TERM|Y|NBA SOA MESSAGE TYPE||||
ML_CONTENT_CATEGORIES_TALTZ|SOA|MESSAGE_TYPE|SAFETY#LONG_TERM|CONTENT_TYPE_ID|SAFETY#LONG_TERM|Y|NBA SOA MESSAGE TYPE||||
ML_CONTENT_CATEGORIES_TALTZ|SOA|MESSAGE_TYPE|SAFETY#NA|CONTENT_TYPE_ID|GENERAL|Y|NBA SOA MESSAGE TYPE||||
ML_CONTENT_CATEGORIES_TALTZ|SOA|MESSAGE_TYPE|SAFETY#NR AXSPA|CONTENT_TYPE_ID|SAFETY#NR_AXSPA|Y|NBA SOA MESSAGE TYPE||||
ML_CONTENT_CATEGORIES_TALTZ|SOA|MESSAGE_TYPE|SAFETY#NR_AXSPA|CONTENT_TYPE_ID|SAFETY#NR_AXSPA|Y|NBA SOA MESSAGE TYPE||||
ML_CONTENT_CATEGORIES_TALTZ|SOA|MESSAGE_TYPE|SAFETY#PSA|CONTENT_TYPE_ID|SAFETY#PSA|Y|NBA SOA MESSAGE TYPE||||
ML_CONTENT_CATEGORIES_TALTZ|SOA|MESSAGE_TYPE|SAFETY#PSO - ADULT|CONTENT_TYPE_ID|SAFETY#PSO_ADULT|Y|NBA SOA MESSAGE TYPE||||
ML_CONTENT_CATEGORIES_TALTZ|SOA|MESSAGE_TYPE|SAFETY#PSO - PEDS|CONTENT_TYPE_ID|SAFETY#PSO_PEDS|Y|NBA SOA MESSAGE TYPE||||
ML_CONTENT_CATEGORIES_TALTZ|SOA|MESSAGE_TYPE|SAFETY#PSO_ADULT|CONTENT_TYPE_ID|SAFETY#PSO_ADULT|Y|NBA SOA MESSAGE TYPE||||
ML_CONTENT_CATEGORIES_TALTZ|SOA|MESSAGE_TYPE|SAFETY#PSO_PEDS|CONTENT_TYPE_ID|SAFETY#PSO_PEDS|Y|NBA SOA MESSAGE TYPE||||
ML_CONTENT_CATEGORIES_TALTZ|SOA|MESSAGE_TYPE|SAFETY#SIDE EFFECTS|CONTENT_TYPE_ID|SAFETY#SIDE_EFFECTS|Y|NBA SOA MESSAGE TYPE||||
ML_CONTENT_CATEGORIES_TALTZ|SOA|MESSAGE_TYPE|SAFETY#SIDE_EFFECTS|CONTENT_TYPE_ID|SAFETY#SIDE_EFFECTS|Y|NBA SOA MESSAGE TYPE||||
ML_CONTENT_CATEGORIES_TALTZ|SOA|MESSAGE_TYPE|STUDY DESIGN|CONTENT_TYPE_ID|STUDY_DESIGN|Y|NBA SOA MESSAGE TYPE||||
ML_CONTENT_CATEGORIES_TALTZ|SOA|MESSAGE_TYPE|TREATMENT LANDSCAPES|CONTENT_TYPE_ID|TREATMENT_LANDSCAPE|Y|NBA SOA MESSAGE TYPE||||
ML_CONTENT_CATEGORIES_TALTZ|SOA|MESSAGE_TYPE|TREATMENT LANDSCAPE|CONTENT_TYPE_ID|TREATMENT_LANDSCAPE|Y|NBA SOA MESSAGE TYPE||||
ML_CONTENT_CATEGORIES_TALTZ|SOA|MESSAGE_TYPE|UNMET NEED|CONTENT_TYPE_ID|UNMET_NEED|Y|NBA SOA MESSAGE TYPE||||
ML_CONTENT_CATEGORIES|SOA|MESSAGE_TYPE|ACCESS OR FORMULARY|CONTENT_TYPE_ID|ACCESS_FORMULARY|Y|NBA SOA MESSAGE TYPE||||
ML_CONTENT_CATEGORIES|SOA|MESSAGE_TYPE|ACCESS/FORMULARY|CONTENT_TYPE_ID|ACCESS_FORMULARY|Y|NBA SOA MESSAGE TYPE||||
ML_CONTENT_CATEGORIES|SOA|MESSAGE_TYPE|ACCESS_FORMULARY|CONTENT_TYPE_ID|ACCESS_FORMULARY|Y|NBA SOA MESSAGE TYPE||||
ML_CONTENT_CATEGORIES|SOA|MESSAGE_TYPE|ADHERENCE|CONTENT_TYPE_ID|ADHERENCE|Y|NBA SOA MESSAGE TYPE||||
ML_CONTENT_CATEGORIES|SOA|MESSAGE_TYPE|ALL|CONTENT_TYPE_ID|GENERAL|Y|NBA SOA MESSAGE TYPE||||
ML_CONTENT_CATEGORIES|SOA|MESSAGE_TYPE|CONTENT|CONTENT_TYPE_ID|US_613009|Y|NBA SOA MESSAGE TYPE||||
ML_CONTENT_CATEGORIES|SOA|MESSAGE_TYPE|DEVICE|CONTENT_TYPE_ID|DEVICE|Y|NBA SOA MESSAGE TYPE||||
ML_CONTENT_CATEGORIES|SOA|MESSAGE_TYPE|DIAGNOSTIC|CONTENT_TYPE_ID|DIAGNOSTIC|Y|NBA SOA MESSAGE TYPE||||
ML_CONTENT_CATEGORIES|SOA|MESSAGE_TYPE|DISEASE STATE|CONTENT_TYPE_ID|DISEASE_STATE|Y|NBA SOA MESSAGE TYPE||||
ML_CONTENT_CATEGORIES|SOA|MESSAGE_TYPE|DISEASE_STATE|CONTENT_TYPE_ID|DISEASE_STATE|Y|NBA SOA MESSAGE TYPE||||
ML_CONTENT_CATEGORIES|SOA|MESSAGE_TYPE|DOSING|CONTENT_TYPE_ID|DOSING|Y|NBA SOA MESSAGE TYPE||||
ML_CONTENT_CATEGORIES|SOA|MESSAGE_TYPE|EASE OF ADMINISTRATION|CONTENT_TYPE_ID|EASE_OF_ADMINISTRATION|Y|NBA SOA MESSAGE TYPE||||
ML_CONTENT_CATEGORIES|SOA|MESSAGE_TYPE|EASE_OF_ADMINISTRATION|CONTENT_TYPE_ID|EASE_OF_ADMINISTRATION|Y|NBA SOA MESSAGE TYPE||||
ML_CONTENT_CATEGORIES|SOA|MESSAGE_TYPE|EFFICACY#COMBINATION THERAPY|CONTENT_TYPE_ID|EFFICACY#COMBINATION_THERAPY|Y|NBA SOA MESSAGE TYPE||||
ML_CONTENT_CATEGORIES|SOA|MESSAGE_TYPE|EFFICACY#COMBINATION_THERAPY|CONTENT_TYPE_ID|EFFICACY#COMBINATION_THERAPY|Y|NBA SOA MESSAGE TYPE||||
ML_CONTENT_CATEGORIES|SOA|MESSAGE_TYPE|EFFICACY#CORE|CONTENT_TYPE_ID|EFFICACY#CORE|Y|NBA SOA MESSAGE TYPE||||
ML_CONTENT_CATEGORIES|SOA|MESSAGE_TYPE|EFFICACY#EFFICACY|CONTENT_TYPE_ID|EFFICACY#NA|Y|NBA SOA MESSAGE TYPE||||
ML_CONTENT_CATEGORIES|SOA|MESSAGE_TYPE|EFFICACY#ENTHESITIS-DACYLITIS|CONTENT_TYPE_ID|EFFICACY#ENTHESITIS_DACYLITIS|Y|NBA SOA MESSAGE TYPE||||
ML_CONTENT_CATEGORIES|SOA|MESSAGE_TYPE|EFFICACY#ENTHESITIS_DACYLITIS|CONTENT_TYPE_ID|EFFICACY#ENTHESITIS_DACYLITIS|Y|NBA SOA MESSAGE TYPE||||
ML_CONTENT_CATEGORIES|SOA|MESSAGE_TYPE|EFFICACY#GENERAL|CONTENT_TYPE_ID|EFFICACY#GENERAL|Y|NBA SOA MESSAGE TYPE||||
ML_CONTENT_CATEGORIES|SOA|MESSAGE_TYPE|EFFICACY#HEAD TO HEAD|CONTENT_TYPE_ID|EFFICACY#HEAD_TO_HEAD|Y|NBA SOA MESSAGE TYPE||||
ML_CONTENT_CATEGORIES|SOA|MESSAGE_TYPE|EFFICACY#HEAD_TO_HEAD|CONTENT_TYPE_ID|EFFICACY#HEAD_TO_HEAD|Y|NBA SOA MESSAGE TYPE||||
ML_CONTENT_CATEGORIES|SOA|MESSAGE_TYPE|EFFICACY#LONG TERM|CONTENT_TYPE_ID|EFFICACY#LONG_TERM|Y|NBA SOA MESSAGE TYPE||||
ML_CONTENT_CATEGORIES|SOA|MESSAGE_TYPE|EFFICACY#LONG_TERM|CONTENT_TYPE_ID|EFFICACY#LONG_TERM|Y|NBA SOA MESSAGE TYPE||||
ML_CONTENT_CATEGORIES|SOA|MESSAGE_TYPE|EFFICACY#MONARCH2|CONTENT_TYPE_ID|EFFICACY#MONARCH2|Y|NBA SOA MESSAGE TYPE||||
ML_CONTENT_CATEGORIES|SOA|MESSAGE_TYPE|EFFICACY#MONARCH3|CONTENT_TYPE_ID|EFFICACY#MONARCH3|Y|NBA SOA MESSAGE TYPE||||
ML_CONTENT_CATEGORIES|SOA|MESSAGE_TYPE|EFFICACY#MONARCHE|CONTENT_TYPE_ID|EFFICACY#MONARCHE|Y|NBA SOA MESSAGE TYPE||||
ML_CONTENT_CATEGORIES|SOA|MESSAGE_TYPE|EFFICACY#NA|CONTENT_TYPE_ID|EFFICACY#NA|Y|NBA SOA MESSAGE TYPE||||
ML_CONTENT_CATEGORIES|SOA|MESSAGE_TYPE|EFFICACY#NOW APPROVED|CONTENT_TYPE_ID|EFFICACY#NOW_APPROVED|Y|NBA SOA MESSAGE TYPE||||
ML_CONTENT_CATEGORIES|SOA|MESSAGE_TYPE|EFFICACY#NOW_APPROVED|CONTENT_TYPE_ID|EFFICACY#NOW_APPROVED|Y|NBA SOA MESSAGE TYPE||||
ML_CONTENT_CATEGORIES|SOA|MESSAGE_TYPE|EFFICACY#NSCLC CWL|CONTENT_TYPE_ID|EFFICACY#NSCLC_CWL|Y|NBA SOA MESSAGE TYPE||||
ML_CONTENT_CATEGORIES|SOA|MESSAGE_TYPE|EFFICACY#NSCLC CwL|CONTENT_TYPE_ID|EFFICACY#NSCLC_CWL|Y|NBA SOA MESSAGE TYPE||||
ML_CONTENT_CATEGORIES|SOA|MESSAGE_TYPE|EFFICACY#NSCLC_CWL|CONTENT_TYPE_ID|EFFICACY#NSCLC_CWL|Y|NBA SOA MESSAGE TYPE||||
ML_CONTENT_CATEGORIES|SOA|MESSAGE_TYPE|EFFICACY#NSCLC_CwL|CONTENT_TYPE_ID|EFFICACY#NSCLC_CWL|Y|NBA SOA MESSAGE TYPE||||
ML_CONTENT_CATEGORIES|SOA|MESSAGE_TYPE|EFFICACY#NSCLC|CONTENT_TYPE_ID|EFFICACY#NSCLC|Y|NBA SOA MESSAGE TYPE||||
ML_CONTENT_CATEGORIES|SOA|MESSAGE_TYPE|EFFICACY#PSO - PEDS|CONTENT_TYPE_ID|EFFICACY#PSO_PEDS|Y|NBA SOA MESSAGE TYPE||||
ML_CONTENT_CATEGORIES|SOA|MESSAGE_TYPE|EFFICACY#PSO_PEDS|CONTENT_TYPE_ID|EFFICACY#PSO_PEDS|Y|NBA SOA MESSAGE TYPE||||
ML_CONTENT_CATEGORIES|SOA|MESSAGE_TYPE|EFFICACY#RAPID ONSET|CONTENT_TYPE_ID|EFFICACY#RAPID_ONSET|Y|NBA SOA MESSAGE TYPE||||
ML_CONTENT_CATEGORIES|SOA|MESSAGE_TYPE|EFFICACY#RAPID_ONSET|CONTENT_TYPE_ID|EFFICACY#RAPID_ONSET|Y|NBA SOA MESSAGE TYPE||||
ML_CONTENT_CATEGORIES|SOA|MESSAGE_TYPE|EFFICACY#SECONDARY|CONTENT_TYPE_ID|EFFICACY#SECONDARY|Y|NBA SOA MESSAGE TYPE||||
ML_CONTENT_CATEGORIES|SOA|MESSAGE_TYPE|EFFICACY#SPINAL PAIN AND STIFFNESS|CONTENT_TYPE_ID|EFFICACY#SPINAL_PAIN_AND_STIFFNESS|Y|NBA SOA MESSAGE TYPE||||
ML_CONTENT_CATEGORIES|SOA|MESSAGE_TYPE|EFFICACY#SPINAL_PAIN_AND_STIFFNESS|CONTENT_TYPE_ID|EFFICACY#SPINAL_PAIN_AND_STIFFNESS|Y|NBA SOA MESSAGE TYPE||||
ML_CONTENT_CATEGORIES|SOA|MESSAGE_TYPE|EFFICACY#STRUCTURE|CONTENT_TYPE_ID|EFFICACY#STRUCTURE|Y|NBA SOA MESSAGE TYPE||||
ML_CONTENT_CATEGORIES|SOA|MESSAGE_TYPE|EFFICACY#THYROID|CONTENT_TYPE_ID|EFFICACY#THYROID|Y|NBA SOA MESSAGE TYPE||||
ML_CONTENT_CATEGORIES|SOA|MESSAGE_TYPE|EFFICACY#TUMOR AGNOSTIC|CONTENT_TYPE_ID|EFFICACY#TUMOR_AGNOSTIC|Y|NBA SOA MESSAGE TYPE||||
ML_CONTENT_CATEGORIES|SOA|MESSAGE_TYPE|EFFICACY#TUMOR_AGNOSTIC|CONTENT_TYPE_ID|EFFICACY#TUMOR_AGNOSTIC|Y|NBA SOA MESSAGE TYPE||||
ML_CONTENT_CATEGORIES|SOA|MESSAGE_TYPE|EFFICACY|CONTENT_TYPE_ID|EFFICACY|Y|NBA SOA MESSAGE TYPE||||
ML_CONTENT_CATEGORIES|SOA|MESSAGE_TYPE|GENERAL|CONTENT_TYPE_ID|GENERAL|Y|NBA SOA MESSAGE TYPE||||
ML_CONTENT_CATEGORIES|SOA|MESSAGE_TYPE|GUIDELINES|CONTENT_TYPE_ID|GUIDELINES|Y|NBA SOA MESSAGE TYPE||||
ML_CONTENT_CATEGORIES|SOA|MESSAGE_TYPE|INITIATION|CONTENT_TYPE_ID|INITIATION|Y|NBA SOA MESSAGE TYPE||||
ML_CONTENT_CATEGORIES|SOA|MESSAGE_TYPE|MECHANISM OF ACTION|CONTENT_TYPE_ID|MOA|Y|NBA SOA MESSAGE TYPE||||
ML_CONTENT_CATEGORIES|SOA|MESSAGE_TYPE|MOA|CONTENT_TYPE_ID|MOA|Y|NBA SOA MESSAGE TYPE||||
ML_CONTENT_CATEGORIES|SOA|MESSAGE_TYPE|NA|CONTENT_TYPE_ID|GENERAL|Y|NBA SOA MESSAGE TYPE||||
ML_CONTENT_CATEGORIES|SOA|MESSAGE_TYPE|OPERATIONAL LOGISTICS|CONTENT_TYPE_ID|OPERATIONAL_LOGISTICS|Y|NBA SOA MESSAGE TYPE||||
ML_CONTENT_CATEGORIES|SOA|MESSAGE_TYPE|OPERATIONAL_LOGISTICS|CONTENT_TYPE_ID|OPERATIONAL_LOGISTICS|Y|NBA SOA MESSAGE TYPE||||
ML_CONTENT_CATEGORIES|SOA|MESSAGE_TYPE|PATIENT AFFORDABILITY|CONTENT_TYPE_ID|PATIENT_AFFORDABILITY|Y|NBA SOA MESSAGE TYPE||||
ML_CONTENT_CATEGORIES|SOA|MESSAGE_TYPE|PATIENT OR CUSTOMER SUPPORT|CONTENT_TYPE_ID|PATIENT_CUSTOMER_SUPPORT|Y|NBA SOA MESSAGE TYPE||||
ML_CONTENT_CATEGORIES|SOA|MESSAGE_TYPE|PATIENT TYPE OR IDENTIFICATION|CONTENT_TYPE_ID|PATIENT_TYPE_IDENTIFICATION|Y|NBA SOA MESSAGE TYPE||||
ML_CONTENT_CATEGORIES|SOA|MESSAGE_TYPE|PATIENT TYPE/IDENTIFICATION|CONTENT_TYPE_ID|PATIENT_TYPE_IDENTIFICATION|Y|NBA SOA MESSAGE TYPE||||
ML_CONTENT_CATEGORIES|SOA|MESSAGE_TYPE|PATIENT/CUSTOMER SUPPORT|CONTENT_TYPE_ID|PATIENT_CUSTOMER_SUPPORT|Y|NBA SOA MESSAGE TYPE||||
ML_CONTENT_CATEGORIES|SOA|MESSAGE_TYPE|PATIENT_AFFORDABILITY|CONTENT_TYPE_ID|PATIENT_AFFORDABILITY|Y|NBA SOA MESSAGE TYPE||||
ML_CONTENT_CATEGORIES|SOA|MESSAGE_TYPE|PATIENT_CUSTOMER_SUPPORT|CONTENT_TYPE_ID|PATIENT_CUSTOMER_SUPPORT|Y|NBA SOA MESSAGE TYPE||||
ML_CONTENT_CATEGORIES|SOA|MESSAGE_TYPE|PATIENT_TYPE_IDENTIFICATION|CONTENT_TYPE_ID|PATIENT_TYPE_IDENTIFICATION|Y|NBA SOA MESSAGE TYPE||||
ML_CONTENT_CATEGORIES|SOA|MESSAGE_TYPE|PRODUCT ATTRIBUTES|CONTENT_TYPE_ID|PRODUCT_ATTRIBUTES|Y|NBA SOA MESSAGE TYPE||||
ML_CONTENT_CATEGORIES|SOA|MESSAGE_TYPE|PRODUCT_ATTRIBUTES|CONTENT_TYPE_ID|PRODUCT_ATTRIBUTES|Y|NBA SOA MESSAGE TYPE||||
ML_CONTENT_CATEGORIES|SOA|MESSAGE_TYPE|REAL WORLD EVIDENCE|CONTENT_TYPE_ID|REAL_WORLD_EVIDENCE|Y|NBA SOA MESSAGE TYPE||||
ML_CONTENT_CATEGORIES|SOA|MESSAGE_TYPE|REAL_WORLD_EVIDENCE|CONTENT_TYPE_ID|REAL_WORLD_EVIDENCE|Y|NBA SOA MESSAGE TYPE||||
ML_CONTENT_CATEGORIES|SOA|MESSAGE_TYPE|RESOURCES|CONTENT_TYPE_ID|RESOURCES|Y|NBA SOA MESSAGE TYPE||||
ML_CONTENT_CATEGORIES|SOA|MESSAGE_TYPE|SAFETY#AS|CONTENT_TYPE_ID|SAFETY#AS|Y|NBA SOA MESSAGE TYPE||||
ML_CONTENT_CATEGORIES|SOA|MESSAGE_TYPE|SAFETY#GENERAL|CONTENT_TYPE_ID|SAFETY#GENERAL|Y|NBA SOA MESSAGE TYPE||||
ML_CONTENT_CATEGORIES|SOA|MESSAGE_TYPE|SAFETY#HEAD TO HEAD|CONTENT_TYPE_ID|SAFETY#HEAD_TO_HEAD|Y|NBA SOA MESSAGE TYPE||||
ML_CONTENT_CATEGORIES|SOA|MESSAGE_TYPE|SAFETY#HEAD_TO_HEAD|CONTENT_TYPE_ID|SAFETY#HEAD_TO_HEAD|Y|NBA SOA MESSAGE TYPE||||
ML_CONTENT_CATEGORIES|SOA|MESSAGE_TYPE|SAFETY#LONG TERM|CONTENT_TYPE_ID|SAFETY#LONG_TERM|Y|NBA SOA MESSAGE TYPE||||
ML_CONTENT_CATEGORIES|SOA|MESSAGE_TYPE|SAFETY#LONG_TERM|CONTENT_TYPE_ID|SAFETY#LONG_TERM|Y|NBA SOA MESSAGE TYPE||||
ML_CONTENT_CATEGORIES|SOA|MESSAGE_TYPE|SAFETY#MONITORING_THERAPY|CONTENT_TYPE_ID|SAFETY#MONITORING_THERAPY|Y|NBA SOA MESSAGE TYPE||||
ML_CONTENT_CATEGORIES|SOA|MESSAGE_TYPE|SAFETY#NA|CONTENT_TYPE_ID|SAFETY#NA|Y|NBA SOA MESSAGE TYPE||||
ML_CONTENT_CATEGORIES|SOA|MESSAGE_TYPE|SAFETY#NOW APPROVED|CONTENT_TYPE_ID|SAFETY#NOW_APPROVED|Y|NBA SOA MESSAGE TYPE||||
ML_CONTENT_CATEGORIES|SOA|MESSAGE_TYPE|SAFETY#NOW_APPROVED|CONTENT_TYPE_ID|SAFETY#NOW_APPROVED|Y|NBA SOA MESSAGE TYPE||||
ML_CONTENT_CATEGORIES|SOA|MESSAGE_TYPE|SAFETY#NR AXSPA|CONTENT_TYPE_ID|SAFETY#NR_AXSPA|Y|NBA SOA MESSAGE TYPE||||
ML_CONTENT_CATEGORIES|SOA|MESSAGE_TYPE|SAFETY#NR_AXSPA|CONTENT_TYPE_ID|SAFETY#NR_AXSPA|Y|NBA SOA MESSAGE TYPE||||
ML_CONTENT_CATEGORIES|SOA|MESSAGE_TYPE|SAFETY#OVERDOSE|CONTENT_TYPE_ID|SAFETY#OVERDOSE|Y|NBA SOA MESSAGE TYPE||||
ML_CONTENT_CATEGORIES|SOA|MESSAGE_TYPE|SAFETY#PSA|CONTENT_TYPE_ID|SAFETY#PSA|Y|NBA SOA MESSAGE TYPE||||
ML_CONTENT_CATEGORIES|SOA|MESSAGE_TYPE|SAFETY#PSO - ADULT|CONTENT_TYPE_ID|SAFETY#PSO_ADULTS|Y|NBA SOA MESSAGE TYPE||||
ML_CONTENT_CATEGORIES|SOA|MESSAGE_TYPE|SAFETY#PSO - ADULT|CONTENT_TYPE_ID|SAFETY#PSO_ADULT|Y|NBA SOA MESSAGE TYPE||||
ML_CONTENT_CATEGORIES|SOA|MESSAGE_TYPE|SAFETY#PSO - PEDS|CONTENT_TYPE_ID|SAFETY#PSO_PEDS|Y|NBA SOA MESSAGE TYPE||||
ML_CONTENT_CATEGORIES|SOA|MESSAGE_TYPE|SAFETY#PSO_ADULTS|CONTENT_TYPE_ID|SAFETY#PSO_ADULTS|Y|NBA SOA MESSAGE TYPE||||
ML_CONTENT_CATEGORIES|SOA|MESSAGE_TYPE|SAFETY#PSO_ADULT|CONTENT_TYPE_ID|SAFETY#PSO_ADULT|Y|NBA SOA MESSAGE TYPE||||
ML_CONTENT_CATEGORIES|SOA|MESSAGE_TYPE|SAFETY#PSO_PEDS|CONTENT_TYPE_ID|SAFETY#PSO_PEDS|Y|NBA SOA MESSAGE TYPE||||
ML_CONTENT_CATEGORIES|SOA|MESSAGE_TYPE|SAFETY#RESULTS|CONTENT_TYPE_ID|SAFETY#RESULTS|Y|NBA SOA MESSAGE TYPE||||
ML_CONTENT_CATEGORIES|SOA|MESSAGE_TYPE|SAFETY#SAFETY|CONTENT_TYPE_ID|SAFETY#NA|Y|NBA SOA MESSAGE TYPE||||
ML_CONTENT_CATEGORIES|SOA|MESSAGE_TYPE|SAFETY#SIDE EFFECTS|CONTENT_TYPE_ID|SAFETY#SIDE_EFFECTS|Y|NBA SOA MESSAGE TYPE||||
ML_CONTENT_CATEGORIES|SOA|MESSAGE_TYPE|SAFETY#SIDE_EFFECTS|CONTENT_TYPE_ID|SAFETY#SIDE_EFFECTS|Y|NBA SOA MESSAGE TYPE||||
ML_CONTENT_CATEGORIES|SOA|MESSAGE_TYPE|SAFETY|CONTENT_TYPE_ID|SAFETY|Y|NBA SOA MESSAGE TYPE||||
ML_CONTENT_CATEGORIES|SOA|MESSAGE_TYPE|STUDY DESIGN|CONTENT_TYPE_ID|STUDY_DESIGN|Y|NBA SOA MESSAGE TYPE||||
ML_CONTENT_CATEGORIES|SOA|MESSAGE_TYPE|STUDY_DESIGN|CONTENT_TYPE_ID|STUDY_DESIGN|Y|NBA SOA MESSAGE TYPE||||
ML_CONTENT_CATEGORIES|SOA|MESSAGE_TYPE|TREATMENT LANDSCAPES|CONTENT_TYPE_ID|TREATMENT_LANDSCAPE|Y|NBA SOA MESSAGE TYPE||||
ML_CONTENT_CATEGORIES|SOA|MESSAGE_TYPE|TREATMENT LANDSCAPE|CONTENT_TYPE_ID|TREATMENT_LANDSCAPE|Y|NBA SOA MESSAGE TYPE||||
ML_CONTENT_CATEGORIES|SOA|MESSAGE_TYPE|TREATMENT_LANDSCAPE|CONTENT_TYPE_ID|TREATMENT_LANDSCAPE|Y|NBA SOA MESSAGE TYPE||||
ML_CONTENT_CATEGORIES|SOA|MESSAGE_TYPE|UNMET NEED|CONTENT_TYPE_ID|UNMET_NEED|Y|NBA SOA MESSAGE TYPE||||
ML_CONTENT_CATEGORIES|SOA|MESSAGE_TYPE|UNMET_NEED|CONTENT_TYPE_ID|UNMET_NEED|Y|NBA SOA MESSAGE TYPE||||
NBA_CONTENT_TAGGING|P2P|CONTENT_TYPE|ACCESS_FORMULARY|CONTENT_ID|1435|Y|INTERACTION CONTENT ID|PROD_SK|US_304528||
NBA_CONTENT_TAGGING|P2P|CONTENT_TYPE|ACCESS_FORMULARY|CONTENT_ID|189|Y|INTERACTION CONTENT ID|PROD_SK|US_304528||
NBA_CONTENT_TAGGING|P2P|CONTENT_TYPE|DEVICE|CONTENT_ID|1434|Y|INTERACTION CONTENT ID|PROD_SK|US_304528||
NBA_CONTENT_TAGGING|P2P|CONTENT_TYPE|DEVICE|CONTENT_ID|1436|Y|INTERACTION CONTENT ID|PROD_SK|US_304528||
NBA_CONTENT_TAGGING|P2P|CONTENT_TYPE|DISEASE_STATE|CONTENT_ID|1437|Y|INTERACTION CONTENT ID|PROD_SK|US_304528||
NBA_CONTENT_TAGGING|P2P|CONTENT_TYPE|DISEASE_STATE|CONTENT_ID|182|Y|INTERACTION CONTENT ID|PROD_SK|US_304528||
NBA_CONTENT_TAGGING|P2P|CONTENT_TYPE|DOSING|CONTENT_ID|1438|Y|INTERACTION CONTENT ID|PROD_SK|US_304528||
NBA_CONTENT_TAGGING|P2P|CONTENT_TYPE|DOSING|CONTENT_ID|191|Y|INTERACTION CONTENT ID|PROD_SK|US_304528||
NBA_CONTENT_TAGGING|P2P|CONTENT_TYPE|EASE_OF_ADMINISTRATION|CONTENT_ID|1439|Y|INTERACTION CONTENT ID|PROD_SK|US_304528||
NBA_CONTENT_TAGGING|P2P|CONTENT_TYPE|EASE_OF_ADMINISTRATION|CONTENT_ID|198|Y|INTERACTION CONTENT ID|PROD_SK|US_304528||
NBA_CONTENT_TAGGING|P2P|CONTENT_TYPE|EFFICACY#COMBINATION_THERAPY|CONTENT_ID|181|Y|INTERACTION CONTENT ID|PROD_SK|US_304528||
NBA_CONTENT_TAGGING|P2P|CONTENT_TYPE|EFFICACY#CORE|CONTENT_ID|1417|Y|INTERACTION CONTENT ID|PROD_SK|US_304528||
NBA_CONTENT_TAGGING|P2P|CONTENT_TYPE|EFFICACY#CORE|CONTENT_ID|1440|Y|INTERACTION CONTENT ID|PROD_SK|US_304528||
NBA_CONTENT_TAGGING|P2P|CONTENT_TYPE|EFFICACY#ENTHESITIS_DACYLITIS|CONTENT_ID|1418|Y|INTERACTION CONTENT ID|PROD_SK|US_304528||
NBA_CONTENT_TAGGING|P2P|CONTENT_TYPE|EFFICACY#HEAD_TO_HEAD|CONTENT_ID|1419|Y|INTERACTION CONTENT ID|PROD_SK|US_304528||
NBA_CONTENT_TAGGING|P2P|CONTENT_TYPE|EFFICACY#HEAD_TO_HEAD|CONTENT_ID|1441|Y|INTERACTION CONTENT ID|PROD_SK|US_304528||
NBA_CONTENT_TAGGING|P2P|CONTENT_TYPE|EFFICACY#LONG_TERM|CONTENT_ID|1420|Y|INTERACTION CONTENT ID|PROD_SK|US_304528||
NBA_CONTENT_TAGGING|P2P|CONTENT_TYPE|EFFICACY#LONG_TERM|CONTENT_ID|1442|Y|INTERACTION CONTENT ID|PROD_SK|US_304528||
NBA_CONTENT_TAGGING|P2P|CONTENT_TYPE|EFFICACY#NA|CONTENT_ID|1421|Y|INTERACTION CONTENT ID|PROD_SK|US_304528||
NBA_CONTENT_TAGGING|P2P|CONTENT_TYPE|EFFICACY#NA|CONTENT_ID|1443|Y|INTERACTION CONTENT ID|PROD_SK|US_304528||
NBA_CONTENT_TAGGING|P2P|CONTENT_TYPE|EFFICACY#NOW_APPROVED|CONTENT_ID|1451|Y|INTERACTION CONTENT ID|PROD_SK|US_304528||
NBA_CONTENT_TAGGING|P2P|CONTENT_TYPE|EFFICACY#NOW_APPROVED|CONTENT_ID|195|Y|INTERACTION CONTENT ID|PROD_SK|US_304528||
NBA_CONTENT_TAGGING|P2P|CONTENT_TYPE|EFFICACY#PSO_PEDS|CONTENT_ID|1422|Y|INTERACTION CONTENT ID|PROD_SK|US_304528||
NBA_CONTENT_TAGGING|P2P|CONTENT_TYPE|EFFICACY#RAPID_ONSET|CONTENT_ID|1423|Y|INTERACTION CONTENT ID|PROD_SK|US_304528||
NBA_CONTENT_TAGGING|P2P|CONTENT_TYPE|EFFICACY#RAPID_ONSET|CONTENT_ID|1445|Y|INTERACTION CONTENT ID|PROD_SK|US_304528||
NBA_CONTENT_TAGGING|P2P|CONTENT_TYPE|EFFICACY#SECONDARY|CONTENT_ID|1424|Y|INTERACTION CONTENT ID|PROD_SK|US_304528||
NBA_CONTENT_TAGGING|P2P|CONTENT_TYPE|EFFICACY#SECONDARY|CONTENT_ID|1446|Y|INTERACTION CONTENT ID|PROD_SK|US_304528||
NBA_CONTENT_TAGGING|P2P|CONTENT_TYPE|EFFICACY#SPINAL_PAIN_AND_STIFFNESS|CONTENT_ID|1425|Y|INTERACTION CONTENT ID|PROD_SK|US_304528||
NBA_CONTENT_TAGGING|P2P|CONTENT_TYPE|EFFICACY#STRUCTURE|CONTENT_ID|1426|Y|INTERACTION CONTENT ID|PROD_SK|US_304528||
NBA_CONTENT_TAGGING|P2P|CONTENT_TYPE|EFFICACY#STRUCTURE|CONTENT_ID|1447|Y|INTERACTION CONTENT ID|PROD_SK|US_304528||
NBA_CONTENT_TAGGING|P2P|CONTENT_TYPE|GENERAL|CONTENT_ID|1448|Y|INTERACTION CONTENT ID|PROD_SK|US_304528||
NBA_CONTENT_TAGGING|P2P|CONTENT_TYPE|GENERAL|CONTENT_ID|183|Y|INTERACTION CONTENT ID|PROD_SK|US_304528||
NBA_CONTENT_TAGGING|P2P|CONTENT_TYPE|INITIATION|CONTENT_ID|1449|Y|INTERACTION CONTENT ID|PROD_SK|US_304528||
NBA_CONTENT_TAGGING|P2P|CONTENT_TYPE|INITIATION|CONTENT_ID|199|Y|INTERACTION CONTENT ID|PROD_SK|US_304528||
NBA_CONTENT_TAGGING|P2P|CONTENT_TYPE|MOA|CONTENT_ID|1450|Y|INTERACTION CONTENT ID|PROD_SK|US_304528||
NBA_CONTENT_TAGGING|P2P|CONTENT_TYPE|MOA|CONTENT_ID|184|Y|INTERACTION CONTENT ID|PROD_SK|US_304528||
NBA_CONTENT_TAGGING|P2P|CONTENT_TYPE|PATIENT_AFFORDABILITY|CONTENT_ID|1452|Y|INTERACTION CONTENT ID|PROD_SK|US_304528||
NBA_CONTENT_TAGGING|P2P|CONTENT_TYPE|PATIENT_AFFORDABILITY|CONTENT_ID|200|Y|INTERACTION CONTENT ID|PROD_SK|US_304528||
NBA_CONTENT_TAGGING|P2P|CONTENT_TYPE|PATIENT_CUSTOMER_SUPPORT|CONTENT_ID|1453|Y|INTERACTION CONTENT ID|PROD_SK|US_304528||
NBA_CONTENT_TAGGING|P2P|CONTENT_TYPE|PATIENT_CUSTOMER_SUPPORT|CONTENT_ID|185|Y|INTERACTION CONTENT ID|PROD_SK|US_304528||
NBA_CONTENT_TAGGING|P2P|CONTENT_TYPE|PATIENT_TYPE_IDENTIFICATION|CONTENT_ID|1454|Y|INTERACTION CONTENT ID|PROD_SK|US_304528||
NBA_CONTENT_TAGGING|P2P|CONTENT_TYPE|PATIENT_TYPE_IDENTIFICATION|CONTENT_ID|196|Y|INTERACTION CONTENT ID|PROD_SK|US_304528||
NBA_CONTENT_TAGGING|P2P|CONTENT_TYPE|RESOURCES|CONTENT_ID|1455|Y|INTERACTION CONTENT ID|PROD_SK|US_304528||
NBA_CONTENT_TAGGING|P2P|CONTENT_TYPE|SAFETY#AS|CONTENT_ID|188|Y|INTERACTION CONTENT ID|PROD_SK|US_304528||
NBA_CONTENT_TAGGING|P2P|CONTENT_TYPE|SAFETY#HEAD_TO_HEAD|CONTENT_ID|1427|Y|INTERACTION CONTENT ID|PROD_SK|US_304528||
NBA_CONTENT_TAGGING|P2P|CONTENT_TYPE|SAFETY#LONG_TERM|CONTENT_ID|1428|Y|INTERACTION CONTENT ID|PROD_SK|US_304528||
NBA_CONTENT_TAGGING|P2P|CONTENT_TYPE|SAFETY#LONG_TERM|CONTENT_ID|1456|Y|INTERACTION CONTENT ID|PROD_SK|US_304528||
NBA_CONTENT_TAGGING|P2P|CONTENT_TYPE|SAFETY#NA|CONTENT_ID|193|Y|INTERACTION CONTENT ID|PROD_SK|US_304528||
NBA_CONTENT_TAGGING|P2P|CONTENT_TYPE|SAFETY#NR_AXSPA|CONTENT_ID|1429|Y|INTERACTION CONTENT ID|PROD_SK|US_304528||
NBA_CONTENT_TAGGING|P2P|CONTENT_TYPE|SAFETY#PSA|CONTENT_ID|1430|Y|INTERACTION CONTENT ID|PROD_SK|US_304528||
NBA_CONTENT_TAGGING|P2P|CONTENT_TYPE|SAFETY#PSO_ADULTS|CONTENT_ID|1431|Y|INTERACTION CONTENT ID|PROD_SK|US_304528||
NBA_CONTENT_TAGGING|P2P|CONTENT_TYPE|SAFETY#PSO_ADULTS|CONTENT_ID|1457|Y|INTERACTION CONTENT ID|PROD_SK|US_304528||
NBA_CONTENT_TAGGING|P2P|CONTENT_TYPE|SAFETY#PSO_PEDS|CONTENT_ID|1432|Y|INTERACTION CONTENT ID|PROD_SK|US_304528||
NBA_CONTENT_TAGGING|P2P|CONTENT_TYPE|SAFETY#SIDE_EFFECTS|CONTENT_ID|1433|Y|INTERACTION CONTENT ID|PROD_SK|US_304528||
NBA_CONTENT_TAGGING|P2P|CONTENT_TYPE|SAFETY#SIDE_EFFECTS|CONTENT_ID|1459|Y|INTERACTION CONTENT ID|PROD_SK|US_304528||
NBA_CONTENT_TAGGING|P2P|CONTENT_TYPE|STUDY_DESIGN|CONTENT_ID|1460|Y|INTERACTION CONTENT ID|PROD_SK|US_304528||
NBA_CONTENT_TAGGING|P2P|CONTENT_TYPE|UNMET_NEED|CONTENT_ID|1461|Y|INTERACTION CONTENT ID|PROD_SK|US_304528||
NBA_CONTENT_TAGGING|P2P|CONTENT_TYPE|UNMET_NEED|CONTENT_ID|187|Y|INTERACTION CONTENT ID|PROD_SK|US_304528||
NBA_CONTENT_TAGGING|US_304528|CONTENT_TYPE|ACCESS_FORMULARY_1016260|CONTENT_ID|80|Y|INTERACTION CONTENT ID||||
NBA_CONTENT_TAGGING|US_304528|CONTENT_TYPE|ACCESS_FORMULARY_1016268|CONTENT_ID|112|Y|INTERACTION CONTENT ID||||
NBA_CONTENT_TAGGING|US_304528|CONTENT_TYPE|DOSING_1121857|CONTENT_ID|209|Y|INTERACTION CONTENT ID||||
NBA_CONTENT_TAGGING|US_304528|CONTENT_TYPE|DOSING_1121867|CONTENT_ID|209|Y|INTERACTION CONTENT ID||||
NBA_CONTENT_TAGGING|US_304528|CONTENT_TYPE|EFFICACY#CORE_1091374|CONTENT_ID|1547|Y|INTERACTION CONTENT ID||||
NBA_CONTENT_TAGGING|US_304528|CONTENT_TYPE|EFFICACY#CORE_928841|CONTENT_ID|1538|Y|INTERACTION CONTENT ID||||
NBA_CONTENT_TAGGING|US_304528|CONTENT_TYPE|EFFICACY#ENTHESITIS_DACYLITIS_1021695|CONTENT_ID|1549|Y|INTERACTION CONTENT ID||||
NBA_CONTENT_TAGGING|US_304528|CONTENT_TYPE|EFFICACY#HEAD_TO_HEAD_1021690|CONTENT_ID|87|Y|INTERACTION CONTENT ID||||
NBA_CONTENT_TAGGING|US_304528|CONTENT_TYPE|EFFICACY#HEAD_TO_HEAD_1086189|CONTENT_ID|87|Y|INTERACTION CONTENT ID||||
NBA_CONTENT_TAGGING|US_304528|CONTENT_TYPE|EFFICACY#HEAD_TO_HEAD_1167602|CONTENT_ID|87|Y|INTERACTION CONTENT ID||||
NBA_CONTENT_TAGGING|US_304528|CONTENT_TYPE|EFFICACY#HEAD_TO_HEAD_1324582|CONTENT_ID|1540|Y|INTERACTION CONTENT ID||||
NBA_CONTENT_TAGGING|US_304528|CONTENT_TYPE|EFFICACY#RAPID_ONSET_928841|CONTENT_ID|1539|Y|INTERACTION CONTENT ID||||
NBA_CONTENT_TAGGING|US_304528|CONTENT_TYPE|EFFICACY#SECONDARY_1003344|CONTENT_ID|1548|Y|INTERACTION CONTENT ID||||
NBA_CONTENT_TAGGING|US_304528|CONTENT_TYPE|EFFICACY#STRUCTURE_922334|CONTENT_ID|86|Y|INTERACTION CONTENT ID||||
NBA_CONTENT_TAGGING|US_304528|CONTENT_TYPE|EFFICACY_1003344|CONTENT_ID|1548|Y|INTERACTION CONTENT ID||||
NBA_CONTENT_TAGGING|US_304528|CONTENT_TYPE|EFFICACY_1021690|CONTENT_ID|87|Y|INTERACTION CONTENT ID||||
NBA_CONTENT_TAGGING|US_304528|CONTENT_TYPE|EFFICACY_1021695|CONTENT_ID|1549|Y|INTERACTION CONTENT ID||||
NBA_CONTENT_TAGGING|US_304528|CONTENT_TYPE|EFFICACY_1091374|CONTENT_ID|1547|Y|INTERACTION CONTENT ID||||
NBA_CONTENT_TAGGING|US_304528|CONTENT_TYPE|EFFICACY_1324582|CONTENT_ID|1540|Y|INTERACTION CONTENT ID||||
NBA_CONTENT_TAGGING|US_304528|CONTENT_TYPE|MOA_1059265|CONTENT_ID|1415|Y|INTERACTION CONTENT ID||||
NBA_CONTENT_TAGGING|US_304528|CONTENT_TYPE|PATIENT_CUSTOMER_SUPPORT_1152308|CONTENT_ID|1546|Y|INTERACTION CONTENT ID||||
NBA_CONTENT_TAGGING|US_304528|CONTENT_TYPE|PATIENT_CUSTOMER_SUPPORT_904240|CONTENT_ID|1545|Y|INTERACTION CONTENT ID||||
NBA_CONTENT_TAGGING|US_304528|CONTENT_TYPE|PATIENT_CUSTOMER_SUPPORT_944685|CONTENT_ID|1545|Y|INTERACTION CONTENT ID||||
NBA_CONTENT_TAGGING|US_304528|CONTENT_TYPE|PATIENT_TYPE_IDENTIFICATION_1351653|CONTENT_ID|1556|Y|INTERACTION CONTENT ID||||
NBA_CONTENT_TAGGING|US_304528|CONTENT_TYPE|SAFETY#AS_1077386|CONTENT_ID|1593|Y|INTERACTION CONTENT ID||||
NBA_HCP_LEVEL_CONSTRAINT|BRAND_LEVEL_CONSTRAINT|CONSENT|BRND_EMAIL|CHANNEL|EDH_PROFLOW_EDMU|Y|Update min-max constraint for given channel in HCP LEVEL CONSTRAINT||||
NBA_HCP_LEVEL_CONSTRAINT|BRAND_LEVEL_CONSTRAINT|CONSENT|BRND_EMAIL|CHANNEL|MEDSCAPE_EMAIL|Y|Update min-max constraint for given channel in HCP LEVEL CONSTRAINT||||
NBA_HCP_LEVEL_CONSTRAINT|BRAND_LEVEL_CONSTRAINT|CONSENT|BRND_EMAIL|CHANNEL|NUMEDIS_MDMINUTE|Y|Update min-max constraint for given channel in HCP LEVEL CONSTRAINT||||
NBA_HCP_LEVEL_CONSTRAINT|BRAND_LEVEL_CONSTRAINT|CONSENT|BRND_EMAIL|CHANNEL|VEEVA_EMAIL|Y|Update min-max constraint for given channel in HCP LEVEL CONSTRAINT||||
NBA_HCP_LEVEL_CONSTRAINT|BRAND_LEVEL_CONSTRAINT|CONSENT|CORP_EMAIL|CHANNEL|NUMEDIS_MDMINUTE|Y|Update min-max constraint for given channel in HCP LEVEL CONSTRAINT||||
NBA_HCP_LEVEL_CONSTRAINT|COLORADO_LEVEL_CONSTRAINT|CONSENT|COLORADO|CHANNEL|DOXIMITY_ALERT|Y|Update min-max constraint for given channel in HCP LEVEL CONSTRAINT||||
NBA_HCP_LEVEL_CONSTRAINT|COLORADO_LEVEL_CONSTRAINT|CONSENT|COLORADO|CHANNEL|DOXIMITY_DOCSPOT|Y|Update min-max constraint for given channel in HCP LEVEL CONSTRAINT||||
NBA_HCP_LEVEL_CONSTRAINT|COLORADO_LEVEL_CONSTRAINT|CONSENT|COLORADO|CHANNEL|EDH_PROFLOW_EDMU|Y|Update min-max constraint for given channel in HCP LEVEL CONSTRAINT||||
NBA_HCP_LEVEL_CONSTRAINT|COLORADO_LEVEL_CONSTRAINT|CONSENT|COLORADO|CHANNEL|EDH_PROFLOW_RDMU|Y|Update min-max constraint for given channel in HCP LEVEL CONSTRAINT||||
NBA_HCP_LEVEL_CONSTRAINT|COLORADO_LEVEL_CONSTRAINT|CONSENT|COLORADO|CHANNEL|EDH_PROFLOW_WDMU|Y|Update min-max constraint for given channel in HCP LEVEL CONSTRAINT||||
NBA_HCP_LEVEL_CONSTRAINT|COLORADO_LEVEL_CONSTRAINT|CONSENT|COLORADO|CHANNEL|EPOCRATES_ALERT|Y|Update min-max constraint for given channel in HCP LEVEL CONSTRAINT||||
NBA_HCP_LEVEL_CONSTRAINT|COLORADO_LEVEL_CONSTRAINT|CONSENT|COLORADO|CHANNEL|MEDSCAPE_ALERT|Y|Update min-max constraint for given channel in HCP LEVEL CONSTRAINT||||
NBA_HCP_LEVEL_CONSTRAINT|COLORADO_LEVEL_CONSTRAINT|CONSENT|COLORADO|CHANNEL|MEDSCAPE_EMAIL|Y|Update min-max constraint for given channel in HCP LEVEL CONSTRAINT||||
NBA_HCP_LEVEL_CONSTRAINT|COLORADO_LEVEL_CONSTRAINT|CONSENT|COLORADO|CHANNEL|MEDSCAPE_POC|Y|Update min-max constraint for given channel in HCP LEVEL CONSTRAINT||||
NBA_HCP_LEVEL_CONSTRAINT|COLORADO_LEVEL_CONSTRAINT|CONSENT|COLORADO|CHANNEL|NUMEDIS_MDMINUTE|Y|Update min-max constraint for given channel in HCP LEVEL CONSTRAINT||||
NBA_HCP_LEVEL_CONSTRAINT|CORPORATE_LEVEL_CONSTRAINT|CONSENT|CORP_EMAIL|CHANNEL|EDH_PROFLOW_EDMU|Y|Update min-max constraint for given channel in HCP LEVEL CONSTRAINT||||
NBA_HCP_LEVEL_CONSTRAINT|CORPORATE_LEVEL_CONSTRAINT|CONSENT|CORP_EMAIL|CHANNEL|MEDSCAPE_EMAIL|Y|Update min-max constraint for given channel in HCP LEVEL CONSTRAINT||||
NBA_HCP_LEVEL_CONSTRAINT|CORPORATE_LEVEL_CONSTRAINT|CONSENT|CORP_EMAIL|CHANNEL|VEEVA_EMAIL|Y|Update min-max constraint for given channel in HCP LEVEL CONSTRAINT||||
NBA_HCP_LEVEL_CONSTRAINT|EPOCRATES_MATCH_CONSTRAINT|TARGET|EPOCRATES_MATCH|CHANNEL|EPOCRATES_ALERT|Y|Update min-max constraint for given channel in HCP LEVEL CONSTRAINT||||
NBA_HCP_LEVEL_CONSTRAINT|EPOCRATES_MATCH_CONSTRAINT|TARGET|EPOCRATES_MATCH|CHANNEL|EPOCRATES_QUIZ|Y|Update min-max constraint for given channel in HCP LEVEL CONSTRAINT||||
NBA_HCP_LEVEL_CONSTRAINT|HCP_LEVEL_CONSTRAINT|CONSENT|INCENTIVISED|CHANNEL|F2F_CALL|Y|Update min-max constraint for given channel in HCP LEVEL CONSTRAINT||||
NBA_HCP_LEVEL_CONSTRAINT|HCP_LEVEL_CONSTRAINT|CONSENT|INCENTIVISED|CHANNEL|VEEVA_EMAIL|Y|Update min-max constraint for given channel in HCP LEVEL CONSTRAINT||||
NBA_HCP_LEVEL_CONSTRAINT|HCP_LEVEL_CONSTRAINT|CONSENT|MLR_APPROVED|CHANNEL|DOXIMITY_ALERT|Y|Update min-max constraint for given channel in HCP LEVEL CONSTRAINT||||
NBA_HCP_LEVEL_CONSTRAINT|HCP_LEVEL_CONSTRAINT|CONSENT|MLR_APPROVED|CHANNEL|DOXIMITY_DOCSPOT|Y|Update min-max constraint for given channel in HCP LEVEL CONSTRAINT||||
NBA_HCP_LEVEL_CONSTRAINT|HCP_LEVEL_CONSTRAINT|CONSENT|MLR_APPROVED|CHANNEL|EDH_PROFLOW_EDMU|Y|Update min-max constraint for given channel in HCP LEVEL CONSTRAINT||||
NBA_HCP_LEVEL_CONSTRAINT|HCP_LEVEL_CONSTRAINT|CONSENT|MLR_APPROVED|CHANNEL|EDH_PROFLOW_RDMU|Y|Update min-max constraint for given channel in HCP LEVEL CONSTRAINT||||
NBA_HCP_LEVEL_CONSTRAINT|HCP_LEVEL_CONSTRAINT|CONSENT|MLR_APPROVED|CHANNEL|EDH_PROFLOW_WDMU|Y|Update min-max constraint for given channel in HCP LEVEL CONSTRAINT||||
NBA_HCP_LEVEL_CONSTRAINT|HCP_LEVEL_CONSTRAINT|CONSENT|MLR_APPROVED|CHANNEL|EPOCRATES_ALERT|Y|Update min-max constraint for given channel in HCP LEVEL CONSTRAINT||||
NBA_HCP_LEVEL_CONSTRAINT|HCP_LEVEL_CONSTRAINT|CONSENT|MLR_APPROVED|CHANNEL|F2F_CALL|Y|Update min-max constraint for given channel in HCP LEVEL CONSTRAINT||||
NBA_HCP_LEVEL_CONSTRAINT|HCP_LEVEL_CONSTRAINT|CONSENT|MLR_APPROVED|CHANNEL|HQ_EMAIL|Y|Update min-max constraint for given channel in HCP LEVEL CONSTRAINT||||
NBA_HCP_LEVEL_CONSTRAINT|HCP_LEVEL_CONSTRAINT|CONSENT|MLR_APPROVED|CHANNEL|MEDSCAPE_ALERT|Y|Update min-max constraint for given channel in HCP LEVEL CONSTRAINT||||
NBA_HCP_LEVEL_CONSTRAINT|HCP_LEVEL_CONSTRAINT|CONSENT|MLR_APPROVED|CHANNEL|MEDSCAPE_EMAIL|Y|Update min-max constraint for given channel in HCP LEVEL CONSTRAINT||||
NBA_HCP_LEVEL_CONSTRAINT|HCP_LEVEL_CONSTRAINT|CONSENT|MLR_APPROVED|CHANNEL|MEDSCAPE_POC|Y|Update min-max constraint for given channel in HCP LEVEL CONSTRAINT||||
NBA_HCP_LEVEL_CONSTRAINT|HCP_LEVEL_CONSTRAINT|CONSENT|MLR_APPROVED|CHANNEL|NUMEDIS_MDMINUTE|Y|Update min-max constraint for given channel in HCP LEVEL CONSTRAINT||||
NBA_HCP_LEVEL_CONSTRAINT|HCP_LEVEL_CONSTRAINT|CONSENT|MLR_APPROVED|CHANNEL|VEEVA_EMAIL|Y|Update min-max constraint for given channel in HCP LEVEL CONSTRAINT||||
NBA_HCP_LEVEL_CONSTRAINT|HCP_LEVEL_CONSTRAINT|TARGET|SOA_TARGET|CHANNEL|DOXIMITY_ALERT|Y|Update min-max constraint for given channel in HCP LEVEL CONSTRAINT||||	
NBA_HCP_LEVEL_CONSTRAINT|HCP_LEVEL_CONSTRAINT|TARGET|SOA_TARGET|CHANNEL|DOXIMITY_DOCSPOT|Y|Update min-max constraint for given channel in HCP LEVEL CONSTRAINT||||	
NBA_HCP_LEVEL_CONSTRAINT|HCP_LEVEL_CONSTRAINT|TARGET|SOA_TARGET|CHANNEL|EDH_PROFLOW_EDMU|Y|Update min-max constraint for given channel in HCP LEVEL CONSTRAINT||||
NBA_HCP_LEVEL_CONSTRAINT|HCP_LEVEL_CONSTRAINT|TARGET|SOA_TARGET|CHANNEL|EDH_PROFLOW_RDMU|Y|Update min-max constraint for given channel in HCP LEVEL CONSTRAINT||||
NBA_HCP_LEVEL_CONSTRAINT|HCP_LEVEL_CONSTRAINT|TARGET|SOA_TARGET|CHANNEL|EDH_PROFLOW_WDMU|Y|Update min-max constraint for given channel in HCP LEVEL CONSTRAINT||||
NBA_HCP_LEVEL_CONSTRAINT|HCP_LEVEL_CONSTRAINT|TARGET|SOA_TARGET|CHANNEL|EPOCRATES_ALERT|Y|Update min-max constraint for given channel in HCP LEVEL CONSTRAINT||||	
NBA_HCP_LEVEL_CONSTRAINT|HCP_LEVEL_CONSTRAINT|TARGET|SOA_TARGET|CHANNEL|F2F_CALL|Y|Update min-max constraint for given channel in HCP LEVEL CONSTRAINT||||	
NBA_HCP_LEVEL_CONSTRAINT|HCP_LEVEL_CONSTRAINT|TARGET|SOA_TARGET|CHANNEL|HQ_EMAIL|Y|Update min-max constraint for given channel in HCP LEVEL CONSTRAINT||||	
NBA_HCP_LEVEL_CONSTRAINT|HCP_LEVEL_CONSTRAINT|TARGET|SOA_TARGET|CHANNEL|MEDSCAPE_ALERT|Y|Update min-max constraint for given channel in HCP LEVEL CONSTRAINT||||	
NBA_HCP_LEVEL_CONSTRAINT|HCP_LEVEL_CONSTRAINT|TARGET|SOA_TARGET|CHANNEL|MEDSCAPE_EMAIL|Y|Update min-max constraint for given channel in HCP LEVEL CONSTRAINT||||	
NBA_HCP_LEVEL_CONSTRAINT|HCP_LEVEL_CONSTRAINT|TARGET|SOA_TARGET|CHANNEL|MEDSCAPE_POC|Y|Update min-max constraint for given channel in HCP LEVEL CONSTRAINT||||	
NBA_HCP_LEVEL_CONSTRAINT|HCP_LEVEL_CONSTRAINT|TARGET|SOA_TARGET|CHANNEL|NUMEDIS_MDMINUTE|Y|Update min-max constraint for given channel in HCP LEVEL CONSTRAINT||||
NBA_HCP_LEVEL_CONSTRAINT|HCP_LEVEL_CONSTRAINT|TARGET|SOA_TARGET|CHANNEL|VEEVA_EMAIL|Y|Update min-max constraint for given channel in HCP LEVEL CONSTRAINT||||
NBA_HCP_LEVEL_CONSTRAINT|MEDPAGE_MATCH_CONSTRAINT|TARGET|EVERYDAY_HEALTH_MATCH|CHANNEL|EDH_PROFLOW_EDMU|Y|Update min-max constraint for given channel in HCP LEVEL CONSTRAINT||||
NBA_HCP_LEVEL_CONSTRAINT|MEDPAGE_MATCH_CONSTRAINT|TARGET|EVERYDAY_HEALTH_MATCH|CHANNEL|EDH_PROFLOW_RDMU|Y|Update min-max constraint for given channel in HCP LEVEL CONSTRAINT||||
NBA_HCP_LEVEL_CONSTRAINT|MEDPAGE_MATCH_CONSTRAINT|TARGET|EVERYDAY_HEALTH_MATCH|CHANNEL|EDH_PROFLOW_WDMU|Y|Update min-max constraint for given channel in HCP LEVEL CONSTRAINT||||
NBA_HCP_LEVEL_CONSTRAINT|MEDSCAPE_MATCH_CONSTRANT|TARGET|MEDSCAPE_MATCH|CHANNEL|MEDSCAPE_ALERT|Y|Update min-max constraint for given channel in HCP LEVEL CONSTRAINT||||
NBA_HCP_LEVEL_CONSTRAINT|MEDSCAPE_MATCH_CONSTRANT|TARGET|MEDSCAPE_MATCH|CHANNEL|MEDSCAPE_EMAIL|Y|Update min-max constraint for given channel in HCP LEVEL CONSTRAINT||||
NBA_HCP_LEVEL_CONSTRAINT|MEDSCAPE_MATCH_CONSTRANT|TARGET|MEDSCAPE_MATCH|CHANNEL|MEDSCAPE_POC|Y|Update min-max constraint for given channel in HCP LEVEL CONSTRAINT||||
NBA_HCP_LEVEL_CONSTRAINT|NPP_LEVEL_CONSTRAINT|TARGET|NPP|CHANNEL|DOXIMITY_ALERT|Y|Update min-max constraint for given channel in HCP LEVEL CONSTRAINT||||
NBA_HCP_LEVEL_CONSTRAINT|NPP_LEVEL_CONSTRAINT|TARGET|NPP|CHANNEL|DOXIMITY_DOCSPOT|Y|Update min-max constraint for given channel in HCP LEVEL CONSTRAINT||||
NBA_HCP_LEVEL_CONSTRAINT|NPP_LEVEL_CONSTRAINT|TARGET|NPP|CHANNEL|EDH_PROFLOW_EDMU|Y|Update min-max constraint for given channel in HCP LEVEL CONSTRAINT||||
NBA_HCP_LEVEL_CONSTRAINT|NPP_LEVEL_CONSTRAINT|TARGET|NPP|CHANNEL|EDH_PROFLOW_RDMU|Y|Update min-max constraint for given channel in HCP LEVEL CONSTRAINT||||
NBA_HCP_LEVEL_CONSTRAINT|NPP_LEVEL_CONSTRAINT|TARGET|NPP|CHANNEL|EDH_PROFLOW_WDMU|Y|Update min-max constraint for given channel in HCP LEVEL CONSTRAINT||||
NBA_HCP_LEVEL_CONSTRAINT|NPP_LEVEL_CONSTRAINT|TARGET|NPP|CHANNEL|EPOCRATES_ALERT|Y|Update min-max constraint for given channel in HCP LEVEL CONSTRAINT||||
NBA_HCP_LEVEL_CONSTRAINT|NPP_LEVEL_CONSTRAINT|TARGET|NPP|CHANNEL|HQ_EMAIL|Y|Update min-max constraint for given channel in HCP LEVEL CONSTRAINT||||
NBA_HCP_LEVEL_CONSTRAINT|NPP_LEVEL_CONSTRAINT|TARGET|NPP|CHANNEL|MEDSCAPE_ALERT|Y|Update min-max constraint for given channel in HCP LEVEL CONSTRAINT||||
NBA_HCP_LEVEL_CONSTRAINT|NPP_LEVEL_CONSTRAINT|TARGET|NPP|CHANNEL|MEDSCAPE_EMAIL|Y|Update min-max constraint for given channel in HCP LEVEL CONSTRAINT||||
NBA_HCP_LEVEL_CONSTRAINT|NPP_LEVEL_CONSTRAINT|TARGET|NPP|CHANNEL|MEDSCAPE_POC|Y|Update min-max constraint for given channel in HCP LEVEL CONSTRAINT||||
NBA_HCP_LEVEL_CONSTRAINT|NPP_LEVEL_CONSTRAINT|TARGET|NPP|CHANNEL|NUMEDIS_MDMINUTE|Y|Update min-max constraint for given channel in HCP LEVEL CONSTRAINT||||
NBA_HCP_LEVEL_CONSTRAINT|NUMEDIS_MATCH_CONSTRAINT|TARGET|NUMEDIS_MATCH|CHANNEL|NUMEDIS_MDMINUTE|Y|Update min-max constraint for given channel in HCP LEVEL CONSTRAINT||||
NBA_HCP_LEVEL_CONSTRAINT|PP_LEVEL_CONSTRAINT|TARGET|PP|CHANNEL|F2F_CALL|Y|Update min-max constraint for given channel in HCP LEVEL CONSTRAINT||||
NBA_HCP_LEVEL_CONSTRAINT|PP_LEVEL_CONSTRAINT|TARGET|PP|CHANNEL|VEEVA_EMAIL|Y|Update min-max constraint for given channel in HCP LEVEL CONSTRAINT||||
NBA_HCP_LEVEL_CONSTRAINT|VERMONT_LEVEL_CONSTRAINT|CONSENT|VERMONT|CHANNEL|DOXIMITY_ALERT|Y|Update min-max constraint for given channel in HCP LEVEL CONSTRAINT||||
NBA_HCP_LEVEL_CONSTRAINT|VERMONT_LEVEL_CONSTRAINT|CONSENT|VERMONT|CHANNEL|DOXIMITY_DOCSPOT|Y|Update min-max constraint for given channel in HCP LEVEL CONSTRAINT||||
NBA_HCP_LEVEL_CONSTRAINT|VERMONT_LEVEL_CONSTRAINT|CONSENT|VERMONT|CHANNEL|EDH_PROFLOW_EDMU|Y|Update min-max constraint for given channel in HCP LEVEL CONSTRAINT||||
NBA_HCP_LEVEL_CONSTRAINT|VERMONT_LEVEL_CONSTRAINT|CONSENT|VERMONT|CHANNEL|EDH_PROFLOW_RDMU|Y|Update min-max constraint for given channel in HCP LEVEL CONSTRAINT||||
NBA_HCP_LEVEL_CONSTRAINT|VERMONT_LEVEL_CONSTRAINT|CONSENT|VERMONT|CHANNEL|EDH_PROFLOW_WDMU|Y|Update min-max constraint for given channel in HCP LEVEL CONSTRAINT||||
NBA_HCP_LEVEL_CONSTRAINT|VERMONT_LEVEL_CONSTRAINT|CONSENT|VERMONT|CHANNEL|EPOCRATES_ALERT|Y|Update min-max constraint for given channel in HCP LEVEL CONSTRAINT||||
NBA_HCP_LEVEL_CONSTRAINT|VERMONT_LEVEL_CONSTRAINT|CONSENT|VERMONT|CHANNEL|MEDSCAPE_ALERT|Y|Update min-max constraint for given channel in HCP LEVEL CONSTRAINT||||
NBA_HCP_LEVEL_CONSTRAINT|VERMONT_LEVEL_CONSTRAINT|CONSENT|VERMONT|CHANNEL|MEDSCAPE_BRANDSPOT|Y|Update min-max constraint for given channel in HCP LEVEL CONSTRAINT||||
NBA_HCP_LEVEL_CONSTRAINT|VERMONT_LEVEL_CONSTRAINT|CONSENT|VERMONT|CHANNEL|MEDSCAPE_EMAIL|Y|Update min-max constraint for given channel in HCP LEVEL CONSTRAINT||||
NBA_HCP_LEVEL_CONSTRAINT|VERMONT_LEVEL_CONSTRAINT|CONSENT|VERMONT|CHANNEL|MEDSCAPE_POC|Y|Update min-max constraint for given channel in HCP LEVEL CONSTRAINT||||
NBA_HCP_LEVEL_CONSTRAINT|VERMONT_LEVEL_CONSTRAINT|CONSENT|VERMONT|CHANNEL|NUMEDIS_MDMINUTE|Y|Update min-max constraint for given channel in HCP LEVEL CONSTRAINT||||
NBA_HCP_SEGMENT_MAPPING|TALTZ_PSORIASIS|HCP_SEGMENT|CRITICAL|HCP_SEGMENT|CRITICAL|Y|NBA HCP SEGMENT MAPPING||||
NBA_HCP_SEGMENT_MAPPING|TALTZ_PSORIASIS|HCP_SEGMENT|HIGH|HCP_SEGMENT|HIGH|Y|NBA HCP SEGMENT MAPPING||||
NBA_HCP_SEGMENT_MAPPING|TALTZ_PSORIASIS|HCP_SEGMENT|LOW|HCP_SEGMENT|LOW|Y|NBA HCP SEGMENT MAPPING||||
NBA_HCP_SEGMENT_MAPPING|TALTZ_PSORIASIS|HCP_SEGMENT|MEDIUM|HCP_SEGMENT|MEDIUM|Y|NBA HCP SEGMENT MAPPING||||
NBA_HCP_SEGMENT_MAPPING|TALTZ_PSORIASIS|HCP_SEGMENT|NON_TARGETS|HCP_SEGMENT|NON_TARGETS|Y|NBA HCP SEGMENT MAPPING||||
NBA_HCP_SEGMENT_MAPPING|TALTZ_PSORIASIS|HCP_SEGMENT|NON_TARGET|HCP_SEGMENT|NON_TARGET|Y|NBA HCP SEGMENT MAPPING||||
NBA_HCP_SEGMENT_MAPPING|TALTZ_PSORIASIS|HCP_SEGMENT|UNKNOWN|HCP_SEGMENT|UNKNOWN|Y|NBA HCP SEGMENT MAPPING||||
NBA_HCP_SEGMENT_MAPPING|TALTZ_PSORIATIC ARTHRITIS|HCP_SEGMENT|CRITICAL|HCP_SEGMENT|CRITICAL|Y|NBA HCP SEGMENT MAPPING||||
NBA_HCP_SEGMENT_MAPPING|TALTZ_PSORIATIC ARTHRITIS|HCP_SEGMENT|HIGH|HCP_SEGMENT|HIGH|Y|NBA HCP SEGMENT MAPPING||||
NBA_HCP_SEGMENT_MAPPING|TALTZ_PSORIATIC ARTHRITIS|HCP_SEGMENT|LOW|HCP_SEGMENT|LOW|Y|NBA HCP SEGMENT MAPPING||||
NBA_HCP_SEGMENT_MAPPING|TALTZ_PSORIATIC ARTHRITIS|HCP_SEGMENT|MEDIUM|HCP_SEGMENT|MEDIUM|Y|NBA HCP SEGMENT MAPPING||||
NBA_HCP_SEGMENT_MAPPING|TALTZ_PSORIATIC ARTHRITIS|HCP_SEGMENT|NON_TARGETS|HCP_SEGMENT|NON_TARGETS|Y|NBA HCP SEGMENT MAPPING||||
NBA_HCP_SEGMENT_MAPPING|TALTZ_PSORIATIC ARTHRITIS|HCP_SEGMENT|NON_TARGET|HCP_SEGMENT|NON_TARGET|Y|NBA HCP SEGMENT MAPPING||||
NBA_HCP_SEGMENT_MAPPING|TALTZ_PSORIATIC ARTHRITIS|HCP_SEGMENT|UNKNOWN|HCP_SEGMENT|UNKNOWN|Y|NBA HCP SEGMENT MAPPING||||
OPT_PREFRENCE|HIBBERT|TACTIC|CO_PAY_CARDS|||Y|DISTINCT VALUE OF TACTIC FROM HIBBERT||||
OPT_PREFRENCE|HIBBERT|TACTIC|DIRECT_MAIL|||Y|DISTINCT VALUE OF TACTIC FROM HIBBERT||||
OPT_PREFRENCE|HIBBERT|TACTIC|EMAIL|||Y|DISTINCT VALUE OF TACTIC FROM HIBBERT||||
OPT_PREFRENCE|HIBBERT|TACTIC|E_LEARNING|||Y|DISTINCT VALUE OF TACTIC FROM HIBBERT||||
OPT_PREFRENCE|HIBBERT|TACTIC|PDRP|||Y|DISTINCT VALUE OF TACTIC FROM HIBBERT||||
OPT_PREFRENCE|HIBBERT|TACTIC|SAMPLES|||Y|DISTINCT VALUE OF TACTIC FROM HIBBERT||||
OPT_PREFRENCE|HIBBERT|TACTIC|SURVEY|||Y|DISTINCT VALUE OF TACTIC FROM HIBBERT||||
OPT_PREFRENCE|HIBBERT|TACTIC|VOUCHERS|||Y|DISTINCT VALUE OF TACTIC FROM HIBBERT||||
RESP CODE MAPPING||US1U|ALZ_ADC|||Y|RESP CODE SLEEVE MAPPING|TG_INACTIVE|||
RESP CODE MAPPING||US6L|GI_BIAD_SL1|||N|RESP CODE SLEEVE MAPPING|TG_ACTIVE|||
RESP CODE MAPPING||US6M|GI_BIAD_SL2|||N|RESP CODE SLEEVE MAPPING|TG_ACTIVE|||
RESP CODE MAPPING||US6N|GI_UNAD_SL|||N|RESP CODE SLEEVE MAPPING|TG_ACTIVE|||
RESP CODE MAPPING||US7P|ONC_PORTFOLIO|||Y|RESP CODE SLEEVE MAPPING|TG_INACTIVE|||
RESP CODE MAPPING||US8D|CMH_TERR_1|||Y|RESP CODE SLEEVE MAPPING|TG_ACTIVE|||
RESP CODE MAPPING||US8E|CMH_TERR_2|||Y|RESP CODE SLEEVE MAPPING|TG_ACTIVE|||
RESP CODE MAPPING||US8F|CMH_UNAD_TERR|||Y|RESP CODE SLEEVE MAPPING|TG_ACTIVE||| 
RESP CODE MAPPING||USV4|Derm_1|||Y|RESP CODE SLEEVE MAPPING|TG_ACTIVE|||
RESP CODE MAPPING||USV5|Derm_2|||Y|RESP CODE SLEEVE MAPPING|TG_ACTIVE|||
RESP CODE MAPPING||USV6|Rheum_1|||Y|RESP CODE SLEEVE MAPPING|TG_ACTIVE|||
RESP CODE MAPPING||USV7|Rheum_2|||Y|RESP CODE SLEEVE MAPPING|TG_ACTIVE|||
RESP CODE MAPPING||USV8|DERM_RHEUM_HYB|||Y|RESP CODE SLEEVE MAPPING|TG_ACTIVE|||
SERVICE_CALL_ACTIVATION||US1U|ALZ_ADC|||Y|Activating the service call for given salesforce||||
SERVICE_CALL_ACTIVATION||US6L|GI_BIAD_SL1|||N|Activating the service call for given salesforce||||
SERVICE_CALL_ACTIVATION||US6M|GI_BIAD_SL2|||N|Activating the service call for given salesforce||||
SERVICE_CALL_ACTIVATION||US6N|GI_UNAD_SL|||N|Activating the service call for given salesforce||||
SERVICE_CALL_ACTIVATION||US7P|ONC_PORTFOLIO|||Y|Activating the service call for given salesforce||||
SERVICE_CALL_ACTIVATION||US8D|CMH_TERR_1|||N|Activating the service call for given salesforce||||
SERVICE_CALL_ACTIVATION||US8E|CMH_TERR_2|||N|Activating the service call for given salesforce||||
SERVICE_CALL_ACTIVATION||US8F|CMH_UNAD_TERR|||N|Activating the service call for given salesforce||||  
SERVICE_CALL_ACTIVATION||USV4|Derm_1|||N|Activating the service call for given salesforce||||
SERVICE_CALL_ACTIVATION||USV5|Derm_2|||N|Activating the service call for given salesforce||||
SERVICE_CALL_ACTIVATION||USV6|Rheum_1|||N|Activating the service call for given salesforce||||
SERVICE_CALL_ACTIVATION||USV7|Rheum_2|||N|Activating the service call for given salesforce||||
SERVICE_CALL_ACTIVATION||USV8|DERM_RHEUM_HYB|||N|Activating the service call for given salesforce||||
SF FREQUENCY MAPPING|US1U|ALZ_ADC|FREQ|M||Y|SF FREQUENCY MAPPING||||
SF FREQUENCY MAPPING|US6L|GI_BIAD_SL1|FREQ|Q||N|SF FREQUENCY MAPPING||||
SF FREQUENCY MAPPING|US6M|GI_BIAD_SL2|FREQ|Q||N|SF FREQUENCY MAPPING||||
SF FREQUENCY MAPPING|US6N|GI_UNAD_SL|FREQ|Q||N|SF FREQUENCY MAPPING||||
SF FREQUENCY MAPPING|US7P|ONC_PORTFOLIO|FREQ|Q|CALL|Y|SF FREQUENCY MAPPING||||
SF FREQUENCY MAPPING|US8D|CMH_TERR_1|FREQ|M||Y|SF FREQUENCY MAPPING||||
SF FREQUENCY MAPPING|US8E|CMH_TERR_2|FREQ|M||Y|SF FREQUENCY MAPPING||||
SF FREQUENCY MAPPING|US8F|CMH_UNAD_TERR|FREQ|M||Y|SF FREQUENCY MAPPING||||
SF FREQUENCY MAPPING|USV4|Derm_1|FREQ|M||Y|SF FREQUENCY MAPPING||||
SF FREQUENCY MAPPING|USV5|Derm_2|FREQ|M||Y|SF FREQUENCY MAPPING||||
SF FREQUENCY MAPPING|USV6|Rheum_1|FREQ|M||Y|SF FREQUENCY MAPPING||||
SF FREQUENCY MAPPING|USV7|Rheum_2|FREQ|M||Y|SF FREQUENCY MAPPING||||
SF FREQUENCY MAPPING|USV8|DERM_RHEUM_HYB|FREQ|M||Y|SF FREQUENCY MAPPING||||
SLEEVE MAPPING|US_304528|DERM_RHEUM_HYB|DERM_RHEUM_HYB|PRIORITY|1|Y|PRODUCT SLEEVE MAPPING AND PRIORITY||||
SLEEVE MAPPING|US_304528|DERM|DERM|PRIORITY|1|Y|PRODUCT SLEEVE MAPPING AND PRIORITY||||
SLEEVE MAPPING|US_304528|Derm_1|Derm_1|PRIORITY|1|Y|PRODUCT SLEEVE MAPPING AND PRIORITY||||
SLEEVE MAPPING|US_304528|Derm_2|Derm_2|PRIORITY|1|Y|PRODUCT SLEEVE MAPPING AND PRIORITY||||
SLEEVE MAPPING|US_304528|PR_BIOMED_SPEC|PR_BIOMED_SPEC|PRIORITY|1|Y|PRODUCT SLEEVE MAPPING AND PRIORITY|| ||
SLEEVE MAPPING|US_304528|PR_BIOMED|PR_BIOMED|PRIORITY|1|Y|PRODUCT SLEEVE MAPPING AND PRIORITY||||
SLEEVE MAPPING|US_304528|RHEUM|RHEUM|PRIORITY|1|Y|PRODUCT SLEEVE MAPPING AND PRIORITY||||
SLEEVE MAPPING|US_304528|Rheum_1|Rheum_1|PRIORITY|1|Y|PRODUCT SLEEVE MAPPING AND PRIORITY||||
SLEEVE MAPPING|US_304528|Rheum_2|Rheum_2|PRIORITY|1|Y|PRODUCT SLEEVE MAPPING AND PRIORITY||||
SLEEVE MAPPING|US_304547|DERM_RHEUM_HYB|DERM_RHEUM_HYB|PRIORITY|1|Y|PRODUCT SLEEVE MAPPING AND PRIORITY||||
SLEEVE MAPPING|US_304547|DERM|DERM|PRIORITY|1|Y|PRODUCT SLEEVE MAPPING AND PRIORITY||||
SLEEVE MAPPING|US_304547|Derm_1|Derm_1|PRIORITY|1|Y|PRODUCT SLEEVE MAPPING AND PRIORITY||||
SLEEVE MAPPING|US_304547|Derm_2|Derm_2|PRIORITY|1|Y|PRODUCT SLEEVE MAPPING AND PRIORITY||||
SLEEVE MAPPING|US_304547|PR_BIOMED_SPEC|PR_BIOMED_SPEC|PRIORITY|1|Y|PRODUCT SLEEVE MAPPING AND PRIORITY||||
SLEEVE MAPPING|US_304547|PR_BIOMED|PR_BIOMED|PRIORITY|1|Y|PRODUCT SLEEVE MAPPING AND PRIORITY||||
SLEEVE MAPPING|US_304547|RHEUM|RHEUM|PRIORITY|1|Y|PRODUCT SLEEVE MAPPING AND PRIORITY||||
SLEEVE MAPPING|US_304547|Rheum_1|Rheum_1|PRIORITY|1|Y|PRODUCT SLEEVE MAPPING AND PRIORITY||||
SLEEVE MAPPING|US_304547|Rheum_2|Rheum_2|PRIORITY|1|Y|PRODUCT SLEEVE MAPPING AND PRIORITY||||
SOA_MESSAGE_TYPE|SOA|MESSAGE_TYPE|ACCESS OR FORMULARY|CONTENT_TYPE_ID|ACCESS_FORMULARY|Y|NBA SOA MESSAGE TYPE||||
SOA_MESSAGE_TYPE|SOA|MESSAGE_TYPE|ACCESS/FORMULARY|CONTENT_TYPE_ID|ACCESS_FORMULARY|Y|NBA SOA MESSAGE TYPE||||
SOA_MESSAGE_TYPE|SOA|MESSAGE_TYPE|ACCESS_FORMULARY|CONTENT_TYPE_ID|ACCESS_FORMULARY|Y|NBA SOA MESSAGE TYPE||||
SOA_MESSAGE_TYPE|SOA|MESSAGE_TYPE|ADHERENCE|CONTENT_TYPE_ID|ADHERENCE|Y|NBA SOA MESSAGE TYPE||||
SOA_MESSAGE_TYPE|SOA|MESSAGE_TYPE|ALL|CONTENT_TYPE_ID|NA|Y|NBA SOA MESSAGE TYPE||||
SOA_MESSAGE_TYPE|SOA|MESSAGE_TYPE|CORPORATE COMMUNICATION|CONTENT_TYPE_ID|CORPORATE_COMMUNICATION|Y|NBA SOA MESSAGE TYPE||||
SOA_MESSAGE_TYPE|SOA|MESSAGE_TYPE|CORPORATE_COMMUNICATION|CONTENT_TYPE_ID|CORPORATE_COMMUNICATION|Y|NBA SOA MESSAGE TYPE||||
SOA_MESSAGE_TYPE|SOA|MESSAGE_TYPE|DEVICE|CONTENT_TYPE_ID|DEVICE|Y|NBA SOA MESSAGE TYPE||||
SOA_MESSAGE_TYPE|SOA|MESSAGE_TYPE|DIAGNOSTIC|CONTENT_TYPE_ID|DIAGNOSTIC|Y|NBA SOA MESSAGE TYPE||||
SOA_MESSAGE_TYPE|SOA|MESSAGE_TYPE|DISEASE STATE|CONTENT_TYPE_ID|DISEASE_STATE|Y|NBA SOA MESSAGE TYPE||||
SOA_MESSAGE_TYPE|SOA|MESSAGE_TYPE|DISEASE_STATE|CONTENT_TYPE_ID|DISEASE_STATE|Y|NBA SOA MESSAGE TYPE||||
SOA_MESSAGE_TYPE|SOA|MESSAGE_TYPE|DOSING|CONTENT_TYPE_ID|DOSING|Y|NBA SOA MESSAGE TYPE||||
SOA_MESSAGE_TYPE|SOA|MESSAGE_TYPE|EASE OF ADMINISTRATION|CONTENT_TYPE_ID|EASE_OF_ADMINISTRATION|Y|NBA SOA MESSAGE TYPE||||
SOA_MESSAGE_TYPE|SOA|MESSAGE_TYPE|EASE_OF_ADMINISTRATION|CONTENT_TYPE_ID|EASE_OF_ADMINISTRATION|Y|NBA SOA MESSAGE TYPE||||
SOA_MESSAGE_TYPE|SOA|MESSAGE_TYPE|EFFICACY|CONTENT_TYPE_ID|EFFICACY|Y|NBA SOA MESSAGE TYPE||||
SOA_MESSAGE_TYPE|SOA|MESSAGE_TYPE|GENERAL|CONTENT_TYPE_ID|NA|Y|NBA SOA MESSAGE TYPE||||
SOA_MESSAGE_TYPE|SOA|MESSAGE_TYPE|GUIDELINES|CONTENT_TYPE_ID|GUIDELINES|Y|NBA SOA MESSAGE TYPE||||
SOA_MESSAGE_TYPE|SOA|MESSAGE_TYPE|INITIATION|CONTENT_TYPE_ID|INITIATION|Y|NBA SOA MESSAGE TYPE||||
SOA_MESSAGE_TYPE|SOA|MESSAGE_TYPE|MECHANISM OF ACTION|CONTENT_TYPE_ID|MOA|Y|NBA SOA MESSAGE TYPE||||
SOA_MESSAGE_TYPE|SOA|MESSAGE_TYPE|MOA|CONTENT_TYPE_ID|MOA|Y|NBA SOA MESSAGE TYPE||||
SOA_MESSAGE_TYPE|SOA|MESSAGE_TYPE|N/A|CONTENT_TYPE_ID|NA|Y|NBA SOA MESSAGE TYPE||||
SOA_MESSAGE_TYPE|SOA|MESSAGE_TYPE|NA|CONTENT_TYPE_ID|NA|Y|NBA SOA MESSAGE TYPE||||
SOA_MESSAGE_TYPE|SOA|MESSAGE_TYPE|OPERATIONAL LOGISTICS|CONTENT_TYPE_ID|OPERATIONAL_LOGISTICS|Y|NBA SOA MESSAGE TYPE||||
SOA_MESSAGE_TYPE|SOA|MESSAGE_TYPE|PATIENT AFFORDABILITY|CONTENT_TYPE_ID|PATIENT_AFFORDABILITY|Y|NBA SOA MESSAGE TYPE||||
SOA_MESSAGE_TYPE|SOA|MESSAGE_TYPE|PATIENT OR CUSTOMER SUPPORT|CONTENT_TYPE_ID|PATIENT_CUSTOMER_SUPPORT|Y|NBA SOA MESSAGE TYPE||||
SOA_MESSAGE_TYPE|SOA|MESSAGE_TYPE|PATIENT TYPE OR IDENTIFICATION|CONTENT_TYPE_ID|PATIENT_TYPE_IDENTIFICATION|Y|NBA SOA MESSAGE TYPE||||
SOA_MESSAGE_TYPE|SOA|MESSAGE_TYPE|PATIENT TYPE/IDENTIFICATION|CONTENT_TYPE_ID|PATIENT_TYPE_IDENTIFICATION|Y|NBA SOA MESSAGE TYPE||||
SOA_MESSAGE_TYPE|SOA|MESSAGE_TYPE|PATIENT/CUSTOMER SUPPORT|CONTENT_TYPE_ID|PATIENT_CUSTOMER_SUPPORT|Y|NBA SOA MESSAGE TYPE||||
SOA_MESSAGE_TYPE|SOA|MESSAGE_TYPE|PATIENT_AFFORDABILITY|CONTENT_TYPE_ID|PATIENT_AFFORDABILITY|Y|NBA SOA MESSAGE TYPE||||
SOA_MESSAGE_TYPE|SOA|MESSAGE_TYPE|PATIENT_CUSTOMER_SUPPORT|CONTENT_TYPE_ID|PATIENT_CUSTOMER_SUPPORT|Y|NBA SOA MESSAGE TYPE||||
SOA_MESSAGE_TYPE|SOA|MESSAGE_TYPE|PATIENT_TYPE_IDENTIFICATION|CONTENT_TYPE_ID|PATIENT_TYPE_IDENTIFICATION|Y|NBA SOA MESSAGE TYPE||||
SOA_MESSAGE_TYPE|SOA|MESSAGE_TYPE|PRODUCT ATTRIBUTES|CONTENT_TYPE_ID|PRODUCT_ATTRIBUTES|Y|NBA SOA MESSAGE TYPE||||
SOA_MESSAGE_TYPE|SOA|MESSAGE_TYPE|PRODUCT_ATTRIBUTES|CONTENT_TYPE_ID|PRODUCT_ATTRIBUTES|Y|NBA SOA MESSAGE TYPE||||
SOA_MESSAGE_TYPE|SOA|MESSAGE_TYPE|REAL WORLD EVIDENCE|CONTENT_TYPE_ID|REAL_WORLD_EVIDENCE|Y|NBA SOA MESSAGE TYPE||||
SOA_MESSAGE_TYPE|SOA|MESSAGE_TYPE|REAL_WORLD_EVIDENCE|CONTENT_TYPE_ID|REAL_WORLD_EVIDENCE|Y|NBA SOA MESSAGE TYPE||||
SOA_MESSAGE_TYPE|SOA|MESSAGE_TYPE|RESOURCES|CONTENT_TYPE_ID|RESOURCES|Y|NBA SOA MESSAGE TYPE||||
SOA_MESSAGE_TYPE|SOA|MESSAGE_TYPE|SAFETY|CONTENT_TYPE_ID|SAFETY|Y|NBA SOA MESSAGE TYPE||||
SOA_MESSAGE_TYPE|SOA|MESSAGE_TYPE|STUDY DESIGN|CONTENT_TYPE_ID|STUDY_DESIGN|Y|NBA SOA MESSAGE TYPE||||
SOA_MESSAGE_TYPE|SOA|MESSAGE_TYPE|STUDY_DESIGN|CONTENT_TYPE_ID|STUDY_DESIGN|Y|NBA SOA MESSAGE TYPE||||
SOA_MESSAGE_TYPE|SOA|MESSAGE_TYPE|TREATMENT LANDSCAPES|CONTENT_TYPE_ID|TREATMENT_LANDSCAPE|Y|NBA SOA MESSAGE TYPE||||
SOA_MESSAGE_TYPE|SOA|MESSAGE_TYPE|TREATMENT LANDSCAPE|CONTENT_TYPE_ID|TREATMENT_LANDSCAPE|Y|NBA SOA MESSAGE TYPE||||
SOA_MESSAGE_TYPE|SOA|MESSAGE_TYPE|UNMET NEED|CONTENT_TYPE_ID|UNMET_NEED|Y|NBA SOA MESSAGE TYPE||||
SOA_MESSAGE_TYPE|SOA|MESSAGE_TYPE|UNMET_NEED|CONTENT_TYPE_ID|UNMET_NEED|Y|NBA SOA MESSAGE TYPE||||
TACTIC_ASSIGNMENT_CHANNEL_MAPPING||DATA_SOURCE_CODE|DOXIMITY|PLATFORM|DOCNEWS ALERT|Y|Data_source_code to channel mapping|Channel|DOXIMITY_ALERT||
TACTIC_ASSIGNMENT_CHANNEL_MAPPING||DATA_SOURCE_CODE|DOXIMITY|PLATFORM|DOCSPOT|Y|Data_source_code to channel mapping|Channel|DOXIMITY_DOCSPOT||
TACTIC_ASSIGNMENT_CHANNEL_MAPPING||DATA_SOURCE_CODE|EPOCRATES|PLATFORM|DOCALERT|Y|Data_source_code to channel mapping|Channel|EPOCRATES_ALERT||
TACTIC_ASSIGNMENT_CHANNEL_MAPPING||DATA_SOURCE_CODE|EVERYDAY HEALTH MEDIA||||||||
TACTIC_ASSIGNMENT_CHANNEL_MAPPING||DATA_SOURCE_CODE|MEDSCAPE|PLATFORM|BRAND ALERT|Y|Data_source_code to channel mapping|Channel|MEDSCAPE_ALERT||
TACTIC_ASSIGNMENT_CHANNEL_MAPPING||DATA_SOURCE_CODE|MEDSCAPE|PLATFORM|BRANDSPOT|Y|Data_source_code to channel mapping|Channel|MEDSCAPE_BRANDSPOT||
TACTIC_ASSIGNMENT_CHANNEL_MAPPING||DATA_SOURCE_CODE|MEDSCAPE|PLATFORM|EMAIL|Y|Data_source_code to channel mapping|Channel|MEDSCAPE_EMAIL||
TACTIC_ASSIGNMENT_CHANNEL_MAPPING||DATA_SOURCE_CODE|MEDSCAPE|PLATFORM|POINT OF CONTACT|Y|Data_source_code to channel mapping|Channel|MEDSCAPE_POC||
TACTIC_ASSIGNMENT_CHANNEL_MAPPING||DATA_SOURCE_CODE|NUMEDIS|PLATFORM|MD MINUTE - EMAIL|Y|Data_source_code to channel mapping|Channel|NUMEDIS_MDMINUTE||
TACTIC_ASSIGNMENT_CHANNEL_MAPPING||DATA_SOURCE_CODE|SFMC|PLATFORM|LILLY SFMC|Y|Data_source_code to channel mapping|Channel|HQ_EMAIL||
TACTIC_ASSIGNMENT_CHANNEL_MAPPING||DATA_SOURCE_CODE|VEEVA_EMAIL|PLATFORM|EMAIL|Y|Data_source_code to channel mapping|Channel|VEEVA_EMAIL||
TALTZ_CONTENT_ID_TEMPLATE_ID_MAPPING|NBA|EMAIL_TEMPLATE_ID|1003344|TALTZ_EMAIL_TEMPLATE_ID|1003344|Y|CONTENT ID AND EMAIL TEMPLATE ID MAPPING|RHEUM|||
TALTZ_CONTENT_ID_TEMPLATE_ID_MAPPING|NBA|EMAIL_TEMPLATE_ID|1016260|TALTZ_EMAIL_TEMPLATE_ID|1016260|Y|CONTENT ID AND EMAIL TEMPLATE ID MAPPING|RHEUM|||
TALTZ_CONTENT_ID_TEMPLATE_ID_MAPPING|NBA|EMAIL_TEMPLATE_ID|1016268|TALTZ_EMAIL_TEMPLATE_ID|1016268|Y|CONTENT ID AND EMAIL TEMPLATE ID MAPPING|DERM|||
TALTZ_CONTENT_ID_TEMPLATE_ID_MAPPING|NBA|EMAIL_TEMPLATE_ID|1021690|TALTZ_EMAIL_TEMPLATE_ID|1021690|Y|CONTENT ID AND EMAIL TEMPLATE ID MAPPING|RHEUM|||
TALTZ_CONTENT_ID_TEMPLATE_ID_MAPPING|NBA|EMAIL_TEMPLATE_ID|1021695|TALTZ_EMAIL_TEMPLATE_ID|1021695|Y|CONTENT ID AND EMAIL TEMPLATE ID MAPPING|RHEUM|||
TALTZ_CONTENT_ID_TEMPLATE_ID_MAPPING|NBA|EMAIL_TEMPLATE_ID|1059265|TALTZ_EMAIL_TEMPLATE_ID|1059265|Y|CONTENT ID AND EMAIL TEMPLATE ID MAPPING|RHEUM|||
TALTZ_CONTENT_ID_TEMPLATE_ID_MAPPING|NBA|EMAIL_TEMPLATE_ID|1077386|TALTZ_EMAIL_TEMPLATE_ID|1077386|Y|CONTENT ID AND EMAIL TEMPLATE ID MAPPING|RHEUM|||
TALTZ_CONTENT_ID_TEMPLATE_ID_MAPPING|NBA|EMAIL_TEMPLATE_ID|1086189|TALTZ_EMAIL_TEMPLATE_ID|1086189|Y|CONTENT ID AND EMAIL TEMPLATE ID MAPPING|RHEUM|||
TALTZ_CONTENT_ID_TEMPLATE_ID_MAPPING|NBA|EMAIL_TEMPLATE_ID|1091374|TALTZ_EMAIL_TEMPLATE_ID|1091374|Y|CONTENT ID AND EMAIL TEMPLATE ID MAPPING|RHEUM|||
TALTZ_CONTENT_ID_TEMPLATE_ID_MAPPING|NBA|EMAIL_TEMPLATE_ID|1121857|TALTZ_EMAIL_TEMPLATE_ID|1121857|Y|CONTENT ID AND EMAIL TEMPLATE ID MAPPING|RHEUM|||
TALTZ_CONTENT_ID_TEMPLATE_ID_MAPPING|NBA|EMAIL_TEMPLATE_ID|1121867|TALTZ_EMAIL_TEMPLATE_ID|1121867|Y|CONTENT ID AND EMAIL TEMPLATE ID MAPPING|RHEUM|||
TALTZ_CONTENT_ID_TEMPLATE_ID_MAPPING|NBA|EMAIL_TEMPLATE_ID|1152308|TALTZ_EMAIL_TEMPLATE_ID|1152308|Y|CONTENT ID AND EMAIL TEMPLATE ID MAPPING|RHEUM|||
TALTZ_CONTENT_ID_TEMPLATE_ID_MAPPING|NBA|EMAIL_TEMPLATE_ID|1155370|TALTZ_EMAIL_TEMPLATE_ID|1155370|Y|CONTENT ID AND EMAIL TEMPLATE ID MAPPING|DERM|||
TALTZ_CONTENT_ID_TEMPLATE_ID_MAPPING|NBA|EMAIL_TEMPLATE_ID|1167602|TALTZ_EMAIL_TEMPLATE_ID|1167602|Y|CONTENT ID AND EMAIL TEMPLATE ID MAPPING|RHEUM|||
TALTZ_CONTENT_ID_TEMPLATE_ID_MAPPING|NBA|EMAIL_TEMPLATE_ID|1189455|TALTZ_EMAIL_TEMPLATE_ID|1189455|Y|CONTENT ID AND EMAIL TEMPLATE ID MAPPING|RHEUM|||
TALTZ_CONTENT_ID_TEMPLATE_ID_MAPPING|NBA|EMAIL_TEMPLATE_ID|1265721|TALTZ_EMAIL_TEMPLATE_ID|1265721|Y|CONTENT ID AND EMAIL TEMPLATE ID MAPPING|RHEUM|||
TALTZ_CONTENT_ID_TEMPLATE_ID_MAPPING|NBA|EMAIL_TEMPLATE_ID|1314131|TALTZ_EMAIL_TEMPLATE_ID|1314131|Y|CONTENT ID AND EMAIL TEMPLATE ID MAPPING|RHEUM|||
TALTZ_CONTENT_ID_TEMPLATE_ID_MAPPING|NBA|EMAIL_TEMPLATE_ID|1324582_1117935|TALTZ_EMAIL_TEMPLATE_ID|1324582|Y|CONTENT ID AND EMAIL TEMPLATE ID MAPPING|DERM|||
TALTZ_CONTENT_ID_TEMPLATE_ID_MAPPING|NBA|EMAIL_TEMPLATE_ID|1324582_937835|TALTZ_EMAIL_TEMPLATE_ID|1324582|Y|CONTENT ID AND EMAIL TEMPLATE ID MAPPING|DERM|||
TALTZ_CONTENT_ID_TEMPLATE_ID_MAPPING|NBA|EMAIL_TEMPLATE_ID|1324582_937837|TALTZ_EMAIL_TEMPLATE_ID|1324582|Y|CONTENT ID AND EMAIL TEMPLATE ID MAPPING|DERM|||
TALTZ_CONTENT_ID_TEMPLATE_ID_MAPPING|NBA|EMAIL_TEMPLATE_ID|1324589_1210729|TALTZ_EMAIL_TEMPLATE_ID|1324589|Y|CONTENT ID AND EMAIL TEMPLATE ID MAPPING|DERM|||
TALTZ_CONTENT_ID_TEMPLATE_ID_MAPPING|NBA|EMAIL_TEMPLATE_ID|1324589_928847|TALTZ_EMAIL_TEMPLATE_ID|1324589|Y|CONTENT ID AND EMAIL TEMPLATE ID MAPPING|DERM|||
TALTZ_CONTENT_ID_TEMPLATE_ID_MAPPING|NBA|EMAIL_TEMPLATE_ID|1324589_928853|TALTZ_EMAIL_TEMPLATE_ID|1324589|Y|CONTENT ID AND EMAIL TEMPLATE ID MAPPING|DERM|||
TALTZ_CONTENT_ID_TEMPLATE_ID_MAPPING|NBA|EMAIL_TEMPLATE_ID|1324597|TALTZ_EMAIL_TEMPLATE_ID|1324597|Y|CONTENT ID AND EMAIL TEMPLATE ID MAPPING|DERM|||
TALTZ_CONTENT_ID_TEMPLATE_ID_MAPPING|NBA|EMAIL_TEMPLATE_ID|1351572|TALTZ_EMAIL_TEMPLATE_ID|1351572|Y|CONTENT ID AND EMAIL TEMPLATE ID MAPPING|RHEUM|||
TALTZ_CONTENT_ID_TEMPLATE_ID_MAPPING|NBA|EMAIL_TEMPLATE_ID|1351592|TALTZ_EMAIL_TEMPLATE_ID|1351592|Y|CONTENT ID AND EMAIL TEMPLATE ID MAPPING|RHEUM|||
TALTZ_CONTENT_ID_TEMPLATE_ID_MAPPING|NBA|EMAIL_TEMPLATE_ID|1351627|TALTZ_EMAIL_TEMPLATE_ID|1351627|Y|CONTENT ID AND EMAIL TEMPLATE ID MAPPING|RHEUM|||
TALTZ_CONTENT_ID_TEMPLATE_ID_MAPPING|NBA|EMAIL_TEMPLATE_ID|1351653|TALTZ_EMAIL_TEMPLATE_ID|1351653|Y|CONTENT ID AND EMAIL TEMPLATE ID MAPPING|RHEUM|||
TALTZ_CONTENT_ID_TEMPLATE_ID_MAPPING|NBA|EMAIL_TEMPLATE_ID|922334|TALTZ_EMAIL_TEMPLATE_ID|922334|Y|CONTENT ID AND EMAIL TEMPLATE ID MAPPING|RHEUM|||
VAE_FRAGMENT_NAME|NBA|FRAGMENT_NAME|ACCESS_FORMULARY|FRAGMENT_NAME|Savings Card|Y|CONTENT FRAGMENT VALUE TO BE CONFIGURED||||
VAE_FRAGMENT_NAME|NBA|FRAGMENT_NAME|DOSING|FRAGMENT_NAME|01_More Doses 3.0/4.5|Y|CONTENT FRAGMENT VALUE TO BE CONFIGURED||||
VAE_FRAGMENT_NAME|NBA|FRAGMENT_NAME|EFFICACY|FRAGMENT_NAME|02_A1C Reduction|Y|CONTENT FRAGMENT VALUE TO BE CONFIGURED||||
VAE_TEMPLATE_FRAGMENT|US_304528|ACCESS_FORMULARY|1016260|TEMPLATE_NAME|IX-PAY-Taltz Rheum Favorable Access VAE|Y|TEMPLATE FRAGMENT VALUE TO BE CONFIGURED|FRAGMENT_NAME|||
VAE_TEMPLATE_FRAGMENT|US_304528|ACCESS_FORMULARY|1016268|TEMPLATE_NAME|IX-PAY-Taltz Derm Favorable Access VAE|Y|TEMPLATE FRAGMENT VALUE TO BE CONFIGURED|FRAGMENT_NAME|||
VAE_TEMPLATE_FRAGMENT|US_304528|DOSING|1121857|TEMPLATE_NAME|IX-HCP-Rheum axSpA Dosing CF Update VAE|Y|TEMPLATE FRAGMENT VALUE TO BE CONFIGURED|FRAGMENT_NAME|||
VAE_TEMPLATE_FRAGMENT|US_304528|DOSING|1121867|TEMPLATE_NAME|IX-HCP-Rheum PsA Dosing CF Update VAE |Y|TEMPLATE FRAGMENT VALUE TO BE CONFIGURED|FRAGMENT_NAME|||
VAE_TEMPLATE_FRAGMENT|US_304528|EFFICACY#CORE|1091374|TEMPLATE_NAME|IX-HCP-Rheum All Segment Spirit P1 3 year ACR 20/50/70 VAE_Q3 2021|Y|TEMPLATE FRAGMENT VALUE TO BE CONFIGURED|FRAGMENT_NAME|||
VAE_TEMPLATE_FRAGMENT|US_304528|EFFICACY#CORE|1265721|TEMPLATE_NAME|IX-HCP-Rheum-Taltz Efficacy and Citrate Free VAE_Q22022 RHEUM ET (v0.2)|Y|TEMPLATE FRAGMENT VALUE TO BE CONFIGURED|FRAGMENT_NAME|||
VAE_TEMPLATE_FRAGMENT|US_304528|EFFICACY#CORE|1324589_928847|TEMPLATE_NAME|IX-HCP-Derm Efficacy VAE 2022|Y|TEMPLATE FRAGMENT VALUE TO BE CONFIGURED|FRAGMENT_NAME|||
VAE_TEMPLATE_FRAGMENT|US_304528|EFFICACY#ENTHESITIS_DACYLITIS|1021695|TEMPLATE_NAME|IX-HCP-Rheum Dr. D Spirit H2H Enthesitis VAE_Q3 2021 |Y|TEMPLATE FRAGMENT VALUE TO BE CONFIGURED|FRAGMENT_NAME|||
VAE_TEMPLATE_FRAGMENT|US_304528|EFFICACY#HEAD_TO_HEAD|1021690|TEMPLATE_NAME|IX-HCP-Rheum Dr. D Spirit H2H ACR50 VAE_Q3 2021_v.2|Y|TEMPLATE FRAGMENT VALUE TO BE CONFIGURED|FRAGMENT_NAME|||
VAE_TEMPLATE_FRAGMENT|US_304528|EFFICACY#HEAD_TO_HEAD|1086189|TEMPLATE_NAME|IX-HCP-Rheum H2H ACR50 + PASI 100 + Access VAE|Y|TEMPLATE FRAGMENT VALUE TO BE CONFIGURED|FRAGMENT_NAME|||
VAE_TEMPLATE_FRAGMENT|US_304528|EFFICACY#HEAD_TO_HEAD|1167602|TEMPLATE_NAME|IX-HCP-Rheum IL-23 Comparison VAE Q1 2022 ET Lilly VAE|Y|TEMPLATE FRAGMENT VALUE TO BE CONFIGURED|FRAGMENT_NAME|||
VAE_TEMPLATE_FRAGMENT|US_304528|EFFICACY#HEAD_TO_HEAD|1189455|TEMPLATE_NAME|IX-HCP-PsA/PsO Trial VAE Q1 2022 ET|Y|TEMPLATE FRAGMENT VALUE TO BE CONFIGURED|FRAGMENT_NAME|||
VAE_TEMPLATE_FRAGMENT|US_304528|EFFICACY#HEAD_TO_HEAD|1324582_1117935|TEMPLATE_NAME|IX-HCP-DERM Efficacy H2H VAE - 2022|Y|TEMPLATE FRAGMENT VALUE TO BE CONFIGURED|FRAGMENT_NAME|H2H vs. Stelara||
VAE_TEMPLATE_FRAGMENT|US_304528|EFFICACY#HEAD_TO_HEAD|1324582_937835|TEMPLATE_NAME|IX-HCP-DERM Efficacy H2H VAE - 2022|Y|TEMPLATE FRAGMENT VALUE TO BE CONFIGURED|FRAGMENT_NAME|H2H vs. Tremfya||
VAE_TEMPLATE_FRAGMENT|US_304528|EFFICACY#HEAD_TO_HEAD|1324582_937837|TEMPLATE_NAME|IX-HCP-DERM Efficacy H2H VAE - 2022|Y|TEMPLATE FRAGMENT VALUE TO BE CONFIGURED|FRAGMENT_NAME|H2H vs. Humira||
VAE_TEMPLATE_FRAGMENT|US_304528|EFFICACY#RAPID_ONSET|1324589_928853|TEMPLATE_NAME|IX-HCP-Derm Efficacy VAE 2022|Y|TEMPLATE FRAGMENT VALUE TO BE CONFIGURED|FRAGMENT_NAME|||
VAE_TEMPLATE_FRAGMENT|US_304528|EFFICACY#RAPID_ONSET|1351592|TEMPLATE_NAME|IX-HCP-Rheum Rapid and Sustained Joint and Skin Efficacy PsA|Y|TEMPLATE FRAGMENT VALUE TO BE CONFIGURED|FRAGMENT_NAME|||
VAE_TEMPLATE_FRAGMENT|US_304528|EFFICACY#RAPID_ONSET|1351627|TEMPLATE_NAME|IX-HCP-Rheum Rapid and Sustained Joint Efficacy-PsA|Y|TEMPLATE FRAGMENT VALUE TO BE CONFIGURED|FRAGMENT_NAME|||
VAE_TEMPLATE_FRAGMENT|US_304528|EFFICACY#SECONDARY|1003344|TEMPLATE_NAME|IX-HCP-Rheum All Segment Spirit P2 3 year ACR 20/50/70 VAE_v2_Q3 2021 |Y|TEMPLATE FRAGMENT VALUE TO BE CONFIGURED|FRAGMENT_NAME|||
VAE_TEMPLATE_FRAGMENT|US_304528|EFFICACY#SECONDARY|1324589_1210729|TEMPLATE_NAME|IX-HCP-Derm Efficacy VAE 2022|Y|TEMPLATE FRAGMENT VALUE TO BE CONFIGURED|FRAGMENT_NAME|||
VAE_TEMPLATE_FRAGMENT|US_304528|EFFICACY#SPINAL_PAIN_AND_STIFFNESS|1351572|TEMPLATE_NAME|IX-HCP-Rheum-Rapid and Sustained Efficacy VAE ax-SpA|Y|TEMPLATE FRAGMENT VALUE TO BE CONFIGURED|FRAGMENT_NAME|||
VAE_TEMPLATE_FRAGMENT|US_304528|EFFICACY#STRUCTURE|922334|TEMPLATE_NAME|IX-HCP-Rheum Structure VAE|Y|TEMPLATE FRAGMENT VALUE TO BE CONFIGURED|FRAGMENT_NAME|||
VAE_TEMPLATE_FRAGMENT|US_304528|MOA|1059265|TEMPLATE_NAME|IX-HCP-RHEUM MOA VAE_Q42021|Y|TEMPLATE FRAGMENT VALUE TO BE CONFIGURED|FRAGMENT_NAME|||
VAE_TEMPLATE_FRAGMENT|US_304528|PATIENT_CUSTOMER_SUPPORT|1152308|TEMPLATE_NAME|IX-HCP-RHEUM Taltz Together VAE_Q42021|Y|TEMPLATE FRAGMENT VALUE TO BE CONFIGURED|FRAGMENT_NAME|||
VAE_TEMPLATE_FRAGMENT|US_304528|PATIENT_CUSTOMER_SUPPORT|1155370|TEMPLATE_NAME|IX-HCP-DERM-Taltz Together VAE 2022|Y|TEMPLATE FRAGMENT VALUE TO BE CONFIGURED|FRAGMENT_NAME|H2H vs. Humira||
VAE_TEMPLATE_FRAGMENT|US_304528|PATIENT_TYPE_IDENTIFICATION|1324597|TEMPLATE_NAME|IX-HCP-DERM Patient Profile VAE - 2022|Y|TEMPLATE FRAGMENT VALUE TO BE CONFIGURED|FRAGMENT_NAME|||
VAE_TEMPLATE_FRAGMENT|US_304528|PATIENT_TYPE_IDENTIFICATION|1351653|TEMPLATE_NAME|IX-HCP-Rheum-Michelle and Daniel Patient Profile VAE |Y|TEMPLATE FRAGMENT VALUE TO BE CONFIGURED|FRAGMENT_NAME|||
VAE_TEMPLATE_FRAGMENT|US_304528|SAFETY#AS|1077386|TEMPLATE_NAME|IX-HCP Taltz AS Coast V Safety VAE (v1.0)|Y|TEMPLATE FRAGMENT VALUE TO BE CONFIGURED|FRAGMENT_NAME|||
VAE_TEMPLATE_FRAGMENT|US_304528|SAFETY#LONG_TERM|1314131|TEMPLATE_NAME|IX-HCP-PSA/PsO/AxSpa Long Term Safety VAE_Q32022 ET|Y|TEMPLATE FRAGMENT VALUE TO BE CONFIGURED|FRAGMENT_NAME|||
VAE_TEMPLATE_IDS|VAE|VAULT_DOCUMENT_ID_VOD__C|1016260|PROD_SK|US_304528|Y|TATLZ_VAE_NAME4|||Suggestion_key|New_Taltz_Rheum_ES_16
VAE_TEMPLATE_IDS|VAE|VAULT_DOCUMENT_ID_VOD__C|1016260|PROD_SK|US_304528|Y|TATLZ_VAE_NAME4|||Suggestion_key|Taltz_Rheum_2
VAE_TEMPLATE_IDS|VAE|VAULT_DOCUMENT_ID_VOD__C|1016260|PROD_SK|US_304528|Y|TATLZ_VAE_NAME4|||Suggestion_key|Taltz_Rheum_5
VAE_TEMPLATE_IDS|VAE|VAULT_DOCUMENT_ID_VOD__C|1016260|PROD_SK|US_304528|Y|TATLZ_VAE_NAME4|||Suggestion_key|Taltz_Rheum_8
VAE_TEMPLATE_IDS|VAE|VAULT_DOCUMENT_ID_VOD__C|1016268|PROD_SK|US_304528|Y|TATLZ_VAE_NAME1|||Suggestion_key|New_Taltz_Derm_ES_14
VAE_TEMPLATE_IDS|VAE|VAULT_DOCUMENT_ID_VOD__C|1016268|PROD_SK|US_304528|Y|TATLZ_VAE_NAME1|||Suggestion_key|Taltz_Derm_2
VAE_TEMPLATE_IDS|VAE|VAULT_DOCUMENT_ID_VOD__C|1016268|PROD_SK|US_304528|Y|TATLZ_VAE_NAME1|||Suggestion_key|Taltz_Derm_5
VAE_TEMPLATE_IDS|VAE|VAULT_DOCUMENT_ID_VOD__C|1054638|PROD_SK|US_304528|Y|TATLZ_VAE_NAME13|||Suggestion_key|New_Taltz_Rheum_ES_12
VAE_TEMPLATE_IDS|VAE|VAULT_DOCUMENT_ID_VOD__C|1086189|PROD_SK|US_304528|Y|TATLZ_VAE_NAME12|||Suggestion_key|New_Taltz_Rheum_ES_11
VAE_TEMPLATE_IDS|VAE|VAULT_DOCUMENT_ID_VOD__C|1086189|PROD_SK|US_304528|Y|TATLZ_VAE_NAME12|||Suggestion_key|New_Taltz_Rheum_ES_14
VAE_TEMPLATE_IDS|VAE|VAULT_DOCUMENT_ID_VOD__C|1111714|PROD_SK|US_304528|Y|TATLZ_VAE_NAME5|||Suggestion_key|New_Taltz_Rheum_ES_13
VAE_TEMPLATE_IDS|VAE|VAULT_DOCUMENT_ID_VOD__C|1111714|PROD_SK|US_304528|Y|TATLZ_VAE_NAME5|||Suggestion_key|New_Taltz_Rheum_ES_5
VAE_TEMPLATE_IDS|VAE|VAULT_DOCUMENT_ID_VOD__C|1117935|PROD_SK|US_304528|Y|TATLZ_VAE_NAME20|||Suggestion_key|New_Taltz_Derm_ES_16
VAE_TEMPLATE_IDS|VAE|VAULT_DOCUMENT_ID_VOD__C|1117935|PROD_SK|US_304528|Y|TATLZ_VAE_NAME20|||Suggestion_key|New_Taltz_Derm_ES_7
VAE_TEMPLATE_IDS|VAE|VAULT_DOCUMENT_ID_VOD__C|1118926|PROD_SK|US_304528|Y|TATLZ_VAE_NAME14|||Suggestion_key|New_Taltz_Derm_ES_11
VAE_TEMPLATE_IDS|VAE|VAULT_DOCUMENT_ID_VOD__C|1121857|PROD_SK|US_304528|Y|TATLZ_VAE_NAME11|||Suggestion_key|New_Taltz_Rheum_ES_10
VAE_TEMPLATE_IDS|VAE|VAULT_DOCUMENT_ID_VOD__C|1121867|PROD_SK|US_304528|Y|TATLZ_VAE_NAME10|||Suggestion_key|New_Taltz_Rheum_ES_9
VAE_TEMPLATE_IDS|VAE|VAULT_DOCUMENT_ID_VOD__C|1167602|PROD_SK|US_304528|Y|TATLZ_VAE_NAME17|||Suggestion_key|New_Taltz_Rheum_ES_13
VAE_TEMPLATE_IDS|VAE|VAULT_DOCUMENT_ID_VOD__C|1167602|PROD_SK|US_304528|Y|TATLZ_VAE_NAME17|||Suggestion_key|New_Taltz_Rheum_ES_5
VAE_TEMPLATE_IDS|VAE|VAULT_DOCUMENT_ID_VOD__C|1189455|PROD_SK|US_304528|Y|TATLZ_VAE_NAME23|||Suggestion_key|New_Taltz_Rheum_ES_18
VAE_TEMPLATE_IDS|VAE|VAULT_DOCUMENT_ID_VOD__C|1191345|PROD_SK|US_304528|Y|TATLZ_VAE_NAME15|||Suggestion_key|New_Taltz_Derm_ES_14
VAE_TEMPLATE_IDS|VAE|VAULT_DOCUMENT_ID_VOD__C|1202864|PROD_SK|US_304547|Y|1202864|||Suggestion_key|Olumiant-AA_12
VAE_TEMPLATE_IDS|VAE|VAULT_DOCUMENT_ID_VOD__C|1202864|PROD_SK|US_304547|Y|1202864|||Suggestion_key|Olumiant-AA_8
VAE_TEMPLATE_IDS|VAE|VAULT_DOCUMENT_ID_VOD__C|1202864|PROD_SK|US_304547|Y|1202864|||Suggestion_key|Olumiant-AA_9
VAE_TEMPLATE_IDS|VAE|VAULT_DOCUMENT_ID_VOD__C|1202868|PROD_SK|US_304547|Y|EFFICACY_1202868|||Suggestion_key|Olumiant-AA_10
VAE_TEMPLATE_IDS|VAE|VAULT_DOCUMENT_ID_VOD__C|1202868|PROD_SK|US_304547|Y|EFFICACY_1202868|||Suggestion_key|Olumiant-AA_11
VAE_TEMPLATE_IDS|VAE|VAULT_DOCUMENT_ID_VOD__C|1202868|PROD_SK|US_304547|Y|EFFICACY_1202868|||Suggestion_key|Olumiant-AA_9
VAE_TEMPLATE_IDS|VAE|VAULT_DOCUMENT_ID_VOD__C|1202870|PROD_SK|US_304547|Y|1202870|||Suggestion_key|Olumiant-AA_12
VAE_TEMPLATE_IDS|VAE|VAULT_DOCUMENT_ID_VOD__C|1202870|PROD_SK|US_304547|Y|1202870|||Suggestion_key|Olumiant-AA_8
VAE_TEMPLATE_IDS|VAE|VAULT_DOCUMENT_ID_VOD__C|1202870|PROD_SK|US_304547|Y|1202870|||Suggestion_key|Olumiant-AA_9
VAE_TEMPLATE_IDS|VAE|VAULT_DOCUMENT_ID_VOD__C|1202871|PROD_SK|US_304547|Y|EFFICACY_1202871|||Suggestion_key|Olumiant-AA_10
VAE_TEMPLATE_IDS|VAE|VAULT_DOCUMENT_ID_VOD__C|1202871|PROD_SK|US_304547|Y|EFFICACY_1202871|||Suggestion_key|Olumiant-AA_11
VAE_TEMPLATE_IDS|VAE|VAULT_DOCUMENT_ID_VOD__C|1202871|PROD_SK|US_304547|Y|EFFICACY_1202871|||Suggestion_key|Olumiant-AA_12
VAE_TEMPLATE_IDS|VAE|VAULT_DOCUMENT_ID_VOD__C|1202871|PROD_SK|US_304547|Y|EFFICACY_1202871|||Suggestion_key|Olumiant-AA_9
VAE_TEMPLATE_IDS|VAE|VAULT_DOCUMENT_ID_VOD__C|1202874|PROD_SK|US_304547|Y|EFFICACY_1202874|||Suggestion_key|Olumiant-AA_10
VAE_TEMPLATE_IDS|VAE|VAULT_DOCUMENT_ID_VOD__C|1202874|PROD_SK|US_304547|Y|EFFICACY_1202874|||Suggestion_key|Olumiant-AA_11
VAE_TEMPLATE_IDS|VAE|VAULT_DOCUMENT_ID_VOD__C|1202874|PROD_SK|US_304547|Y|EFFICACY_1202874|||Suggestion_key|Olumiant-AA_9
VAE_TEMPLATE_IDS|VAE|VAULT_DOCUMENT_ID_VOD__C|1202875|PROD_SK|US_304547|Y|EFFICACY_1202875|||Suggestion_key|Olumiant-AA_10
VAE_TEMPLATE_IDS|VAE|VAULT_DOCUMENT_ID_VOD__C|1202875|PROD_SK|US_304547|Y|EFFICACY_1202875|||Suggestion_key|Olumiant-AA_11
VAE_TEMPLATE_IDS|VAE|VAULT_DOCUMENT_ID_VOD__C|1202875|PROD_SK|US_304547|Y|EFFICACY_1202875|||Suggestion_key|Olumiant-AA_9
VAE_TEMPLATE_IDS|VAE|VAULT_DOCUMENT_ID_VOD__C|12028764|PROD_SK|US_304547|Y|12028764|||Suggestion_key|Olumiant-AA_12
VAE_TEMPLATE_IDS|VAE|VAULT_DOCUMENT_ID_VOD__C|1202876|PROD_SK|US_304547|Y|1202876|||Suggestion_key|Olumiant-AA_2
VAE_TEMPLATE_IDS|VAE|VAULT_DOCUMENT_ID_VOD__C|1202876|PROD_SK|US_304547|Y|1202876|||Suggestion_key|Olumiant-AA_4
VAE_TEMPLATE_IDS|VAE|VAULT_DOCUMENT_ID_VOD__C|1204077|PROD_SK|US_304528|Y|TATLZ_VAE_NAME16|||Suggestion_key|New_Taltz_Rheum_ES_16
VAE_TEMPLATE_IDS|VAE|VAULT_DOCUMENT_ID_VOD__C|1210704|PROD_SK|US_304528|Y|TATLZ_VAE_NAME2|||Suggestion_key|New_Taltz_Derm_ES_11
VAE_TEMPLATE_IDS|VAE|VAULT_DOCUMENT_ID_VOD__C|1210704|PROD_SK|US_304528|Y|TATLZ_VAE_NAME2|||Suggestion_key|New_Taltz_Derm_ES_16
VAE_TEMPLATE_IDS|VAE|VAULT_DOCUMENT_ID_VOD__C|1210704|PROD_SK|US_304528|Y|TATLZ_VAE_NAME2|||Suggestion_key|New_Taltz_Derm_ES_2
VAE_TEMPLATE_IDS|VAE|VAULT_DOCUMENT_ID_VOD__C|1210704|PROD_SK|US_304528|Y|TATLZ_VAE_NAME2|||Suggestion_key|New_Taltz_Derm_ES_8
VAE_TEMPLATE_IDS|VAE|VAULT_DOCUMENT_ID_VOD__C|1210704|PROD_SK|US_304528|Y|TATLZ_VAE_NAME2|||Suggestion_key|New_Taltz_Derm_ES_9
VAE_TEMPLATE_IDS|VAE|VAULT_DOCUMENT_ID_VOD__C|1265721|PROD_SK|US_304528|Y|TATLZ_VAE_NAME22|||Suggestion_key|New_Taltz_Rheum_ES_18
VAE_TEMPLATE_IDS|VAE|VAULT_DOCUMENT_ID_VOD__C|1314131|PROD_SK|US_304528|Y|TATLZ_VAE_NAME24|||Suggestion_key|New_Taltz_Rheum_ES_18
VAE_TEMPLATE_IDS|VAE|VAULT_DOCUMENT_ID_VOD__C|1324582|PROD_SK|US_304528|Y|TATLZ_VAE_NAME19|||Suggestion_key|New_Taltz_Derm_ES_10
VAE_TEMPLATE_IDS|VAE|VAULT_DOCUMENT_ID_VOD__C|1324582|PROD_SK|US_304528|Y|TATLZ_VAE_NAME19|||Suggestion_key|New_Taltz_Derm_ES_16
VAE_TEMPLATE_IDS|VAE|VAULT_DOCUMENT_ID_VOD__C|1324582|PROD_SK|US_304528|Y|TATLZ_VAE_NAME19|||Suggestion_key|New_Taltz_Derm_ES_7
VAE_TEMPLATE_IDS|VAE|VAULT_DOCUMENT_ID_VOD__C|1324589|PROD_SK|US_304528|Y|TATLZ_VAE_NAME21|||Suggestion_key|New_Taltz_Derm_ES_16
VAE_TEMPLATE_IDS|VAE|VAULT_DOCUMENT_ID_VOD__C|1324589|PROD_SK|US_304528|Y|TATLZ_VAE_NAME21|||Suggestion_key|New_Taltz_Derm_ES_2
VAE_TEMPLATE_IDS|VAE|VAULT_DOCUMENT_ID_VOD__C|1324597|PROD_SK|US_304528|Y|TATLZ_VAE_NAME18|||Suggestion_key|New_Taltz_Derm_ES_16
VAE_TEMPLATE_IDS|VAE|VAULT_DOCUMENT_ID_VOD__C|1351592|PROD_SK|US_304528|Y|TALTZ_RHEUM_VAE_1351592|||Suggestion_key|New_Taltz_Rheum_ES_18
VAE_TEMPLATE_IDS|VAE|VAULT_DOCUMENT_ID_VOD__C|1383301|PROD_SK|US_304547|Y|1383301|||Suggestion_key|Olumiant-AA_14
VAE_TEMPLATE_IDS|VAE|VAULT_DOCUMENT_ID_VOD__C|1383308|PROD_SK|US_304547|Y|1383308|||Suggestion_key|Olumiant-AA_14
VAE_TEMPLATE_IDS|VAE|VAULT_DOCUMENT_ID_VOD__C|781080|PROD_SK|US_304528|Y|TATLZ_VAE_NAME6|||Suggestion_key|New_Taltz_Derm_ES_11
VAE_TEMPLATE_IDS|VAE|VAULT_DOCUMENT_ID_VOD__C|924076|PROD_SK|US_304528|Y|TATLZ_VAE_NAME3|||Suggestion_key|New_Taltz_Derm_ES_16
VAE_TEMPLATE_IDS|VAE|VAULT_DOCUMENT_ID_VOD__C|924076|PROD_SK|US_304528|Y|TATLZ_VAE_NAME3|||Suggestion_key|New_Taltz_Derm_ES_7
VAE_TEMPLATE_IDS|VAE|VAULT_DOCUMENT_ID_VOD__C|928847|PROD_SK|US_304528|Y|TATLZ_VAE_NAME8|||Suggestion_key|New_Taltz_Derm_ES_8
VAE_TEMPLATE_IDS|VAE|VAULT_DOCUMENT_ID_VOD__C|928847|PROD_SK|US_304528|Y|TATLZ_VAE_NAME8|||Suggestion_key|New_Taltz_Derm_ES_9
VAE_TEMPLATE_IDS|VAE|VAULT_DOCUMENT_ID_VOD__C|928853|PROD_SK|US_304528|Y|TATLZ_VAE_NAME7|||Suggestion_key|New_Taltz_Derm_ES_16
VAE_TEMPLATE_IDS|VAE|VAULT_DOCUMENT_ID_VOD__C|928853|PROD_SK|US_304528|Y|TATLZ_VAE_NAME7|||Suggestion_key|New_Taltz_Derm_ES_2
VAE_TEMPLATE_IDS|VAE|VAULT_DOCUMENT_ID_VOD__C|928853|PROD_SK|US_304528|Y|TATLZ_VAE_NAME7|||Suggestion_key|New_Taltz_Derm_ES_8
VAE_TEMPLATE_IDS|VAE|VAULT_DOCUMENT_ID_VOD__C|928853|PROD_SK|US_304528|Y|TATLZ_VAE_NAME7|||Suggestion_key|New_Taltz_Derm_ES_9
VAE_TEMPLATE_IDS|VAE|VAULT_DOCUMENT_ID_VOD__C|935835|PROD_SK|US_304528|Y|TATLZ_VAE_NAME9|||Suggestion_key|New_Taltz_Derm_ES_16
VAE_TEMPLATE_IDS|VAE|VAULT_DOCUMENT_ID_VOD__C|935835|PROD_SK|US_304528|Y|TATLZ_VAE_NAME9|||Suggestion_key|New_Taltz_Derm_ES_7
VAE_TEMPLATE_IDS|VAE|VAULT_DOCUMENT_ID_VOD__C|935837|PROD_SK|US_304528|Y|TATLZ_VAE_NAME25|||Suggestion_key|New_Taltz_Derm_ES_10